home_team,away_team,home_goals,away_goals,result,season
Sheffield United,Liverpool,1,1,D,2006-2007
Arsenal,Aston Villa,1,1,D,2006-2007
Everton,Watford,2,1,H,2006-2007
Newcastle United,Wigan Athletic,2,1,H,2006-2007
Portsmouth,Blackburn Rovers,3,0,H,2006-2007
Reading,Middlesbrough,3,2,H,2006-2007
West Ham United,Charlton Athletic,3,1,H,2006-2007
Bolton Wanderers,Tottenham Hotspur,2,0,H,2006-2007
Manchester United,Fulham,5,1,H,2006-2007
Chelsea,Manchester City,3,0,H,2006-2007
Watford,West Ham United,1,1,D,2006-2007
Tottenham Hotspur,Sheffield United,2,0,H,2006-2007
Aston Villa,Reading,2,1,H,2006-2007
Manchester City,Portsmouth,0,0,D,2006-2007
Blackburn Rovers,Everton,1,1,D,2006-2007
Charlton Athletic,Manchester United,0,3,A,2006-2007
Fulham,Bolton Wanderers,1,1,D,2006-2007
Middlesbrough,Chelsea,2,1,H,2006-2007
Liverpool,West Ham United,2,1,H,2006-2007
Charlton Athletic,Bolton Wanderers,2,0,H,2006-2007
Fulham,Sheffield United,1,0,H,2006-2007
Tottenham Hotspur,Everton,0,2,A,2006-2007
Watford,Manchester United,1,2,A,2006-2007
Wigan Athletic,Reading,1,0,H,2006-2007
Manchester City,Arsenal,1,0,H,2006-2007
Aston Villa,Newcastle United,2,0,H,2006-2007
Blackburn Rovers,Chelsea,0,2,A,2006-2007
Middlesbrough,Portsmouth,0,4,A,2006-2007
Everton,Liverpool,3,0,H,2006-2007
Arsenal,Middlesbrough,1,1,D,2006-2007
Bolton Wanderers,Watford,1,0,H,2006-2007
Chelsea,Charlton Athletic,2,1,H,2006-2007
Newcastle United,Fulham,1,2,A,2006-2007
Portsmouth,Wigan Athletic,1,0,H,2006-2007
Sheffield United,Blackburn Rovers,0,0,D,2006-2007
Manchester United,Tottenham Hotspur,1,0,H,2006-2007
West Ham United,Aston Villa,1,1,D,2006-2007
Reading,Manchester City,1,0,H,2006-2007
Charlton Athletic,Portsmouth,0,1,A,2006-2007
Bolton Wanderers,Middlesbrough,0,0,D,2006-2007
Everton,Wigan Athletic,2,2,D,2006-2007
Sheffield United,Reading,1,2,A,2006-2007
Watford,Aston Villa,0,0,D,2006-2007
Chelsea,Liverpool,1,0,H,2006-2007
Blackburn Rovers,Manchester City,4,2,H,2006-2007
Tottenham Hotspur,Fulham,0,0,D,2006-2007
West Ham United,Newcastle United,0,2,A,2006-2007
Manchester United,Arsenal,0,1,A,2006-2007
Liverpool,Newcastle United,2,0,H,2006-2007
Liverpool,Tottenham Hotspur,3,0,H,2006-2007
Arsenal,Sheffield United,3,0,H,2006-2007
Aston Villa,Charlton Athletic,2,0,H,2006-2007
Fulham,Chelsea,0,2,A,2006-2007
Manchester City,West Ham United,2,0,H,2006-2007
Middlesbrough,Blackburn Rovers,0,1,A,2006-2007
Wigan Athletic,Watford,1,1,D,2006-2007
Reading,Manchester United,1,1,D,2006-2007
Newcastle United,Everton,1,1,D,2006-2007
Portsmouth,Bolton Wanderers,0,1,A,2006-2007
Bolton Wanderers,Liverpool,2,0,H,2006-2007
Charlton Athletic,Arsenal,1,2,A,2006-2007
Chelsea,Aston Villa,1,1,D,2006-2007
Everton,Manchester City,1,1,D,2006-2007
Sheffield United,Middlesbrough,2,1,H,2006-2007
West Ham United,Reading,0,1,A,2006-2007
Blackburn Rovers,Wigan Athletic,2,1,H,2006-2007
Manchester United,Newcastle United,2,0,H,2006-2007
Tottenham Hotspur,Portsmouth,2,1,H,2006-2007
Watford,Fulham,3,3,D,2006-2007
Wigan Athletic,Manchester United,1,3,A,2006-2007
Arsenal,Watford,3,0,H,2006-2007
Aston Villa,Tottenham Hotspur,1,1,D,2006-2007
Liverpool,Blackburn Rovers,1,1,D,2006-2007
Manchester City,Sheffield United,0,0,D,2006-2007
Middlesbrough,Everton,2,1,H,2006-2007
Portsmouth,West Ham United,2,0,H,2006-2007
Reading,Chelsea,0,1,A,2006-2007
Newcastle United,Bolton Wanderers,1,2,A,2006-2007
Fulham,Charlton Athletic,2,1,H,2006-2007
Wigan Athletic,Manchester City,4,0,H,2006-2007
Charlton Athletic,Watford,0,0,D,2006-2007
Chelsea,Portsmouth,2,1,H,2006-2007
Everton,Sheffield United,2,0,H,2006-2007
Aston Villa,Fulham,1,1,D,2006-2007
Manchester United,Liverpool,2,0,H,2006-2007
Blackburn Rovers,Bolton Wanderers,0,1,A,2006-2007
Middlesbrough,Newcastle United,1,0,H,2006-2007
Tottenham Hotspur,West Ham United,1,0,H,2006-2007
Reading,Arsenal,0,4,A,2006-2007
Sheffield United,Chelsea,0,2,A,2006-2007
Arsenal,Everton,1,1,D,2006-2007
Bolton Wanderers,Manchester United,0,4,A,2006-2007
Fulham,Wigan Athletic,0,1,A,2006-2007
Liverpool,Aston Villa,3,1,H,2006-2007
Portsmouth,Reading,3,1,H,2006-2007
Watford,Tottenham Hotspur,0,0,D,2006-2007
Newcastle United,Charlton Athletic,0,0,D,2006-2007
West Ham United,Blackburn Rovers,2,1,H,2006-2007
Manchester City,Middlesbrough,1,0,H,2006-2007
Fulham,Everton,1,0,H,2006-2007
Bolton Wanderers,Wigan Athletic,0,1,A,2006-2007
Charlton Athletic,Manchester City,1,0,H,2006-2007
Liverpool,Reading,2,0,H,2006-2007
Manchester United,Portsmouth,3,0,H,2006-2007
Watford,Middlesbrough,2,0,H,2006-2007
Newcastle United,Sheffield United,0,1,A,2006-2007
West Ham United,Arsenal,1,0,H,2006-2007
Aston Villa,Blackburn Rovers,2,0,H,2006-2007
Tottenham Hotspur,Chelsea,2,1,H,2006-2007
Manchester City,Newcastle United,0,0,D,2006-2007
Chelsea,Watford,4,0,H,2006-2007
Everton,Aston Villa,0,1,A,2006-2007
Middlesbrough,West Ham United,1,0,H,2006-2007
Portsmouth,Fulham,1,1,D,2006-2007
Sheffield United,Bolton Wanderers,2,2,D,2006-2007
Wigan Athletic,Charlton Athletic,3,2,H,2006-2007
Blackburn Rovers,Manchester United,0,1,A,2006-2007
Reading,Tottenham Hotspur,3,1,H,2006-2007
Arsenal,Liverpool,3,0,H,2006-2007
Manchester City,Fulham,3,1,H,2006-2007
Arsenal,Newcastle United,1,1,D,2006-2007
Chelsea,West Ham United,1,0,H,2006-2007
Everton,Bolton Wanderers,1,0,H,2006-2007
Portsmouth,Watford,2,1,H,2006-2007
Reading,Charlton Athletic,2,0,H,2006-2007
Sheffield United,Manchester United,1,2,A,2006-2007
Middlesbrough,Liverpool,0,0,D,2006-2007
Wigan Athletic,Aston Villa,0,0,D,2006-2007
Blackburn Rovers,Tottenham Hotspur,1,1,D,2006-2007
Charlton Athletic,Everton,1,1,D,2006-2007
Aston Villa,Middlesbrough,1,1,D,2006-2007
Fulham,Reading,0,1,A,2006-2007
Liverpool,Manchester City,1,0,H,2006-2007
West Ham United,Sheffield United,1,0,H,2006-2007
Bolton Wanderers,Arsenal,3,1,H,2006-2007
Newcastle United,Portsmouth,1,0,H,2006-2007
Tottenham Hotspur,Wigan Athletic,3,1,H,2006-2007
Manchester United,Chelsea,1,1,D,2006-2007
Watford,Sheffield United,0,1,A,2006-2007
Aston Villa,Manchester City,1,3,A,2006-2007
Fulham,Arsenal,2,1,H,2006-2007
Bolton Wanderers,Chelsea,0,1,A,2006-2007
Liverpool,Portsmouth,0,0,D,2006-2007
Manchester United,Everton,3,0,H,2006-2007
Arsenal,Tottenham Hotspur,3,0,H,2006-2007
Blackburn Rovers,Fulham,2,0,H,2006-2007
Portsmouth,Aston Villa,2,2,D,2006-2007
Reading,Bolton Wanderers,1,0,H,2006-2007
Sheffield United,Charlton Athletic,2,1,H,2006-2007
Wigan Athletic,Liverpool,0,4,A,2006-2007
Middlesbrough,Manchester United,1,2,A,2006-2007
Everton,West Ham United,2,0,H,2006-2007
Manchester City,Watford,0,0,D,2006-2007
Charlton Athletic,Blackburn Rovers,1,0,H,2006-2007
Tottenham Hotspur,Middlesbrough,2,1,H,2006-2007
Newcastle United,Reading,3,2,H,2006-2007
West Ham United,Wigan Athletic,0,2,A,2006-2007
Manchester United,Manchester City,3,1,H,2006-2007
Blackburn Rovers,Newcastle United,1,3,A,2006-2007
Liverpool,Fulham,4,0,H,2006-2007
Middlesbrough,Wigan Athletic,1,1,D,2006-2007
Portsmouth,Everton,2,0,H,2006-2007
Tottenham Hotspur,Charlton Athletic,5,1,H,2006-2007
Watford,Reading,0,0,D,2006-2007
Bolton Wanderers,West Ham United,4,0,H,2006-2007
Chelsea,Arsenal,1,1,D,2006-2007
Sheffield United,Aston Villa,2,2,D,2006-2007
Chelsea,Newcastle United,1,0,H,2006-2007
Wigan Athletic,Arsenal,0,1,A,2006-2007
Charlton Athletic,Liverpool,0,3,A,2006-2007
Arsenal,Portsmouth,2,2,D,2006-2007
Newcastle United,Watford,2,1,H,2006-2007
Reading,Blackburn Rovers,1,2,A,2006-2007
Wigan Athletic,Sheffield United,0,1,A,2006-2007
Aston Villa,Bolton Wanderers,0,1,A,2006-2007
Everton,Chelsea,2,3,A,2006-2007
Manchester City,Tottenham Hotspur,1,2,A,2006-2007
West Ham United,Manchester United,1,0,H,2006-2007
Fulham,Middlesbrough,2,1,H,2006-2007
Fulham,West Ham United,0,0,D,2006-2007
Arsenal,Blackburn Rovers,6,2,H,2006-2007
Aston Villa,Manchester United,0,3,A,2006-2007
Liverpool,Watford,2,0,H,2006-2007
Manchester City,Bolton Wanderers,0,2,A,2006-2007
Middlesbrough,Charlton Athletic,2,0,H,2006-2007
Newcastle United,Tottenham Hotspur,3,1,H,2006-2007
Portsmouth,Sheffield United,3,1,H,2006-2007
Reading,Everton,0,2,A,2006-2007
Wigan Athletic,Chelsea,2,3,A,2006-2007
Chelsea,Reading,2,2,D,2006-2007
Tottenham Hotspur,Aston Villa,2,1,H,2006-2007
West Ham United,Portsmouth,1,2,A,2006-2007
Blackburn Rovers,Liverpool,1,0,H,2006-2007
Bolton Wanderers,Newcastle United,2,1,H,2006-2007
Everton,Middlesbrough,0,0,D,2006-2007
Manchester United,Wigan Athletic,3,1,H,2006-2007
Sheffield United,Manchester City,0,1,A,2006-2007
Watford,Arsenal,1,2,A,2006-2007
Charlton Athletic,Fulham,2,2,D,2006-2007
Charlton Athletic,Aston Villa,2,1,H,2006-2007
Blackburn Rovers,Middlesbrough,2,1,H,2006-2007
Bolton Wanderers,Portsmouth,3,2,H,2006-2007
Chelsea,Fulham,2,2,D,2006-2007
Everton,Newcastle United,3,0,H,2006-2007
Manchester United,Reading,3,2,H,2006-2007
Tottenham Hotspur,Liverpool,0,1,A,2006-2007
West Ham United,Manchester City,0,1,A,2006-2007
Sheffield United,Arsenal,1,0,H,2006-2007
Liverpool,Bolton Wanderers,3,0,H,2006-2007
Fulham,Watford,0,0,D,2006-2007
Manchester City,Everton,2,1,H,2006-2007
Middlesbrough,Sheffield United,3,1,H,2006-2007
Portsmouth,Tottenham Hotspur,1,1,D,2006-2007
Reading,West Ham United,6,0,H,2006-2007
Wigan Athletic,Blackburn Rovers,0,3,A,2006-2007
Newcastle United,Manchester United,2,2,D,2006-2007
Arsenal,Charlton Athletic,4,0,H,2006-2007
Aston Villa,Chelsea,0,0,D,2006-2007
Watford,Liverpool,0,3,A,2006-2007
Bolton Wanderers,Manchester City,0,0,D,2006-2007
Charlton Athletic,Middlesbrough,1,3,A,2006-2007
Chelsea,Wigan Athletic,4,0,H,2006-2007
Manchester United,Aston Villa,3,1,H,2006-2007
Sheffield United,Portsmouth,1,1,D,2006-2007
West Ham United,Fulham,3,3,D,2006-2007
Blackburn Rovers,Arsenal,0,2,A,2006-2007
Everton,Reading,1,1,D,2006-2007
Tottenham Hotspur,Newcastle United,2,3,A,2006-2007
Liverpool,Chelsea,2,0,H,2006-2007
Aston Villa,Watford,2,0,H,2006-2007
Fulham,Tottenham Hotspur,1,1,D,2006-2007
Middlesbrough,Bolton Wanderers,5,1,H,2006-2007
Newcastle United,West Ham United,2,2,D,2006-2007
Portsmouth,Charlton Athletic,0,1,A,2006-2007
Reading,Sheffield United,3,1,H,2006-2007
Manchester City,Blackburn Rovers,0,3,A,2006-2007
Wigan Athletic,Everton,0,2,A,2006-2007
Arsenal,Manchester United,2,1,H,2006-2007
Watford,Blackburn Rovers,2,1,H,2006-2007
Portsmouth,Middlesbrough,0,0,D,2006-2007
Sheffield United,Fulham,2,0,H,2006-2007
West Ham United,Liverpool,1,2,A,2006-2007
Reading,Wigan Athletic,3,2,H,2006-2007
Chelsea,Blackburn Rovers,3,0,H,2006-2007
Bolton Wanderers,Charlton Athletic,1,1,D,2006-2007
Manchester United,Watford,4,0,H,2006-2007
Newcastle United,Aston Villa,3,1,H,2006-2007
Liverpool,Everton,0,0,D,2006-2007
Aston Villa,West Ham United,1,0,H,2006-2007
Blackburn Rovers,Sheffield United,2,1,H,2006-2007
Charlton Athletic,Chelsea,0,1,A,2006-2007
Fulham,Newcastle United,2,1,H,2006-2007
Manchester City,Reading,0,2,A,2006-2007
Watford,Bolton Wanderers,0,1,A,2006-2007
Wigan Athletic,Portsmouth,1,0,H,2006-2007
Middlesbrough,Arsenal,1,1,D,2006-2007
Tottenham Hotspur,Manchester United,0,4,A,2006-2007
Reading,Aston Villa,2,0,H,2006-2007
Chelsea,Middlesbrough,3,0,H,2006-2007
Everton,Blackburn Rovers,1,0,H,2006-2007
Manchester United,Charlton Athletic,2,0,H,2006-2007
Newcastle United,Liverpool,2,1,H,2006-2007
Sheffield United,Tottenham Hotspur,2,1,H,2006-2007
West Ham United,Watford,0,1,A,2006-2007
Portsmouth,Manchester City,2,1,H,2006-2007
Bolton Wanderers,Fulham,2,1,H,2006-2007
Arsenal,Wigan Athletic,2,1,H,2006-2007
Watford,Wigan Athletic,1,1,D,2006-2007
Everton,Tottenham Hotspur,1,2,A,2006-2007
Fulham,Manchester United,1,2,A,2006-2007
Charlton Athletic,West Ham United,4,0,H,2006-2007
Liverpool,Sheffield United,4,0,H,2006-2007
Middlesbrough,Reading,2,1,H,2006-2007
Watford,Everton,0,3,A,2006-2007
Wigan Athletic,Newcastle United,1,0,H,2006-2007
Blackburn Rovers,Portsmouth,3,0,H,2006-2007
Tottenham Hotspur,Bolton Wanderers,4,1,H,2006-2007
Liverpool,Manchester United,0,1,A,2006-2007
Arsenal,Reading,2,1,H,2006-2007
Fulham,Aston Villa,1,1,D,2006-2007
Manchester City,Wigan Athletic,0,1,A,2006-2007
Newcastle United,Middlesbrough,0,0,D,2006-2007
Sheffield United,Everton,1,1,D,2006-2007
Watford,Charlton Athletic,2,2,D,2006-2007
Portsmouth,Chelsea,0,2,A,2006-2007
Bolton Wanderers,Blackburn Rovers,1,2,A,2006-2007
West Ham United,Tottenham Hotspur,3,4,A,2006-2007
Aston Villa,Arsenal,0,1,A,2006-2007
Manchester City,Chelsea,0,1,A,2006-2007
Manchester United,Bolton Wanderers,4,1,H,2006-2007
Chelsea,Sheffield United,3,0,H,2006-2007
Middlesbrough,Manchester City,0,2,A,2006-2007
Reading,Portsmouth,0,0,D,2006-2007
Tottenham Hotspur,Watford,3,1,H,2006-2007
Wigan Athletic,Fulham,0,0,D,2006-2007
Blackburn Rovers,West Ham United,1,2,A,2006-2007
Charlton Athletic,Newcastle United,2,0,H,2006-2007
Aston Villa,Liverpool,0,0,D,2006-2007
Everton,Arsenal,1,0,H,2006-2007
Liverpool,Arsenal,4,1,H,2006-2007
Bolton Wanderers,Sheffield United,1,0,H,2006-2007
Charlton Athletic,Wigan Athletic,1,0,H,2006-2007
Fulham,Portsmouth,1,1,D,2006-2007
Manchester United,Blackburn Rovers,4,1,H,2006-2007
Newcastle United,Manchester City,0,1,A,2006-2007
West Ham United,Middlesbrough,2,0,H,2006-2007
Watford,Chelsea,0,1,A,2006-2007
Tottenham Hotspur,Reading,1,0,H,2006-2007
Aston Villa,Everton,1,1,D,2006-2007
Manchester City,Charlton Athletic,0,0,D,2006-2007
Everton,Fulham,4,1,H,2006-2007
Chelsea,Tottenham Hotspur,1,0,H,2006-2007
Arsenal,West Ham United,0,1,A,2006-2007
Blackburn Rovers,Aston Villa,1,2,A,2006-2007
Middlesbrough,Watford,4,1,H,2006-2007
Reading,Liverpool,1,2,A,2006-2007
Sheffield United,Newcastle United,1,2,A,2006-2007
Wigan Athletic,Bolton Wanderers,1,3,A,2006-2007
Portsmouth,Manchester United,2,1,H,2006-2007
Watford,Portsmouth,4,2,H,2006-2007
Aston Villa,Wigan Athletic,1,1,D,2006-2007
Bolton Wanderers,Everton,1,1,D,2006-2007
Fulham,Manchester City,1,3,A,2006-2007
Newcastle United,Arsenal,0,0,D,2006-2007
Charlton Athletic,Reading,0,0,D,2006-2007
Arsenal,Bolton Wanderers,2,1,H,2006-2007
Manchester City,Liverpool,0,0,D,2006-2007
Middlesbrough,Aston Villa,1,3,A,2006-2007
Portsmouth,Newcastle United,2,1,H,2006-2007
Reading,Fulham,1,0,H,2006-2007
Sheffield United,West Ham United,3,0,H,2006-2007
Wigan Athletic,Tottenham Hotspur,3,3,D,2006-2007
Everton,Charlton Athletic,2,1,H,2006-2007
Arsenal,Manchester City,3,1,H,2006-2007
Manchester United,Sheffield United,2,0,H,2006-2007
Blackburn Rovers,Watford,3,1,H,2006-2007
Liverpool,Middlesbrough,2,0,H,2006-2007
West Ham United,Chelsea,1,4,A,2006-2007
Tottenham Hotspur,Arsenal,2,2,D,2006-2007
Bolton Wanderers,Reading,1,3,A,2006-2007
Charlton Athletic,Sheffield United,1,1,D,2006-2007
Fulham,Blackburn Rovers,1,1,D,2006-2007
Liverpool,Wigan Athletic,2,0,H,2006-2007
Watford,Manchester City,1,1,D,2006-2007
West Ham United,Everton,1,0,H,2006-2007
Manchester United,Middlesbrough,1,1,D,2006-2007
Newcastle United,Chelsea,0,0,D,2006-2007
Aston Villa,Portsmouth,0,0,D,2006-2007
Chelsea,Bolton Wanderers,2,2,D,2006-2007
Everton,Manchester United,2,4,A,2006-2007
Blackburn Rovers,Charlton Athletic,4,1,H,2006-2007
Manchester City,Aston Villa,0,2,A,2006-2007
Middlesbrough,Tottenham Hotspur,2,3,A,2006-2007
Portsmouth,Liverpool,2,1,H,2006-2007
Sheffield United,Watford,1,0,H,2006-2007
Wigan Athletic,West Ham United,0,3,A,2006-2007
Arsenal,Fulham,3,1,H,2006-2007
Reading,Newcastle United,1,0,H,2006-2007
Manchester City,Manchester United,0,1,A,2006-2007
Everton,Portsmouth,3,0,H,2006-2007
Fulham,Liverpool,1,0,H,2006-2007
Newcastle United,Blackburn Rovers,0,2,A,2006-2007
Reading,Watford,0,2,A,2006-2007
West Ham United,Bolton Wanderers,3,1,H,2006-2007
Wigan Athletic,Middlesbrough,0,1,A,2006-2007
Aston Villa,Sheffield United,3,0,H,2006-2007
Arsenal,Chelsea,1,1,D,2006-2007
Charlton Athletic,Tottenham Hotspur,0,2,A,2006-2007
Chelsea,Manchester United,0,0,D,2006-2007
Tottenham Hotspur,Blackburn Rovers,1,1,D,2006-2007
Blackburn Rovers,Reading,3,3,D,2006-2007
Bolton Wanderers,Aston Villa,2,2,D,2006-2007
Chelsea,Everton,1,1,D,2006-2007
Liverpool,Charlton Athletic,2,2,D,2006-2007
Manchester United,West Ham United,0,1,A,2006-2007
Middlesbrough,Fulham,3,1,H,2006-2007
Portsmouth,Arsenal,0,0,D,2006-2007
Sheffield United,Wigan Athletic,1,2,A,2006-2007
Tottenham Hotspur,Manchester City,2,1,H,2006-2007
Watford,Newcastle United,1,1,D,2006-2007
Sunderland,Tottenham Hotspur,1,0,H,2007-2008
Bolton Wanderers,Newcastle United,1,3,A,2007-2008
Derby County,Portsmouth,2,2,D,2007-2008
Everton,Wigan Athletic,2,1,H,2007-2008
Middlesbrough,Blackburn Rovers,1,2,A,2007-2008
West Ham United,Manchester City,0,2,A,2007-2008
Aston Villa,Liverpool,1,2,A,2007-2008
Arsenal,Fulham,2,1,H,2007-2008
Chelsea,Birmingham City,3,2,H,2007-2008
Manchester United,Reading,0,0,D,2007-2008
Tottenham Hotspur,Everton,1,3,A,2007-2008
Birmingham City,Sunderland,2,2,D,2007-2008
Fulham,Bolton Wanderers,2,1,H,2007-2008
Manchester City,Derby County,1,0,H,2007-2008
Portsmouth,Manchester United,1,1,D,2007-2008
Reading,Chelsea,1,2,A,2007-2008
Wigan Athletic,Middlesbrough,1,0,H,2007-2008
Portsmouth,Bolton Wanderers,3,1,H,2007-2008
Birmingham City,West Ham United,0,1,A,2007-2008
Fulham,Middlesbrough,1,2,A,2007-2008
Reading,Everton,1,0,H,2007-2008
Tottenham Hotspur,Derby County,4,0,H,2007-2008
Wigan Athletic,Sunderland,3,0,H,2007-2008
Newcastle United,Aston Villa,0,0,D,2007-2008
Manchester City,Manchester United,1,0,H,2007-2008
Blackburn Rovers,Arsenal,1,1,D,2007-2008
Liverpool,Chelsea,1,1,D,2007-2008
Sunderland,Liverpool,0,2,A,2007-2008
Arsenal,Manchester City,1,0,H,2007-2008
Aston Villa,Fulham,2,1,H,2007-2008
Bolton Wanderers,Reading,3,0,H,2007-2008
Chelsea,Portsmouth,1,0,H,2007-2008
Derby County,Birmingham City,1,2,A,2007-2008
West Ham United,Wigan Athletic,1,1,D,2007-2008
Everton,Blackburn Rovers,1,1,D,2007-2008
Middlesbrough,Newcastle United,2,2,D,2007-2008
Manchester United,Tottenham Hotspur,1,0,H,2007-2008
Bolton Wanderers,Everton,1,2,A,2007-2008
Fulham,Tottenham Hotspur,3,3,D,2007-2008
Liverpool,Derby County,6,0,H,2007-2008
Middlesbrough,Birmingham City,2,0,H,2007-2008
Newcastle United,Wigan Athletic,1,0,H,2007-2008
Reading,West Ham United,0,3,A,2007-2008
Manchester United,Sunderland,1,0,H,2007-2008
Arsenal,Portsmouth,3,1,H,2007-2008
Blackburn Rovers,Manchester City,1,0,H,2007-2008
Aston Villa,Chelsea,2,0,H,2007-2008
Everton,Manchester United,0,1,A,2007-2008
Portsmouth,Liverpool,0,0,D,2007-2008
Tottenham Hotspur,Arsenal,1,3,A,2007-2008
Birmingham City,Bolton Wanderers,1,0,H,2007-2008
Sunderland,Reading,2,1,H,2007-2008
West Ham United,Middlesbrough,3,0,H,2007-2008
Wigan Athletic,Fulham,1,1,D,2007-2008
Chelsea,Blackburn Rovers,0,0,D,2007-2008
Manchester City,Aston Villa,1,0,H,2007-2008
Derby County,Newcastle United,1,0,H,2007-2008
Arsenal,Derby County,5,0,H,2007-2008
Liverpool,Birmingham City,0,0,D,2007-2008
Middlesbrough,Sunderland,2,2,D,2007-2008
Reading,Wigan Athletic,2,1,H,2007-2008
Fulham,Manchester City,3,3,D,2007-2008
Newcastle United,West Ham United,3,1,H,2007-2008
Aston Villa,Everton,2,0,H,2007-2008
Blackburn Rovers,Portsmouth,0,1,A,2007-2008
Bolton Wanderers,Tottenham Hotspur,1,1,D,2007-2008
Manchester United,Chelsea,2,0,H,2007-2008
Manchester City,Newcastle United,3,1,H,2007-2008
Chelsea,Fulham,0,0,D,2007-2008
Derby County,Bolton Wanderers,1,1,D,2007-2008
Portsmouth,Reading,7,4,H,2007-2008
Sunderland,Blackburn Rovers,1,2,A,2007-2008
West Ham United,Arsenal,0,1,A,2007-2008
Wigan Athletic,Liverpool,0,1,A,2007-2008
Birmingham City,Manchester United,0,1,A,2007-2008
Everton,Middlesbrough,2,0,H,2007-2008
Tottenham Hotspur,Aston Villa,4,4,D,2007-2008
Manchester United,Wigan Athletic,4,0,H,2007-2008
Aston Villa,West Ham United,1,0,H,2007-2008
Arsenal,Sunderland,3,2,H,2007-2008
Reading,Derby County,1,0,H,2007-2008
Blackburn Rovers,Birmingham City,2,1,H,2007-2008
Bolton Wanderers,Chelsea,0,1,A,2007-2008
Liverpool,Tottenham Hotspur,2,2,D,2007-2008
Manchester City,Middlesbrough,3,1,H,2007-2008
Newcastle United,Everton,3,2,H,2007-2008
Fulham,Portsmouth,0,2,A,2007-2008
Everton,Liverpool,1,2,A,2007-2008
Arsenal,Bolton Wanderers,2,0,H,2007-2008
Blackburn Rovers,Reading,4,2,H,2007-2008
Fulham,Derby County,0,0,D,2007-2008
Manchester City,Birmingham City,1,0,H,2007-2008
Middlesbrough,Chelsea,0,2,A,2007-2008
Wigan Athletic,Portsmouth,0,2,A,2007-2008
Aston Villa,Manchester United,1,4,A,2007-2008
West Ham United,Sunderland,3,1,H,2007-2008
Newcastle United,Tottenham Hotspur,3,1,H,2007-2008
Birmingham City,Wigan Athletic,3,2,H,2007-2008
Chelsea,Manchester City,6,0,H,2007-2008
Manchester United,Middlesbrough,4,1,H,2007-2008
Reading,Newcastle United,2,1,H,2007-2008
Sunderland,Fulham,1,1,D,2007-2008
Portsmouth,West Ham United,0,0,D,2007-2008
Bolton Wanderers,Aston Villa,1,1,D,2007-2008
Derby County,Everton,0,2,A,2007-2008
Tottenham Hotspur,Blackburn Rovers,1,2,A,2007-2008
Liverpool,Arsenal,1,1,D,2007-2008
Arsenal,Manchester United,2,2,D,2007-2008
Aston Villa,Derby County,2,0,H,2007-2008
Everton,Birmingham City,3,1,H,2007-2008
Fulham,Reading,3,1,H,2007-2008
Middlesbrough,Tottenham Hotspur,1,1,D,2007-2008
Newcastle United,Portsmouth,1,4,A,2007-2008
Wigan Athletic,Chelsea,0,2,A,2007-2008
Blackburn Rovers,Liverpool,0,0,D,2007-2008
West Ham United,Bolton Wanderers,1,1,D,2007-2008
Manchester City,Sunderland,1,0,H,2007-2008
Sunderland,Newcastle United,1,1,D,2007-2008
Derby County,West Ham United,0,5,A,2007-2008
Liverpool,Fulham,2,0,H,2007-2008
Birmingham City,Aston Villa,1,2,A,2007-2008
Chelsea,Everton,1,1,D,2007-2008
Bolton Wanderers,Middlesbrough,0,0,D,2007-2008
Manchester United,Blackburn Rovers,2,0,H,2007-2008
Tottenham Hotspur,Wigan Athletic,4,0,H,2007-2008
Portsmouth,Manchester City,0,0,D,2007-2008
Reading,Arsenal,1,3,A,2007-2008
Newcastle United,Liverpool,0,3,A,2007-2008
Arsenal,Wigan Athletic,2,0,H,2007-2008
Birmingham City,Portsmouth,0,2,A,2007-2008
Bolton Wanderers,Manchester United,1,0,H,2007-2008
Everton,Sunderland,7,1,H,2007-2008
Manchester City,Reading,2,1,H,2007-2008
Middlesbrough,Aston Villa,0,3,A,2007-2008
Derby County,Chelsea,0,2,A,2007-2008
West Ham United,Tottenham Hotspur,1,1,D,2007-2008
Fulham,Blackburn Rovers,2,2,D,2007-2008
Blackburn Rovers,Aston Villa,0,4,A,2007-2008
Chelsea,West Ham United,1,0,H,2007-2008
Blackburn Rovers,Newcastle United,3,1,H,2007-2008
Portsmouth,Everton,0,0,D,2007-2008
Reading,Middlesbrough,1,1,D,2007-2008
Sunderland,Derby County,1,0,H,2007-2008
Wigan Athletic,Manchester City,1,1,D,2007-2008
Aston Villa,Arsenal,1,2,A,2007-2008
Liverpool,Bolton Wanderers,4,0,H,2007-2008
Tottenham Hotspur,Birmingham City,2,3,A,2007-2008
Manchester United,Fulham,2,0,H,2007-2008
Newcastle United,Arsenal,1,1,D,2007-2008
Aston Villa,Portsmouth,1,3,A,2007-2008
Chelsea,Sunderland,2,0,H,2007-2008
Everton,Fulham,3,0,H,2007-2008
Manchester United,Derby County,4,1,H,2007-2008
Newcastle United,Birmingham City,2,1,H,2007-2008
Reading,Liverpool,3,1,H,2007-2008
Middlesbrough,Arsenal,2,1,H,2007-2008
Bolton Wanderers,Wigan Athletic,4,1,H,2007-2008
Tottenham Hotspur,Manchester City,2,1,H,2007-2008
Blackburn Rovers,West Ham United,0,1,A,2007-2008
Birmingham City,Reading,1,1,D,2007-2008
Derby County,Middlesbrough,0,1,A,2007-2008
Manchester City,Bolton Wanderers,4,2,H,2007-2008
Portsmouth,Tottenham Hotspur,0,1,A,2007-2008
Sunderland,Aston Villa,1,1,D,2007-2008
West Ham United,Everton,0,2,A,2007-2008
Wigan Athletic,Blackburn Rovers,5,3,H,2007-2008
Fulham,Newcastle United,0,1,A,2007-2008
Liverpool,Manchester United,0,1,A,2007-2008
Arsenal,Chelsea,1,0,H,2007-2008
Arsenal,Tottenham Hotspur,2,1,H,2007-2008
Aston Villa,Manchester City,1,1,D,2007-2008
Bolton Wanderers,Birmingham City,3,0,H,2007-2008
Fulham,Wigan Athletic,1,1,D,2007-2008
Liverpool,Portsmouth,4,1,H,2007-2008
Middlesbrough,West Ham United,1,2,A,2007-2008
Reading,Sunderland,2,1,H,2007-2008
Manchester United,Everton,2,1,H,2007-2008
Newcastle United,Derby County,2,2,D,2007-2008
Blackburn Rovers,Chelsea,0,1,A,2007-2008
Chelsea,Aston Villa,4,4,D,2007-2008
Tottenham Hotspur,Fulham,5,1,H,2007-2008
West Ham United,Reading,1,1,D,2007-2008
Birmingham City,Middlesbrough,3,0,H,2007-2008
Derby County,Liverpool,1,2,A,2007-2008
Everton,Bolton Wanderers,2,0,H,2007-2008
Sunderland,Manchester United,0,4,A,2007-2008
Wigan Athletic,Newcastle United,1,0,H,2007-2008
Portsmouth,Arsenal,0,0,D,2007-2008
Manchester City,Blackburn Rovers,2,2,D,2007-2008
Birmingham City,Fulham,1,1,D,2007-2008
Chelsea,Newcastle United,2,1,H,2007-2008
Portsmouth,Middlesbrough,0,1,A,2007-2008
Sunderland,Bolton Wanderers,3,1,H,2007-2008
Tottenham Hotspur,Reading,6,4,H,2007-2008
West Ham United,Manchester United,2,1,H,2007-2008
Wigan Athletic,Aston Villa,1,2,A,2007-2008
Everton,Arsenal,1,4,A,2007-2008
Derby County,Blackburn Rovers,1,2,A,2007-2008
Manchester City,Liverpool,0,0,D,2007-2008
Fulham,Chelsea,1,2,A,2007-2008
Arsenal,West Ham United,2,0,H,2007-2008
Manchester United,Birmingham City,1,0,H,2007-2008
Middlesbrough,Everton,0,2,A,2007-2008
Reading,Portsmouth,0,2,A,2007-2008
Aston Villa,Tottenham Hotspur,2,1,H,2007-2008
Newcastle United,Manchester City,0,2,A,2007-2008
Blackburn Rovers,Sunderland,1,0,H,2007-2008
Bolton Wanderers,Derby County,1,0,H,2007-2008
Liverpool,Wigan Athletic,1,1,D,2007-2008
Arsenal,Birmingham City,1,1,D,2007-2008
Aston Villa,Reading,3,1,H,2007-2008
Chelsea,Tottenham Hotspur,2,0,H,2007-2008
Derby County,Wigan Athletic,0,1,A,2007-2008
Everton,Manchester City,1,0,H,2007-2008
Middlesbrough,Liverpool,1,1,D,2007-2008
West Ham United,Fulham,2,1,H,2007-2008
Manchester United,Newcastle United,6,0,H,2007-2008
Sunderland,Portsmouth,2,0,H,2007-2008
Bolton Wanderers,Blackburn Rovers,1,2,A,2007-2008
Birmingham City,Chelsea,0,1,A,2007-2008
Blackburn Rovers,Middlesbrough,1,1,D,2007-2008
Fulham,Arsenal,0,3,A,2007-2008
Portsmouth,Derby County,3,1,H,2007-2008
Reading,Manchester United,0,2,A,2007-2008
Tottenham Hotspur,Sunderland,2,0,H,2007-2008
Newcastle United,Bolton Wanderers,0,0,D,2007-2008
Wigan Athletic,Everton,1,2,A,2007-2008
Manchester City,West Ham United,1,1,D,2007-2008
Liverpool,Aston Villa,2,2,D,2007-2008
Aston Villa,Blackburn Rovers,1,1,D,2007-2008
Arsenal,Newcastle United,3,0,H,2007-2008
Bolton Wanderers,Fulham,0,0,D,2007-2008
Middlesbrough,Wigan Athletic,1,0,H,2007-2008
Sunderland,Birmingham City,2,0,H,2007-2008
Chelsea,Reading,1,0,H,2007-2008
Derby County,Manchester City,1,1,D,2007-2008
West Ham United,Liverpool,1,0,H,2007-2008
Everton,Tottenham Hotspur,0,0,D,2007-2008
Manchester United,Portsmouth,2,0,H,2007-2008
Manchester City,Arsenal,1,3,A,2007-2008
Birmingham City,Derby County,1,1,D,2007-2008
Blackburn Rovers,Everton,0,0,D,2007-2008
Portsmouth,Chelsea,1,1,D,2007-2008
Reading,Bolton Wanderers,0,2,A,2007-2008
Tottenham Hotspur,Manchester United,1,1,D,2007-2008
Wigan Athletic,West Ham United,1,0,H,2007-2008
Liverpool,Sunderland,3,0,H,2007-2008
Newcastle United,Middlesbrough,1,1,D,2007-2008
Fulham,Aston Villa,2,1,H,2007-2008
Aston Villa,Newcastle United,4,1,H,2007-2008
Bolton Wanderers,Portsmouth,0,1,A,2007-2008
Derby County,Tottenham Hotspur,0,3,A,2007-2008
Everton,Reading,1,0,H,2007-2008
Middlesbrough,Fulham,1,0,H,2007-2008
Sunderland,Wigan Athletic,2,0,H,2007-2008
West Ham United,Birmingham City,1,1,D,2007-2008
Manchester United,Manchester City,1,2,A,2007-2008
Chelsea,Liverpool,0,0,D,2007-2008
Arsenal,Blackburn Rovers,2,0,H,2007-2008
Birmingham City,Arsenal,2,2,D,2007-2008
Fulham,West Ham United,0,1,A,2007-2008
Liverpool,Middlesbrough,3,2,H,2007-2008
Portsmouth,Sunderland,1,0,H,2007-2008
Wigan Athletic,Derby County,2,0,H,2007-2008
Newcastle United,Manchester United,1,5,A,2007-2008
Reading,Aston Villa,1,2,A,2007-2008
Blackburn Rovers,Bolton Wanderers,4,1,H,2007-2008
Manchester City,Everton,0,2,A,2007-2008
Arsenal,Aston Villa,1,1,D,2007-2008
Birmingham City,Tottenham Hotspur,4,1,H,2007-2008
Derby County,Sunderland,0,0,D,2007-2008
Fulham,Manchester United,0,3,A,2007-2008
Middlesbrough,Reading,0,1,A,2007-2008
Newcastle United,Blackburn Rovers,0,1,A,2007-2008
West Ham United,Chelsea,0,4,A,2007-2008
Manchester City,Wigan Athletic,0,0,D,2007-2008
Bolton Wanderers,Liverpool,1,3,A,2007-2008
Everton,Portsmouth,3,1,H,2007-2008
Liverpool,West Ham United,4,0,H,2007-2008
Blackburn Rovers,Fulham,1,1,D,2007-2008
Liverpool,Newcastle United,3,0,H,2007-2008
Reading,Manchester City,2,0,H,2007-2008
Sunderland,Everton,0,1,A,2007-2008
Tottenham Hotspur,West Ham United,4,0,H,2007-2008
Wigan Athletic,Arsenal,0,0,D,2007-2008
Aston Villa,Middlesbrough,1,1,D,2007-2008
Portsmouth,Birmingham City,4,2,H,2007-2008
Chelsea,Derby County,6,1,H,2007-2008
Derby County,Manchester United,0,1,A,2007-2008
Liverpool,Reading,2,1,H,2007-2008
Portsmouth,Aston Villa,2,0,H,2007-2008
Sunderland,Chelsea,0,1,A,2007-2008
West Ham United,Blackburn Rovers,2,1,H,2007-2008
Arsenal,Middlesbrough,1,1,D,2007-2008
Fulham,Everton,1,0,H,2007-2008
Wigan Athletic,Bolton Wanderers,1,0,H,2007-2008
Manchester City,Tottenham Hotspur,2,1,H,2007-2008
Birmingham City,Newcastle United,1,1,D,2007-2008
Manchester United,Bolton Wanderers,2,0,H,2007-2008
Tottenham Hotspur,Chelsea,4,4,D,2007-2008
Tottenham Hotspur,Portsmouth,2,0,H,2007-2008
Aston Villa,Sunderland,0,1,A,2007-2008
Blackburn Rovers,Wigan Athletic,3,1,H,2007-2008
Bolton Wanderers,Manchester City,0,0,D,2007-2008
Middlesbrough,Derby County,1,0,H,2007-2008
Newcastle United,Fulham,2,0,H,2007-2008
Reading,Birmingham City,2,1,H,2007-2008
Everton,West Ham United,1,1,D,2007-2008
Manchester United,Liverpool,3,0,H,2007-2008
Chelsea,Arsenal,2,1,H,2007-2008
Birmingham City,Manchester City,3,1,H,2007-2008
Bolton Wanderers,Arsenal,2,3,A,2007-2008
Derby County,Fulham,2,2,D,2007-2008
Portsmouth,Wigan Athletic,2,0,H,2007-2008
Reading,Blackburn Rovers,0,0,D,2007-2008
Sunderland,West Ham United,2,1,H,2007-2008
Manchester United,Aston Villa,4,0,H,2007-2008
Chelsea,Middlesbrough,1,0,H,2007-2008
Tottenham Hotspur,Newcastle United,1,4,A,2007-2008
Liverpool,Everton,1,0,H,2007-2008
Arsenal,Liverpool,1,1,D,2007-2008
Aston Villa,Bolton Wanderers,4,0,H,2007-2008
Blackburn Rovers,Tottenham Hotspur,1,1,D,2007-2008
Fulham,Sunderland,1,3,A,2007-2008
Manchester City,Chelsea,0,2,A,2007-2008
Newcastle United,Reading,3,0,H,2007-2008
Wigan Athletic,Birmingham City,2,0,H,2007-2008
Middlesbrough,Manchester United,2,2,D,2007-2008
Everton,Derby County,1,0,H,2007-2008
West Ham United,Portsmouth,0,1,A,2007-2008
Birmingham City,Everton,1,1,D,2007-2008
Bolton Wanderers,West Ham United,1,0,H,2007-2008
Derby County,Aston Villa,0,6,A,2007-2008
Reading,Fulham,0,2,A,2007-2008
Sunderland,Manchester City,1,2,A,2007-2008
Tottenham Hotspur,Middlesbrough,1,1,D,2007-2008
Portsmouth,Newcastle United,0,0,D,2007-2008
Liverpool,Blackburn Rovers,3,1,H,2007-2008
Manchester United,Arsenal,2,1,H,2007-2008
Chelsea,Wigan Athletic,1,1,D,2007-2008
Everton,Chelsea,0,1,A,2007-2008
Arsenal,Reading,2,0,H,2007-2008
Fulham,Liverpool,0,2,A,2007-2008
Middlesbrough,Bolton Wanderers,0,1,A,2007-2008
West Ham United,Derby County,2,1,H,2007-2008
Wigan Athletic,Tottenham Hotspur,1,1,D,2007-2008
Blackburn Rovers,Manchester United,1,1,D,2007-2008
Aston Villa,Birmingham City,5,1,H,2007-2008
Newcastle United,Sunderland,2,0,H,2007-2008
Manchester City,Portsmouth,3,1,H,2007-2008
Chelsea,Manchester United,2,1,H,2007-2008
Birmingham City,Liverpool,2,2,D,2007-2008
Manchester City,Fulham,2,3,A,2007-2008
Sunderland,Middlesbrough,3,2,H,2007-2008
Tottenham Hotspur,Bolton Wanderers,1,1,D,2007-2008
West Ham United,Newcastle United,2,2,D,2007-2008
Wigan Athletic,Reading,0,0,D,2007-2008
Portsmouth,Blackburn Rovers,0,1,A,2007-2008
Everton,Aston Villa,2,2,D,2007-2008
Derby County,Arsenal,2,6,A,2007-2008
Manchester United,West Ham United,4,1,H,2007-2008
Aston Villa,Wigan Athletic,0,2,A,2007-2008
Blackburn Rovers,Derby County,3,1,H,2007-2008
Fulham,Birmingham City,2,0,H,2007-2008
Middlesbrough,Portsmouth,2,0,H,2007-2008
Reading,Tottenham Hotspur,0,1,A,2007-2008
Bolton Wanderers,Sunderland,2,0,H,2007-2008
Arsenal,Everton,1,0,H,2007-2008
Liverpool,Manchester City,1,0,H,2007-2008
Newcastle United,Chelsea,0,2,A,2007-2008
Birmingham City,Blackburn Rovers,4,1,H,2007-2008
Chelsea,Bolton Wanderers,1,1,D,2007-2008
Derby County,Reading,0,4,A,2007-2008
Everton,Newcastle United,3,1,H,2007-2008
Middlesbrough,Manchester City,8,1,H,2007-2008
Portsmouth,Fulham,0,1,A,2007-2008
Sunderland,Arsenal,0,1,A,2007-2008
Tottenham Hotspur,Liverpool,0,2,A,2007-2008
West Ham United,Aston Villa,2,2,D,2007-2008
Wigan Athletic,Manchester United,0,2,A,2007-2008
Arsenal,West Bromwich Albion,1,0,H,2008-2009
Bolton Wanderers,Stoke City,3,1,H,2008-2009
Everton,Blackburn Rovers,2,3,A,2008-2009
Hull City,Fulham,2,1,H,2008-2009
Middlesbrough,Tottenham Hotspur,2,1,H,2008-2009
West Ham United,Wigan Athletic,2,1,H,2008-2009
Sunderland,Liverpool,0,1,A,2008-2009
Chelsea,Portsmouth,4,0,H,2008-2009
Aston Villa,Manchester City,4,2,H,2008-2009
Manchester United,Newcastle United,1,1,D,2008-2009
Blackburn Rovers,Hull City,1,1,D,2008-2009
Liverpool,Middlesbrough,2,1,H,2008-2009
Newcastle United,Bolton Wanderers,1,0,H,2008-2009
Stoke City,Aston Villa,3,2,H,2008-2009
Tottenham Hotspur,Sunderland,1,2,A,2008-2009
West Bromwich Albion,Everton,1,2,A,2008-2009
Fulham,Arsenal,1,0,H,2008-2009
Wigan Athletic,Chelsea,0,1,A,2008-2009
Manchester City,West Ham United,3,0,H,2008-2009
Portsmouth,Manchester United,0,1,A,2008-2009
Bolton Wanderers,West Bromwich Albion,0,0,D,2008-2009
Everton,Portsmouth,0,3,A,2008-2009
Hull City,Wigan Athletic,0,5,A,2008-2009
Middlesbrough,Stoke City,2,1,H,2008-2009
West Ham United,Blackburn Rovers,4,1,H,2008-2009
Arsenal,Newcastle United,3,0,H,2008-2009
Chelsea,Tottenham Hotspur,1,1,D,2008-2009
Sunderland,Manchester City,0,3,A,2008-2009
Aston Villa,Liverpool,0,0,D,2008-2009
Liverpool,Manchester United,2,1,H,2008-2009
Blackburn Rovers,Arsenal,0,4,A,2008-2009
Fulham,Bolton Wanderers,2,1,H,2008-2009
Newcastle United,Hull City,1,2,A,2008-2009
Portsmouth,Middlesbrough,2,1,H,2008-2009
West Bromwich Albion,West Ham United,3,2,H,2008-2009
Wigan Athletic,Sunderland,1,1,D,2008-2009
Manchester City,Chelsea,1,3,A,2008-2009
Stoke City,Everton,2,3,A,2008-2009
Tottenham Hotspur,Aston Villa,1,2,A,2008-2009
Sunderland,Middlesbrough,2,0,H,2008-2009
Blackburn Rovers,Fulham,1,0,H,2008-2009
Liverpool,Stoke City,0,0,D,2008-2009
West Ham United,Newcastle United,3,1,H,2008-2009
Bolton Wanderers,Arsenal,1,3,A,2008-2009
West Bromwich Albion,Aston Villa,1,2,A,2008-2009
Chelsea,Manchester United,1,1,D,2008-2009
Hull City,Everton,2,2,D,2008-2009
Manchester City,Portsmouth,6,0,H,2008-2009
Tottenham Hotspur,Wigan Athletic,0,0,D,2008-2009
Everton,Liverpool,0,2,A,2008-2009
Aston Villa,Sunderland,2,1,H,2008-2009
Fulham,West Ham United,1,2,A,2008-2009
Manchester United,Bolton Wanderers,2,0,H,2008-2009
Middlesbrough,West Bromwich Albion,0,1,A,2008-2009
Newcastle United,Blackburn Rovers,1,2,A,2008-2009
Stoke City,Chelsea,0,2,A,2008-2009
Arsenal,Hull City,1,2,A,2008-2009
Portsmouth,Tottenham Hotspur,2,0,H,2008-2009
Wigan Athletic,Manchester City,2,1,H,2008-2009
Sunderland,Arsenal,1,1,D,2008-2009
West Bromwich Albion,Fulham,1,0,H,2008-2009
Wigan Athletic,Middlesbrough,0,1,A,2008-2009
Blackburn Rovers,Manchester United,0,2,A,2008-2009
West Ham United,Bolton Wanderers,1,3,A,2008-2009
Chelsea,Aston Villa,2,0,H,2008-2009
Manchester City,Liverpool,2,3,A,2008-2009
Portsmouth,Stoke City,2,1,H,2008-2009
Tottenham Hotspur,Hull City,0,1,A,2008-2009
Everton,Newcastle United,2,2,D,2008-2009
Middlesbrough,Chelsea,0,5,A,2008-2009
Arsenal,Everton,3,1,H,2008-2009
Aston Villa,Portsmouth,0,0,D,2008-2009
Bolton Wanderers,Blackburn Rovers,0,0,D,2008-2009
Fulham,Sunderland,0,0,D,2008-2009
Liverpool,Wigan Athletic,3,2,H,2008-2009
Manchester United,West Bromwich Albion,4,0,H,2008-2009
Hull City,West Ham United,1,0,H,2008-2009
Stoke City,Tottenham Hotspur,2,1,H,2008-2009
Newcastle United,Manchester City,2,2,D,2008-2009
Everton,Manchester United,1,1,D,2008-2009
Sunderland,Newcastle United,2,1,H,2008-2009
West Bromwich Albion,Hull City,0,3,A,2008-2009
Blackburn Rovers,Middlesbrough,1,1,D,2008-2009
Chelsea,Liverpool,0,1,A,2008-2009
Manchester City,Stoke City,3,0,H,2008-2009
Tottenham Hotspur,Bolton Wanderers,2,0,H,2008-2009
Wigan Athletic,Aston Villa,0,4,A,2008-2009
West Ham United,Arsenal,0,2,A,2008-2009
Portsmouth,Fulham,1,1,D,2008-2009
Newcastle United,West Bromwich Albion,2,1,H,2008-2009
Aston Villa,Blackburn Rovers,3,2,H,2008-2009
Fulham,Wigan Athletic,2,0,H,2008-2009
Hull City,Chelsea,0,3,A,2008-2009
Stoke City,Sunderland,1,0,H,2008-2009
Arsenal,Tottenham Hotspur,4,4,D,2008-2009
Bolton Wanderers,Everton,0,1,A,2008-2009
Liverpool,Portsmouth,1,0,H,2008-2009
Manchester United,West Ham United,2,0,H,2008-2009
Middlesbrough,Manchester City,2,0,H,2008-2009
Everton,Fulham,1,0,H,2008-2009
Chelsea,Sunderland,5,0,H,2008-2009
Manchester United,Hull City,4,3,H,2008-2009
Middlesbrough,West Ham United,1,1,D,2008-2009
Portsmouth,Wigan Athletic,1,2,A,2008-2009
Stoke City,Arsenal,2,1,H,2008-2009
West Bromwich Albion,Blackburn Rovers,2,2,D,2008-2009
Tottenham Hotspur,Liverpool,2,1,H,2008-2009
Bolton Wanderers,Manchester City,2,0,H,2008-2009
Newcastle United,Aston Villa,2,0,H,2008-2009
Arsenal,Manchester United,2,1,H,2008-2009
Wigan Athletic,Stoke City,0,0,D,2008-2009
Hull City,Bolton Wanderers,0,1,A,2008-2009
Sunderland,Portsmouth,1,2,A,2008-2009
West Ham United,Everton,1,3,A,2008-2009
Liverpool,West Bromwich Albion,3,0,H,2008-2009
Blackburn Rovers,Chelsea,0,2,A,2008-2009
Aston Villa,Middlesbrough,1,2,A,2008-2009
Manchester City,Tottenham Hotspur,1,2,A,2008-2009
Fulham,Newcastle United,2,1,H,2008-2009
Bolton Wanderers,Liverpool,0,2,A,2008-2009
Arsenal,Aston Villa,0,2,A,2008-2009
Blackburn Rovers,Sunderland,1,2,A,2008-2009
Fulham,Tottenham Hotspur,2,1,H,2008-2009
Manchester United,Stoke City,5,0,H,2008-2009
Newcastle United,Wigan Athletic,2,2,D,2008-2009
West Ham United,Portsmouth,0,0,D,2008-2009
West Bromwich Albion,Chelsea,0,3,A,2008-2009
Everton,Middlesbrough,1,1,D,2008-2009
Hull City,Manchester City,2,2,D,2008-2009
Chelsea,Newcastle United,0,0,D,2008-2009
Liverpool,Fulham,0,0,D,2008-2009
Manchester City,Arsenal,3,0,H,2008-2009
Middlesbrough,Bolton Wanderers,1,3,A,2008-2009
Portsmouth,Hull City,2,2,D,2008-2009
Stoke City,West Bromwich Albion,1,0,H,2008-2009
Aston Villa,Manchester United,0,0,D,2008-2009
Tottenham Hotspur,Blackburn Rovers,1,0,H,2008-2009
Sunderland,West Ham United,0,1,A,2008-2009
Wigan Athletic,Everton,1,0,H,2008-2009
Aston Villa,Fulham,0,0,D,2008-2009
Middlesbrough,Newcastle United,0,0,D,2008-2009
Stoke City,Hull City,1,1,D,2008-2009
Sunderland,Bolton Wanderers,1,4,A,2008-2009
Wigan Athletic,West Bromwich Albion,2,1,H,2008-2009
Manchester City,Manchester United,0,1,A,2008-2009
Portsmouth,Blackburn Rovers,3,2,H,2008-2009
Tottenham Hotspur,Everton,0,1,A,2008-2009
Chelsea,Arsenal,1,2,A,2008-2009
Liverpool,West Ham United,0,0,D,2008-2009
Fulham,Manchester City,1,1,D,2008-2009
Arsenal,Wigan Athletic,1,0,H,2008-2009
Blackburn Rovers,Liverpool,1,3,A,2008-2009
Bolton Wanderers,Chelsea,0,2,A,2008-2009
Hull City,Middlesbrough,2,1,H,2008-2009
Newcastle United,Stoke City,2,2,D,2008-2009
Manchester United,Sunderland,1,0,H,2008-2009
West Bromwich Albion,Portsmouth,1,1,D,2008-2009
Everton,Aston Villa,2,3,A,2008-2009
West Ham United,Tottenham Hotspur,0,2,A,2008-2009
Middlesbrough,Arsenal,1,1,D,2008-2009
Aston Villa,Bolton Wanderers,4,2,H,2008-2009
Liverpool,Hull City,2,2,D,2008-2009
Manchester City,Everton,0,1,A,2008-2009
Stoke City,Fulham,0,0,D,2008-2009
Sunderland,West Bromwich Albion,4,0,H,2008-2009
Wigan Athletic,Blackburn Rovers,3,0,H,2008-2009
Tottenham Hotspur,Manchester United,0,0,D,2008-2009
Portsmouth,Newcastle United,0,3,A,2008-2009
Chelsea,West Ham United,1,1,D,2008-2009
Blackburn Rovers,Stoke City,3,0,H,2008-2009
Bolton Wanderers,Portsmouth,2,1,H,2008-2009
Fulham,Middlesbrough,3,0,H,2008-2009
Hull City,Sunderland,1,4,A,2008-2009
West Ham United,Aston Villa,0,1,A,2008-2009
West Bromwich Albion,Manchester City,2,1,H,2008-2009
Newcastle United,Tottenham Hotspur,2,1,H,2008-2009
Arsenal,Liverpool,1,1,D,2008-2009
Everton,Chelsea,0,0,D,2008-2009
Stoke City,Manchester United,0,1,A,2008-2009
Chelsea,West Bromwich Albion,2,0,H,2008-2009
Portsmouth,West Ham United,1,4,A,2008-2009
Tottenham Hotspur,Fulham,0,0,D,2008-2009
Liverpool,Bolton Wanderers,3,0,H,2008-2009
Manchester City,Hull City,5,1,H,2008-2009
Middlesbrough,Everton,0,1,A,2008-2009
Sunderland,Blackburn Rovers,0,0,D,2008-2009
Wigan Athletic,Newcastle United,2,1,H,2008-2009
Aston Villa,Arsenal,2,2,D,2008-2009
Newcastle United,Liverpool,1,5,A,2008-2009
Arsenal,Portsmouth,1,0,H,2008-2009
Bolton Wanderers,Wigan Athletic,0,1,A,2008-2009
Everton,Sunderland,3,0,H,2008-2009
Fulham,Chelsea,2,2,D,2008-2009
West Bromwich Albion,Tottenham Hotspur,2,0,H,2008-2009
West Ham United,Stoke City,2,1,H,2008-2009
Blackburn Rovers,Manchester City,2,2,D,2008-2009
Manchester United,Middlesbrough,1,0,H,2008-2009
Hull City,Aston Villa,0,1,A,2008-2009
Aston Villa,West Bromwich Albion,2,1,H,2008-2009
Arsenal,Bolton Wanderers,1,0,H,2008-2009
Everton,Hull City,2,0,H,2008-2009
Middlesbrough,Sunderland,1,1,D,2008-2009
Newcastle United,West Ham United,2,2,D,2008-2009
Stoke City,Liverpool,0,0,D,2008-2009
Wigan Athletic,Tottenham Hotspur,1,0,H,2008-2009
Manchester United,Chelsea,3,0,H,2008-2009
Manchester United,Wigan Athletic,1,0,H,2008-2009
Blackburn Rovers,Newcastle United,3,0,H,2008-2009
Bolton Wanderers,Manchester United,0,1,A,2008-2009
Chelsea,Stoke City,2,1,H,2008-2009
Manchester City,Wigan Athletic,1,0,H,2008-2009
Sunderland,Aston Villa,1,2,A,2008-2009
West Bromwich Albion,Middlesbrough,3,0,H,2008-2009
Hull City,Arsenal,1,3,A,2008-2009
West Ham United,Fulham,3,1,H,2008-2009
Tottenham Hotspur,Portsmouth,1,1,D,2008-2009
Liverpool,Everton,1,1,D,2008-2009
Sunderland,Fulham,1,0,H,2008-2009
West Bromwich Albion,Manchester United,0,5,A,2008-2009
Portsmouth,Aston Villa,0,1,A,2008-2009
Tottenham Hotspur,Stoke City,3,1,H,2008-2009
Chelsea,Middlesbrough,2,0,H,2008-2009
Manchester City,Newcastle United,2,1,H,2008-2009
Wigan Athletic,Liverpool,1,1,D,2008-2009
Blackburn Rovers,Bolton Wanderers,2,2,D,2008-2009
Everton,Arsenal,1,1,D,2008-2009
West Ham United,Hull City,2,0,H,2008-2009
Stoke City,Manchester City,1,0,H,2008-2009
Arsenal,West Ham United,0,0,D,2008-2009
Aston Villa,Wigan Athletic,0,0,D,2008-2009
Bolton Wanderers,Tottenham Hotspur,3,2,H,2008-2009
Fulham,Portsmouth,3,1,H,2008-2009
Hull City,West Bromwich Albion,2,2,D,2008-2009
Middlesbrough,Blackburn Rovers,0,0,D,2008-2009
Manchester United,Everton,1,0,H,2008-2009
Newcastle United,Sunderland,1,1,D,2008-2009
Liverpool,Chelsea,2,0,H,2008-2009
Manchester City,Middlesbrough,1,0,H,2008-2009
Blackburn Rovers,Aston Villa,0,2,A,2008-2009
Chelsea,Hull City,0,0,D,2008-2009
Everton,Bolton Wanderers,3,0,H,2008-2009
Sunderland,Stoke City,2,0,H,2008-2009
West Bromwich Albion,Newcastle United,2,3,A,2008-2009
Wigan Athletic,Fulham,0,0,D,2008-2009
Portsmouth,Liverpool,2,3,A,2008-2009
Tottenham Hotspur,Arsenal,0,0,D,2008-2009
West Ham United,Manchester United,0,1,A,2008-2009
Portsmouth,Manchester City,2,0,H,2008-2009
Manchester United,Fulham,3,0,H,2008-2009
Aston Villa,Chelsea,0,1,A,2008-2009
Arsenal,Sunderland,0,0,D,2008-2009
Bolton Wanderers,West Ham United,2,1,H,2008-2009
Middlesbrough,Wigan Athletic,0,0,D,2008-2009
Stoke City,Portsmouth,2,2,D,2008-2009
Manchester United,Blackburn Rovers,2,1,H,2008-2009
Fulham,West Bromwich Albion,2,0,H,2008-2009
Liverpool,Manchester City,1,1,D,2008-2009
Newcastle United,Everton,0,0,D,2008-2009
Hull City,Tottenham Hotspur,1,2,A,2008-2009
Everton,West Bromwich Albion,2,0,H,2008-2009
Arsenal,Fulham,0,0,D,2008-2009
Chelsea,Wigan Athletic,2,1,H,2008-2009
Middlesbrough,Liverpool,2,0,H,2008-2009
Hull City,Blackburn Rovers,1,2,A,2008-2009
West Ham United,Manchester City,1,0,H,2008-2009
Bolton Wanderers,Newcastle United,1,0,H,2008-2009
Aston Villa,Stoke City,2,2,D,2008-2009
Portsmouth,Chelsea,0,1,A,2008-2009
West Bromwich Albion,Arsenal,1,3,A,2008-2009
Liverpool,Sunderland,2,0,H,2008-2009
Manchester City,Aston Villa,2,0,H,2008-2009
Newcastle United,Manchester United,1,2,A,2008-2009
Stoke City,Bolton Wanderers,2,0,H,2008-2009
Wigan Athletic,West Ham United,0,1,A,2008-2009
Blackburn Rovers,Everton,0,0,D,2008-2009
Fulham,Hull City,0,1,A,2008-2009
Tottenham Hotspur,Middlesbrough,4,0,H,2008-2009
Sunderland,Tottenham Hotspur,1,1,D,2008-2009
Fulham,Blackburn Rovers,1,2,A,2008-2009
Manchester United,Liverpool,1,4,A,2008-2009
Arsenal,Blackburn Rovers,4,0,H,2008-2009
Bolton Wanderers,Fulham,1,3,A,2008-2009
Everton,Stoke City,3,1,H,2008-2009
Hull City,Newcastle United,1,1,D,2008-2009
Middlesbrough,Portsmouth,1,1,D,2008-2009
Sunderland,Wigan Athletic,1,2,A,2008-2009
Chelsea,Manchester City,1,0,H,2008-2009
Aston Villa,Tottenham Hotspur,1,2,A,2008-2009
West Ham United,West Bromwich Albion,0,0,D,2008-2009
Portsmouth,Everton,2,1,H,2008-2009
Blackburn Rovers,West Ham United,1,1,D,2008-2009
Fulham,Manchester United,2,0,H,2008-2009
Stoke City,Middlesbrough,1,0,H,2008-2009
Tottenham Hotspur,Chelsea,1,0,H,2008-2009
West Bromwich Albion,Bolton Wanderers,1,1,D,2008-2009
Newcastle United,Arsenal,1,3,A,2008-2009
Wigan Athletic,Hull City,1,0,H,2008-2009
Manchester City,Sunderland,1,0,H,2008-2009
Liverpool,Aston Villa,5,0,H,2008-2009
Blackburn Rovers,Tottenham Hotspur,2,1,H,2008-2009
Arsenal,Manchester City,2,0,H,2008-2009
Bolton Wanderers,Middlesbrough,4,1,H,2008-2009
Hull City,Portsmouth,0,0,D,2008-2009
Newcastle United,Chelsea,0,2,A,2008-2009
West Bromwich Albion,Stoke City,0,2,A,2008-2009
West Ham United,Sunderland,2,0,H,2008-2009
Fulham,Liverpool,0,1,A,2008-2009
Everton,Wigan Athletic,4,0,H,2008-2009
Manchester United,Aston Villa,3,2,H,2008-2009
Liverpool,Blackburn Rovers,4,0,H,2008-2009
Chelsea,Bolton Wanderers,4,3,H,2008-2009
Middlesbrough,Hull City,3,1,H,2008-2009
Portsmouth,West Bromwich Albion,2,2,D,2008-2009
Sunderland,Manchester United,1,2,A,2008-2009
Tottenham Hotspur,West Ham United,1,0,H,2008-2009
Wigan Athletic,Arsenal,1,4,A,2008-2009
Stoke City,Newcastle United,1,1,D,2008-2009
Aston Villa,Everton,3,3,D,2008-2009
Manchester City,Fulham,1,3,A,2008-2009
Aston Villa,West Ham United,1,1,D,2008-2009
Middlesbrough,Fulham,0,0,D,2008-2009
Portsmouth,Bolton Wanderers,1,0,H,2008-2009
Stoke City,Blackburn Rovers,1,0,H,2008-2009
Sunderland,Hull City,1,0,H,2008-2009
Tottenham Hotspur,Newcastle United,1,0,H,2008-2009
Manchester City,West Bromwich Albion,4,2,H,2008-2009
Liverpool,Arsenal,4,4,D,2008-2009
Chelsea,Everton,0,0,D,2008-2009
Manchester United,Portsmouth,2,0,H,2008-2009
Bolton Wanderers,Aston Villa,1,1,D,2008-2009
Everton,Manchester City,1,2,A,2008-2009
Fulham,Stoke City,1,0,H,2008-2009
Hull City,Liverpool,1,3,A,2008-2009
West Bromwich Albion,Sunderland,3,0,H,2008-2009
West Ham United,Chelsea,0,1,A,2008-2009
Manchester United,Tottenham Hotspur,5,2,H,2008-2009
Arsenal,Middlesbrough,2,0,H,2008-2009
Blackburn Rovers,Wigan Athletic,2,0,H,2008-2009
Newcastle United,Portsmouth,0,0,D,2008-2009
Middlesbrough,Manchester United,0,2,A,2008-2009
Chelsea,Fulham,3,1,H,2008-2009
Manchester City,Blackburn Rovers,3,1,H,2008-2009
Portsmouth,Arsenal,0,3,A,2008-2009
Stoke City,West Ham United,0,1,A,2008-2009
Tottenham Hotspur,West Bromwich Albion,1,0,H,2008-2009
Wigan Athletic,Bolton Wanderers,0,0,D,2008-2009
Liverpool,Newcastle United,3,0,H,2008-2009
Sunderland,Everton,0,2,A,2008-2009
Aston Villa,Hull City,1,0,H,2008-2009
Blackburn Rovers,Portsmouth,2,0,H,2008-2009
Bolton Wanderers,Sunderland,0,0,D,2008-2009
Everton,Tottenham Hotspur,0,0,D,2008-2009
Fulham,Aston Villa,3,1,H,2008-2009
Hull City,Stoke City,1,2,A,2008-2009
West Bromwich Albion,Wigan Athletic,3,1,H,2008-2009
West Ham United,Liverpool,0,3,A,2008-2009
Manchester United,Manchester City,2,0,H,2008-2009
Arsenal,Chelsea,1,4,A,2008-2009
Newcastle United,Middlesbrough,3,1,H,2008-2009
Wigan Athletic,Manchester United,1,2,A,2008-2009
Manchester United,Arsenal,0,0,D,2008-2009
Bolton Wanderers,Hull City,1,1,D,2008-2009
Everton,West Ham United,3,1,H,2008-2009
Middlesbrough,Aston Villa,1,1,D,2008-2009
Newcastle United,Fulham,0,1,A,2008-2009
Stoke City,Wigan Athletic,2,0,H,2008-2009
Tottenham Hotspur,Manchester City,2,1,H,2008-2009
West Bromwich Albion,Liverpool,0,2,A,2008-2009
Chelsea,Blackburn Rovers,2,0,H,2008-2009
Portsmouth,Sunderland,3,1,H,2008-2009
Arsenal,Stoke City,4,1,H,2008-2009
Aston Villa,Newcastle United,1,0,H,2008-2009
Blackburn Rovers,West Bromwich Albion,0,0,D,2008-2009
Fulham,Everton,0,2,A,2008-2009
Hull City,Manchester United,0,1,A,2008-2009
Liverpool,Tottenham Hotspur,3,1,H,2008-2009
Manchester City,Bolton Wanderers,1,0,H,2008-2009
Sunderland,Chelsea,2,3,A,2008-2009
West Ham United,Middlesbrough,2,1,H,2008-2009
Wigan Athletic,Portsmouth,1,0,H,2008-2009
Chelsea,Hull City,2,1,H,2009-2010
Aston Villa,Wigan Athletic,0,2,A,2009-2010
Blackburn Rovers,Manchester City,0,2,A,2009-2010
Bolton Wanderers,Sunderland,0,1,A,2009-2010
Portsmouth,Fulham,0,1,A,2009-2010
Stoke City,Burnley,2,0,H,2009-2010
Wolverhampton Wanderers,West Ham United,0,2,A,2009-2010
Everton,Arsenal,1,6,A,2009-2010
Manchester United,Birmingham City,1,0,H,2009-2010
Tottenham Hotspur,Liverpool,2,1,H,2009-2010
Sunderland,Chelsea,1,3,A,2009-2010
Wigan Athletic,Wolverhampton Wanderers,0,1,A,2009-2010
Birmingham City,Portsmouth,1,0,H,2009-2010
Burnley,Manchester United,1,0,H,2009-2010
Hull City,Tottenham Hotspur,1,5,A,2009-2010
Liverpool,Stoke City,4,0,H,2009-2010
Arsenal,Portsmouth,4,1,H,2009-2010
Birmingham City,Stoke City,0,0,D,2009-2010
Hull City,Bolton Wanderers,1,0,H,2009-2010
Manchester City,Wolverhampton Wanderers,1,0,H,2009-2010
Sunderland,Blackburn Rovers,2,1,H,2009-2010
Wigan Athletic,Manchester United,0,5,A,2009-2010
West Ham United,Tottenham Hotspur,1,2,A,2009-2010
Burnley,Everton,1,0,H,2009-2010
Fulham,Chelsea,0,2,A,2009-2010
Liverpool,Aston Villa,1,3,A,2009-2010
Chelsea,Burnley,3,0,H,2009-2010
Blackburn Rovers,West Ham United,0,0,D,2009-2010
Bolton Wanderers,Liverpool,2,3,A,2009-2010
Stoke City,Sunderland,1,0,H,2009-2010
Tottenham Hotspur,Birmingham City,2,1,H,2009-2010
Wolverhampton Wanderers,Hull City,1,1,D,2009-2010
Manchester United,Arsenal,2,1,H,2009-2010
Portsmouth,Manchester City,0,1,A,2009-2010
Everton,Wigan Athletic,2,1,H,2009-2010
Aston Villa,Fulham,2,0,H,2009-2010
Blackburn Rovers,Wolverhampton Wanderers,3,1,H,2009-2010
Liverpool,Burnley,4,0,H,2009-2010
Manchester City,Arsenal,4,2,H,2009-2010
Portsmouth,Bolton Wanderers,2,3,A,2009-2010
Stoke City,Chelsea,1,2,A,2009-2010
Sunderland,Hull City,4,1,H,2009-2010
Wigan Athletic,West Ham United,1,0,H,2009-2010
Tottenham Hotspur,Manchester United,1,3,A,2009-2010
Birmingham City,Aston Villa,0,1,A,2009-2010
Fulham,Everton,2,1,H,2009-2010
Burnley,Sunderland,3,1,H,2009-2010
Arsenal,Wigan Athletic,4,0,H,2009-2010
Aston Villa,Portsmouth,2,0,H,2009-2010
Bolton Wanderers,Stoke City,1,1,D,2009-2010
Hull City,Birmingham City,0,1,A,2009-2010
West Ham United,Liverpool,2,3,A,2009-2010
Manchester United,Manchester City,4,3,H,2009-2010
Wolverhampton Wanderers,Fulham,2,1,H,2009-2010
Everton,Blackburn Rovers,3,0,H,2009-2010
Chelsea,Tottenham Hotspur,3,0,H,2009-2010
Portsmouth,Everton,0,1,A,2009-2010
Birmingham City,Bolton Wanderers,1,2,A,2009-2010
Blackburn Rovers,Aston Villa,2,1,H,2009-2010
Liverpool,Hull City,6,1,H,2009-2010
Stoke City,Manchester United,0,2,A,2009-2010
Tottenham Hotspur,Burnley,5,0,H,2009-2010
Wigan Athletic,Chelsea,3,1,H,2009-2010
Fulham,Arsenal,0,1,A,2009-2010
Sunderland,Wolverhampton Wanderers,5,2,H,2009-2010
Manchester City,West Ham United,3,1,H,2009-2010
Bolton Wanderers,Tottenham Hotspur,2,2,D,2009-2010
Burnley,Birmingham City,2,1,H,2009-2010
Hull City,Wigan Athletic,2,1,H,2009-2010
Wolverhampton Wanderers,Portsmouth,0,1,A,2009-2010
Manchester United,Sunderland,2,2,D,2009-2010
Arsenal,Blackburn Rovers,6,2,H,2009-2010
Everton,Stoke City,1,1,D,2009-2010
West Ham United,Fulham,2,2,D,2009-2010
Chelsea,Liverpool,2,0,H,2009-2010
Aston Villa,Manchester City,1,1,D,2009-2010
Aston Villa,Chelsea,2,1,H,2009-2010
Arsenal,Birmingham City,3,1,H,2009-2010
Everton,Wolverhampton Wanderers,1,1,D,2009-2010
Manchester United,Bolton Wanderers,2,1,H,2009-2010
Portsmouth,Tottenham Hotspur,1,2,A,2009-2010
Stoke City,West Ham United,2,1,H,2009-2010
Sunderland,Liverpool,1,0,H,2009-2010
Blackburn Rovers,Burnley,3,2,H,2009-2010
Wigan Athletic,Manchester City,1,1,D,2009-2010
Fulham,Hull City,2,0,H,2009-2010
Wolverhampton Wanderers,Aston Villa,1,1,D,2009-2010
Birmingham City,Sunderland,2,1,H,2009-2010
Burnley,Wigan Athletic,1,3,A,2009-2010
Hull City,Portsmouth,0,0,D,2009-2010
Tottenham Hotspur,Stoke City,0,1,A,2009-2010
Chelsea,Blackburn Rovers,5,0,H,2009-2010
Bolton Wanderers,Everton,3,2,H,2009-2010
Liverpool,Manchester United,2,0,H,2009-2010
Manchester City,Fulham,2,2,D,2009-2010
West Ham United,Arsenal,2,2,D,2009-2010
Arsenal,Tottenham Hotspur,3,0,H,2009-2010
Bolton Wanderers,Chelsea,0,4,A,2009-2010
Burnley,Hull City,2,0,H,2009-2010
Everton,Aston Villa,1,1,D,2009-2010
Fulham,Liverpool,3,1,H,2009-2010
Portsmouth,Wigan Athletic,4,0,H,2009-2010
Stoke City,Wolverhampton Wanderers,2,2,D,2009-2010
Sunderland,West Ham United,2,2,D,2009-2010
Manchester United,Blackburn Rovers,2,0,H,2009-2010
Birmingham City,Manchester City,0,0,D,2009-2010
West Ham United,Aston Villa,2,1,H,2009-2010
Aston Villa,Bolton Wanderers,5,1,H,2009-2010
Blackburn Rovers,Portsmouth,3,1,H,2009-2010
Manchester City,Burnley,3,3,D,2009-2010
Tottenham Hotspur,Sunderland,2,0,H,2009-2010
Wolverhampton Wanderers,Arsenal,1,4,A,2009-2010
Hull City,Stoke City,2,1,H,2009-2010
West Ham United,Everton,1,2,A,2009-2010
Wigan Athletic,Fulham,1,1,D,2009-2010
Chelsea,Manchester United,1,0,H,2009-2010
Liverpool,Birmingham City,2,2,D,2009-2010
Liverpool,Manchester City,2,2,D,2009-2010
Birmingham City,Fulham,1,0,H,2009-2010
Burnley,Aston Villa,1,1,D,2009-2010
Chelsea,Wolverhampton Wanderers,4,0,H,2009-2010
Hull City,West Ham United,3,3,D,2009-2010
Sunderland,Arsenal,1,0,H,2009-2010
Manchester United,Everton,3,0,H,2009-2010
Bolton Wanderers,Blackburn Rovers,0,2,A,2009-2010
Tottenham Hotspur,Wigan Athletic,9,1,H,2009-2010
Stoke City,Portsmouth,1,0,H,2009-2010
Hull City,Everton,3,2,H,2009-2010
Fulham,Blackburn Rovers,3,0,H,2009-2010
Blackburn Rovers,Stoke City,0,0,D,2009-2010
Fulham,Bolton Wanderers,1,1,D,2009-2010
Manchester City,Hull City,1,1,D,2009-2010
Portsmouth,Manchester United,1,4,A,2009-2010
West Ham United,Burnley,5,3,H,2009-2010
Wigan Athletic,Sunderland,1,0,H,2009-2010
Aston Villa,Tottenham Hotspur,1,1,D,2009-2010
Wolverhampton Wanderers,Birmingham City,0,1,A,2009-2010
Everton,Liverpool,0,2,A,2009-2010
Arsenal,Chelsea,0,3,A,2009-2010
Portsmouth,Burnley,2,0,H,2009-2010
Arsenal,Stoke City,2,0,H,2009-2010
Aston Villa,Hull City,3,0,H,2009-2010
Blackburn Rovers,Liverpool,0,0,D,2009-2010
West Ham United,Manchester United,0,4,A,2009-2010
Wigan Athletic,Birmingham City,2,3,A,2009-2010
Wolverhampton Wanderers,Bolton Wanderers,2,1,H,2009-2010
Manchester City,Chelsea,2,1,H,2009-2010
Fulham,Sunderland,1,0,H,2009-2010
Everton,Tottenham Hotspur,2,2,D,2009-2010
Stoke City,Wigan Athletic,2,2,D,2009-2010
Birmingham City,West Ham United,1,0,H,2009-2010
Bolton Wanderers,Manchester City,3,3,D,2009-2010
Burnley,Fulham,1,1,D,2009-2010
Chelsea,Everton,3,3,D,2009-2010
Hull City,Blackburn Rovers,0,0,D,2009-2010
Sunderland,Portsmouth,1,1,D,2009-2010
Tottenham Hotspur,Wolverhampton Wanderers,0,1,A,2009-2010
Manchester United,Aston Villa,0,1,A,2009-2010
Liverpool,Arsenal,1,2,A,2009-2010
Sunderland,Aston Villa,0,2,A,2009-2010
Birmingham City,Blackburn Rovers,2,1,H,2009-2010
Bolton Wanderers,West Ham United,3,1,H,2009-2010
Manchester United,Wolverhampton Wanderers,3,0,H,2009-2010
Burnley,Arsenal,1,1,D,2009-2010
Chelsea,Portsmouth,2,1,H,2009-2010
Liverpool,Wigan Athletic,2,1,H,2009-2010
Tottenham Hotspur,Manchester City,3,0,H,2009-2010
Portsmouth,Liverpool,2,0,H,2009-2010
Aston Villa,Stoke City,1,0,H,2009-2010
Blackburn Rovers,Tottenham Hotspur,0,2,A,2009-2010
Fulham,Manchester United,3,0,H,2009-2010
Manchester City,Sunderland,4,3,H,2009-2010
Arsenal,Hull City,3,0,H,2009-2010
Wolverhampton Wanderers,Burnley,2,0,H,2009-2010
Everton,Birmingham City,1,1,D,2009-2010
West Ham United,Chelsea,1,1,D,2009-2010
Birmingham City,Chelsea,0,0,D,2009-2010
Fulham,Tottenham Hotspur,0,0,D,2009-2010
West Ham United,Portsmouth,2,0,H,2009-2010
Burnley,Bolton Wanderers,1,1,D,2009-2010
Manchester City,Stoke City,2,0,H,2009-2010
Sunderland,Everton,1,1,D,2009-2010
Wigan Athletic,Blackburn Rovers,1,1,D,2009-2010
Liverpool,Wolverhampton Wanderers,2,0,H,2009-2010
Arsenal,Aston Villa,3,0,H,2009-2010
Hull City,Manchester United,1,3,A,2009-2010
Tottenham Hotspur,West Ham United,2,0,H,2009-2010
Blackburn Rovers,Sunderland,2,2,D,2009-2010
Chelsea,Fulham,2,1,H,2009-2010
Everton,Burnley,2,0,H,2009-2010
Stoke City,Birmingham City,0,1,A,2009-2010
Wolverhampton Wanderers,Manchester City,0,3,A,2009-2010
Aston Villa,Liverpool,0,1,A,2009-2010
Bolton Wanderers,Hull City,2,2,D,2009-2010
Portsmouth,Arsenal,1,4,A,2009-2010
Manchester United,Wigan Athletic,5,0,H,2009-2010
Stoke City,Fulham,3,2,H,2009-2010
Arsenal,Everton,2,2,D,2009-2010
Birmingham City,Manchester United,1,1,D,2009-2010
Manchester City,Blackburn Rovers,4,1,H,2009-2010
Stoke City,Liverpool,1,1,D,2009-2010
Chelsea,Sunderland,7,2,H,2009-2010
Manchester United,Burnley,3,0,H,2009-2010
Tottenham Hotspur,Hull City,0,0,D,2009-2010
Wolverhampton Wanderers,Wigan Athletic,0,2,A,2009-2010
Everton,Manchester City,2,0,H,2009-2010
Aston Villa,West Ham United,0,0,D,2009-2010
Blackburn Rovers,Fulham,2,0,H,2009-2010
Bolton Wanderers,Arsenal,0,2,A,2009-2010
Arsenal,Bolton Wanderers,4,2,H,2009-2010
Liverpool,Tottenham Hotspur,2,0,H,2009-2010
Manchester United,Hull City,4,0,H,2009-2010
Portsmouth,West Ham United,1,1,D,2009-2010
Wolverhampton Wanderers,Liverpool,0,0,D,2009-2010
Bolton Wanderers,Burnley,1,0,H,2009-2010
Tottenham Hotspur,Fulham,2,0,H,2009-2010
Aston Villa,Arsenal,0,0,D,2009-2010
Chelsea,Birmingham City,3,0,H,2009-2010
Blackburn Rovers,Wigan Athletic,2,1,H,2009-2010
Everton,Sunderland,2,0,H,2009-2010
Birmingham City,Tottenham Hotspur,1,1,D,2009-2010
Fulham,Aston Villa,0,2,A,2009-2010
Hull City,Wolverhampton Wanderers,2,2,D,2009-2010
Liverpool,Bolton Wanderers,2,0,H,2009-2010
West Ham United,Blackburn Rovers,0,0,D,2009-2010
Wigan Athletic,Everton,0,1,A,2009-2010
Burnley,Chelsea,1,2,A,2009-2010
Manchester City,Portsmouth,2,0,H,2009-2010
Arsenal,Manchester United,1,3,A,2009-2010
Sunderland,Stoke City,0,0,D,2009-2010
Hull City,Chelsea,1,1,D,2009-2010
Fulham,Portsmouth,1,0,H,2009-2010
Liverpool,Everton,1,0,H,2009-2010
Bolton Wanderers,Fulham,0,0,D,2009-2010
Burnley,West Ham United,2,1,H,2009-2010
Hull City,Manchester City,2,1,H,2009-2010
Manchester United,Portsmouth,5,0,H,2009-2010
Stoke City,Blackburn Rovers,3,0,H,2009-2010
Sunderland,Wigan Athletic,1,1,D,2009-2010
Tottenham Hotspur,Aston Villa,0,0,D,2009-2010
Birmingham City,Wolverhampton Wanderers,2,1,H,2009-2010
Chelsea,Arsenal,2,0,H,2009-2010
Manchester City,Bolton Wanderers,2,0,H,2009-2010
Portsmouth,Sunderland,1,1,D,2009-2010
Wigan Athletic,Stoke City,1,1,D,2009-2010
Fulham,Burnley,3,0,H,2009-2010
Arsenal,Liverpool,1,0,H,2009-2010
Aston Villa,Manchester United,1,1,D,2009-2010
West Ham United,Birmingham City,2,0,H,2009-2010
Wolverhampton Wanderers,Tottenham Hotspur,1,0,H,2009-2010
Blackburn Rovers,Hull City,1,0,H,2009-2010
Everton,Chelsea,2,1,H,2009-2010
Stoke City,Manchester City,1,1,D,2009-2010
Wigan Athletic,Bolton Wanderers,0,0,D,2009-2010
Everton,Manchester United,3,1,H,2009-2010
Arsenal,Sunderland,2,0,H,2009-2010
West Ham United,Hull City,3,0,H,2009-2010
Wolverhampton Wanderers,Chelsea,0,2,A,2009-2010
Portsmouth,Stoke City,1,2,A,2009-2010
Blackburn Rovers,Bolton Wanderers,3,0,H,2009-2010
Aston Villa,Burnley,5,2,H,2009-2010
Fulham,Birmingham City,2,1,H,2009-2010
Manchester City,Liverpool,0,0,D,2009-2010
Wigan Athletic,Tottenham Hotspur,0,3,A,2009-2010
Manchester United,West Ham United,3,0,H,2009-2010
Chelsea,Manchester City,2,4,A,2009-2010
Birmingham City,Wigan Athletic,1,0,H,2009-2010
Bolton Wanderers,Wolverhampton Wanderers,1,0,H,2009-2010
Burnley,Portsmouth,1,2,A,2009-2010
Stoke City,Arsenal,1,3,A,2009-2010
Tottenham Hotspur,Everton,2,1,H,2009-2010
Liverpool,Blackburn Rovers,2,1,H,2009-2010
Sunderland,Fulham,0,0,D,2009-2010
Arsenal,Burnley,3,1,H,2009-2010
West Ham United,Bolton Wanderers,1,2,A,2009-2010
Wolverhampton Wanderers,Manchester United,0,1,A,2009-2010
Everton,Hull City,5,1,H,2009-2010
Wigan Athletic,Liverpool,1,0,H,2009-2010
Portsmouth,Birmingham City,1,2,A,2009-2010
Sunderland,Bolton Wanderers,4,0,H,2009-2010
Burnley,Stoke City,1,1,D,2009-2010
Tottenham Hotspur,Blackburn Rovers,3,1,H,2009-2010
Birmingham City,Everton,2,2,D,2009-2010
Bolton Wanderers,Wigan Athletic,4,0,H,2009-2010
Burnley,Wolverhampton Wanderers,1,2,A,2009-2010
Chelsea,West Ham United,4,1,H,2009-2010
Stoke City,Aston Villa,0,0,D,2009-2010
Hull City,Arsenal,1,2,A,2009-2010
Manchester United,Fulham,3,0,H,2009-2010
Sunderland,Manchester City,1,1,D,2009-2010
Liverpool,Portsmouth,4,1,H,2009-2010
Wigan Athletic,Aston Villa,1,2,A,2009-2010
Aston Villa,Wolverhampton Wanderers,2,2,D,2009-2010
Everton,Bolton Wanderers,2,0,H,2009-2010
Portsmouth,Hull City,3,2,H,2009-2010
Stoke City,Tottenham Hotspur,1,2,A,2009-2010
Sunderland,Birmingham City,3,1,H,2009-2010
Wigan Athletic,Burnley,1,0,H,2009-2010
Arsenal,West Ham United,2,0,H,2009-2010
Manchester United,Liverpool,2,1,H,2009-2010
Fulham,Manchester City,1,2,A,2009-2010
Blackburn Rovers,Chelsea,1,1,D,2009-2010
West Ham United,Wolverhampton Wanderers,1,3,A,2009-2010
Aston Villa,Sunderland,1,1,D,2009-2010
Manchester City,Everton,0,2,A,2009-2010
Portsmouth,Chelsea,0,5,A,2009-2010
Blackburn Rovers,Birmingham City,2,1,H,2009-2010
Birmingham City,Arsenal,1,1,D,2009-2010
Chelsea,Aston Villa,7,1,H,2009-2010
Hull City,Fulham,2,0,H,2009-2010
Tottenham Hotspur,Portsmouth,2,0,H,2009-2010
West Ham United,Stoke City,0,1,A,2009-2010
Wolverhampton Wanderers,Everton,0,0,D,2009-2010
Bolton Wanderers,Manchester United,0,4,A,2009-2010
Burnley,Blackburn Rovers,0,1,A,2009-2010
Liverpool,Sunderland,3,0,H,2009-2010
Manchester City,Wigan Athletic,3,0,H,2009-2010
Manchester United,Chelsea,1,2,A,2009-2010
Arsenal,Wolverhampton Wanderers,1,0,H,2009-2010
Bolton Wanderers,Aston Villa,0,1,A,2009-2010
Portsmouth,Blackburn Rovers,0,0,D,2009-2010
Stoke City,Hull City,2,0,H,2009-2010
Sunderland,Tottenham Hotspur,3,1,H,2009-2010
Burnley,Manchester City,1,6,A,2009-2010
Birmingham City,Liverpool,1,1,D,2009-2010
Fulham,Wigan Athletic,2,1,H,2009-2010
Everton,West Ham United,2,2,D,2009-2010
Hull City,Burnley,1,4,A,2009-2010
West Ham United,Sunderland,1,0,H,2009-2010
Wolverhampton Wanderers,Stoke City,0,0,D,2009-2010
Blackburn Rovers,Manchester United,0,0,D,2009-2010
Liverpool,Fulham,0,0,D,2009-2010
Manchester City,Birmingham City,5,1,H,2009-2010
Chelsea,Bolton Wanderers,1,0,H,2009-2010
Aston Villa,Everton,2,2,D,2009-2010
Wigan Athletic,Portsmouth,0,0,D,2009-2010
Tottenham Hotspur,Arsenal,2,1,H,2009-2010
Manchester City,Manchester United,0,1,A,2009-2010
Birmingham City,Hull City,0,0,D,2009-2010
Blackburn Rovers,Everton,2,3,A,2009-2010
Fulham,Wolverhampton Wanderers,0,0,D,2009-2010
Stoke City,Bolton Wanderers,1,2,A,2009-2010
Sunderland,Burnley,2,1,H,2009-2010
Tottenham Hotspur,Chelsea,2,1,H,2009-2010
Wigan Athletic,Arsenal,3,2,H,2009-2010
Portsmouth,Aston Villa,1,2,A,2009-2010
Liverpool,West Ham United,3,0,H,2009-2010
Hull City,Aston Villa,0,2,A,2009-2010
Manchester United,Tottenham Hotspur,3,1,H,2009-2010
Bolton Wanderers,Portsmouth,2,2,D,2009-2010
Hull City,Sunderland,0,1,A,2009-2010
West Ham United,Wigan Athletic,3,2,H,2009-2010
Wolverhampton Wanderers,Blackburn Rovers,1,1,D,2009-2010
Arsenal,Manchester City,0,0,D,2009-2010
Aston Villa,Birmingham City,1,0,H,2009-2010
Burnley,Liverpool,0,4,A,2009-2010
Everton,Fulham,2,1,H,2009-2010
Chelsea,Stoke City,7,0,H,2009-2010
Birmingham City,Burnley,2,1,H,2009-2010
Manchester City,Aston Villa,3,1,H,2009-2010
Portsmouth,Wolverhampton Wanderers,3,1,H,2009-2010
Stoke City,Everton,0,0,D,2009-2010
Tottenham Hotspur,Bolton Wanderers,1,0,H,2009-2010
Liverpool,Chelsea,0,2,A,2009-2010
Fulham,West Ham United,3,2,H,2009-2010
Sunderland,Manchester United,0,1,A,2009-2010
Wigan Athletic,Hull City,2,2,D,2009-2010
Blackburn Rovers,Arsenal,2,1,H,2009-2010
Fulham,Stoke City,0,1,A,2009-2010
Manchester City,Tottenham Hotspur,0,1,A,2009-2010
Arsenal,Fulham,4,0,H,2009-2010
Aston Villa,Blackburn Rovers,0,1,A,2009-2010
Bolton Wanderers,Birmingham City,2,1,H,2009-2010
Burnley,Tottenham Hotspur,4,2,H,2009-2010
Chelsea,Wigan Athletic,8,0,H,2009-2010
Everton,Portsmouth,1,0,H,2009-2010
Hull City,Liverpool,0,0,D,2009-2010
Manchester United,Stoke City,4,0,H,2009-2010
West Ham United,Manchester City,1,1,D,2009-2010
Wolverhampton Wanderers,Sunderland,2,1,H,2009-2010
Tottenham Hotspur,Manchester City,0,0,D,2010-2011
Aston Villa,West Ham United,3,0,H,2010-2011
Blackburn Rovers,Everton,1,0,H,2010-2011
Bolton Wanderers,Fulham,0,0,D,2010-2011
Sunderland,Birmingham City,2,2,D,2010-2011
Wigan Athletic,Blackpool,0,4,A,2010-2011
Wolverhampton Wanderers,Stoke City,2,1,H,2010-2011
Chelsea,West Bromwich Albion,6,0,H,2010-2011
Liverpool,Arsenal,1,1,D,2010-2011
Manchester United,Newcastle United,3,0,H,2010-2011
Arsenal,Blackpool,6,0,H,2010-2011
Birmingham City,Blackburn Rovers,2,1,H,2010-2011
Everton,Wolverhampton Wanderers,1,1,D,2010-2011
Stoke City,Tottenham Hotspur,1,2,A,2010-2011
West Bromwich Albion,Sunderland,1,0,H,2010-2011
West Ham United,Bolton Wanderers,1,3,A,2010-2011
Wigan Athletic,Chelsea,0,6,A,2010-2011
Newcastle United,Aston Villa,6,0,H,2010-2011
Fulham,Manchester United,2,2,D,2010-2011
Manchester City,Liverpool,3,0,H,2010-2011
Blackburn Rovers,Arsenal,1,2,A,2010-2011
Blackpool,Fulham,2,2,D,2010-2011
Chelsea,Stoke City,2,0,H,2010-2011
Tottenham Hotspur,Wigan Athletic,0,1,A,2010-2011
Wolverhampton Wanderers,Newcastle United,1,1,D,2010-2011
Manchester United,West Ham United,3,0,H,2010-2011
Bolton Wanderers,Birmingham City,2,2,D,2010-2011
Liverpool,West Bromwich Albion,1,0,H,2010-2011
Sunderland,Manchester City,1,0,H,2010-2011
Aston Villa,Everton,1,0,H,2010-2011
Everton,Manchester United,3,3,D,2010-2011
Arsenal,Bolton Wanderers,4,1,H,2010-2011
Fulham,Wolverhampton Wanderers,2,1,H,2010-2011
Manchester City,Blackburn Rovers,1,1,D,2010-2011
Newcastle United,Blackpool,0,2,A,2010-2011
West Bromwich Albion,Tottenham Hotspur,1,1,D,2010-2011
West Ham United,Chelsea,1,3,A,2010-2011
Wigan Athletic,Sunderland,1,1,D,2010-2011
Birmingham City,Liverpool,0,0,D,2010-2011
Stoke City,Aston Villa,2,1,H,2010-2011
Stoke City,West Ham United,1,1,D,2010-2011
Aston Villa,Bolton Wanderers,1,1,D,2010-2011
Blackburn Rovers,Fulham,1,1,D,2010-2011
Everton,Newcastle United,0,1,A,2010-2011
Tottenham Hotspur,Wolverhampton Wanderers,3,1,H,2010-2011
West Bromwich Albion,Birmingham City,3,1,H,2010-2011
Sunderland,Arsenal,1,1,D,2010-2011
Manchester United,Liverpool,3,2,H,2010-2011
Wigan Athletic,Manchester City,0,2,A,2010-2011
Chelsea,Blackpool,4,0,H,2010-2011
Manchester City,Chelsea,1,0,H,2010-2011
Arsenal,West Bromwich Albion,2,3,A,2010-2011
Birmingham City,Wigan Athletic,0,0,D,2010-2011
Blackpool,Blackburn Rovers,1,2,A,2010-2011
Fulham,Everton,0,0,D,2010-2011
Liverpool,Sunderland,2,2,D,2010-2011
West Ham United,Tottenham Hotspur,1,0,H,2010-2011
Bolton Wanderers,Manchester United,2,2,D,2010-2011
Wolverhampton Wanderers,Aston Villa,1,2,A,2010-2011
Newcastle United,Stoke City,1,2,A,2010-2011
Wigan Athletic,Wolverhampton Wanderers,2,0,H,2010-2011
Birmingham City,Everton,0,2,A,2010-2011
Stoke City,Blackburn Rovers,1,0,H,2010-2011
Sunderland,Manchester United,0,0,D,2010-2011
Tottenham Hotspur,Aston Villa,2,1,H,2010-2011
West Bromwich Albion,Bolton Wanderers,1,1,D,2010-2011
West Ham United,Fulham,1,1,D,2010-2011
Manchester City,Newcastle United,2,1,H,2010-2011
Liverpool,Blackpool,1,2,A,2010-2011
Chelsea,Arsenal,2,0,H,2010-2011
Arsenal,Birmingham City,2,1,H,2010-2011
Bolton Wanderers,Stoke City,2,1,H,2010-2011
Fulham,Tottenham Hotspur,1,2,A,2010-2011
Manchester United,West Bromwich Albion,2,2,D,2010-2011
Newcastle United,Wigan Athletic,2,2,D,2010-2011
Wolverhampton Wanderers,West Ham United,1,1,D,2010-2011
Aston Villa,Chelsea,0,0,D,2010-2011
Everton,Liverpool,2,0,H,2010-2011
Blackpool,Manchester City,2,3,A,2010-2011
Blackburn Rovers,Sunderland,0,0,D,2010-2011
Tottenham Hotspur,Everton,1,1,D,2010-2011
Birmingham City,Blackpool,2,0,H,2010-2011
Chelsea,Wolverhampton Wanderers,2,0,H,2010-2011
Sunderland,Aston Villa,1,0,H,2010-2011
West Bromwich Albion,Fulham,2,1,H,2010-2011
Wigan Athletic,Bolton Wanderers,1,1,D,2010-2011
West Ham United,Newcastle United,1,2,A,2010-2011
Stoke City,Manchester United,1,2,A,2010-2011
Liverpool,Blackburn Rovers,2,1,H,2010-2011
Manchester City,Arsenal,0,3,A,2010-2011
Arsenal,West Ham United,1,0,H,2010-2011
Blackburn Rovers,Chelsea,1,2,A,2010-2011
Everton,Stoke City,1,0,H,2010-2011
Fulham,Wigan Athletic,2,0,H,2010-2011
Wolverhampton Wanderers,Manchester City,2,1,H,2010-2011
Manchester United,Tottenham Hotspur,2,0,H,2010-2011
Aston Villa,Birmingham City,0,0,D,2010-2011
Newcastle United,Sunderland,5,1,H,2010-2011
Bolton Wanderers,Liverpool,0,1,A,2010-2011
Blackpool,West Bromwich Albion,2,1,H,2010-2011
Bolton Wanderers,Tottenham Hotspur,4,2,H,2010-2011
Birmingham City,West Ham United,2,2,D,2010-2011
Blackburn Rovers,Wigan Athletic,2,1,H,2010-2011
Blackpool,Everton,2,2,D,2010-2011
Fulham,Aston Villa,1,1,D,2010-2011
Manchester United,Wolverhampton Wanderers,2,1,H,2010-2011
Sunderland,Stoke City,2,0,H,2010-2011
Arsenal,Newcastle United,0,1,A,2010-2011
West Bromwich Albion,Manchester City,0,2,A,2010-2011
Liverpool,Chelsea,2,0,H,2010-2011
Stoke City,Birmingham City,3,2,H,2010-2011
Tottenham Hotspur,Sunderland,1,1,D,2010-2011
Aston Villa,Blackpool,3,2,H,2010-2011
Chelsea,Fulham,1,0,H,2010-2011
Newcastle United,Blackburn Rovers,1,2,A,2010-2011
West Ham United,West Bromwich Albion,2,2,D,2010-2011
Wigan Athletic,Liverpool,1,1,D,2010-2011
Wolverhampton Wanderers,Arsenal,0,2,A,2010-2011
Everton,Bolton Wanderers,1,1,D,2010-2011
Manchester City,Manchester United,0,0,D,2010-2011
Aston Villa,Manchester United,2,2,D,2010-2011
Manchester City,Birmingham City,0,0,D,2010-2011
Newcastle United,Fulham,0,0,D,2010-2011
Tottenham Hotspur,Blackburn Rovers,4,2,H,2010-2011
West Ham United,Blackpool,0,0,D,2010-2011
Wigan Athletic,West Bromwich Albion,1,0,H,2010-2011
Wolverhampton Wanderers,Bolton Wanderers,2,3,A,2010-2011
Stoke City,Liverpool,2,0,H,2010-2011
Everton,Arsenal,1,2,A,2010-2011
Chelsea,Sunderland,0,3,A,2010-2011
Arsenal,Tottenham Hotspur,2,3,A,2010-2011
Birmingham City,Chelsea,1,0,H,2010-2011
Blackpool,Wolverhampton Wanderers,2,1,H,2010-2011
Bolton Wanderers,Newcastle United,5,1,H,2010-2011
Manchester United,Wigan Athletic,2,0,H,2010-2011
West Bromwich Albion,Stoke City,0,3,A,2010-2011
Liverpool,West Ham United,3,0,H,2010-2011
Blackburn Rovers,Aston Villa,2,0,H,2010-2011
Fulham,Manchester City,1,4,A,2010-2011
Sunderland,Everton,2,2,D,2010-2011
Aston Villa,Arsenal,2,4,A,2010-2011
Bolton Wanderers,Blackpool,2,2,D,2010-2011
Everton,West Bromwich Albion,1,4,A,2010-2011
Fulham,Birmingham City,1,1,D,2010-2011
Manchester United,Blackburn Rovers,7,1,H,2010-2011
Stoke City,Manchester City,1,1,D,2010-2011
West Ham United,Wigan Athletic,3,1,H,2010-2011
Wolverhampton Wanderers,Sunderland,3,2,H,2010-2011
Newcastle United,Chelsea,1,1,D,2010-2011
Tottenham Hotspur,Liverpool,2,1,H,2010-2011
Arsenal,Fulham,2,1,H,2010-2011
Birmingham City,Tottenham Hotspur,1,1,D,2010-2011
Blackburn Rovers,Wolverhampton Wanderers,3,0,H,2010-2011
Chelsea,Everton,1,1,D,2010-2011
Manchester City,Bolton Wanderers,1,0,H,2010-2011
Wigan Athletic,Stoke City,2,2,D,2010-2011
West Bromwich Albion,Newcastle United,3,1,H,2010-2011
Sunderland,West Ham United,1,0,H,2010-2011
Liverpool,Aston Villa,3,0,H,2010-2011
Aston Villa,West Bromwich Albion,2,1,H,2010-2011
Everton,Wigan Athletic,0,0,D,2010-2011
Fulham,Sunderland,0,0,D,2010-2011
Stoke City,Blackpool,0,1,A,2010-2011
West Ham United,Manchester City,1,3,A,2010-2011
Newcastle United,Liverpool,3,1,H,2010-2011
Bolton Wanderers,Blackburn Rovers,2,1,H,2010-2011
Wolverhampton Wanderers,Birmingham City,1,0,H,2010-2011
Tottenham Hotspur,Chelsea,1,1,D,2010-2011
Manchester United,Arsenal,1,0,H,2010-2011
Sunderland,Bolton Wanderers,1,0,H,2010-2011
Blackburn Rovers,West Ham United,1,1,D,2010-2011
Manchester City,Everton,1,2,A,2010-2011
Fulham,West Ham United,1,3,A,2010-2011
Blackburn Rovers,Stoke City,0,2,A,2010-2011
Bolton Wanderers,West Bromwich Albion,2,0,H,2010-2011
Manchester United,Sunderland,2,0,H,2010-2011
Newcastle United,Manchester City,1,3,A,2010-2011
Wolverhampton Wanderers,Wigan Athletic,1,2,A,2010-2011
Aston Villa,Tottenham Hotspur,1,2,A,2010-2011
Arsenal,Chelsea,3,1,H,2010-2011
Manchester City,Aston Villa,4,0,H,2010-2011
Stoke City,Fulham,0,2,A,2010-2011
Sunderland,Blackpool,0,2,A,2010-2011
Tottenham Hotspur,Newcastle United,2,0,H,2010-2011
West Bromwich Albion,Blackburn Rovers,1,3,A,2010-2011
West Ham United,Everton,1,1,D,2010-2011
Birmingham City,Manchester United,1,1,D,2010-2011
Chelsea,Bolton Wanderers,1,0,H,2010-2011
Wigan Athletic,Arsenal,2,2,D,2010-2011
Liverpool,Wolverhampton Wanderers,0,1,A,2010-2011
West Bromwich Albion,Manchester United,1,2,A,2010-2011
Liverpool,Bolton Wanderers,2,1,H,2010-2011
Manchester City,Blackpool,1,0,H,2010-2011
Stoke City,Everton,2,0,H,2010-2011
Sunderland,Blackburn Rovers,3,0,H,2010-2011
Tottenham Hotspur,Fulham,1,0,H,2010-2011
West Ham United,Wolverhampton Wanderers,2,0,H,2010-2011
Birmingham City,Arsenal,0,3,A,2010-2011
Chelsea,Aston Villa,3,3,D,2010-2011
Wigan Athletic,Newcastle United,0,1,A,2010-2011
Blackpool,Birmingham City,1,2,A,2010-2011
Fulham,West Bromwich Albion,3,0,H,2010-2011
Manchester United,Stoke City,2,1,H,2010-2011
Arsenal,Manchester City,0,0,D,2010-2011
Aston Villa,Sunderland,0,1,A,2010-2011
Newcastle United,West Ham United,5,0,H,2010-2011
Wolverhampton Wanderers,Chelsea,1,0,H,2010-2011
Blackburn Rovers,Liverpool,3,1,H,2010-2011
Bolton Wanderers,Wigan Athletic,1,1,D,2010-2011
Everton,Tottenham Hotspur,2,1,H,2010-2011
Blackpool,Liverpool,2,1,H,2010-2011
Chelsea,Blackburn Rovers,2,0,H,2010-2011
Manchester City,Wolverhampton Wanderers,4,3,H,2010-2011
Stoke City,Bolton Wanderers,2,0,H,2010-2011
West Bromwich Albion,Blackpool,3,2,H,2010-2011
Wigan Athletic,Fulham,1,1,D,2010-2011
West Ham United,Arsenal,0,3,A,2010-2011
Birmingham City,Aston Villa,1,1,D,2010-2011
Sunderland,Newcastle United,1,1,D,2010-2011
Liverpool,Everton,2,2,D,2010-2011
Tottenham Hotspur,Manchester United,0,0,D,2010-2011
Wolverhampton Wanderers,Liverpool,0,3,A,2010-2011
Arsenal,Wigan Athletic,3,0,H,2010-2011
Blackpool,Sunderland,1,2,A,2010-2011
Everton,West Ham United,2,2,D,2010-2011
Fulham,Stoke City,2,0,H,2010-2011
Manchester United,Birmingham City,5,0,H,2010-2011
Newcastle United,Tottenham Hotspur,1,1,D,2010-2011
Aston Villa,Manchester City,1,0,H,2010-2011
Blackburn Rovers,West Bromwich Albion,2,0,H,2010-2011
Bolton Wanderers,Chelsea,0,4,A,2010-2011
Blackpool,Manchester United,2,3,A,2010-2011
Wigan Athletic,Aston Villa,1,2,A,2010-2011
Liverpool,Fulham,1,0,H,2010-2011
Arsenal,Everton,2,1,H,2010-2011
Sunderland,Chelsea,2,4,A,2010-2011
Manchester United,Aston Villa,3,1,H,2010-2011
West Bromwich Albion,Wigan Athletic,2,2,D,2010-2011
Birmingham City,Manchester City,2,2,D,2010-2011
Blackburn Rovers,Tottenham Hotspur,0,1,A,2010-2011
Blackpool,West Ham United,1,3,A,2010-2011
Bolton Wanderers,Wolverhampton Wanderers,1,0,H,2010-2011
Fulham,Newcastle United,1,0,H,2010-2011
Liverpool,Stoke City,2,0,H,2010-2011
Stoke City,Sunderland,3,2,H,2010-2011
Aston Villa,Fulham,2,2,D,2010-2011
Everton,Blackpool,5,3,H,2010-2011
Manchester City,West Bromwich Albion,3,0,H,2010-2011
Newcastle United,Arsenal,4,4,D,2010-2011
Tottenham Hotspur,Bolton Wanderers,2,1,H,2010-2011
Wigan Athletic,Blackburn Rovers,4,3,H,2010-2011
Wolverhampton Wanderers,Manchester United,2,1,H,2010-2011
West Ham United,Birmingham City,0,1,A,2010-2011
Chelsea,Liverpool,0,1,A,2010-2011
Manchester United,Manchester City,2,1,H,2010-2011
Arsenal,Wolverhampton Wanderers,2,0,H,2010-2011
Birmingham City,Stoke City,1,0,H,2010-2011
Blackburn Rovers,Newcastle United,0,0,D,2010-2011
Blackpool,Aston Villa,1,1,D,2010-2011
Liverpool,Wigan Athletic,1,1,D,2010-2011
West Bromwich Albion,West Ham United,3,3,D,2010-2011
Sunderland,Tottenham Hotspur,1,2,A,2010-2011
Bolton Wanderers,Everton,2,0,H,2010-2011
Fulham,Chelsea,0,0,D,2010-2011
Birmingham City,Newcastle United,0,2,A,2010-2011
West Bromwich Albion,Wolverhampton Wanderers,1,1,D,2010-2011
Blackpool,Tottenham Hotspur,3,1,H,2010-2011
Arsenal,Stoke City,1,0,H,2010-2011
Aston Villa,Blackburn Rovers,4,1,H,2010-2011
Everton,Sunderland,2,0,H,2010-2011
Newcastle United,Bolton Wanderers,1,1,D,2010-2011
Wigan Athletic,Manchester United,0,4,A,2010-2011
Wolverhampton Wanderers,Blackpool,4,0,H,2010-2011
West Ham United,Liverpool,3,1,H,2010-2011
Manchester City,Fulham,1,1,D,2010-2011
Stoke City,West Bromwich Albion,1,1,D,2010-2011
Chelsea,Manchester United,2,1,H,2010-2011
Birmingham City,West Bromwich Albion,1,3,A,2010-2011
Arsenal,Sunderland,0,0,D,2010-2011
Bolton Wanderers,Aston Villa,3,2,H,2010-2011
Fulham,Blackburn Rovers,3,2,H,2010-2011
Newcastle United,Everton,1,2,A,2010-2011
West Ham United,Stoke City,3,0,H,2010-2011
Manchester City,Wigan Athletic,1,0,H,2010-2011
Liverpool,Manchester United,3,1,H,2010-2011
Wolverhampton Wanderers,Tottenham Hotspur,3,3,D,2010-2011
Blackpool,Chelsea,1,3,A,2010-2011
Everton,Birmingham City,1,1,D,2010-2011
Tottenham Hotspur,West Ham United,0,0,D,2010-2011
Aston Villa,Wolverhampton Wanderers,0,1,A,2010-2011
Blackburn Rovers,Blackpool,2,2,D,2010-2011
Manchester United,Bolton Wanderers,1,0,H,2010-2011
Stoke City,Newcastle United,4,0,H,2010-2011
West Bromwich Albion,Arsenal,2,2,D,2010-2011
Wigan Athletic,Birmingham City,2,1,H,2010-2011
Everton,Fulham,2,1,H,2010-2011
Sunderland,Liverpool,0,2,A,2010-2011
Chelsea,Manchester City,2,0,H,2010-2011
West Ham United,Manchester United,2,4,A,2010-2011
Birmingham City,Bolton Wanderers,2,1,H,2010-2011
Everton,Aston Villa,2,2,D,2010-2011
Newcastle United,Wolverhampton Wanderers,4,1,H,2010-2011
Stoke City,Chelsea,1,1,D,2010-2011
West Bromwich Albion,Liverpool,2,1,H,2010-2011
Wigan Athletic,Tottenham Hotspur,0,0,D,2010-2011
Arsenal,Blackburn Rovers,0,0,D,2010-2011
Fulham,Blackpool,3,0,H,2010-2011
Manchester City,Sunderland,5,0,H,2010-2011
Wolverhampton Wanderers,Everton,0,3,A,2010-2011
Blackburn Rovers,Birmingham City,1,1,D,2010-2011
Bolton Wanderers,West Ham United,3,0,H,2010-2011
Chelsea,Wigan Athletic,1,0,H,2010-2011
Manchester United,Fulham,2,0,H,2010-2011
Sunderland,West Bromwich Albion,2,3,A,2010-2011
Tottenham Hotspur,Stoke City,3,2,H,2010-2011
Blackpool,Arsenal,1,3,A,2010-2011
Aston Villa,Newcastle United,1,0,H,2010-2011
Liverpool,Manchester City,3,0,H,2010-2011
Birmingham City,Sunderland,2,0,H,2010-2011
Blackpool,Wigan Athletic,1,3,A,2010-2011
Everton,Blackburn Rovers,2,0,H,2010-2011
West Bromwich Albion,Chelsea,1,3,A,2010-2011
West Ham United,Aston Villa,1,2,A,2010-2011
Arsenal,Liverpool,1,1,D,2010-2011
Newcastle United,Manchester United,0,0,D,2010-2011
Chelsea,Birmingham City,3,1,H,2010-2011
Tottenham Hotspur,Arsenal,3,3,D,2010-2011
Manchester United,Everton,1,0,H,2010-2011
Aston Villa,Stoke City,1,1,D,2010-2011
Blackpool,Newcastle United,1,1,D,2010-2011
Liverpool,Birmingham City,5,0,H,2010-2011
Sunderland,Wigan Athletic,4,2,H,2010-2011
Tottenham Hotspur,West Bromwich Albion,2,2,D,2010-2011
Wolverhampton Wanderers,Fulham,1,1,D,2010-2011
Chelsea,West Ham United,3,0,H,2010-2011
Bolton Wanderers,Arsenal,2,1,H,2010-2011
Blackburn Rovers,Manchester City,0,1,A,2010-2011
Stoke City,Wolverhampton Wanderers,3,0,H,2010-2011
Fulham,Bolton Wanderers,3,0,H,2010-2011
Blackburn Rovers,Bolton Wanderers,1,0,H,2010-2011
Blackpool,Stoke City,0,0,D,2010-2011
Sunderland,Fulham,0,3,A,2010-2011
West Bromwich Albion,Aston Villa,2,1,H,2010-2011
Wigan Athletic,Everton,1,1,D,2010-2011
Chelsea,Tottenham Hotspur,2,1,H,2010-2011
Birmingham City,Wolverhampton Wanderers,1,1,D,2010-2011
Liverpool,Newcastle United,3,0,H,2010-2011
Arsenal,Manchester United,1,0,H,2010-2011
Manchester City,West Ham United,2,1,H,2010-2011
Aston Villa,Wigan Athletic,1,1,D,2010-2011
Bolton Wanderers,Sunderland,1,2,A,2010-2011
Everton,Manchester City,2,1,H,2010-2011
Newcastle United,Birmingham City,2,1,H,2010-2011
West Ham United,Blackburn Rovers,1,1,D,2010-2011
Tottenham Hotspur,Blackpool,1,1,D,2010-2011
Wolverhampton Wanderers,West Bromwich Albion,3,1,H,2010-2011
Stoke City,Arsenal,3,1,H,2010-2011
Manchester United,Chelsea,2,1,H,2010-2011
Fulham,Liverpool,2,5,A,2010-2011
Manchester City,Tottenham Hotspur,1,0,H,2010-2011
Blackburn Rovers,Manchester United,1,1,D,2010-2011
Blackpool,Bolton Wanderers,4,3,H,2010-2011
Sunderland,Wolverhampton Wanderers,1,3,A,2010-2011
West Bromwich Albion,Everton,1,0,H,2010-2011
Chelsea,Newcastle United,2,2,D,2010-2011
Arsenal,Aston Villa,1,2,A,2010-2011
Birmingham City,Fulham,0,2,A,2010-2011
Liverpool,Tottenham Hotspur,0,2,A,2010-2011
Wigan Athletic,West Ham United,3,2,H,2010-2011
Manchester City,Stoke City,3,0,H,2010-2011
Aston Villa,Liverpool,1,0,H,2010-2011
Bolton Wanderers,Manchester City,0,2,A,2010-2011
Everton,Chelsea,1,0,H,2010-2011
Fulham,Arsenal,2,2,D,2010-2011
Manchester United,Blackpool,4,2,H,2010-2011
Newcastle United,West Bromwich Albion,3,3,D,2010-2011
Stoke City,Wigan Athletic,0,1,A,2010-2011
Tottenham Hotspur,Birmingham City,2,1,H,2010-2011
West Ham United,Sunderland,0,3,A,2010-2011
Wolverhampton Wanderers,Blackburn Rovers,2,3,A,2010-2011
Blackburn Rovers,Wolverhampton Wanderers,1,2,A,2011-2012
Fulham,Aston Villa,0,0,D,2011-2012
Liverpool,Sunderland,1,1,D,2011-2012
Queens Park Rangers,Bolton Wanderers,0,4,A,2011-2012
Wigan Athletic,Norwich City,1,1,D,2011-2012
Newcastle United,Arsenal,0,0,D,2011-2012
Stoke City,Chelsea,0,0,D,2011-2012
West Bromwich Albion,Manchester United,1,2,A,2011-2012
Manchester City,Swansea City,4,0,H,2011-2012
Sunderland,Newcastle United,0,1,A,2011-2012
Arsenal,Liverpool,0,2,A,2011-2012
Aston Villa,Blackburn Rovers,3,1,H,2011-2012
Everton,Queens Park Rangers,0,1,A,2011-2012
Swansea City,Wigan Athletic,0,0,D,2011-2012
Chelsea,West Bromwich Albion,2,1,H,2011-2012
Norwich City,Stoke City,1,1,D,2011-2012
Wolverhampton Wanderers,Fulham,2,0,H,2011-2012
Bolton Wanderers,Manchester City,2,3,A,2011-2012
Manchester United,Tottenham Hotspur,3,0,H,2011-2012
Aston Villa,Wolverhampton Wanderers,0,0,D,2011-2012
Wigan Athletic,Queens Park Rangers,2,0,H,2011-2012
Blackburn Rovers,Everton,0,1,A,2011-2012
Chelsea,Norwich City,3,1,H,2011-2012
Swansea City,Sunderland,0,0,D,2011-2012
Liverpool,Bolton Wanderers,3,1,H,2011-2012
Newcastle United,Fulham,2,1,H,2011-2012
Tottenham Hotspur,Manchester City,1,5,A,2011-2012
West Bromwich Albion,Stoke City,0,1,A,2011-2012
Manchester United,Arsenal,8,2,H,2011-2012
Arsenal,Swansea City,1,0,H,2011-2012
Everton,Aston Villa,2,2,D,2011-2012
Manchester City,Wigan Athletic,3,0,H,2011-2012
Stoke City,Liverpool,1,0,H,2011-2012
Sunderland,Chelsea,1,2,A,2011-2012
Wolverhampton Wanderers,Tottenham Hotspur,0,2,A,2011-2012
Bolton Wanderers,Manchester United,0,5,A,2011-2012
Norwich City,West Bromwich Albion,0,1,A,2011-2012
Fulham,Blackburn Rovers,1,1,D,2011-2012
Queens Park Rangers,Newcastle United,0,0,D,2011-2012
Blackburn Rovers,Arsenal,4,3,H,2011-2012
Aston Villa,Newcastle United,1,1,D,2011-2012
Bolton Wanderers,Norwich City,1,2,A,2011-2012
Everton,Wigan Athletic,3,1,H,2011-2012
Swansea City,West Bromwich Albion,3,0,H,2011-2012
Wolverhampton Wanderers,Queens Park Rangers,0,3,A,2011-2012
Tottenham Hotspur,Liverpool,4,0,H,2011-2012
Fulham,Manchester City,2,2,D,2011-2012
Sunderland,Stoke City,4,0,H,2011-2012
Manchester United,Chelsea,3,1,H,2011-2012
Manchester City,Everton,2,0,H,2011-2012
Arsenal,Bolton Wanderers,3,0,H,2011-2012
Chelsea,Swansea City,4,1,H,2011-2012
Liverpool,Wolverhampton Wanderers,2,1,H,2011-2012
Newcastle United,Blackburn Rovers,3,1,H,2011-2012
West Bromwich Albion,Fulham,0,0,D,2011-2012
Wigan Athletic,Tottenham Hotspur,1,2,A,2011-2012
Stoke City,Manchester United,1,1,D,2011-2012
Queens Park Rangers,Aston Villa,1,1,D,2011-2012
Norwich City,Sunderland,2,1,H,2011-2012
Everton,Liverpool,0,2,A,2011-2012
Aston Villa,Wigan Athletic,2,0,H,2011-2012
Blackburn Rovers,Manchester City,0,4,A,2011-2012
Manchester United,Norwich City,2,0,H,2011-2012
Sunderland,West Bromwich Albion,2,2,D,2011-2012
Wolverhampton Wanderers,Newcastle United,1,2,A,2011-2012
Bolton Wanderers,Chelsea,1,5,A,2011-2012
Fulham,Queens Park Rangers,6,0,H,2011-2012
Swansea City,Stoke City,2,0,H,2011-2012
Tottenham Hotspur,Arsenal,2,1,H,2011-2012
Liverpool,Manchester United,1,1,D,2011-2012
Manchester City,Aston Villa,4,1,H,2011-2012
Norwich City,Swansea City,3,1,H,2011-2012
Queens Park Rangers,Blackburn Rovers,1,1,D,2011-2012
Stoke City,Fulham,2,0,H,2011-2012
Wigan Athletic,Bolton Wanderers,1,3,A,2011-2012
Chelsea,Everton,3,1,H,2011-2012
West Bromwich Albion,Wolverhampton Wanderers,2,0,H,2011-2012
Arsenal,Sunderland,2,1,H,2011-2012
Newcastle United,Tottenham Hotspur,2,2,D,2011-2012
Wolverhampton Wanderers,Swansea City,2,2,D,2011-2012
Aston Villa,West Bromwich Albion,1,2,A,2011-2012
Bolton Wanderers,Sunderland,0,2,A,2011-2012
Newcastle United,Wigan Athletic,1,0,H,2011-2012
Liverpool,Norwich City,1,1,D,2011-2012
Arsenal,Stoke City,3,1,H,2011-2012
Fulham,Everton,1,3,A,2011-2012
Manchester United,Manchester City,1,6,A,2011-2012
Blackburn Rovers,Tottenham Hotspur,1,2,A,2011-2012
Queens Park Rangers,Chelsea,1,0,H,2011-2012
Everton,Manchester United,0,1,A,2011-2012
Chelsea,Arsenal,3,5,A,2011-2012
Manchester City,Wolverhampton Wanderers,3,1,H,2011-2012
Norwich City,Blackburn Rovers,3,3,D,2011-2012
Sunderland,Aston Villa,2,2,D,2011-2012
Swansea City,Bolton Wanderers,3,1,H,2011-2012
Wigan Athletic,Fulham,0,2,A,2011-2012
West Bromwich Albion,Liverpool,0,2,A,2011-2012
Tottenham Hotspur,Queens Park Rangers,3,1,H,2011-2012
Stoke City,Newcastle United,1,3,A,2011-2012
Newcastle United,Everton,2,1,H,2011-2012
Arsenal,West Bromwich Albion,3,0,H,2011-2012
Aston Villa,Norwich City,3,2,H,2011-2012
Blackburn Rovers,Chelsea,0,1,A,2011-2012
Liverpool,Swansea City,0,0,D,2011-2012
Manchester United,Sunderland,1,0,H,2011-2012
Queens Park Rangers,Manchester City,2,3,A,2011-2012
Wolverhampton Wanderers,Wigan Athletic,3,1,H,2011-2012
Bolton Wanderers,Stoke City,5,0,H,2011-2012
Fulham,Tottenham Hotspur,1,3,A,2011-2012
Norwich City,Arsenal,1,2,A,2011-2012
Everton,Wolverhampton Wanderers,2,1,H,2011-2012
Manchester City,Newcastle United,3,1,H,2011-2012
Stoke City,Queens Park Rangers,2,3,A,2011-2012
Sunderland,Fulham,0,0,D,2011-2012
West Bromwich Albion,Bolton Wanderers,2,1,H,2011-2012
Wigan Athletic,Blackburn Rovers,3,3,D,2011-2012
Swansea City,Manchester United,0,1,A,2011-2012
Chelsea,Liverpool,1,2,A,2011-2012
Tottenham Hotspur,Aston Villa,2,0,H,2011-2012
Stoke City,Blackburn Rovers,3,1,H,2011-2012
Bolton Wanderers,Everton,0,2,A,2011-2012
Chelsea,Wolverhampton Wanderers,3,0,H,2011-2012
Manchester United,Newcastle United,1,1,D,2011-2012
Norwich City,Queens Park Rangers,2,1,H,2011-2012
Sunderland,Wigan Athletic,1,2,A,2011-2012
West Bromwich Albion,Tottenham Hotspur,1,3,A,2011-2012
Arsenal,Fulham,1,1,D,2011-2012
Swansea City,Aston Villa,0,0,D,2011-2012
Liverpool,Manchester City,1,1,D,2011-2012
Newcastle United,Chelsea,0,3,A,2011-2012
Blackburn Rovers,Swansea City,4,2,H,2011-2012
Manchester City,Norwich City,5,1,H,2011-2012
Queens Park Rangers,West Bromwich Albion,1,1,D,2011-2012
Tottenham Hotspur,Bolton Wanderers,3,0,H,2011-2012
Wigan Athletic,Arsenal,0,4,A,2011-2012
Aston Villa,Manchester United,0,1,A,2011-2012
Everton,Stoke City,0,1,A,2011-2012
Wolverhampton Wanderers,Sunderland,2,1,H,2011-2012
Fulham,Liverpool,1,0,H,2011-2012
Arsenal,Everton,1,0,H,2011-2012
Bolton Wanderers,Aston Villa,1,2,A,2011-2012
Liverpool,Queens Park Rangers,1,0,H,2011-2012
Manchester United,Wolverhampton Wanderers,4,1,H,2011-2012
Norwich City,Newcastle United,4,2,H,2011-2012
Swansea City,Fulham,2,0,H,2011-2012
West Bromwich Albion,Wigan Athletic,1,2,A,2011-2012
Sunderland,Blackburn Rovers,2,1,H,2011-2012
Stoke City,Tottenham Hotspur,2,1,H,2011-2012
Chelsea,Manchester City,2,1,H,2011-2012
Blackburn Rovers,West Bromwich Albion,1,2,A,2011-2012
Everton,Norwich City,1,1,D,2011-2012
Fulham,Bolton Wanderers,2,0,H,2011-2012
Newcastle United,Swansea City,0,0,D,2011-2012
Wolverhampton Wanderers,Stoke City,1,2,A,2011-2012
Wigan Athletic,Chelsea,1,1,D,2011-2012
Queens Park Rangers,Manchester United,0,2,A,2011-2012
Aston Villa,Liverpool,0,2,A,2011-2012
Tottenham Hotspur,Sunderland,1,0,H,2011-2012
Manchester City,Arsenal,1,0,H,2011-2012
Wolverhampton Wanderers,Norwich City,2,2,D,2011-2012
Blackburn Rovers,Bolton Wanderers,1,2,A,2011-2012
Aston Villa,Arsenal,1,2,A,2011-2012
Manchester City,Stoke City,3,0,H,2011-2012
Newcastle United,West Bromwich Albion,2,3,A,2011-2012
Everton,Swansea City,1,0,H,2011-2012
Fulham,Manchester United,0,5,A,2011-2012
Queens Park Rangers,Sunderland,2,3,A,2011-2012
Wigan Athletic,Liverpool,0,0,D,2011-2012
Tottenham Hotspur,Chelsea,1,1,D,2011-2012
Chelsea,Fulham,1,1,D,2011-2012
Bolton Wanderers,Newcastle United,0,2,A,2011-2012
Liverpool,Blackburn Rovers,1,1,D,2011-2012
Manchester United,Wigan Athletic,5,0,H,2011-2012
Sunderland,Everton,1,1,D,2011-2012
West Bromwich Albion,Manchester City,0,0,D,2011-2012
Stoke City,Aston Villa,0,0,D,2011-2012
Arsenal,Wolverhampton Wanderers,1,1,D,2011-2012
Swansea City,Queens Park Rangers,1,1,D,2011-2012
Norwich City,Tottenham Hotspur,0,2,A,2011-2012
Liverpool,Newcastle United,3,1,H,2011-2012
Manchester United,Blackburn Rovers,2,3,A,2011-2012
Arsenal,Queens Park Rangers,1,0,H,2011-2012
Bolton Wanderers,Wolverhampton Wanderers,1,1,D,2011-2012
Chelsea,Aston Villa,1,3,A,2011-2012
Norwich City,Fulham,1,1,D,2011-2012
Stoke City,Wigan Athletic,2,2,D,2011-2012
Swansea City,Tottenham Hotspur,1,1,D,2011-2012
West Bromwich Albion,Everton,0,1,A,2011-2012
Sunderland,Manchester City,1,0,H,2011-2012
Aston Villa,Swansea City,0,2,A,2011-2012
Blackburn Rovers,Stoke City,1,2,A,2011-2012
Queens Park Rangers,Norwich City,1,2,A,2011-2012
Wolverhampton Wanderers,Chelsea,1,2,A,2011-2012
Fulham,Arsenal,2,1,H,2011-2012
Tottenham Hotspur,West Bromwich Albion,1,0,H,2011-2012
Wigan Athletic,Sunderland,1,4,A,2011-2012
Manchester City,Liverpool,3,0,H,2011-2012
Everton,Bolton Wanderers,1,2,A,2011-2012
Newcastle United,Manchester United,3,0,H,2011-2012
Tottenham Hotspur,Everton,2,0,H,2011-2012
Aston Villa,Everton,1,1,D,2011-2012
Blackburn Rovers,Fulham,3,1,H,2011-2012
Chelsea,Sunderland,1,0,H,2011-2012
Liverpool,Stoke City,0,0,D,2011-2012
Manchester United,Bolton Wanderers,3,0,H,2011-2012
Tottenham Hotspur,Wolverhampton Wanderers,1,1,D,2011-2012
West Bromwich Albion,Norwich City,1,2,A,2011-2012
Newcastle United,Queens Park Rangers,1,0,H,2011-2012
Swansea City,Arsenal,3,2,H,2011-2012
Wigan Athletic,Manchester City,0,1,A,2011-2012
Norwich City,Chelsea,0,0,D,2011-2012
Everton,Blackburn Rovers,1,1,D,2011-2012
Fulham,Newcastle United,5,2,H,2011-2012
Queens Park Rangers,Wigan Athletic,3,1,H,2011-2012
Stoke City,West Bromwich Albion,1,2,A,2011-2012
Sunderland,Swansea City,2,0,H,2011-2012
Wolverhampton Wanderers,Aston Villa,2,3,A,2011-2012
Bolton Wanderers,Liverpool,3,1,H,2011-2012
Manchester City,Tottenham Hotspur,3,2,H,2011-2012
Arsenal,Manchester United,1,2,A,2011-2012
Swansea City,Chelsea,1,1,D,2011-2012
Tottenham Hotspur,Wigan Athletic,3,1,H,2011-2012
Wolverhampton Wanderers,Liverpool,0,3,A,2011-2012
Everton,Manchester City,1,0,H,2011-2012
Manchester United,Stoke City,2,0,H,2011-2012
Aston Villa,Queens Park Rangers,2,2,D,2011-2012
Blackburn Rovers,Newcastle United,0,2,A,2011-2012
Bolton Wanderers,Arsenal,0,0,D,2011-2012
Fulham,West Bromwich Albion,1,1,D,2011-2012
Sunderland,Norwich City,3,0,H,2011-2012
Arsenal,Blackburn Rovers,7,1,H,2011-2012
Norwich City,Bolton Wanderers,2,0,H,2011-2012
Queens Park Rangers,Wolverhampton Wanderers,1,2,A,2011-2012
Stoke City,Sunderland,0,1,A,2011-2012
West Bromwich Albion,Swansea City,1,2,A,2011-2012
Wigan Athletic,Everton,1,1,D,2011-2012
Manchester City,Fulham,3,0,H,2011-2012
Newcastle United,Aston Villa,2,1,H,2011-2012
Chelsea,Manchester United,3,3,D,2011-2012
Liverpool,Tottenham Hotspur,0,0,D,2011-2012
Manchester United,Liverpool,2,1,H,2011-2012
Blackburn Rovers,Queens Park Rangers,3,2,H,2011-2012
Bolton Wanderers,Wigan Athletic,1,2,A,2011-2012
Everton,Chelsea,2,0,H,2011-2012
Fulham,Stoke City,2,1,H,2011-2012
Sunderland,Arsenal,1,2,A,2011-2012
Swansea City,Norwich City,2,3,A,2011-2012
Tottenham Hotspur,Newcastle United,5,0,H,2011-2012
Wolverhampton Wanderers,West Bromwich Albion,1,5,A,2011-2012
Aston Villa,Manchester City,0,1,A,2011-2012
Chelsea,Bolton Wanderers,3,0,H,2011-2012
Newcastle United,Wolverhampton Wanderers,2,2,D,2011-2012
Queens Park Rangers,Fulham,0,1,A,2011-2012
West Bromwich Albion,Sunderland,4,0,H,2011-2012
Wigan Athletic,Aston Villa,0,0,D,2011-2012
Manchester City,Blackburn Rovers,3,0,H,2011-2012
Arsenal,Tottenham Hotspur,5,2,H,2011-2012
Norwich City,Manchester United,1,2,A,2011-2012
Stoke City,Swansea City,2,0,H,2011-2012
Liverpool,Arsenal,1,2,A,2011-2012
Blackburn Rovers,Aston Villa,1,1,D,2011-2012
Manchester City,Bolton Wanderers,2,0,H,2011-2012
Queens Park Rangers,Everton,1,1,D,2011-2012
Stoke City,Norwich City,1,0,H,2011-2012
West Bromwich Albion,Chelsea,1,0,H,2011-2012
Wigan Athletic,Swansea City,0,2,A,2011-2012
Newcastle United,Sunderland,1,1,D,2011-2012
Fulham,Wolverhampton Wanderers,5,0,H,2011-2012
Tottenham Hotspur,Manchester United,1,3,A,2011-2012
Bolton Wanderers,Queens Park Rangers,2,1,H,2011-2012
Aston Villa,Fulham,1,0,H,2011-2012
Chelsea,Stoke City,1,0,H,2011-2012
Sunderland,Liverpool,1,0,H,2011-2012
Wolverhampton Wanderers,Blackburn Rovers,0,2,A,2011-2012
Everton,Tottenham Hotspur,1,0,H,2011-2012
Manchester United,West Bromwich Albion,2,0,H,2011-2012
Swansea City,Manchester City,1,0,H,2011-2012
Norwich City,Wigan Athletic,1,1,D,2011-2012
Arsenal,Newcastle United,2,1,H,2011-2012
Liverpool,Everton,3,0,H,2011-2012
Fulham,Swansea City,0,3,A,2011-2012
Wigan Athletic,West Bromwich Albion,1,1,D,2011-2012
Wolverhampton Wanderers,Manchester United,0,5,A,2011-2012
Newcastle United,Norwich City,1,0,H,2011-2012
Blackburn Rovers,Sunderland,2,0,H,2011-2012
Manchester City,Chelsea,2,1,H,2011-2012
Tottenham Hotspur,Stoke City,1,1,D,2011-2012
Everton,Arsenal,0,1,A,2011-2012
Queens Park Rangers,Liverpool,3,2,H,2011-2012
Chelsea,Tottenham Hotspur,0,0,D,2011-2012
Arsenal,Aston Villa,3,0,H,2011-2012
Bolton Wanderers,Blackburn Rovers,2,1,H,2011-2012
Liverpool,Wigan Athletic,1,2,A,2011-2012
Norwich City,Wolverhampton Wanderers,2,1,H,2011-2012
Sunderland,Queens Park Rangers,3,1,H,2011-2012
Swansea City,Everton,0,2,A,2011-2012
Stoke City,Manchester City,1,1,D,2011-2012
West Bromwich Albion,Newcastle United,1,3,A,2011-2012
Manchester United,Fulham,1,0,H,2011-2012
Aston Villa,Chelsea,2,4,A,2011-2012
Everton,West Bromwich Albion,2,0,H,2011-2012
Fulham,Norwich City,2,1,H,2011-2012
Manchester City,Sunderland,3,3,D,2011-2012
Queens Park Rangers,Arsenal,2,1,H,2011-2012
Wigan Athletic,Stoke City,2,0,H,2011-2012
Wolverhampton Wanderers,Bolton Wanderers,2,3,A,2011-2012
Newcastle United,Liverpool,2,0,H,2011-2012
Tottenham Hotspur,Swansea City,3,1,H,2011-2012
Blackburn Rovers,Manchester United,0,2,A,2011-2012
Swansea City,Newcastle United,0,2,A,2011-2012
Sunderland,Tottenham Hotspur,0,0,D,2011-2012
Bolton Wanderers,Fulham,0,3,A,2011-2012
Chelsea,Wigan Athletic,2,1,H,2011-2012
Liverpool,Aston Villa,1,1,D,2011-2012
Norwich City,Everton,2,2,D,2011-2012
West Bromwich Albion,Blackburn Rovers,3,0,H,2011-2012
Stoke City,Wolverhampton Wanderers,2,1,H,2011-2012
Manchester United,Queens Park Rangers,2,0,H,2011-2012
Arsenal,Manchester City,1,0,H,2011-2012
Everton,Sunderland,4,0,H,2011-2012
Newcastle United,Bolton Wanderers,2,0,H,2011-2012
Tottenham Hotspur,Norwich City,1,2,A,2011-2012
Aston Villa,Stoke City,1,1,D,2011-2012
Fulham,Chelsea,1,1,D,2011-2012
Blackburn Rovers,Liverpool,2,3,A,2011-2012
Manchester City,West Bromwich Albion,4,0,H,2011-2012
Wigan Athletic,Manchester United,1,0,H,2011-2012
Wolverhampton Wanderers,Arsenal,0,3,A,2011-2012
Queens Park Rangers,Swansea City,3,0,H,2011-2012
Norwich City,Manchester City,1,6,A,2011-2012
Sunderland,Wolverhampton Wanderers,0,0,D,2011-2012
Swansea City,Blackburn Rovers,3,0,H,2011-2012
West Bromwich Albion,Queens Park Rangers,1,0,H,2011-2012
Manchester United,Aston Villa,4,0,H,2011-2012
Arsenal,Wigan Athletic,1,2,A,2011-2012
Arsenal,Chelsea,0,0,D,2011-2012
Aston Villa,Sunderland,0,0,D,2011-2012
Blackburn Rovers,Norwich City,2,0,H,2011-2012
Bolton Wanderers,Swansea City,1,1,D,2011-2012
Fulham,Wigan Athletic,2,1,H,2011-2012
Newcastle United,Stoke City,3,0,H,2011-2012
Queens Park Rangers,Tottenham Hotspur,1,0,H,2011-2012
Manchester United,Everton,4,4,D,2011-2012
Liverpool,West Bromwich Albion,0,1,A,2011-2012
Wolverhampton Wanderers,Manchester City,0,2,A,2011-2012
Aston Villa,Bolton Wanderers,1,2,A,2011-2012
Everton,Fulham,4,0,H,2011-2012
Stoke City,Arsenal,1,1,D,2011-2012
Sunderland,Bolton Wanderers,2,2,D,2011-2012
Swansea City,Wolverhampton Wanderers,4,4,D,2011-2012
West Bromwich Albion,Aston Villa,0,0,D,2011-2012
Wigan Athletic,Newcastle United,4,0,H,2011-2012
Norwich City,Liverpool,0,3,A,2011-2012
Chelsea,Queens Park Rangers,6,1,H,2011-2012
Tottenham Hotspur,Blackburn Rovers,2,0,H,2011-2012
Manchester City,Manchester United,1,0,H,2011-2012
Liverpool,Fulham,0,1,A,2011-2012
Stoke City,Everton,1,1,D,2011-2012
Chelsea,Newcastle United,0,2,A,2011-2012
Bolton Wanderers,Tottenham Hotspur,1,4,A,2011-2012
Arsenal,Norwich City,3,3,D,2011-2012
Newcastle United,Manchester City,0,2,A,2011-2012
Aston Villa,Tottenham Hotspur,1,1,D,2011-2012
Bolton Wanderers,West Bromwich Albion,2,2,D,2011-2012
Fulham,Sunderland,2,1,H,2011-2012
Queens Park Rangers,Stoke City,1,0,H,2011-2012
Wolverhampton Wanderers,Everton,0,0,D,2011-2012
Manchester United,Swansea City,2,0,H,2011-2012
Blackburn Rovers,Wigan Athletic,0,1,A,2011-2012
Liverpool,Chelsea,4,1,H,2011-2012
Chelsea,Blackburn Rovers,2,1,H,2011-2012
Everton,Newcastle United,3,1,H,2011-2012
Manchester City,Queens Park Rangers,3,2,H,2011-2012
Norwich City,Aston Villa,2,0,H,2011-2012
Stoke City,Bolton Wanderers,2,2,D,2011-2012
Sunderland,Manchester United,0,1,A,2011-2012
Swansea City,Liverpool,1,0,H,2011-2012
Tottenham Hotspur,Fulham,2,0,H,2011-2012
West Bromwich Albion,Arsenal,2,3,A,2011-2012
Wigan Athletic,Wolverhampton Wanderers,3,2,H,2011-2012
Arsenal,Sunderland,0,0,D,2012-2013
Fulham,Norwich City,5,0,H,2012-2013
Queens Park Rangers,Swansea City,0,5,A,2012-2013
Reading,Stoke City,1,1,D,2012-2013
West Bromwich Albion,Liverpool,3,0,H,2012-2013
West Ham United,Aston Villa,1,0,H,2012-2013
Newcastle United,Tottenham Hotspur,2,1,H,2012-2013
Wigan Athletic,Chelsea,0,2,A,2012-2013
Manchester City,Southampton,3,2,H,2012-2013
Everton,Manchester United,1,0,H,2012-2013
Chelsea,Reading,4,2,H,2012-2013
Swansea City,West Ham United,3,0,H,2012-2013
Aston Villa,Everton,1,3,A,2012-2013
Manchester United,Fulham,3,2,H,2012-2013
Norwich City,Queens Park Rangers,1,1,D,2012-2013
Southampton,Wigan Athletic,0,2,A,2012-2013
Tottenham Hotspur,West Bromwich Albion,1,1,D,2012-2013
Chelsea,Newcastle United,2,0,H,2012-2013
Stoke City,Arsenal,0,0,D,2012-2013
Liverpool,Manchester City,2,2,D,2012-2013
West Ham United,Fulham,3,0,H,2012-2013
Swansea City,Sunderland,2,2,D,2012-2013
Tottenham Hotspur,Norwich City,1,1,D,2012-2013
West Bromwich Albion,Everton,2,0,H,2012-2013
Wigan Athletic,Stoke City,2,2,D,2012-2013
Manchester City,Queens Park Rangers,3,1,H,2012-2013
Liverpool,Arsenal,0,2,A,2012-2013
Newcastle United,Aston Villa,1,1,D,2012-2013
Southampton,Manchester United,2,3,A,2012-2013
Norwich City,West Ham United,0,0,D,2012-2013
Arsenal,Southampton,6,1,H,2012-2013
Aston Villa,Swansea City,2,0,H,2012-2013
Fulham,West Bromwich Albion,3,0,H,2012-2013
Manchester United,Wigan Athletic,4,0,H,2012-2013
Queens Park Rangers,Chelsea,0,0,D,2012-2013
Stoke City,Manchester City,1,1,D,2012-2013
Sunderland,Liverpool,1,1,D,2012-2013
Reading,Tottenham Hotspur,1,3,A,2012-2013
Everton,Newcastle United,2,2,D,2012-2013
Swansea City,Everton,0,3,A,2012-2013
Chelsea,Stoke City,1,0,H,2012-2013
Southampton,Aston Villa,4,1,H,2012-2013
West Bromwich Albion,Reading,1,0,H,2012-2013
West Ham United,Sunderland,1,1,D,2012-2013
Wigan Athletic,Fulham,1,2,A,2012-2013
Liverpool,Manchester United,1,2,A,2012-2013
Newcastle United,Norwich City,1,0,H,2012-2013
Manchester City,Arsenal,1,1,D,2012-2013
Tottenham Hotspur,Queens Park Rangers,2,1,H,2012-2013
Arsenal,Chelsea,1,2,A,2012-2013
Everton,Southampton,3,1,H,2012-2013
Fulham,Manchester City,1,2,A,2012-2013
Norwich City,Liverpool,2,5,A,2012-2013
Reading,Newcastle United,2,2,D,2012-2013
Stoke City,Swansea City,2,0,H,2012-2013
Sunderland,Wigan Athletic,1,0,H,2012-2013
Manchester United,Tottenham Hotspur,2,3,A,2012-2013
Aston Villa,West Bromwich Albion,1,1,D,2012-2013
Queens Park Rangers,West Ham United,1,2,A,2012-2013
Manchester City,Sunderland,3,0,H,2012-2013
Chelsea,Norwich City,4,1,H,2012-2013
Swansea City,Reading,2,2,D,2012-2013
West Bromwich Albion,Queens Park Rangers,3,2,H,2012-2013
Wigan Athletic,Everton,2,2,D,2012-2013
West Ham United,Arsenal,1,3,A,2012-2013
Southampton,Fulham,2,2,D,2012-2013
Liverpool,Stoke City,0,0,D,2012-2013
Tottenham Hotspur,Aston Villa,2,0,H,2012-2013
Newcastle United,Manchester United,0,3,A,2012-2013
Tottenham Hotspur,Chelsea,2,4,A,2012-2013
Fulham,Aston Villa,1,0,H,2012-2013
Liverpool,Reading,1,0,H,2012-2013
Manchester United,Stoke City,4,2,H,2012-2013
Swansea City,Wigan Athletic,2,1,H,2012-2013
West Bromwich Albion,Manchester City,1,2,A,2012-2013
West Ham United,Southampton,4,1,H,2012-2013
Norwich City,Arsenal,1,0,H,2012-2013
Sunderland,Newcastle United,1,1,D,2012-2013
Queens Park Rangers,Everton,1,1,D,2012-2013
Aston Villa,Norwich City,1,1,D,2012-2013
Arsenal,Queens Park Rangers,1,0,H,2012-2013
Reading,Fulham,3,3,D,2012-2013
Stoke City,Sunderland,0,0,D,2012-2013
Wigan Athletic,West Ham United,2,1,H,2012-2013
Manchester City,Swansea City,1,0,H,2012-2013
Everton,Liverpool,2,2,D,2012-2013
Newcastle United,West Bromwich Albion,2,1,H,2012-2013
Southampton,Tottenham Hotspur,1,2,A,2012-2013
Chelsea,Manchester United,2,3,A,2012-2013
Manchester United,Arsenal,2,1,H,2012-2013
Fulham,Everton,2,2,D,2012-2013
Norwich City,Stoke City,1,0,H,2012-2013
Sunderland,Aston Villa,0,1,A,2012-2013
Swansea City,Chelsea,1,1,D,2012-2013
Tottenham Hotspur,Wigan Athletic,0,1,A,2012-2013
West Ham United,Manchester City,0,0,D,2012-2013
Queens Park Rangers,Reading,1,1,D,2012-2013
Liverpool,Newcastle United,1,1,D,2012-2013
West Bromwich Albion,Southampton,2,0,H,2012-2013
Arsenal,Fulham,3,3,D,2012-2013
Everton,Sunderland,2,1,H,2012-2013
Reading,Norwich City,0,0,D,2012-2013
Southampton,Swansea City,1,1,D,2012-2013
Stoke City,Queens Park Rangers,1,0,H,2012-2013
Wigan Athletic,West Bromwich Albion,1,2,A,2012-2013
Aston Villa,Manchester United,2,3,A,2012-2013
Manchester City,Tottenham Hotspur,2,1,H,2012-2013
Newcastle United,West Ham United,0,1,A,2012-2013
Chelsea,Liverpool,1,1,D,2012-2013
Arsenal,Tottenham Hotspur,5,2,H,2012-2013
Liverpool,Wigan Athletic,3,0,H,2012-2013
Manchester City,Aston Villa,5,0,H,2012-2013
Newcastle United,Swansea City,1,2,A,2012-2013
Queens Park Rangers,Southampton,1,3,A,2012-2013
Reading,Everton,2,1,H,2012-2013
West Bromwich Albion,Chelsea,2,1,H,2012-2013
Norwich City,Manchester United,1,0,H,2012-2013
Fulham,Sunderland,1,3,A,2012-2013
West Ham United,Stoke City,1,1,D,2012-2013
Sunderland,West Bromwich Albion,2,4,A,2012-2013
Everton,Norwich City,1,1,D,2012-2013
Manchester United,Queens Park Rangers,3,1,H,2012-2013
Stoke City,Fulham,1,0,H,2012-2013
Wigan Athletic,Reading,3,2,H,2012-2013
Aston Villa,Arsenal,0,0,D,2012-2013
Swansea City,Liverpool,0,0,D,2012-2013
Southampton,Newcastle United,2,0,H,2012-2013
Chelsea,Manchester City,0,0,D,2012-2013
Tottenham Hotspur,West Ham United,3,1,H,2012-2013
Sunderland,Queens Park Rangers,0,0,D,2012-2013
Aston Villa,Reading,1,0,H,2012-2013
Chelsea,Fulham,0,0,D,2012-2013
Everton,Arsenal,1,1,D,2012-2013
Southampton,Norwich City,1,1,D,2012-2013
Stoke City,Newcastle United,2,1,H,2012-2013
Swansea City,West Bromwich Albion,3,1,H,2012-2013
Tottenham Hotspur,Liverpool,2,1,H,2012-2013
Manchester United,West Ham United,1,0,H,2012-2013
Wigan Athletic,Manchester City,0,2,A,2012-2013
West Ham United,Chelsea,3,1,H,2012-2013
Arsenal,Swansea City,0,2,A,2012-2013
Fulham,Tottenham Hotspur,0,3,A,2012-2013
Liverpool,Southampton,1,0,H,2012-2013
Manchester City,Everton,1,1,D,2012-2013
Queens Park Rangers,Aston Villa,1,1,D,2012-2013
West Bromwich Albion,Stoke City,0,1,A,2012-2013
Reading,Manchester United,3,4,A,2012-2013
Norwich City,Sunderland,2,1,H,2012-2013
Newcastle United,Wigan Athletic,3,0,H,2012-2013
Arsenal,West Bromwich Albion,2,0,H,2012-2013
Aston Villa,Stoke City,0,0,D,2012-2013
Southampton,Reading,1,0,H,2012-2013
Sunderland,Chelsea,1,3,A,2012-2013
Swansea City,Norwich City,3,4,A,2012-2013
Wigan Athletic,Queens Park Rangers,2,2,D,2012-2013
Manchester City,Manchester United,2,3,A,2012-2013
Everton,Tottenham Hotspur,2,1,H,2012-2013
West Ham United,Liverpool,2,3,A,2012-2013
Fulham,Newcastle United,2,1,H,2012-2013
Sunderland,Reading,3,0,H,2012-2013
Newcastle United,Manchester City,1,3,A,2012-2013
Liverpool,Aston Villa,1,3,A,2012-2013
Manchester United,Sunderland,3,1,H,2012-2013
Norwich City,Wigan Athletic,2,1,H,2012-2013
Queens Park Rangers,Fulham,2,1,H,2012-2013
Stoke City,Everton,1,1,D,2012-2013
Tottenham Hotspur,Swansea City,1,0,H,2012-2013
West Bromwich Albion,West Ham United,0,0,D,2012-2013
Reading,Arsenal,2,5,A,2012-2013
Wigan Athletic,Arsenal,0,1,A,2012-2013
Manchester City,Reading,1,0,H,2012-2013
Newcastle United,Queens Park Rangers,1,0,H,2012-2013
Southampton,Sunderland,0,1,A,2012-2013
Tottenham Hotspur,Stoke City,0,0,D,2012-2013
West Bromwich Albion,Norwich City,2,1,H,2012-2013
West Ham United,Everton,1,2,A,2012-2013
Liverpool,Fulham,4,0,H,2012-2013
Swansea City,Manchester United,1,1,D,2012-2013
Chelsea,Aston Villa,8,0,H,2012-2013
Everton,Wigan Athletic,2,1,H,2012-2013
Fulham,Southampton,1,1,D,2012-2013
Manchester United,Newcastle United,4,3,H,2012-2013
Norwich City,Chelsea,0,1,A,2012-2013
Queens Park Rangers,West Bromwich Albion,1,2,A,2012-2013
Reading,Swansea City,0,0,D,2012-2013
Sunderland,Manchester City,1,0,H,2012-2013
Aston Villa,Tottenham Hotspur,0,4,A,2012-2013
Stoke City,Liverpool,3,1,H,2012-2013
Sunderland,Tottenham Hotspur,1,2,A,2012-2013
Aston Villa,Wigan Athletic,0,3,A,2012-2013
Fulham,Swansea City,1,2,A,2012-2013
Manchester United,West Bromwich Albion,2,0,H,2012-2013
Norwich City,Manchester City,3,4,A,2012-2013
Reading,West Ham United,1,0,H,2012-2013
Stoke City,Southampton,3,3,D,2012-2013
Arsenal,Newcastle United,7,3,H,2012-2013
Everton,Chelsea,1,2,A,2012-2013
Queens Park Rangers,Liverpool,0,3,A,2012-2013
West Bromwich Albion,Fulham,1,2,A,2012-2013
Manchester City,Stoke City,3,0,H,2012-2013
Swansea City,Aston Villa,2,2,D,2012-2013
Tottenham Hotspur,Reading,3,1,H,2012-2013
West Ham United,Norwich City,2,1,H,2012-2013
Wigan Athletic,Manchester United,0,4,A,2012-2013
Southampton,Arsenal,1,1,D,2012-2013
Chelsea,Queens Park Rangers,0,1,A,2012-2013
Liverpool,Sunderland,3,0,H,2012-2013
Newcastle United,Everton,1,2,A,2012-2013
Queens Park Rangers,Tottenham Hotspur,0,0,D,2012-2013
Aston Villa,Southampton,0,1,A,2012-2013
Everton,Swansea City,0,0,D,2012-2013
Fulham,Wigan Athletic,1,1,D,2012-2013
Norwich City,Newcastle United,0,0,D,2012-2013
Reading,West Bromwich Albion,3,2,H,2012-2013
Stoke City,Chelsea,0,4,A,2012-2013
Sunderland,West Ham United,3,0,H,2012-2013
Manchester United,Liverpool,2,1,H,2012-2013
Arsenal,Manchester City,0,2,A,2012-2013
Chelsea,Southampton,2,2,D,2012-2013
Liverpool,Norwich City,5,0,H,2012-2013
Manchester City,Fulham,2,0,H,2012-2013
Newcastle United,Reading,1,2,A,2012-2013
Swansea City,Stoke City,3,1,H,2012-2013
West Ham United,Queens Park Rangers,1,1,D,2012-2013
Wigan Athletic,Sunderland,2,3,A,2012-2013
West Bromwich Albion,Aston Villa,2,2,D,2012-2013
Chelsea,Arsenal,2,1,H,2012-2013
Tottenham Hotspur,Manchester United,1,1,D,2012-2013
Southampton,Everton,0,0,D,2012-2013
Arsenal,West Ham United,5,1,H,2012-2013
Aston Villa,Newcastle United,1,2,A,2012-2013
Queens Park Rangers,Manchester City,0,0,D,2012-2013
Stoke City,Wigan Athletic,2,2,D,2012-2013
Sunderland,Swansea City,0,0,D,2012-2013
Arsenal,Liverpool,2,2,D,2012-2013
Everton,West Bromwich Albion,2,1,H,2012-2013
Norwich City,Tottenham Hotspur,1,1,D,2012-2013
Fulham,West Ham United,3,1,H,2012-2013
Manchester United,Southampton,2,1,H,2012-2013
Reading,Chelsea,2,2,D,2012-2013
Queens Park Rangers,Norwich City,0,0,D,2012-2013
Arsenal,Stoke City,1,0,H,2012-2013
Everton,Aston Villa,3,3,D,2012-2013
Newcastle United,Chelsea,3,2,H,2012-2013
Reading,Sunderland,2,1,H,2012-2013
West Ham United,Swansea City,1,0,H,2012-2013
Wigan Athletic,Southampton,2,2,D,2012-2013
Fulham,Manchester United,0,1,A,2012-2013
West Bromwich Albion,Tottenham Hotspur,0,1,A,2012-2013
Manchester City,Liverpool,2,2,D,2012-2013
Tottenham Hotspur,Newcastle United,2,1,H,2012-2013
Chelsea,Wigan Athletic,4,1,H,2012-2013
Norwich City,Fulham,0,0,D,2012-2013
Stoke City,Reading,2,1,H,2012-2013
Sunderland,Arsenal,0,1,A,2012-2013
Swansea City,Queens Park Rangers,4,1,H,2012-2013
Southampton,Manchester City,3,1,H,2012-2013
Aston Villa,West Ham United,2,1,H,2012-2013
Manchester United,Everton,2,0,H,2012-2013
Liverpool,West Bromwich Albion,0,2,A,2012-2013
Liverpool,Swansea City,5,0,H,2012-2013
Fulham,Stoke City,1,0,H,2012-2013
Arsenal,Aston Villa,2,1,H,2012-2013
Norwich City,Everton,2,1,H,2012-2013
Queens Park Rangers,Manchester United,0,2,A,2012-2013
Reading,Wigan Athletic,0,3,A,2012-2013
West Bromwich Albion,Sunderland,2,1,H,2012-2013
Manchester City,Chelsea,2,0,H,2012-2013
Newcastle United,Southampton,4,2,H,2012-2013
West Ham United,Tottenham Hotspur,2,3,A,2012-2013
Chelsea,West Bromwich Albion,1,0,H,2012-2013
Everton,Reading,3,1,H,2012-2013
Manchester United,Norwich City,4,0,H,2012-2013
Southampton,Queens Park Rangers,1,2,A,2012-2013
Stoke City,West Ham United,0,1,A,2012-2013
Sunderland,Fulham,2,2,D,2012-2013
Swansea City,Newcastle United,1,0,H,2012-2013
Wigan Athletic,Liverpool,0,4,A,2012-2013
Tottenham Hotspur,Arsenal,2,1,H,2012-2013
Aston Villa,Manchester City,0,1,A,2012-2013
Norwich City,Southampton,0,0,D,2012-2013
Queens Park Rangers,Sunderland,3,1,H,2012-2013
Reading,Aston Villa,1,2,A,2012-2013
West Bromwich Albion,Swansea City,2,1,H,2012-2013
Newcastle United,Stoke City,2,1,H,2012-2013
Liverpool,Tottenham Hotspur,3,2,H,2012-2013
Everton,Manchester City,2,0,H,2012-2013
Aston Villa,Queens Park Rangers,3,2,H,2012-2013
Southampton,Liverpool,3,1,H,2012-2013
Stoke City,West Bromwich Albion,0,0,D,2012-2013
Swansea City,Arsenal,0,2,A,2012-2013
Manchester United,Reading,1,0,H,2012-2013
Sunderland,Norwich City,1,1,D,2012-2013
Tottenham Hotspur,Fulham,0,1,A,2012-2013
Chelsea,West Ham United,2,0,H,2012-2013
Wigan Athletic,Newcastle United,2,1,H,2012-2013
Sunderland,Manchester United,0,1,A,2012-2013
Arsenal,Reading,4,1,H,2012-2013
Manchester City,Newcastle United,4,0,H,2012-2013
Southampton,Chelsea,2,1,H,2012-2013
Swansea City,Tottenham Hotspur,1,2,A,2012-2013
West Ham United,West Bromwich Albion,3,1,H,2012-2013
Wigan Athletic,Norwich City,1,0,H,2012-2013
Everton,Stoke City,1,0,H,2012-2013
Aston Villa,Liverpool,1,2,A,2012-2013
Fulham,Queens Park Rangers,3,2,H,2012-2013
Reading,Southampton,0,2,A,2012-2013
Norwich City,Swansea City,2,2,D,2012-2013
Stoke City,Aston Villa,1,3,A,2012-2013
West Bromwich Albion,Arsenal,1,2,A,2012-2013
Liverpool,West Ham United,0,0,D,2012-2013
Tottenham Hotspur,Everton,2,2,D,2012-2013
Chelsea,Sunderland,2,1,H,2012-2013
Newcastle United,Fulham,1,0,H,2012-2013
Queens Park Rangers,Wigan Athletic,1,1,D,2012-2013
Manchester United,Manchester City,1,2,A,2012-2013
Arsenal,Norwich City,3,1,H,2012-2013
Aston Villa,Fulham,1,1,D,2012-2013
Everton,Queens Park Rangers,2,0,H,2012-2013
Reading,Liverpool,0,0,D,2012-2013
Southampton,West Ham United,1,1,D,2012-2013
Newcastle United,Sunderland,0,3,A,2012-2013
Stoke City,Manchester United,0,2,A,2012-2013
Arsenal,Everton,0,0,D,2012-2013
Manchester City,Wigan Athletic,1,0,H,2012-2013
West Ham United,Manchester United,2,2,D,2012-2013
Fulham,Chelsea,0,3,A,2012-2013
Fulham,Arsenal,0,1,A,2012-2013
Norwich City,Reading,2,1,H,2012-2013
Queens Park Rangers,Stoke City,0,2,A,2012-2013
Sunderland,Everton,1,0,H,2012-2013
Swansea City,Southampton,0,0,D,2012-2013
West Bromwich Albion,Newcastle United,1,1,D,2012-2013
West Ham United,Wigan Athletic,2,0,H,2012-2013
Tottenham Hotspur,Manchester City,3,1,H,2012-2013
Liverpool,Chelsea,2,2,D,2012-2013
Manchester United,Aston Villa,3,0,H,2012-2013
Manchester City,West Ham United,2,1,H,2012-2013
Everton,Fulham,1,0,H,2012-2013
Southampton,West Bromwich Albion,0,3,A,2012-2013
Stoke City,Norwich City,1,0,H,2012-2013
Wigan Athletic,Tottenham Hotspur,2,2,D,2012-2013
Newcastle United,Liverpool,0,6,A,2012-2013
Reading,Queens Park Rangers,0,0,D,2012-2013
Chelsea,Swansea City,2,0,H,2012-2013
Arsenal,Manchester United,1,1,D,2012-2013
Aston Villa,Sunderland,6,1,H,2012-2013
Fulham,Reading,2,4,A,2012-2013
Norwich City,Aston Villa,1,2,A,2012-2013
Swansea City,Manchester City,0,0,D,2012-2013
Tottenham Hotspur,Southampton,1,0,H,2012-2013
West Bromwich Albion,Wigan Athletic,2,3,A,2012-2013
West Ham United,Newcastle United,0,0,D,2012-2013
Queens Park Rangers,Arsenal,0,1,A,2012-2013
Liverpool,Everton,0,0,D,2012-2013
Manchester United,Chelsea,0,1,A,2012-2013
Sunderland,Stoke City,1,1,D,2012-2013
Manchester City,West Bromwich Albion,1,0,H,2012-2013
Wigan Athletic,Swansea City,2,3,A,2012-2013
Chelsea,Tottenham Hotspur,2,2,D,2012-2013
Aston Villa,Chelsea,1,2,A,2012-2013
Stoke City,Tottenham Hotspur,1,2,A,2012-2013
Everton,West Ham United,2,0,H,2012-2013
Fulham,Liverpool,1,3,A,2012-2013
Norwich City,West Bromwich Albion,4,0,H,2012-2013
Queens Park Rangers,Newcastle United,1,2,A,2012-2013
Sunderland,Southampton,1,1,D,2012-2013
Manchester United,Swansea City,2,1,H,2012-2013
Arsenal,Wigan Athletic,4,1,H,2012-2013
Reading,Manchester City,0,2,A,2012-2013
Chelsea,Everton,2,1,H,2012-2013
Liverpool,Queens Park Rangers,1,0,H,2012-2013
Manchester City,Norwich City,2,3,A,2012-2013
Newcastle United,Arsenal,0,1,A,2012-2013
Southampton,Stoke City,1,1,D,2012-2013
Swansea City,Fulham,0,3,A,2012-2013
Tottenham Hotspur,Sunderland,1,0,H,2012-2013
West Bromwich Albion,Manchester United,5,5,D,2012-2013
West Ham United,Reading,4,2,H,2012-2013
Wigan Athletic,Aston Villa,2,2,D,2012-2013
Liverpool,Stoke City,1,0,H,2013-2014
Arsenal,Aston Villa,1,3,A,2013-2014
Norwich City,Everton,2,2,D,2013-2014
Sunderland,Fulham,0,1,A,2013-2014
West Bromwich Albion,Southampton,0,1,A,2013-2014
West Ham United,Cardiff City,2,0,H,2013-2014
Swansea City,Manchester United,1,4,A,2013-2014
Crystal Palace,Tottenham Hotspur,0,1,A,2013-2014
Chelsea,Hull City,2,0,H,2013-2014
Manchester City,Newcastle United,4,0,H,2013-2014
Chelsea,Aston Villa,2,1,H,2013-2014
Fulham,Arsenal,1,3,A,2013-2014
Everton,West Bromwich Albion,0,0,D,2013-2014
Hull City,Norwich City,1,0,H,2013-2014
Newcastle United,West Ham United,0,0,D,2013-2014
Southampton,Sunderland,1,1,D,2013-2014
Stoke City,Crystal Palace,2,1,H,2013-2014
Aston Villa,Liverpool,0,1,A,2013-2014
Cardiff City,Manchester City,3,2,H,2013-2014
Tottenham Hotspur,Swansea City,1,0,H,2013-2014
Manchester United,Chelsea,0,0,D,2013-2014
Manchester City,Hull City,2,0,H,2013-2014
Cardiff City,Everton,0,0,D,2013-2014
Newcastle United,Fulham,1,0,H,2013-2014
Norwich City,Southampton,1,0,H,2013-2014
West Ham United,Stoke City,0,1,A,2013-2014
Crystal Palace,Sunderland,3,1,H,2013-2014
Liverpool,Manchester United,1,0,H,2013-2014
West Bromwich Albion,Swansea City,0,2,A,2013-2014
Arsenal,Tottenham Hotspur,1,0,H,2013-2014
Manchester United,Crystal Palace,2,0,H,2013-2014
Aston Villa,Newcastle United,1,2,A,2013-2014
Fulham,West Bromwich Albion,1,1,D,2013-2014
Hull City,Cardiff City,1,1,D,2013-2014
Stoke City,Manchester City,0,0,D,2013-2014
Sunderland,Arsenal,1,3,A,2013-2014
Tottenham Hotspur,Norwich City,2,0,H,2013-2014
Everton,Chelsea,1,0,H,2013-2014
Southampton,West Ham United,0,0,D,2013-2014
Swansea City,Liverpool,2,2,D,2013-2014
Norwich City,Aston Villa,0,1,A,2013-2014
Liverpool,Southampton,0,1,A,2013-2014
Newcastle United,Hull City,2,3,A,2013-2014
West Bromwich Albion,Sunderland,3,0,H,2013-2014
West Ham United,Everton,2,3,A,2013-2014
Chelsea,Fulham,2,0,H,2013-2014
Arsenal,Stoke City,3,1,H,2013-2014
Crystal Palace,Swansea City,0,2,A,2013-2014
Cardiff City,Tottenham Hotspur,0,1,A,2013-2014
Manchester City,Manchester United,4,1,H,2013-2014
Tottenham Hotspur,Chelsea,1,1,D,2013-2014
Aston Villa,Manchester City,3,2,H,2013-2014
Fulham,Cardiff City,1,2,A,2013-2014
Hull City,West Ham United,1,0,H,2013-2014
Manchester United,West Bromwich Albion,1,2,A,2013-2014
Southampton,Crystal Palace,2,0,H,2013-2014
Swansea City,Arsenal,1,2,A,2013-2014
Stoke City,Norwich City,0,1,A,2013-2014
Sunderland,Liverpool,1,3,A,2013-2014
Everton,Newcastle United,3,2,H,2013-2014
Manchester City,Everton,3,1,H,2013-2014
Cardiff City,Newcastle United,1,2,A,2013-2014
Fulham,Stoke City,1,0,H,2013-2014
Hull City,Aston Villa,0,0,D,2013-2014
Liverpool,Crystal Palace,3,1,H,2013-2014
Sunderland,Manchester United,1,2,A,2013-2014
Norwich City,Chelsea,1,3,A,2013-2014
Southampton,Swansea City,2,0,H,2013-2014
Tottenham Hotspur,West Ham United,0,3,A,2013-2014
West Bromwich Albion,Arsenal,1,1,D,2013-2014
Newcastle United,Liverpool,2,2,D,2013-2014
Arsenal,Norwich City,4,1,H,2013-2014
Chelsea,Cardiff City,4,1,H,2013-2014
Everton,Hull City,2,1,H,2013-2014
Manchester United,Southampton,1,1,D,2013-2014
Stoke City,West Bromwich Albion,0,0,D,2013-2014
Swansea City,Sunderland,4,0,H,2013-2014
West Ham United,Manchester City,1,3,A,2013-2014
Aston Villa,Tottenham Hotspur,0,2,A,2013-2014
Crystal Palace,Fulham,1,4,A,2013-2014
Crystal Palace,Arsenal,0,2,A,2013-2014
Aston Villa,Everton,0,2,A,2013-2014
Liverpool,West Bromwich Albion,4,1,H,2013-2014
Manchester United,Stoke City,3,2,H,2013-2014
Norwich City,Cardiff City,0,0,D,2013-2014
Southampton,Fulham,2,0,H,2013-2014
Sunderland,Newcastle United,2,1,H,2013-2014
Chelsea,Manchester City,2,1,H,2013-2014
Swansea City,West Ham United,0,0,D,2013-2014
Tottenham Hotspur,Hull City,1,0,H,2013-2014
Newcastle United,Chelsea,2,0,H,2013-2014
Fulham,Manchester United,1,3,A,2013-2014
Hull City,Sunderland,1,0,H,2013-2014
Manchester City,Norwich City,7,0,H,2013-2014
Stoke City,Southampton,1,1,D,2013-2014
West Bromwich Albion,Crystal Palace,2,0,H,2013-2014
West Ham United,Aston Villa,0,0,D,2013-2014
Arsenal,Liverpool,2,0,H,2013-2014
Everton,Tottenham Hotspur,0,0,D,2013-2014
Cardiff City,Swansea City,1,0,H,2013-2014
Aston Villa,Cardiff City,2,0,H,2013-2014
Chelsea,West Bromwich Albion,2,2,D,2013-2014
Crystal Palace,Everton,0,0,D,2013-2014
Liverpool,Fulham,4,0,H,2013-2014
Southampton,Hull City,4,1,H,2013-2014
Norwich City,West Ham United,3,1,H,2013-2014
Tottenham Hotspur,Newcastle United,0,1,A,2013-2014
Sunderland,Manchester City,1,0,H,2013-2014
Manchester United,Arsenal,1,0,H,2013-2014
Swansea City,Stoke City,3,3,D,2013-2014
Everton,Liverpool,3,3,D,2013-2014
Arsenal,Southampton,2,0,H,2013-2014
Fulham,Swansea City,1,2,A,2013-2014
Hull City,Crystal Palace,0,1,A,2013-2014
Newcastle United,Norwich City,2,1,H,2013-2014
Stoke City,Sunderland,2,0,H,2013-2014
West Ham United,Chelsea,0,3,A,2013-2014
Manchester City,Tottenham Hotspur,6,0,H,2013-2014
Cardiff City,Manchester United,2,2,D,2013-2014
West Bromwich Albion,Aston Villa,2,2,D,2013-2014
Aston Villa,Sunderland,0,0,D,2013-2014
Cardiff City,Arsenal,0,3,A,2013-2014
Everton,Stoke City,4,0,H,2013-2014
Norwich City,Crystal Palace,1,0,H,2013-2014
West Ham United,Fulham,3,0,H,2013-2014
Newcastle United,West Bromwich Albion,2,1,H,2013-2014
Tottenham Hotspur,Manchester United,2,2,D,2013-2014
Hull City,Liverpool,3,1,H,2013-2014
Chelsea,Southampton,3,1,H,2013-2014
Manchester City,Swansea City,3,0,H,2013-2014
Crystal Palace,West Ham United,1,0,H,2013-2014
Arsenal,Hull City,2,0,H,2013-2014
Liverpool,Norwich City,5,1,H,2013-2014
Manchester United,Everton,0,1,A,2013-2014
Southampton,Aston Villa,2,3,A,2013-2014
Stoke City,Cardiff City,0,0,D,2013-2014
Sunderland,Chelsea,3,4,A,2013-2014
Swansea City,Newcastle United,3,0,H,2013-2014
Fulham,Tottenham Hotspur,1,2,A,2013-2014
West Bromwich Albion,Manchester City,2,3,A,2013-2014
Manchester United,Newcastle United,0,1,A,2013-2014
Crystal Palace,Cardiff City,2,0,H,2013-2014
Liverpool,West Ham United,4,1,H,2013-2014
Southampton,Manchester City,1,1,D,2013-2014
Stoke City,Chelsea,3,2,H,2013-2014
West Bromwich Albion,Norwich City,0,2,A,2013-2014
Sunderland,Tottenham Hotspur,1,2,A,2013-2014
Fulham,Aston Villa,2,0,H,2013-2014
Arsenal,Everton,1,1,D,2013-2014
Swansea City,Hull City,1,1,D,2013-2014
Manchester City,Arsenal,6,3,H,2013-2014
Cardiff City,West Bromwich Albion,1,0,H,2013-2014
Chelsea,Crystal Palace,2,1,H,2013-2014
Everton,Fulham,4,1,H,2013-2014
Newcastle United,Southampton,1,1,D,2013-2014
West Ham United,Sunderland,0,0,D,2013-2014
Hull City,Stoke City,0,0,D,2013-2014
Aston Villa,Manchester United,0,3,A,2013-2014
Norwich City,Swansea City,1,1,D,2013-2014
Tottenham Hotspur,Liverpool,0,5,A,2013-2014
Liverpool,Cardiff City,3,1,H,2013-2014
Crystal Palace,Newcastle United,0,3,A,2013-2014
Fulham,Manchester City,2,4,A,2013-2014
Manchester United,West Ham United,3,1,H,2013-2014
Stoke City,Aston Villa,2,1,H,2013-2014
Sunderland,Norwich City,0,0,D,2013-2014
West Bromwich Albion,Hull City,1,1,D,2013-2014
Southampton,Tottenham Hotspur,2,3,A,2013-2014
Swansea City,Everton,1,2,A,2013-2014
Arsenal,Chelsea,0,0,D,2013-2014
Hull City,Manchester United,2,3,A,2013-2014
Aston Villa,Crystal Palace,0,1,A,2013-2014
Cardiff City,Southampton,0,3,A,2013-2014
Chelsea,Swansea City,1,0,H,2013-2014
Everton,Sunderland,0,1,A,2013-2014
Newcastle United,Stoke City,5,1,H,2013-2014
Norwich City,Fulham,1,2,A,2013-2014
Tottenham Hotspur,West Bromwich Albion,1,1,D,2013-2014
West Ham United,Arsenal,1,3,A,2013-2014
Manchester City,Liverpool,2,1,H,2013-2014
West Ham United,West Bromwich Albion,3,3,D,2013-2014
Aston Villa,Swansea City,1,1,D,2013-2014
Hull City,Fulham,6,0,H,2013-2014
Manchester City,Crystal Palace,1,0,H,2013-2014
Norwich City,Manchester United,0,1,A,2013-2014
Cardiff City,Sunderland,2,2,D,2013-2014
Everton,Southampton,2,1,H,2013-2014
Newcastle United,Arsenal,0,1,A,2013-2014
Chelsea,Liverpool,2,1,H,2013-2014
Tottenham Hotspur,Stoke City,3,0,H,2013-2014
Swansea City,Manchester City,2,3,A,2013-2014
Arsenal,Cardiff City,2,0,H,2013-2014
Crystal Palace,Norwich City,1,1,D,2013-2014
Fulham,West Ham United,2,1,H,2013-2014
Liverpool,Hull City,2,0,H,2013-2014
Southampton,Chelsea,0,3,A,2013-2014
Stoke City,Everton,1,1,D,2013-2014
Sunderland,Aston Villa,0,1,A,2013-2014
West Bromwich Albion,Newcastle United,1,0,H,2013-2014
Manchester United,Tottenham Hotspur,1,2,A,2013-2014
Hull City,Chelsea,0,2,A,2013-2014
Cardiff City,West Ham United,0,2,A,2013-2014
Everton,Norwich City,2,0,H,2013-2014
Fulham,Sunderland,1,4,A,2013-2014
Southampton,West Bromwich Albion,1,0,H,2013-2014
Tottenham Hotspur,Crystal Palace,2,0,H,2013-2014
Manchester United,Swansea City,2,0,H,2013-2014
Newcastle United,Manchester City,0,2,A,2013-2014
Stoke City,Liverpool,3,5,A,2013-2014
Aston Villa,Arsenal,1,2,A,2013-2014
Sunderland,Southampton,2,2,D,2013-2014
Arsenal,Fulham,2,0,H,2013-2014
Crystal Palace,Stoke City,1,0,H,2013-2014
Manchester City,Cardiff City,4,2,H,2013-2014
Norwich City,Hull City,1,0,H,2013-2014
West Ham United,Newcastle United,1,3,A,2013-2014
Liverpool,Aston Villa,2,2,D,2013-2014
Swansea City,Tottenham Hotspur,1,3,A,2013-2014
Chelsea,Manchester United,3,1,H,2013-2014
West Bromwich Albion,Everton,1,1,D,2013-2014
Manchester United,Cardiff City,2,0,H,2013-2014
Norwich City,Newcastle United,0,0,D,2013-2014
Southampton,Arsenal,2,2,D,2013-2014
Swansea City,Fulham,2,0,H,2013-2014
Crystal Palace,Hull City,1,0,H,2013-2014
Liverpool,Everton,4,0,H,2013-2014
Aston Villa,West Bromwich Albion,4,3,H,2013-2014
Chelsea,West Ham United,0,0,D,2013-2014
Sunderland,Stoke City,1,0,H,2013-2014
Tottenham Hotspur,Manchester City,1,5,A,2013-2014
Newcastle United,Sunderland,0,3,A,2013-2014
West Ham United,Swansea City,2,0,H,2013-2014
Cardiff City,Norwich City,2,1,H,2013-2014
Everton,Aston Villa,2,1,H,2013-2014
Fulham,Southampton,0,3,A,2013-2014
Hull City,Tottenham Hotspur,1,1,D,2013-2014
Stoke City,Manchester United,2,1,H,2013-2014
West Bromwich Albion,Liverpool,1,1,D,2013-2014
Arsenal,Crystal Palace,2,0,H,2013-2014
Manchester City,Chelsea,0,1,A,2013-2014
Liverpool,Arsenal,5,1,H,2013-2014
Aston Villa,West Ham United,0,2,A,2013-2014
Chelsea,Newcastle United,3,0,H,2013-2014
Crystal Palace,West Bromwich Albion,3,1,H,2013-2014
Norwich City,Manchester City,0,0,D,2013-2014
Southampton,Stoke City,2,2,D,2013-2014
Sunderland,Hull City,0,2,A,2013-2014
Swansea City,Cardiff City,3,0,H,2013-2014
Tottenham Hotspur,Everton,1,0,H,2013-2014
Manchester United,Fulham,2,2,D,2013-2014
Cardiff City,Aston Villa,0,0,D,2013-2014
Hull City,Southampton,0,1,A,2013-2014
West Ham United,Norwich City,2,0,H,2013-2014
West Bromwich Albion,Chelsea,1,1,D,2013-2014
Arsenal,Manchester United,0,0,D,2013-2014
Newcastle United,Tottenham Hotspur,0,4,A,2013-2014
Stoke City,Swansea City,1,1,D,2013-2014
Fulham,Liverpool,2,3,A,2013-2014
Chelsea,Everton,1,0,H,2013-2014
Arsenal,Sunderland,4,1,H,2013-2014
Cardiff City,Hull City,0,4,A,2013-2014
Manchester City,Stoke City,1,0,H,2013-2014
West Bromwich Albion,Fulham,1,1,D,2013-2014
West Ham United,Southampton,3,1,H,2013-2014
Crystal Palace,Manchester United,0,2,A,2013-2014
Liverpool,Swansea City,4,3,H,2013-2014
Newcastle United,Aston Villa,1,0,H,2013-2014
Norwich City,Tottenham Hotspur,1,0,H,2013-2014
Everton,West Ham United,1,0,H,2013-2014
Fulham,Chelsea,1,3,A,2013-2014
Hull City,Newcastle United,1,4,A,2013-2014
Stoke City,Arsenal,1,0,H,2013-2014
Southampton,Liverpool,0,3,A,2013-2014
Aston Villa,Norwich City,4,1,H,2013-2014
Swansea City,Crystal Palace,1,1,D,2013-2014
Tottenham Hotspur,Cardiff City,1,0,H,2013-2014
West Bromwich Albion,Manchester United,0,3,A,2013-2014
Cardiff City,Fulham,3,1,H,2013-2014
Crystal Palace,Southampton,0,1,A,2013-2014
Norwich City,Stoke City,1,1,D,2013-2014
Chelsea,Tottenham Hotspur,4,0,H,2013-2014
Hull City,Manchester City,0,2,A,2013-2014
Everton,Cardiff City,2,1,H,2013-2014
Fulham,Newcastle United,1,0,H,2013-2014
Southampton,Norwich City,4,2,H,2013-2014
Stoke City,West Ham United,3,1,H,2013-2014
Sunderland,Crystal Palace,0,0,D,2013-2014
Swansea City,West Bromwich Albion,1,2,A,2013-2014
Aston Villa,Chelsea,1,0,H,2013-2014
Manchester United,Liverpool,0,3,A,2013-2014
Tottenham Hotspur,Arsenal,0,1,A,2013-2014
Chelsea,Arsenal,6,0,H,2013-2014
Cardiff City,Liverpool,3,6,A,2013-2014
Everton,Swansea City,3,2,H,2013-2014
Hull City,West Bromwich Albion,2,0,H,2013-2014
Manchester City,Fulham,5,0,H,2013-2014
Newcastle United,Crystal Palace,1,0,H,2013-2014
Norwich City,Sunderland,2,0,H,2013-2014
West Ham United,Manchester United,0,2,A,2013-2014
Tottenham Hotspur,Southampton,3,2,H,2013-2014
Aston Villa,Stoke City,1,4,A,2013-2014
Arsenal,Swansea City,2,2,D,2013-2014
Manchester United,Manchester City,0,3,A,2013-2014
Newcastle United,Everton,0,3,A,2013-2014
West Ham United,Hull City,2,1,H,2013-2014
Liverpool,Sunderland,2,1,H,2013-2014
Manchester United,Aston Villa,4,1,H,2013-2014
Crystal Palace,Chelsea,1,0,H,2013-2014
Southampton,Newcastle United,4,0,H,2013-2014
Stoke City,Hull City,1,0,H,2013-2014
Swansea City,Norwich City,3,0,H,2013-2014
West Bromwich Albion,Cardiff City,3,3,D,2013-2014
Arsenal,Manchester City,1,1,D,2013-2014
Fulham,Everton,1,3,A,2013-2014
Liverpool,Tottenham Hotspur,4,0,H,2013-2014
Sunderland,West Ham United,1,2,A,2013-2014
Manchester City,Southampton,4,1,H,2013-2014
Aston Villa,Fulham,1,2,A,2013-2014
Cardiff City,Crystal Palace,0,3,A,2013-2014
Hull City,Swansea City,1,0,H,2013-2014
Newcastle United,Manchester United,0,4,A,2013-2014
Norwich City,West Bromwich Albion,0,1,A,2013-2014
Chelsea,Stoke City,3,0,H,2013-2014
Everton,Arsenal,3,0,H,2013-2014
West Ham United,Liverpool,1,2,A,2013-2014
Tottenham Hotspur,Sunderland,5,1,H,2013-2014
Crystal Palace,Aston Villa,1,0,H,2013-2014
Fulham,Norwich City,1,0,H,2013-2014
Southampton,Cardiff City,0,1,A,2013-2014
Stoke City,Newcastle United,1,0,H,2013-2014
Sunderland,Everton,0,1,A,2013-2014
West Bromwich Albion,Tottenham Hotspur,3,3,D,2013-2014
Liverpool,Manchester City,3,2,H,2013-2014
Swansea City,Chelsea,0,1,A,2013-2014
Arsenal,West Ham United,3,1,H,2013-2014
Everton,Crystal Palace,2,3,A,2013-2014
Manchester City,Sunderland,2,2,D,2013-2014
Tottenham Hotspur,Fulham,3,1,H,2013-2014
Aston Villa,Southampton,0,0,D,2013-2014
Cardiff City,Stoke City,1,1,D,2013-2014
Newcastle United,Swansea City,1,2,A,2013-2014
West Ham United,Crystal Palace,0,1,A,2013-2014
Chelsea,Sunderland,1,2,A,2013-2014
Norwich City,Liverpool,2,3,A,2013-2014
Hull City,Arsenal,0,3,A,2013-2014
Everton,Manchester United,2,0,H,2013-2014
Manchester City,West Bromwich Albion,3,1,H,2013-2014
Southampton,Everton,2,0,H,2013-2014
Fulham,Hull City,2,2,D,2013-2014
Stoke City,Tottenham Hotspur,0,1,A,2013-2014
Swansea City,Aston Villa,4,1,H,2013-2014
West Bromwich Albion,West Ham United,1,0,H,2013-2014
Manchester United,Norwich City,4,0,H,2013-2014
Sunderland,Cardiff City,4,0,H,2013-2014
Liverpool,Chelsea,0,2,A,2013-2014
Crystal Palace,Manchester City,0,2,A,2013-2014
Arsenal,Newcastle United,3,0,H,2013-2014
West Ham United,Tottenham Hotspur,2,0,H,2013-2014
Aston Villa,Hull City,3,1,H,2013-2014
Manchester United,Sunderland,0,1,A,2013-2014
Newcastle United,Cardiff City,3,0,H,2013-2014
Stoke City,Fulham,4,1,H,2013-2014
Swansea City,Southampton,0,1,A,2013-2014
Everton,Manchester City,2,3,A,2013-2014
Arsenal,West Bromwich Albion,1,0,H,2013-2014
Chelsea,Norwich City,0,0,D,2013-2014
Crystal Palace,Liverpool,3,3,D,2013-2014
Manchester United,Hull City,3,1,H,2013-2014
Manchester City,Aston Villa,4,0,H,2013-2014
Sunderland,West Bromwich Albion,2,0,H,2013-2014
Cardiff City,Chelsea,1,2,A,2013-2014
Fulham,Crystal Palace,2,2,D,2013-2014
Hull City,Everton,0,2,A,2013-2014
Liverpool,Newcastle United,2,1,H,2013-2014
Manchester City,West Ham United,2,0,H,2013-2014
Norwich City,Arsenal,0,2,A,2013-2014
Southampton,Manchester United,1,1,D,2013-2014
Sunderland,Swansea City,1,3,A,2013-2014
Tottenham Hotspur,Aston Villa,3,0,H,2013-2014
West Bromwich Albion,Stoke City,1,2,A,2013-2014
Manchester United,Swansea City,1,2,A,2014-2015
Leicester City,Everton,2,2,D,2014-2015
Queens Park Rangers,Hull City,0,1,A,2014-2015
Stoke City,Aston Villa,0,1,A,2014-2015
West Bromwich Albion,Sunderland,2,2,D,2014-2015
West Ham United,Tottenham Hotspur,0,1,A,2014-2015
Arsenal,Crystal Palace,2,1,H,2014-2015
Liverpool,Southampton,2,1,H,2014-2015
Newcastle United,Manchester City,0,2,A,2014-2015
Burnley,Chelsea,1,3,A,2014-2015
Aston Villa,Newcastle United,0,0,D,2014-2015
Chelsea,Leicester City,2,0,H,2014-2015
Crystal Palace,West Ham United,1,3,A,2014-2015
Southampton,West Bromwich Albion,0,0,D,2014-2015
Swansea City,Burnley,1,0,H,2014-2015
Everton,Arsenal,2,2,D,2014-2015
Hull City,Stoke City,1,1,D,2014-2015
Tottenham Hotspur,Queens Park Rangers,4,0,H,2014-2015
Sunderland,Manchester United,1,1,D,2014-2015
Manchester City,Liverpool,3,1,H,2014-2015
Burnley,Manchester United,0,0,D,2014-2015
Manchester City,Stoke City,0,1,A,2014-2015
Newcastle United,Crystal Palace,3,3,D,2014-2015
Queens Park Rangers,Sunderland,1,0,H,2014-2015
Swansea City,West Bromwich Albion,3,0,H,2014-2015
West Ham United,Southampton,1,3,A,2014-2015
Everton,Chelsea,3,6,A,2014-2015
Aston Villa,Hull City,2,1,H,2014-2015
Tottenham Hotspur,Liverpool,0,3,A,2014-2015
Leicester City,Arsenal,1,1,D,2014-2015
Arsenal,Manchester City,2,2,D,2014-2015
Chelsea,Swansea City,4,2,H,2014-2015
Crystal Palace,Burnley,0,0,D,2014-2015
Southampton,Newcastle United,4,0,H,2014-2015
Stoke City,Leicester City,0,1,A,2014-2015
Sunderland,Tottenham Hotspur,2,2,D,2014-2015
West Bromwich Albion,Everton,0,2,A,2014-2015
Liverpool,Aston Villa,0,1,A,2014-2015
Manchester United,Queens Park Rangers,4,0,H,2014-2015
Hull City,West Ham United,2,2,D,2014-2015
Queens Park Rangers,Stoke City,2,2,D,2014-2015
Aston Villa,Arsenal,0,3,A,2014-2015
Burnley,Sunderland,0,0,D,2014-2015
Newcastle United,Hull City,2,2,D,2014-2015
Swansea City,Southampton,0,1,A,2014-2015
West Ham United,Liverpool,3,1,H,2014-2015
Leicester City,Manchester United,5,3,H,2014-2015
Tottenham Hotspur,West Bromwich Albion,0,1,A,2014-2015
Everton,Crystal Palace,2,3,A,2014-2015
Manchester City,Chelsea,1,1,D,2014-2015
Liverpool,Everton,1,1,D,2014-2015
Chelsea,Aston Villa,3,0,H,2014-2015
Crystal Palace,Leicester City,2,0,H,2014-2015
Hull City,Manchester City,2,4,A,2014-2015
Manchester United,West Ham United,2,1,H,2014-2015
Southampton,Queens Park Rangers,2,1,H,2014-2015
Sunderland,Swansea City,0,0,D,2014-2015
Arsenal,Tottenham Hotspur,1,1,D,2014-2015
West Bromwich Albion,Burnley,4,0,H,2014-2015
Stoke City,Newcastle United,1,0,H,2014-2015
Hull City,Crystal Palace,2,0,H,2014-2015
Leicester City,Burnley,2,2,D,2014-2015
Liverpool,West Bromwich Albion,2,1,H,2014-2015
Sunderland,Stoke City,3,1,H,2014-2015
Swansea City,Newcastle United,2,2,D,2014-2015
Aston Villa,Manchester City,0,2,A,2014-2015
Manchester United,Everton,2,1,H,2014-2015
Chelsea,Arsenal,2,0,H,2014-2015
Tottenham Hotspur,Southampton,1,0,H,2014-2015
West Ham United,Queens Park Rangers,2,0,H,2014-2015
Manchester City,Tottenham Hotspur,4,1,H,2014-2015
Arsenal,Hull City,2,2,D,2014-2015
Burnley,West Ham United,1,3,A,2014-2015
Crystal Palace,Chelsea,1,2,A,2014-2015
Everton,Aston Villa,3,0,H,2014-2015
Newcastle United,Leicester City,1,0,H,2014-2015
Southampton,Sunderland,8,0,H,2014-2015
Queens Park Rangers,Liverpool,2,3,A,2014-2015
Stoke City,Swansea City,2,1,H,2014-2015
West Bromwich Albion,Manchester United,2,2,D,2014-2015
West Ham United,Manchester City,2,1,H,2014-2015
Liverpool,Hull City,0,0,D,2014-2015
Southampton,Stoke City,1,0,H,2014-2015
Sunderland,Arsenal,0,2,A,2014-2015
West Bromwich Albion,Crystal Palace,2,2,D,2014-2015
Swansea City,Leicester City,2,0,H,2014-2015
Burnley,Everton,1,3,A,2014-2015
Tottenham Hotspur,Newcastle United,1,2,A,2014-2015
Manchester United,Chelsea,1,1,D,2014-2015
Queens Park Rangers,Aston Villa,2,0,H,2014-2015
Newcastle United,Liverpool,1,0,H,2014-2015
Arsenal,Burnley,3,0,H,2014-2015
Chelsea,Queens Park Rangers,2,1,H,2014-2015
Everton,Swansea City,0,0,D,2014-2015
Hull City,Southampton,0,1,A,2014-2015
Leicester City,West Bromwich Albion,0,1,A,2014-2015
Stoke City,West Ham United,2,2,D,2014-2015
Manchester City,Manchester United,1,0,H,2014-2015
Aston Villa,Tottenham Hotspur,1,2,A,2014-2015
Crystal Palace,Sunderland,1,3,A,2014-2015
Liverpool,Chelsea,1,2,A,2014-2015
Burnley,Hull City,1,0,H,2014-2015
Manchester United,Crystal Palace,1,0,H,2014-2015
Southampton,Leicester City,2,0,H,2014-2015
West Ham United,Aston Villa,0,0,D,2014-2015
Queens Park Rangers,Manchester City,2,2,D,2014-2015
Sunderland,Everton,1,1,D,2014-2015
Tottenham Hotspur,Stoke City,1,2,A,2014-2015
West Bromwich Albion,Newcastle United,0,2,A,2014-2015
Swansea City,Arsenal,2,1,H,2014-2015
Chelsea,West Bromwich Albion,2,0,H,2014-2015
Everton,West Ham United,2,1,H,2014-2015
Leicester City,Sunderland,0,0,D,2014-2015
Manchester City,Swansea City,2,1,H,2014-2015
Newcastle United,Queens Park Rangers,1,0,H,2014-2015
Stoke City,Burnley,1,2,A,2014-2015
Arsenal,Manchester United,1,2,A,2014-2015
Crystal Palace,Liverpool,3,1,H,2014-2015
Hull City,Tottenham Hotspur,1,2,A,2014-2015
Aston Villa,Southampton,1,1,D,2014-2015
West Bromwich Albion,Arsenal,0,1,A,2014-2015
Burnley,Aston Villa,1,1,D,2014-2015
Liverpool,Stoke City,1,0,H,2014-2015
Manchester United,Hull City,3,0,H,2014-2015
Queens Park Rangers,Leicester City,3,2,H,2014-2015
Swansea City,Crystal Palace,1,1,D,2014-2015
West Ham United,Newcastle United,1,0,H,2014-2015
Sunderland,Chelsea,0,0,D,2014-2015
Southampton,Manchester City,0,3,A,2014-2015
Tottenham Hotspur,Everton,2,1,H,2014-2015
Burnley,Newcastle United,1,1,D,2014-2015
Leicester City,Liverpool,1,3,A,2014-2015
Manchester United,Stoke City,2,1,H,2014-2015
Swansea City,Queens Park Rangers,2,0,H,2014-2015
Crystal Palace,Aston Villa,0,1,A,2014-2015
West Bromwich Albion,West Ham United,1,2,A,2014-2015
Arsenal,Southampton,1,0,H,2014-2015
Chelsea,Tottenham Hotspur,3,0,H,2014-2015
Everton,Hull City,1,1,D,2014-2015
Sunderland,Manchester City,1,4,A,2014-2015
Newcastle United,Chelsea,2,1,H,2014-2015
Hull City,West Bromwich Albion,0,0,D,2014-2015
Liverpool,Sunderland,0,0,D,2014-2015
Queens Park Rangers,Burnley,2,0,H,2014-2015
Stoke City,Arsenal,3,2,H,2014-2015
Tottenham Hotspur,Crystal Palace,0,0,D,2014-2015
Manchester City,Everton,1,0,H,2014-2015
West Ham United,Swansea City,3,1,H,2014-2015
Aston Villa,Leicester City,2,1,H,2014-2015
Southampton,Manchester United,1,2,A,2014-2015
Burnley,Southampton,1,0,H,2014-2015
Chelsea,Hull City,2,0,H,2014-2015
Crystal Palace,Stoke City,1,1,D,2014-2015
Leicester City,Manchester City,0,1,A,2014-2015
Sunderland,West Ham United,1,1,D,2014-2015
West Bromwich Albion,Aston Villa,1,0,H,2014-2015
Arsenal,Newcastle United,4,1,H,2014-2015
Manchester United,Liverpool,3,0,H,2014-2015
Swansea City,Tottenham Hotspur,1,2,A,2014-2015
Everton,Queens Park Rangers,3,1,H,2014-2015
Manchester City,Crystal Palace,3,0,H,2014-2015
Aston Villa,Manchester United,1,1,D,2014-2015
Hull City,Swansea City,0,1,A,2014-2015
Queens Park Rangers,West Bromwich Albion,3,2,H,2014-2015
Southampton,Everton,3,0,H,2014-2015
Tottenham Hotspur,Burnley,2,1,H,2014-2015
West Ham United,Leicester City,2,0,H,2014-2015
Newcastle United,Sunderland,0,1,A,2014-2015
Liverpool,Arsenal,2,2,D,2014-2015
Stoke City,Chelsea,0,2,A,2014-2015
Chelsea,West Ham United,2,0,H,2014-2015
Burnley,Liverpool,0,1,A,2014-2015
Crystal Palace,Southampton,1,3,A,2014-2015
Everton,Stoke City,0,1,A,2014-2015
Leicester City,Tottenham Hotspur,1,2,A,2014-2015
Manchester United,Newcastle United,3,1,H,2014-2015
Sunderland,Hull City,1,3,A,2014-2015
Swansea City,Aston Villa,1,0,H,2014-2015
West Bromwich Albion,Manchester City,1,3,A,2014-2015
Arsenal,Queens Park Rangers,2,1,H,2014-2015
Tottenham Hotspur,Manchester United,0,0,D,2014-2015
Southampton,Chelsea,1,1,D,2014-2015
Aston Villa,Sunderland,0,0,D,2014-2015
Hull City,Leicester City,0,1,A,2014-2015
Manchester City,Burnley,2,2,D,2014-2015
Queens Park Rangers,Crystal Palace,0,0,D,2014-2015
Stoke City,West Bromwich Albion,2,0,H,2014-2015
West Ham United,Arsenal,1,2,A,2014-2015
Newcastle United,Everton,3,2,H,2014-2015
Liverpool,Swansea City,4,1,H,2014-2015
Stoke City,Manchester United,1,1,D,2014-2015
Aston Villa,Crystal Palace,0,0,D,2014-2015
Hull City,Everton,2,0,H,2014-2015
Liverpool,Leicester City,2,2,D,2014-2015
Manchester City,Sunderland,3,2,H,2014-2015
Newcastle United,Burnley,3,3,D,2014-2015
Queens Park Rangers,Swansea City,1,1,D,2014-2015
Southampton,Arsenal,2,0,H,2014-2015
West Ham United,West Bromwich Albion,1,1,D,2014-2015
Tottenham Hotspur,Chelsea,5,3,H,2014-2015
Sunderland,Liverpool,0,1,A,2014-2015
Burnley,Queens Park Rangers,2,1,H,2014-2015
Chelsea,Newcastle United,2,0,H,2014-2015
Everton,Manchester City,1,1,D,2014-2015
Leicester City,Aston Villa,1,0,H,2014-2015
Swansea City,West Ham United,1,1,D,2014-2015
West Bromwich Albion,Hull City,1,0,H,2014-2015
Crystal Palace,Tottenham Hotspur,2,1,H,2014-2015
Arsenal,Stoke City,3,0,H,2014-2015
Manchester United,Southampton,0,1,A,2014-2015
Aston Villa,Liverpool,0,2,A,2014-2015
Burnley,Crystal Palace,2,3,A,2014-2015
Leicester City,Stoke City,0,1,A,2014-2015
Queens Park Rangers,Manchester United,0,2,A,2014-2015
Swansea City,Chelsea,0,5,A,2014-2015
Tottenham Hotspur,Sunderland,2,1,H,2014-2015
Newcastle United,Southampton,1,2,A,2014-2015
West Ham United,Hull City,3,0,H,2014-2015
Manchester City,Arsenal,0,2,A,2014-2015
Everton,West Bromwich Albion,0,0,D,2014-2015
Hull City,Newcastle United,0,3,A,2014-2015
Crystal Palace,Everton,0,1,A,2014-2015
Liverpool,West Ham United,2,0,H,2014-2015
Manchester United,Leicester City,3,1,H,2014-2015
Stoke City,Queens Park Rangers,3,1,H,2014-2015
Sunderland,Burnley,2,0,H,2014-2015
West Bromwich Albion,Tottenham Hotspur,0,3,A,2014-2015
Chelsea,Manchester City,1,1,D,2014-2015
Arsenal,Aston Villa,5,0,H,2014-2015
Southampton,Swansea City,0,1,A,2014-2015
Tottenham Hotspur,Arsenal,2,1,H,2014-2015
Aston Villa,Chelsea,1,2,A,2014-2015
Leicester City,Crystal Palace,0,1,A,2014-2015
Manchester City,Hull City,1,1,D,2014-2015
Queens Park Rangers,Southampton,0,1,A,2014-2015
Swansea City,Sunderland,1,1,D,2014-2015
Everton,Liverpool,0,0,D,2014-2015
Burnley,West Bromwich Albion,2,2,D,2014-2015
Newcastle United,Stoke City,1,1,D,2014-2015
West Ham United,Manchester United,1,1,D,2014-2015
Arsenal,Leicester City,2,1,H,2014-2015
Hull City,Aston Villa,2,0,H,2014-2015
Sunderland,Queens Park Rangers,0,2,A,2014-2015
Liverpool,Tottenham Hotspur,3,2,H,2014-2015
Chelsea,Everton,1,0,H,2014-2015
Manchester United,Burnley,3,1,H,2014-2015
Southampton,West Ham United,0,0,D,2014-2015
Stoke City,Manchester City,1,4,A,2014-2015
Crystal Palace,Newcastle United,1,1,D,2014-2015
West Bromwich Albion,Swansea City,2,0,H,2014-2015
Aston Villa,Stoke City,1,2,A,2014-2015
Chelsea,Burnley,1,1,D,2014-2015
Crystal Palace,Arsenal,1,2,A,2014-2015
Hull City,Queens Park Rangers,2,1,H,2014-2015
Sunderland,West Bromwich Albion,0,0,D,2014-2015
Swansea City,Manchester United,2,1,H,2014-2015
Manchester City,Newcastle United,5,0,H,2014-2015
Tottenham Hotspur,West Ham United,2,2,D,2014-2015
Everton,Leicester City,2,2,D,2014-2015
Southampton,Liverpool,0,2,A,2014-2015
West Ham United,Crystal Palace,1,3,A,2014-2015
Burnley,Swansea City,0,1,A,2014-2015
Manchester United,Sunderland,2,0,H,2014-2015
Newcastle United,Aston Villa,1,0,H,2014-2015
Stoke City,Hull City,1,0,H,2014-2015
West Bromwich Albion,Southampton,1,0,H,2014-2015
Liverpool,Manchester City,2,1,H,2014-2015
Arsenal,Everton,2,0,H,2014-2015
Aston Villa,West Bromwich Albion,2,1,H,2014-2015
Hull City,Sunderland,1,1,D,2014-2015
Southampton,Crystal Palace,1,0,H,2014-2015
Manchester City,Leicester City,2,0,H,2014-2015
Newcastle United,Manchester United,0,1,A,2014-2015
Queens Park Rangers,Arsenal,1,2,A,2014-2015
Stoke City,Everton,2,0,H,2014-2015
Tottenham Hotspur,Swansea City,3,2,H,2014-2015
West Ham United,Chelsea,0,1,A,2014-2015
Liverpool,Burnley,2,0,H,2014-2015
Queens Park Rangers,Tottenham Hotspur,1,2,A,2014-2015
Crystal Palace,Queens Park Rangers,3,1,H,2014-2015
Arsenal,West Ham United,3,0,H,2014-2015
Leicester City,Hull City,0,0,D,2014-2015
Sunderland,Aston Villa,0,4,A,2014-2015
West Bromwich Albion,Stoke City,1,0,H,2014-2015
Burnley,Manchester City,1,0,H,2014-2015
Chelsea,Southampton,1,1,D,2014-2015
Everton,Newcastle United,3,0,H,2014-2015
Manchester United,Tottenham Hotspur,3,0,H,2014-2015
Swansea City,Liverpool,0,1,A,2014-2015
Manchester City,West Bromwich Albion,3,0,H,2014-2015
Aston Villa,Swansea City,0,1,A,2014-2015
Newcastle United,Arsenal,1,2,A,2014-2015
Southampton,Burnley,2,0,H,2014-2015
Stoke City,Crystal Palace,1,2,A,2014-2015
Tottenham Hotspur,Leicester City,4,3,H,2014-2015
West Ham United,Sunderland,1,0,H,2014-2015
Liverpool,Manchester United,1,2,A,2014-2015
Hull City,Chelsea,2,3,A,2014-2015
Queens Park Rangers,Everton,1,2,A,2014-2015
Arsenal,Liverpool,4,1,H,2014-2015
Everton,Southampton,1,0,H,2014-2015
Leicester City,West Ham United,2,1,H,2014-2015
Manchester United,Aston Villa,3,1,H,2014-2015
Swansea City,Hull City,3,1,H,2014-2015
West Bromwich Albion,Queens Park Rangers,1,4,A,2014-2015
Chelsea,Stoke City,2,1,H,2014-2015
Burnley,Tottenham Hotspur,0,0,D,2014-2015
Sunderland,Newcastle United,1,0,H,2014-2015
Crystal Palace,Manchester City,2,1,H,2014-2015
Aston Villa,Queens Park Rangers,3,3,D,2014-2015
Swansea City,Everton,1,1,D,2014-2015
Southampton,Hull City,2,0,H,2014-2015
Sunderland,Crystal Palace,1,4,A,2014-2015
Tottenham Hotspur,Aston Villa,0,1,A,2014-2015
West Bromwich Albion,Leicester City,2,3,A,2014-2015
West Ham United,Stoke City,1,1,D,2014-2015
Burnley,Arsenal,0,1,A,2014-2015
Queens Park Rangers,Chelsea,0,1,A,2014-2015
Manchester United,Manchester City,4,2,H,2014-2015
Liverpool,Newcastle United,2,0,H,2014-2015
Crystal Palace,West Bromwich Albion,0,2,A,2014-2015
Everton,Burnley,1,0,H,2014-2015
Leicester City,Swansea City,2,0,H,2014-2015
Stoke City,Southampton,2,1,H,2014-2015
Chelsea,Manchester United,1,0,H,2014-2015
Manchester City,West Ham United,2,0,H,2014-2015
Newcastle United,Tottenham Hotspur,1,3,A,2014-2015
Southampton,Tottenham Hotspur,2,2,D,2014-2015
Burnley,Leicester City,0,1,A,2014-2015
Crystal Palace,Hull City,0,2,A,2014-2015
Newcastle United,Swansea City,2,3,A,2014-2015
Queens Park Rangers,West Ham United,0,0,D,2014-2015
Stoke City,Sunderland,1,1,D,2014-2015
West Bromwich Albion,Liverpool,0,0,D,2014-2015
Manchester City,Aston Villa,3,2,H,2014-2015
Everton,Manchester United,3,0,H,2014-2015
Arsenal,Chelsea,0,0,D,2014-2015
Hull City,Liverpool,1,0,H,2014-2015
Leicester City,Chelsea,1,3,A,2014-2015
Leicester City,Newcastle United,3,0,H,2014-2015
Aston Villa,Everton,3,2,H,2014-2015
Liverpool,Queens Park Rangers,2,1,H,2014-2015
Sunderland,Southampton,2,1,H,2014-2015
Swansea City,Stoke City,2,0,H,2014-2015
West Ham United,Burnley,1,0,H,2014-2015
Manchester United,West Bromwich Albion,0,1,A,2014-2015
Chelsea,Crystal Palace,1,0,H,2014-2015
Tottenham Hotspur,Manchester City,0,1,A,2014-2015
Hull City,Arsenal,1,3,A,2014-2015
Everton,Sunderland,0,2,A,2014-2015
Aston Villa,West Ham United,1,0,H,2014-2015
Hull City,Burnley,0,1,A,2014-2015
Leicester City,Southampton,2,0,H,2014-2015
Newcastle United,West Bromwich Albion,1,1,D,2014-2015
Stoke City,Tottenham Hotspur,3,0,H,2014-2015
Crystal Palace,Manchester United,1,2,A,2014-2015
Manchester City,Queens Park Rangers,6,0,H,2014-2015
Chelsea,Liverpool,1,1,D,2014-2015
Arsenal,Swansea City,0,1,A,2014-2015
Southampton,Aston Villa,6,1,H,2014-2015
Burnley,Stoke City,0,0,D,2014-2015
Queens Park Rangers,Newcastle United,2,1,H,2014-2015
Sunderland,Leicester City,0,0,D,2014-2015
Tottenham Hotspur,Hull City,2,0,H,2014-2015
West Ham United,Everton,1,2,A,2014-2015
Liverpool,Crystal Palace,1,3,A,2014-2015
Swansea City,Manchester City,2,4,A,2014-2015
Manchester United,Arsenal,1,1,D,2014-2015
West Bromwich Albion,Chelsea,3,0,H,2014-2015
Arsenal,Sunderland,0,0,D,2014-2015
Arsenal,West Bromwich Albion,4,1,H,2014-2015
Aston Villa,Burnley,0,1,A,2014-2015
Chelsea,Sunderland,3,1,H,2014-2015
Crystal Palace,Swansea City,1,0,H,2014-2015
Everton,Tottenham Hotspur,0,1,A,2014-2015
Hull City,Manchester United,0,0,D,2014-2015
Leicester City,Queens Park Rangers,5,1,H,2014-2015
Manchester City,Southampton,2,0,H,2014-2015
Newcastle United,West Ham United,2,0,H,2014-2015
Stoke City,Liverpool,6,1,H,2014-2015
Manchester United,Tottenham Hotspur,1,0,H,2015-2016
AFC Bournemouth,Aston Villa,0,1,A,2015-2016
Everton,Watford,2,2,D,2015-2016
Leicester City,Sunderland,4,2,H,2015-2016
Norwich City,Crystal Palace,1,3,A,2015-2016
Chelsea,Swansea City,2,2,D,2015-2016
Arsenal,West Ham United,0,2,A,2015-2016
Newcastle United,Southampton,2,2,D,2015-2016
Stoke City,Liverpool,0,1,A,2015-2016
West Bromwich Albion,Manchester City,0,3,A,2015-2016
Aston Villa,Manchester United,0,1,A,2015-2016
Southampton,Everton,0,3,A,2015-2016
Sunderland,Norwich City,1,3,A,2015-2016
Swansea City,Newcastle United,2,0,H,2015-2016
Tottenham Hotspur,Stoke City,2,2,D,2015-2016
Watford,West Bromwich Albion,0,0,D,2015-2016
West Ham United,Leicester City,1,2,A,2015-2016
Crystal Palace,Arsenal,1,2,A,2015-2016
Manchester City,Chelsea,3,0,H,2015-2016
Liverpool,AFC Bournemouth,1,0,H,2015-2016
Manchester United,Newcastle United,0,0,D,2015-2016
Crystal Palace,Aston Villa,2,1,H,2015-2016
Leicester City,Tottenham Hotspur,1,1,D,2015-2016
Norwich City,Stoke City,1,1,D,2015-2016
Sunderland,Swansea City,1,1,D,2015-2016
West Ham United,AFC Bournemouth,3,4,A,2015-2016
West Bromwich Albion,Chelsea,2,3,A,2015-2016
Everton,Manchester City,0,2,A,2015-2016
Watford,Southampton,0,0,D,2015-2016
Arsenal,Liverpool,0,0,D,2015-2016
Newcastle United,Arsenal,0,1,A,2015-2016
Aston Villa,Sunderland,2,2,D,2015-2016
AFC Bournemouth,Leicester City,1,1,D,2015-2016
Chelsea,Crystal Palace,1,2,A,2015-2016
Liverpool,West Ham United,0,3,A,2015-2016
Manchester City,Watford,2,0,H,2015-2016
Stoke City,West Bromwich Albion,0,1,A,2015-2016
Tottenham Hotspur,Everton,0,0,D,2015-2016
Southampton,Norwich City,3,0,H,2015-2016
Swansea City,Manchester United,2,1,H,2015-2016
Everton,Chelsea,3,1,H,2015-2016
Arsenal,Stoke City,2,0,H,2015-2016
Crystal Palace,Manchester City,0,1,A,2015-2016
Norwich City,AFC Bournemouth,3,1,H,2015-2016
Watford,Swansea City,1,0,H,2015-2016
West Bromwich Albion,Southampton,0,0,D,2015-2016
Manchester United,Liverpool,3,1,H,2015-2016
Sunderland,Tottenham Hotspur,0,1,A,2015-2016
Leicester City,Aston Villa,3,2,H,2015-2016
West Ham United,Newcastle United,2,0,H,2015-2016
Chelsea,Arsenal,2,0,H,2015-2016
Aston Villa,West Bromwich Albion,0,1,A,2015-2016
AFC Bournemouth,Sunderland,2,0,H,2015-2016
Newcastle United,Watford,1,2,A,2015-2016
Stoke City,Leicester City,2,2,D,2015-2016
Swansea City,Everton,0,0,D,2015-2016
Manchester City,West Ham United,1,2,A,2015-2016
Tottenham Hotspur,Crystal Palace,1,0,H,2015-2016
Liverpool,Norwich City,1,1,D,2015-2016
Southampton,Manchester United,2,3,A,2015-2016
Tottenham Hotspur,Manchester City,4,1,H,2015-2016
Leicester City,Arsenal,2,5,A,2015-2016
Liverpool,Aston Villa,3,2,H,2015-2016
Manchester United,Sunderland,3,0,H,2015-2016
Southampton,Swansea City,3,1,H,2015-2016
Stoke City,AFC Bournemouth,2,1,H,2015-2016
West Ham United,Norwich City,2,2,D,2015-2016
Newcastle United,Chelsea,2,2,D,2015-2016
Watford,Crystal Palace,0,1,A,2015-2016
West Bromwich Albion,Everton,2,3,A,2015-2016
Crystal Palace,West Bromwich Albion,2,0,H,2015-2016
Aston Villa,Stoke City,0,1,A,2015-2016
AFC Bournemouth,Watford,1,1,D,2015-2016
Manchester City,Newcastle United,6,1,H,2015-2016
Norwich City,Leicester City,1,2,A,2015-2016
Sunderland,West Ham United,2,2,D,2015-2016
Chelsea,Southampton,1,3,A,2015-2016
Everton,Liverpool,1,1,D,2015-2016
Arsenal,Manchester United,3,0,H,2015-2016
Swansea City,Tottenham Hotspur,2,2,D,2015-2016
Tottenham Hotspur,Liverpool,0,0,D,2015-2016
Chelsea,Aston Villa,2,0,H,2015-2016
Crystal Palace,West Ham United,1,3,A,2015-2016
Everton,Manchester United,0,3,A,2015-2016
Manchester City,AFC Bournemouth,5,1,H,2015-2016
Southampton,Leicester City,2,2,D,2015-2016
West Bromwich Albion,Sunderland,1,0,H,2015-2016
Watford,Arsenal,0,3,A,2015-2016
Newcastle United,Norwich City,6,2,H,2015-2016
Swansea City,Stoke City,0,1,A,2015-2016
Aston Villa,Swansea City,1,2,A,2015-2016
Leicester City,Crystal Palace,1,0,H,2015-2016
Norwich City,West Bromwich Albion,0,1,A,2015-2016
Stoke City,Watford,0,2,A,2015-2016
West Ham United,Chelsea,2,1,H,2015-2016
Arsenal,Everton,2,1,H,2015-2016
Sunderland,Newcastle United,3,0,H,2015-2016
AFC Bournemouth,Tottenham Hotspur,1,5,A,2015-2016
Manchester United,Manchester City,0,0,D,2015-2016
Liverpool,Southampton,1,1,D,2015-2016
Chelsea,Liverpool,1,3,A,2015-2016
Crystal Palace,Manchester United,0,0,D,2015-2016
Manchester City,Norwich City,2,1,H,2015-2016
Newcastle United,Stoke City,0,0,D,2015-2016
Swansea City,Arsenal,0,3,A,2015-2016
Watford,West Ham United,2,0,H,2015-2016
West Bromwich Albion,Leicester City,2,3,A,2015-2016
Everton,Sunderland,6,2,H,2015-2016
Southampton,AFC Bournemouth,2,0,H,2015-2016
Tottenham Hotspur,Aston Villa,3,1,H,2015-2016
AFC Bournemouth,Newcastle United,0,1,A,2015-2016
Leicester City,Watford,2,1,H,2015-2016
Manchester United,West Bromwich Albion,2,0,H,2015-2016
Norwich City,Swansea City,1,0,H,2015-2016
Sunderland,Southampton,0,1,A,2015-2016
West Ham United,Everton,1,1,D,2015-2016
Stoke City,Chelsea,1,0,H,2015-2016
Aston Villa,Manchester City,0,0,D,2015-2016
Arsenal,Tottenham Hotspur,1,1,D,2015-2016
Liverpool,Crystal Palace,1,2,A,2015-2016
Watford,Manchester United,1,2,A,2015-2016
Chelsea,Norwich City,1,0,H,2015-2016
Everton,Aston Villa,4,0,H,2015-2016
Newcastle United,Leicester City,0,3,A,2015-2016
Southampton,Stoke City,0,1,A,2015-2016
Swansea City,AFC Bournemouth,2,2,D,2015-2016
West Bromwich Albion,Arsenal,2,1,H,2015-2016
Manchester City,Liverpool,1,4,A,2015-2016
Tottenham Hotspur,West Ham United,4,1,H,2015-2016
Crystal Palace,Sunderland,0,1,A,2015-2016
Aston Villa,Watford,2,3,A,2015-2016
AFC Bournemouth,Everton,3,3,D,2015-2016
Crystal Palace,Newcastle United,5,1,H,2015-2016
Manchester City,Southampton,3,1,H,2015-2016
Sunderland,Stoke City,2,0,H,2015-2016
Leicester City,Manchester United,1,1,D,2015-2016
Tottenham Hotspur,Chelsea,0,0,D,2015-2016
West Ham United,West Bromwich Albion,1,1,D,2015-2016
Liverpool,Swansea City,1,0,H,2015-2016
Norwich City,Arsenal,1,1,D,2015-2016
Stoke City,Manchester City,2,0,H,2015-2016
Arsenal,Sunderland,3,1,H,2015-2016
Manchester United,West Ham United,0,0,D,2015-2016
Southampton,Aston Villa,1,1,D,2015-2016
Swansea City,Leicester City,0,3,A,2015-2016
Watford,Norwich City,2,0,H,2015-2016
West Bromwich Albion,Tottenham Hotspur,1,1,D,2015-2016
Chelsea,AFC Bournemouth,0,1,A,2015-2016
Newcastle United,Liverpool,2,0,H,2015-2016
Everton,Crystal Palace,1,1,D,2015-2016
Norwich City,Everton,1,1,D,2015-2016
Crystal Palace,Southampton,1,0,H,2015-2016
Manchester City,Swansea City,2,1,H,2015-2016
Sunderland,Watford,0,1,A,2015-2016
West Ham United,Stoke City,0,0,D,2015-2016
AFC Bournemouth,Manchester United,2,1,H,2015-2016
Aston Villa,Arsenal,0,2,A,2015-2016
Liverpool,West Bromwich Albion,2,2,D,2015-2016
Tottenham Hotspur,Newcastle United,1,2,A,2015-2016
Leicester City,Chelsea,2,1,H,2015-2016
Chelsea,Sunderland,3,1,H,2015-2016
Everton,Leicester City,2,3,A,2015-2016
Manchester United,Norwich City,1,2,A,2015-2016
Southampton,Tottenham Hotspur,0,2,A,2015-2016
Stoke City,Crystal Palace,1,2,A,2015-2016
West Bromwich Albion,AFC Bournemouth,1,2,A,2015-2016
Newcastle United,Aston Villa,1,1,D,2015-2016
Watford,Liverpool,3,0,H,2015-2016
Swansea City,West Ham United,0,0,D,2015-2016
Arsenal,Manchester City,2,1,H,2015-2016
Stoke City,Manchester United,2,0,H,2015-2016
Aston Villa,West Ham United,1,1,D,2015-2016
AFC Bournemouth,Crystal Palace,0,0,D,2015-2016
Chelsea,Watford,2,2,D,2015-2016
Liverpool,Leicester City,1,0,H,2015-2016
Manchester City,Sunderland,4,1,H,2015-2016
Swansea City,West Bromwich Albion,1,0,H,2015-2016
Tottenham Hotspur,Norwich City,3,0,H,2015-2016
Newcastle United,Everton,0,1,A,2015-2016
Southampton,Arsenal,4,0,H,2015-2016
Crystal Palace,Swansea City,0,0,D,2015-2016
Everton,Stoke City,3,4,A,2015-2016
Norwich City,Aston Villa,2,0,H,2015-2016
Watford,Tottenham Hotspur,1,2,A,2015-2016
West Bromwich Albion,Newcastle United,1,0,H,2015-2016
Arsenal,AFC Bournemouth,2,0,H,2015-2016
Manchester United,Chelsea,0,0,D,2015-2016
West Ham United,Southampton,2,1,H,2015-2016
Leicester City,Manchester City,0,0,D,2015-2016
Sunderland,Liverpool,0,1,A,2015-2016
West Ham United,Liverpool,2,0,H,2015-2016
Arsenal,Newcastle United,1,0,H,2015-2016
Leicester City,AFC Bournemouth,0,0,D,2015-2016
Manchester United,Swansea City,2,1,H,2015-2016
Norwich City,Southampton,1,0,H,2015-2016
Sunderland,Aston Villa,3,1,H,2015-2016
West Bromwich Albion,Stoke City,2,1,H,2015-2016
Watford,Manchester City,1,2,A,2015-2016
Crystal Palace,Chelsea,0,3,A,2015-2016
Everton,Tottenham Hotspur,1,1,D,2015-2016
Aston Villa,Crystal Palace,1,0,H,2015-2016
AFC Bournemouth,West Ham United,1,3,A,2015-2016
Newcastle United,Manchester United,3,3,D,2015-2016
Chelsea,West Bromwich Albion,2,2,D,2015-2016
Manchester City,Everton,0,0,D,2015-2016
Southampton,Watford,2,0,H,2015-2016
Stoke City,Norwich City,3,1,H,2015-2016
Swansea City,Sunderland,2,4,A,2015-2016
Liverpool,Arsenal,3,3,D,2015-2016
Tottenham Hotspur,Leicester City,0,1,A,2015-2016
Tottenham Hotspur,Sunderland,4,1,H,2015-2016
AFC Bournemouth,Norwich City,3,0,H,2015-2016
Chelsea,Everton,3,3,D,2015-2016
Manchester City,Crystal Palace,4,0,H,2015-2016
Newcastle United,West Ham United,2,1,H,2015-2016
Southampton,West Bromwich Albion,3,0,H,2015-2016
Aston Villa,Leicester City,1,1,D,2015-2016
Liverpool,Manchester United,0,1,A,2015-2016
Stoke City,Arsenal,0,0,D,2015-2016
Swansea City,Watford,1,0,H,2015-2016
Norwich City,Liverpool,4,5,A,2015-2016
Crystal Palace,Tottenham Hotspur,1,3,A,2015-2016
Leicester City,Stoke City,3,0,H,2015-2016
Manchester United,Southampton,0,1,A,2015-2016
Sunderland,AFC Bournemouth,1,1,D,2015-2016
Watford,Newcastle United,2,1,H,2015-2016
West Bromwich Albion,Aston Villa,0,0,D,2015-2016
West Ham United,Manchester City,2,2,D,2015-2016
Everton,Swansea City,1,2,A,2015-2016
Arsenal,Chelsea,0,1,A,2015-2016
Arsenal,Southampton,0,0,D,2015-2016
Leicester City,Liverpool,2,0,H,2015-2016
Norwich City,Tottenham Hotspur,0,3,A,2015-2016
Sunderland,Manchester City,0,1,A,2015-2016
West Ham United,Aston Villa,2,0,H,2015-2016
Crystal Palace,AFC Bournemouth,1,2,A,2015-2016
Manchester United,Stoke City,3,0,H,2015-2016
West Bromwich Albion,Swansea City,1,1,D,2015-2016
Everton,Newcastle United,3,0,H,2015-2016
Watford,Chelsea,0,0,D,2015-2016
Manchester City,Leicester City,1,3,A,2015-2016
Aston Villa,Norwich City,2,0,H,2015-2016
Liverpool,Sunderland,2,2,D,2015-2016
Newcastle United,West Bromwich Albion,1,0,H,2015-2016
Stoke City,Everton,0,3,A,2015-2016
Swansea City,Crystal Palace,1,1,D,2015-2016
Tottenham Hotspur,Watford,1,0,H,2015-2016
Southampton,West Ham United,1,0,H,2015-2016
AFC Bournemouth,Arsenal,0,2,A,2015-2016
Chelsea,Manchester United,1,1,D,2015-2016
Sunderland,Manchester United,2,1,H,2015-2016
AFC Bournemouth,Stoke City,1,3,A,2015-2016
Crystal Palace,Watford,1,2,A,2015-2016
Everton,West Bromwich Albion,0,1,A,2015-2016
Norwich City,West Ham United,2,2,D,2015-2016
Swansea City,Southampton,0,1,A,2015-2016
Chelsea,Newcastle United,5,1,H,2015-2016
Arsenal,Leicester City,2,1,H,2015-2016
Aston Villa,Liverpool,0,6,A,2015-2016
Manchester City,Tottenham Hotspur,1,2,A,2015-2016
West Ham United,Sunderland,1,0,H,2015-2016
Leicester City,Norwich City,1,0,H,2015-2016
Southampton,Chelsea,1,2,A,2015-2016
Stoke City,Aston Villa,2,1,H,2015-2016
Watford,AFC Bournemouth,0,0,D,2015-2016
West Bromwich Albion,Crystal Palace,3,2,H,2015-2016
Manchester United,Arsenal,3,2,H,2015-2016
Tottenham Hotspur,Swansea City,2,1,H,2015-2016
Aston Villa,Everton,1,3,A,2015-2016
AFC Bournemouth,Southampton,2,0,H,2015-2016
Leicester City,West Bromwich Albion,2,2,D,2015-2016
Norwich City,Chelsea,1,2,A,2015-2016
Sunderland,Crystal Palace,2,2,D,2015-2016
Arsenal,Swansea City,1,2,A,2015-2016
Stoke City,Newcastle United,1,0,H,2015-2016
West Ham United,Tottenham Hotspur,1,0,H,2015-2016
Liverpool,Manchester City,3,0,H,2015-2016
Manchester United,Watford,1,0,H,2015-2016
Tottenham Hotspur,Arsenal,2,2,D,2015-2016
Chelsea,Stoke City,1,1,D,2015-2016
Everton,West Ham United,2,3,A,2015-2016
Manchester City,Aston Villa,4,0,H,2015-2016
Newcastle United,AFC Bournemouth,1,3,A,2015-2016
Southampton,Sunderland,1,1,D,2015-2016
Swansea City,Norwich City,1,0,H,2015-2016
Watford,Leicester City,0,1,A,2015-2016
Crystal Palace,Liverpool,1,2,A,2015-2016
West Bromwich Albion,Manchester United,1,0,H,2015-2016
Norwich City,Manchester City,0,0,D,2015-2016
AFC Bournemouth,Swansea City,3,2,H,2015-2016
Stoke City,Southampton,1,2,A,2015-2016
Aston Villa,Tottenham Hotspur,0,2,A,2015-2016
Leicester City,Newcastle United,1,0,H,2015-2016
Everton,Arsenal,0,2,A,2015-2016
Chelsea,West Ham United,2,2,D,2015-2016
Crystal Palace,Leicester City,0,1,A,2015-2016
Watford,Stoke City,1,2,A,2015-2016
West Bromwich Albion,Norwich City,0,1,A,2015-2016
Swansea City,Aston Villa,1,0,H,2015-2016
Newcastle United,Sunderland,1,1,D,2015-2016
Southampton,Liverpool,3,2,H,2015-2016
Manchester City,Manchester United,0,1,A,2015-2016
Tottenham Hotspur,AFC Bournemouth,3,0,H,2015-2016
Aston Villa,Chelsea,0,4,A,2015-2016
Arsenal,Watford,4,0,H,2015-2016
AFC Bournemouth,Manchester City,0,4,A,2015-2016
Norwich City,Newcastle United,3,2,H,2015-2016
Stoke City,Swansea City,2,2,D,2015-2016
Sunderland,West Bromwich Albion,0,0,D,2015-2016
West Ham United,Crystal Palace,2,2,D,2015-2016
Liverpool,Tottenham Hotspur,1,1,D,2015-2016
Leicester City,Southampton,1,0,H,2015-2016
Manchester United,Everton,1,0,H,2015-2016
West Ham United,Arsenal,3,3,D,2015-2016
Aston Villa,AFC Bournemouth,1,2,A,2015-2016
Crystal Palace,Norwich City,1,0,H,2015-2016
Southampton,Newcastle United,3,1,H,2015-2016
Swansea City,Chelsea,1,0,H,2015-2016
Watford,Everton,1,1,D,2015-2016
Manchester City,West Bromwich Albion,2,1,H,2015-2016
Sunderland,Leicester City,0,2,A,2015-2016
Liverpool,Stoke City,4,1,H,2015-2016
Tottenham Hotspur,Manchester United,3,0,H,2015-2016
Crystal Palace,Everton,0,0,D,2015-2016
Norwich City,Sunderland,0,3,A,2015-2016
Everton,Southampton,1,1,D,2015-2016
Manchester United,Aston Villa,1,0,H,2015-2016
Newcastle United,Swansea City,3,0,H,2015-2016
West Bromwich Albion,Watford,0,1,A,2015-2016
Chelsea,Manchester City,0,3,A,2015-2016
AFC Bournemouth,Liverpool,1,2,A,2015-2016
Leicester City,West Ham United,2,2,D,2015-2016
Arsenal,Crystal Palace,1,1,D,2015-2016
Stoke City,Tottenham Hotspur,0,4,A,2015-2016
Newcastle United,Manchester City,1,1,D,2015-2016
West Ham United,Watford,3,1,H,2015-2016
Liverpool,Everton,4,0,H,2015-2016
Manchester United,Crystal Palace,2,0,H,2015-2016
Arsenal,West Bromwich Albion,2,0,H,2015-2016
Manchester City,Stoke City,4,0,H,2015-2016
Aston Villa,Southampton,2,4,A,2015-2016
AFC Bournemouth,Chelsea,1,4,A,2015-2016
Liverpool,Newcastle United,2,2,D,2015-2016
Sunderland,Arsenal,0,0,D,2015-2016
Leicester City,Swansea City,4,0,H,2015-2016
Tottenham Hotspur,West Bromwich Albion,1,1,D,2015-2016
Everton,AFC Bournemouth,2,1,H,2015-2016
Newcastle United,Crystal Palace,1,0,H,2015-2016
Stoke City,Sunderland,1,1,D,2015-2016
Watford,Aston Villa,3,2,H,2015-2016
West Bromwich Albion,West Ham United,0,3,A,2015-2016
Arsenal,Norwich City,1,0,H,2015-2016
Swansea City,Liverpool,3,1,H,2015-2016
Manchester United,Leicester City,1,1,D,2015-2016
Southampton,Manchester City,4,2,H,2015-2016
Chelsea,Tottenham Hotspur,2,2,D,2015-2016
Norwich City,Manchester United,0,1,A,2015-2016
Aston Villa,Newcastle United,0,0,D,2015-2016
AFC Bournemouth,West Bromwich Albion,1,1,D,2015-2016
Crystal Palace,Stoke City,2,1,H,2015-2016
Sunderland,Chelsea,3,2,H,2015-2016
West Ham United,Swansea City,1,4,A,2015-2016
Leicester City,Everton,3,1,H,2015-2016
Tottenham Hotspur,Southampton,1,2,A,2015-2016
Liverpool,Watford,2,0,H,2015-2016
Manchester City,Arsenal,2,2,D,2015-2016
West Ham United,Manchester United,3,2,H,2015-2016
Norwich City,Watford,4,2,H,2015-2016
Sunderland,Everton,3,0,H,2015-2016
Liverpool,Chelsea,1,1,D,2015-2016
Arsenal,Aston Villa,4,0,H,2015-2016
Chelsea,Leicester City,1,1,D,2015-2016
Everton,Norwich City,3,0,H,2015-2016
Newcastle United,Tottenham Hotspur,5,1,H,2015-2016
Southampton,Crystal Palace,4,1,H,2015-2016
Stoke City,West Ham United,2,1,H,2015-2016
Swansea City,Manchester City,1,1,D,2015-2016
Watford,Sunderland,2,2,D,2015-2016
West Bromwich Albion,Liverpool,1,1,D,2015-2016
Manchester United,AFC Bournemouth,3,1,H,2015-2016
Hull City,Leicester City,2,1,H,2016-2017
Burnley,Swansea City,0,1,A,2016-2017
Crystal Palace,West Bromwich Albion,0,1,A,2016-2017
Everton,Tottenham Hotspur,1,1,D,2016-2017
Middlesbrough,Stoke City,1,1,D,2016-2017
Southampton,Watford,1,1,D,2016-2017
Manchester City,Sunderland,2,1,H,2016-2017
AFC Bournemouth,Manchester United,1,3,A,2016-2017
Arsenal,Liverpool,3,4,A,2016-2017
Chelsea,West Ham United,2,1,H,2016-2017
Manchester United,Southampton,2,0,H,2016-2017
Stoke City,Manchester City,1,4,A,2016-2017
Burnley,Liverpool,2,0,H,2016-2017
Swansea City,Hull City,0,2,A,2016-2017
Tottenham Hotspur,Crystal Palace,1,0,H,2016-2017
Watford,Chelsea,1,2,A,2016-2017
West Bromwich Albion,Everton,1,2,A,2016-2017
Leicester City,Arsenal,0,0,D,2016-2017
Sunderland,Middlesbrough,1,2,A,2016-2017
West Ham United,AFC Bournemouth,1,0,H,2016-2017
Tottenham Hotspur,Liverpool,1,1,D,2016-2017
Chelsea,Burnley,3,0,H,2016-2017
Crystal Palace,AFC Bournemouth,1,1,D,2016-2017
Everton,Stoke City,1,0,H,2016-2017
Leicester City,Swansea City,2,1,H,2016-2017
Southampton,Sunderland,1,1,D,2016-2017
Watford,Arsenal,1,3,A,2016-2017
Hull City,Manchester United,0,1,A,2016-2017
West Bromwich Albion,Middlesbrough,0,0,D,2016-2017
Manchester City,West Ham United,3,1,H,2016-2017
Manchester United,Manchester City,1,2,A,2016-2017
Arsenal,Southampton,2,1,H,2016-2017
AFC Bournemouth,West Bromwich Albion,1,0,H,2016-2017
Burnley,Hull City,1,1,D,2016-2017
Middlesbrough,Crystal Palace,1,2,A,2016-2017
Stoke City,Tottenham Hotspur,0,4,A,2016-2017
West Ham United,Watford,2,4,A,2016-2017
Liverpool,Leicester City,4,1,H,2016-2017
Swansea City,Chelsea,2,2,D,2016-2017
Sunderland,Everton,0,3,A,2016-2017
Chelsea,Liverpool,1,2,A,2016-2017
Hull City,Arsenal,1,4,A,2016-2017
Leicester City,Burnley,3,0,H,2016-2017
Manchester City,AFC Bournemouth,4,0,H,2016-2017
West Bromwich Albion,West Ham United,4,2,H,2016-2017
Everton,Middlesbrough,3,1,H,2016-2017
Watford,Manchester United,3,1,H,2016-2017
Crystal Palace,Stoke City,4,1,H,2016-2017
Southampton,Swansea City,1,0,H,2016-2017
Tottenham Hotspur,Sunderland,1,0,H,2016-2017
Manchester United,Leicester City,4,1,H,2016-2017
AFC Bournemouth,Everton,1,0,H,2016-2017
Liverpool,Hull City,5,1,H,2016-2017
Middlesbrough,Tottenham Hotspur,1,2,A,2016-2017
Stoke City,West Bromwich Albion,1,1,D,2016-2017
Sunderland,Crystal Palace,2,3,A,2016-2017
Swansea City,Manchester City,1,3,A,2016-2017
Arsenal,Chelsea,3,0,H,2016-2017
West Ham United,Southampton,0,3,A,2016-2017
Burnley,Watford,2,0,H,2016-2017
Everton,Crystal Palace,1,1,D,2016-2017
Swansea City,Liverpool,1,2,A,2016-2017
Hull City,Chelsea,0,2,A,2016-2017
Sunderland,West Bromwich Albion,1,1,D,2016-2017
Watford,AFC Bournemouth,2,2,D,2016-2017
West Ham United,Middlesbrough,1,1,D,2016-2017
Manchester United,Stoke City,1,1,D,2016-2017
Leicester City,Southampton,0,0,D,2016-2017
Tottenham Hotspur,Manchester City,2,0,H,2016-2017
Burnley,Arsenal,0,1,A,2016-2017
Chelsea,Leicester City,3,0,H,2016-2017
Arsenal,Swansea City,3,2,H,2016-2017
AFC Bournemouth,Hull City,6,1,H,2016-2017
Manchester City,Everton,1,1,D,2016-2017
Stoke City,Sunderland,2,0,H,2016-2017
West Bromwich Albion,Tottenham Hotspur,1,1,D,2016-2017
Crystal Palace,West Ham United,0,1,A,2016-2017
Middlesbrough,Watford,0,1,A,2016-2017
Southampton,Burnley,3,1,H,2016-2017
Liverpool,Manchester United,0,0,D,2016-2017
AFC Bournemouth,Tottenham Hotspur,0,0,D,2016-2017
Arsenal,Middlesbrough,0,0,D,2016-2017
Burnley,Everton,2,1,H,2016-2017
Hull City,Stoke City,0,2,A,2016-2017
Leicester City,Crystal Palace,3,1,H,2016-2017
Swansea City,Watford,0,0,D,2016-2017
West Ham United,Sunderland,1,0,H,2016-2017
Liverpool,West Bromwich Albion,2,1,H,2016-2017
Manchester City,Southampton,1,1,D,2016-2017
Chelsea,Manchester United,4,0,H,2016-2017
Sunderland,Arsenal,1,4,A,2016-2017
Manchester United,Burnley,0,0,D,2016-2017
Middlesbrough,AFC Bournemouth,2,0,H,2016-2017
Tottenham Hotspur,Leicester City,1,1,D,2016-2017
Watford,Hull City,1,0,H,2016-2017
West Bromwich Albion,Manchester City,0,4,A,2016-2017
Crystal Palace,Liverpool,2,4,A,2016-2017
Everton,West Ham United,2,0,H,2016-2017
Southampton,Chelsea,0,2,A,2016-2017
Stoke City,Swansea City,3,1,H,2016-2017
AFC Bournemouth,Sunderland,1,2,A,2016-2017
Burnley,Crystal Palace,3,2,H,2016-2017
Manchester City,Middlesbrough,1,1,D,2016-2017
West Ham United,Stoke City,1,1,D,2016-2017
Chelsea,Everton,5,0,H,2016-2017
Arsenal,Tottenham Hotspur,1,1,D,2016-2017
Hull City,Southampton,2,1,H,2016-2017
Liverpool,Watford,6,1,H,2016-2017
Swansea City,Manchester United,1,3,A,2016-2017
Leicester City,West Bromwich Albion,1,2,A,2016-2017
Manchester United,Arsenal,1,1,D,2016-2017
Crystal Palace,Manchester City,1,2,A,2016-2017
Everton,Swansea City,1,1,D,2016-2017
Southampton,Liverpool,0,0,D,2016-2017
Stoke City,AFC Bournemouth,0,1,A,2016-2017
Sunderland,Hull City,3,0,H,2016-2017
Watford,Leicester City,2,1,H,2016-2017
Tottenham Hotspur,West Ham United,3,2,H,2016-2017
Middlesbrough,Chelsea,0,1,A,2016-2017
West Bromwich Albion,Burnley,4,0,H,2016-2017
Burnley,Manchester City,1,2,A,2016-2017
Hull City,West Bromwich Albion,1,1,D,2016-2017
Leicester City,Middlesbrough,2,2,D,2016-2017
Liverpool,Sunderland,2,0,H,2016-2017
Swansea City,Crystal Palace,5,4,H,2016-2017
Chelsea,Tottenham Hotspur,2,1,H,2016-2017
Watford,Stoke City,0,1,A,2016-2017
Arsenal,AFC Bournemouth,3,1,H,2016-2017
Manchester United,West Ham United,1,1,D,2016-2017
Southampton,Everton,1,0,H,2016-2017
Manchester City,Chelsea,1,3,A,2016-2017
Crystal Palace,Southampton,3,0,H,2016-2017
Stoke City,Burnley,2,0,H,2016-2017
Sunderland,Leicester City,2,1,H,2016-2017
Tottenham Hotspur,Swansea City,5,0,H,2016-2017
West Bromwich Albion,Watford,3,1,H,2016-2017
West Ham United,Arsenal,1,5,A,2016-2017
AFC Bournemouth,Liverpool,4,3,H,2016-2017
Everton,Manchester United,1,1,D,2016-2017
Middlesbrough,Hull City,1,0,H,2016-2017
Watford,Everton,3,2,H,2016-2017
Arsenal,Stoke City,3,1,H,2016-2017
Burnley,AFC Bournemouth,3,2,H,2016-2017
Hull City,Crystal Palace,3,3,D,2016-2017
Swansea City,Sunderland,3,0,H,2016-2017
Leicester City,Manchester City,4,2,H,2016-2017
Chelsea,West Bromwich Albion,1,0,H,2016-2017
Manchester United,Tottenham Hotspur,1,0,H,2016-2017
Southampton,Middlesbrough,1,0,H,2016-2017
Liverpool,West Ham United,2,2,D,2016-2017
AFC Bournemouth,Leicester City,1,0,H,2016-2017
Everton,Arsenal,2,1,H,2016-2017
Middlesbrough,Liverpool,0,3,A,2016-2017
Sunderland,Chelsea,0,1,A,2016-2017
West Ham United,Burnley,1,0,H,2016-2017
Crystal Palace,Manchester United,1,2,A,2016-2017
Manchester City,Watford,2,0,H,2016-2017
Stoke City,Southampton,0,0,D,2016-2017
Tottenham Hotspur,Hull City,3,0,H,2016-2017
West Bromwich Albion,Swansea City,3,1,H,2016-2017
Crystal Palace,Chelsea,0,1,A,2016-2017
Middlesbrough,Swansea City,3,0,H,2016-2017
Stoke City,Leicester City,2,2,D,2016-2017
Sunderland,Watford,1,0,H,2016-2017
West Ham United,Hull City,1,0,H,2016-2017
West Bromwich Albion,Manchester United,0,2,A,2016-2017
AFC Bournemouth,Southampton,1,3,A,2016-2017
Manchester City,Arsenal,2,1,H,2016-2017
Tottenham Hotspur,Burnley,2,1,H,2016-2017
Everton,Liverpool,0,1,A,2016-2017
Watford,Crystal Palace,1,1,D,2016-2017
Arsenal,West Bromwich Albion,1,0,H,2016-2017
Burnley,Middlesbrough,1,0,H,2016-2017
Chelsea,AFC Bournemouth,3,0,H,2016-2017
Leicester City,Everton,0,2,A,2016-2017
Manchester United,Sunderland,3,1,H,2016-2017
Swansea City,West Ham United,1,4,A,2016-2017
Hull City,Manchester City,0,3,A,2016-2017
Liverpool,Stoke City,4,1,H,2016-2017
Southampton,Tottenham Hotspur,1,4,A,2016-2017
Hull City,Everton,2,2,D,2016-2017
Burnley,Sunderland,4,1,H,2016-2017
Chelsea,Stoke City,4,2,H,2016-2017
Leicester City,West Ham United,1,0,H,2016-2017
Manchester United,Middlesbrough,2,1,H,2016-2017
Southampton,West Bromwich Albion,1,2,A,2016-2017
Swansea City,AFC Bournemouth,0,3,A,2016-2017
Liverpool,Manchester City,1,0,H,2016-2017
Watford,Tottenham Hotspur,1,4,A,2016-2017
Arsenal,Crystal Palace,2,0,H,2016-2017
Middlesbrough,Leicester City,0,0,D,2016-2017
Everton,Southampton,3,0,H,2016-2017
Manchester City,Burnley,2,1,H,2016-2017
Sunderland,Liverpool,2,2,D,2016-2017
West Bromwich Albion,Hull City,3,1,H,2016-2017
West Ham United,Manchester United,0,2,A,2016-2017
AFC Bournemouth,Arsenal,3,3,D,2016-2017
Crystal Palace,Swansea City,1,2,A,2016-2017
Stoke City,Watford,2,0,H,2016-2017
Tottenham Hotspur,Chelsea,2,0,H,2016-2017
Tottenham Hotspur,West Bromwich Albion,4,0,H,2016-2017
Burnley,Southampton,1,0,H,2016-2017
Hull City,AFC Bournemouth,3,1,H,2016-2017
Sunderland,Stoke City,1,3,A,2016-2017
Swansea City,Arsenal,0,4,A,2016-2017
Watford,Middlesbrough,0,0,D,2016-2017
West Ham United,Crystal Palace,3,0,H,2016-2017
Leicester City,Chelsea,0,3,A,2016-2017
Everton,Manchester City,4,0,H,2016-2017
Manchester United,Liverpool,1,1,D,2016-2017
Liverpool,Swansea City,2,3,A,2016-2017
AFC Bournemouth,Watford,2,2,D,2016-2017
Crystal Palace,Everton,0,1,A,2016-2017
Middlesbrough,West Ham United,1,3,A,2016-2017
Stoke City,Manchester United,1,1,D,2016-2017
West Bromwich Albion,Sunderland,2,0,H,2016-2017
Manchester City,Tottenham Hotspur,2,2,D,2016-2017
Southampton,Leicester City,3,0,H,2016-2017
Arsenal,Burnley,2,1,H,2016-2017
Chelsea,Hull City,2,0,H,2016-2017
Arsenal,Watford,1,2,A,2016-2017
AFC Bournemouth,Crystal Palace,0,2,A,2016-2017
Burnley,Leicester City,1,0,H,2016-2017
Middlesbrough,West Bromwich Albion,1,1,D,2016-2017
Sunderland,Tottenham Hotspur,0,0,D,2016-2017
Swansea City,Southampton,2,1,H,2016-2017
Liverpool,Chelsea,1,1,D,2016-2017
West Ham United,Manchester City,0,4,A,2016-2017
Manchester United,Hull City,0,0,D,2016-2017
Stoke City,Everton,1,1,D,2016-2017
Chelsea,Arsenal,3,1,H,2016-2017
Crystal Palace,Sunderland,0,4,A,2016-2017
Everton,AFC Bournemouth,6,3,H,2016-2017
Hull City,Liverpool,2,0,H,2016-2017
Southampton,West Ham United,1,3,A,2016-2017
Watford,Burnley,2,1,H,2016-2017
West Bromwich Albion,Stoke City,1,0,H,2016-2017
Tottenham Hotspur,Middlesbrough,1,0,H,2016-2017
Manchester City,Swansea City,2,1,H,2016-2017
Leicester City,Manchester United,0,3,A,2016-2017
Arsenal,Hull City,2,0,H,2016-2017
Manchester United,Watford,2,0,H,2016-2017
Middlesbrough,Everton,0,0,D,2016-2017
Stoke City,Crystal Palace,1,0,H,2016-2017
Sunderland,Southampton,0,4,A,2016-2017
West Ham United,West Bromwich Albion,2,2,D,2016-2017
Liverpool,Tottenham Hotspur,2,0,H,2016-2017
Burnley,Chelsea,1,1,D,2016-2017
Swansea City,Leicester City,2,0,H,2016-2017
AFC Bournemouth,Manchester City,0,2,A,2016-2017
Chelsea,Swansea City,3,1,H,2016-2017
Crystal Palace,Middlesbrough,1,0,H,2016-2017
Everton,Sunderland,2,0,H,2016-2017
Hull City,Burnley,1,1,D,2016-2017
West Bromwich Albion,AFC Bournemouth,2,1,H,2016-2017
Watford,West Ham United,1,1,D,2016-2017
Tottenham Hotspur,Stoke City,4,0,H,2016-2017
Leicester City,Liverpool,3,1,H,2016-2017
Manchester United,AFC Bournemouth,1,1,D,2016-2017
Leicester City,Hull City,3,1,H,2016-2017
Stoke City,Middlesbrough,2,0,H,2016-2017
Swansea City,Burnley,3,2,H,2016-2017
Watford,Southampton,3,4,A,2016-2017
West Bromwich Albion,Crystal Palace,0,2,A,2016-2017
Liverpool,Arsenal,3,1,H,2016-2017
Tottenham Hotspur,Everton,3,2,H,2016-2017
Sunderland,Manchester City,0,2,A,2016-2017
West Ham United,Chelsea,1,2,A,2016-2017
Manchester City,Stoke City,0,0,D,2016-2017
AFC Bournemouth,West Ham United,3,2,H,2016-2017
Everton,West Bromwich Albion,3,0,H,2016-2017
Hull City,Swansea City,2,1,H,2016-2017
Liverpool,Burnley,2,1,H,2016-2017
West Bromwich Albion,Arsenal,3,1,H,2016-2017
Crystal Palace,Watford,1,0,H,2016-2017
Everton,Hull City,4,0,H,2016-2017
Stoke City,Chelsea,1,2,A,2016-2017
Sunderland,Burnley,0,0,D,2016-2017
West Ham United,Leicester City,2,3,A,2016-2017
AFC Bournemouth,Swansea City,2,0,H,2016-2017
Middlesbrough,Manchester United,1,3,A,2016-2017
Tottenham Hotspur,Southampton,2,1,H,2016-2017
Manchester City,Liverpool,1,1,D,2016-2017
Liverpool,Everton,3,1,H,2016-2017
Burnley,Tottenham Hotspur,0,2,A,2016-2017
Chelsea,Crystal Palace,1,2,A,2016-2017
Hull City,West Ham United,2,1,H,2016-2017
Leicester City,Stoke City,2,0,H,2016-2017
Manchester United,West Bromwich Albion,0,0,D,2016-2017
Watford,Sunderland,1,0,H,2016-2017
Southampton,AFC Bournemouth,0,0,D,2016-2017
Swansea City,Middlesbrough,0,0,D,2016-2017
Arsenal,Manchester City,2,2,D,2016-2017
Burnley,Stoke City,1,0,H,2016-2017
Leicester City,Sunderland,2,0,H,2016-2017
Watford,West Bromwich Albion,2,0,H,2016-2017
Manchester United,Everton,1,1,D,2016-2017
Arsenal,West Ham United,3,0,H,2016-2017
Hull City,Middlesbrough,4,2,H,2016-2017
Southampton,Crystal Palace,3,1,H,2016-2017
Swansea City,Tottenham Hotspur,1,3,A,2016-2017
Chelsea,Manchester City,2,1,H,2016-2017
Liverpool,AFC Bournemouth,2,2,D,2016-2017
Tottenham Hotspur,Watford,4,0,H,2016-2017
Manchester City,Hull City,3,1,H,2016-2017
Middlesbrough,Burnley,0,0,D,2016-2017
Stoke City,Liverpool,1,2,A,2016-2017
West Bromwich Albion,Southampton,0,1,A,2016-2017
West Ham United,Swansea City,1,0,H,2016-2017
AFC Bournemouth,Chelsea,1,3,A,2016-2017
Sunderland,Manchester United,0,3,A,2016-2017
Everton,Leicester City,4,2,H,2016-2017
Crystal Palace,Arsenal,3,0,H,2016-2017
Tottenham Hotspur,AFC Bournemouth,4,0,H,2016-2017
Crystal Palace,Leicester City,2,2,D,2016-2017
Everton,Burnley,3,1,H,2016-2017
Stoke City,Hull City,3,1,H,2016-2017
Sunderland,West Ham United,2,2,D,2016-2017
Watford,Swansea City,1,0,H,2016-2017
Southampton,Manchester City,0,3,A,2016-2017
West Bromwich Albion,Liverpool,0,1,A,2016-2017
Manchester United,Chelsea,2,0,H,2016-2017
Middlesbrough,Arsenal,1,2,A,2016-2017
AFC Bournemouth,Middlesbrough,4,0,H,2016-2017
Hull City,Watford,2,0,H,2016-2017
Swansea City,Stoke City,2,0,H,2016-2017
West Ham United,Everton,0,0,D,2016-2017
Burnley,Manchester United,0,2,A,2016-2017
Liverpool,Crystal Palace,1,2,A,2016-2017
Chelsea,Southampton,4,2,H,2016-2017
Arsenal,Leicester City,1,0,H,2016-2017
Middlesbrough,Sunderland,1,0,H,2016-2017
Crystal Palace,Tottenham Hotspur,0,1,A,2016-2017
Manchester City,Manchester United,0,0,D,2016-2017
Southampton,Hull City,0,0,D,2016-2017
Stoke City,West Ham United,0,0,D,2016-2017
Sunderland,AFC Bournemouth,0,1,A,2016-2017
West Bromwich Albion,Leicester City,0,1,A,2016-2017
Crystal Palace,Burnley,0,2,A,2016-2017
Manchester United,Swansea City,1,1,D,2016-2017
Everton,Chelsea,0,3,A,2016-2017
Middlesbrough,Manchester City,2,2,D,2016-2017
Tottenham Hotspur,Arsenal,2,0,H,2016-2017
Watford,Liverpool,0,1,A,2016-2017
West Ham United,Tottenham Hotspur,1,0,H,2016-2017
Manchester City,Crystal Palace,5,0,H,2016-2017
AFC Bournemouth,Stoke City,2,2,D,2016-2017
Burnley,West Bromwich Albion,2,2,D,2016-2017
Hull City,Sunderland,0,2,A,2016-2017
Leicester City,Watford,3,0,H,2016-2017
Swansea City,Everton,1,0,H,2016-2017
Liverpool,Southampton,0,0,D,2016-2017
Arsenal,Manchester United,2,0,H,2016-2017
Chelsea,Middlesbrough,3,0,H,2016-2017
Southampton,Arsenal,0,2,A,2016-2017
Everton,Watford,1,0,H,2016-2017
West Bromwich Albion,Chelsea,0,1,A,2016-2017
Manchester City,Leicester City,2,1,H,2016-2017
AFC Bournemouth,Burnley,2,1,H,2016-2017
Middlesbrough,Southampton,1,2,A,2016-2017
Sunderland,Swansea City,0,2,A,2016-2017
Stoke City,Arsenal,1,4,A,2016-2017
Crystal Palace,Hull City,4,0,H,2016-2017
West Ham United,Liverpool,0,4,A,2016-2017
Tottenham Hotspur,Manchester United,2,1,H,2016-2017
Chelsea,Watford,4,3,H,2016-2017
Arsenal,Sunderland,2,0,H,2016-2017
Manchester City,West Bromwich Albion,3,1,H,2016-2017
Southampton,Manchester United,0,0,D,2016-2017
Leicester City,Tottenham Hotspur,1,6,A,2016-2017
Arsenal,Everton,3,1,H,2016-2017
Burnley,West Ham United,1,2,A,2016-2017
Chelsea,Sunderland,5,1,H,2016-2017
Hull City,Tottenham Hotspur,1,7,A,2016-2017
Leicester City,AFC Bournemouth,1,1,D,2016-2017
Liverpool,Middlesbrough,3,0,H,2016-2017
Manchester United,Crystal Palace,2,0,H,2016-2017
Southampton,Stoke City,0,1,A,2016-2017
Swansea City,West Bromwich Albion,2,1,H,2016-2017
Watford,Manchester City,0,5,A,2016-2017
Arsenal,Leicester City,4,3,H,2017-2018
Watford,Liverpool,3,3,D,2017-2018
Chelsea,Burnley,2,3,A,2017-2018
Crystal Palace,Huddersfield Town,0,3,A,2017-2018
Everton,Stoke City,1,0,H,2017-2018
Southampton,Swansea City,0,0,D,2017-2018
West Bromwich Albion,AFC Bournemouth,1,0,H,2017-2018
Brighton and Hove Albion,Manchester City,0,2,A,2017-2018
Newcastle United,Tottenham Hotspur,0,2,A,2017-2018
Manchester United,West Ham United,4,0,H,2017-2018
Swansea City,Manchester United,0,4,A,2017-2018
AFC Bournemouth,Watford,0,2,A,2017-2018
Burnley,West Bromwich Albion,0,1,A,2017-2018
Leicester City,Brighton and Hove Albion,2,0,H,2017-2018
Liverpool,Crystal Palace,1,0,H,2017-2018
Southampton,West Ham United,3,2,H,2017-2018
Stoke City,Arsenal,1,0,H,2017-2018
Huddersfield Town,Newcastle United,1,0,H,2017-2018
Tottenham Hotspur,Chelsea,1,2,A,2017-2018
Manchester City,Everton,1,1,D,2017-2018
AFC Bournemouth,Manchester City,1,2,A,2017-2018
Crystal Palace,Swansea City,0,2,A,2017-2018
Huddersfield Town,Southampton,0,0,D,2017-2018
Newcastle United,West Ham United,3,0,H,2017-2018
Watford,Brighton and Hove Albion,0,0,D,2017-2018
Manchester United,Leicester City,2,0,H,2017-2018
Chelsea,Everton,2,0,H,2017-2018
West Bromwich Albion,Stoke City,1,1,D,2017-2018
Liverpool,Arsenal,4,0,H,2017-2018
Tottenham Hotspur,Burnley,1,1,D,2017-2018
Manchester City,Liverpool,5,0,H,2017-2018
Arsenal,AFC Bournemouth,3,0,H,2017-2018
Brighton and Hove Albion,West Bromwich Albion,3,1,H,2017-2018
Everton,Tottenham Hotspur,0,3,A,2017-2018
Leicester City,Chelsea,1,2,A,2017-2018
Southampton,Watford,0,2,A,2017-2018
Stoke City,Manchester United,2,2,D,2017-2018
Burnley,Crystal Palace,1,0,H,2017-2018
Swansea City,Newcastle United,0,1,A,2017-2018
West Ham United,Huddersfield Town,2,0,H,2017-2018
AFC Bournemouth,Brighton and Hove Albion,2,1,H,2017-2018
Crystal Palace,Southampton,0,1,A,2017-2018
Huddersfield Town,Leicester City,1,1,D,2017-2018
Liverpool,Burnley,1,1,D,2017-2018
Newcastle United,Stoke City,2,1,H,2017-2018
Watford,Manchester City,0,6,A,2017-2018
West Bromwich Albion,West Ham United,0,0,D,2017-2018
Tottenham Hotspur,Swansea City,0,0,D,2017-2018
Chelsea,Arsenal,0,0,D,2017-2018
Manchester United,Everton,4,0,H,2017-2018
West Ham United,Tottenham Hotspur,2,3,A,2017-2018
Burnley,Huddersfield Town,0,0,D,2017-2018
Everton,AFC Bournemouth,2,1,H,2017-2018
Manchester City,Crystal Palace,5,0,H,2017-2018
Southampton,Manchester United,0,1,A,2017-2018
Stoke City,Chelsea,0,4,A,2017-2018
Swansea City,Watford,1,2,A,2017-2018
Leicester City,Liverpool,2,3,A,2017-2018
Brighton and Hove Albion,Newcastle United,1,0,H,2017-2018
Arsenal,West Bromwich Albion,2,0,H,2017-2018
Huddersfield Town,Tottenham Hotspur,0,4,A,2017-2018
AFC Bournemouth,Leicester City,0,0,D,2017-2018
Manchester United,Crystal Palace,4,0,H,2017-2018
Stoke City,Southampton,2,1,H,2017-2018
West Bromwich Albion,Watford,2,2,D,2017-2018
West Ham United,Swansea City,1,0,H,2017-2018
Chelsea,Manchester City,0,1,A,2017-2018
Arsenal,Brighton and Hove Albion,2,0,H,2017-2018
Everton,Burnley,0,1,A,2017-2018
Newcastle United,Liverpool,1,1,D,2017-2018
Liverpool,Manchester United,0,0,D,2017-2018
Burnley,West Ham United,1,1,D,2017-2018
Crystal Palace,Chelsea,2,1,H,2017-2018
Manchester City,Stoke City,7,2,H,2017-2018
Swansea City,Huddersfield Town,2,0,H,2017-2018
Tottenham Hotspur,AFC Bournemouth,1,0,H,2017-2018
Watford,Arsenal,2,1,H,2017-2018
Brighton and Hove Albion,Everton,1,1,D,2017-2018
Southampton,Newcastle United,2,2,D,2017-2018
Leicester City,West Bromwich Albion,1,1,D,2017-2018
West Ham United,Brighton and Hove Albion,0,3,A,2017-2018
Chelsea,Watford,4,2,H,2017-2018
Huddersfield Town,Manchester United,2,1,H,2017-2018
Manchester City,Burnley,3,0,H,2017-2018
Newcastle United,Crystal Palace,1,0,H,2017-2018
Stoke City,AFC Bournemouth,1,2,A,2017-2018
Swansea City,Leicester City,1,2,A,2017-2018
Southampton,West Bromwich Albion,1,0,H,2017-2018
Everton,Arsenal,2,5,A,2017-2018
Tottenham Hotspur,Liverpool,4,1,H,2017-2018
Manchester United,Tottenham Hotspur,1,0,H,2017-2018
Arsenal,Swansea City,2,1,H,2017-2018
Crystal Palace,West Ham United,2,2,D,2017-2018
Liverpool,Huddersfield Town,3,0,H,2017-2018
Watford,Stoke City,0,1,A,2017-2018
West Bromwich Albion,Manchester City,2,3,A,2017-2018
AFC Bournemouth,Chelsea,0,1,A,2017-2018
Brighton and Hove Albion,Southampton,1,1,D,2017-2018
Leicester City,Everton,2,0,H,2017-2018
Burnley,Newcastle United,1,0,H,2017-2018
Stoke City,Leicester City,2,2,D,2017-2018
Huddersfield Town,West Bromwich Albion,1,0,H,2017-2018
Newcastle United,AFC Bournemouth,0,1,A,2017-2018
Southampton,Burnley,0,1,A,2017-2018
Swansea City,Brighton and Hove Albion,0,1,A,2017-2018
West Ham United,Liverpool,1,4,A,2017-2018
Tottenham Hotspur,Crystal Palace,1,0,H,2017-2018
Manchester City,Arsenal,3,1,H,2017-2018
Chelsea,Manchester United,1,0,H,2017-2018
Everton,Watford,3,2,H,2017-2018
Arsenal,Tottenham Hotspur,2,0,H,2017-2018
AFC Bournemouth,Huddersfield Town,4,0,H,2017-2018
Burnley,Swansea City,2,0,H,2017-2018
Crystal Palace,Everton,2,2,D,2017-2018
Leicester City,Manchester City,0,2,A,2017-2018
Liverpool,Southampton,3,0,H,2017-2018
West Bromwich Albion,Chelsea,0,4,A,2017-2018
Manchester United,Newcastle United,4,1,H,2017-2018
Watford,West Ham United,2,0,H,2017-2018
Brighton and Hove Albion,Stoke City,2,2,D,2017-2018
West Ham United,Leicester City,1,1,D,2017-2018
Crystal Palace,Stoke City,2,1,H,2017-2018
Manchester United,Brighton and Hove Albion,1,0,H,2017-2018
Newcastle United,Watford,0,3,A,2017-2018
Swansea City,AFC Bournemouth,0,0,D,2017-2018
Tottenham Hotspur,West Bromwich Albion,1,1,D,2017-2018
Liverpool,Chelsea,1,1,D,2017-2018
Southampton,Everton,4,1,H,2017-2018
Burnley,Arsenal,0,1,A,2017-2018
Huddersfield Town,Manchester City,1,2,A,2017-2018
Brighton and Hove Albion,Crystal Palace,0,0,D,2017-2018
Leicester City,Tottenham Hotspur,2,1,H,2017-2018
Watford,Manchester United,2,4,A,2017-2018
West Bromwich Albion,Newcastle United,2,2,D,2017-2018
Arsenal,Huddersfield Town,5,0,H,2017-2018
AFC Bournemouth,Burnley,1,2,A,2017-2018
Chelsea,Swansea City,1,0,H,2017-2018
Everton,West Ham United,4,0,H,2017-2018
Manchester City,Southampton,2,1,H,2017-2018
Stoke City,Liverpool,0,3,A,2017-2018
Chelsea,Newcastle United,3,1,H,2017-2018
Brighton and Hove Albion,Liverpool,1,5,A,2017-2018
Everton,Huddersfield Town,2,0,H,2017-2018
Leicester City,Burnley,1,0,H,2017-2018
Stoke City,Swansea City,2,1,H,2017-2018
Watford,Tottenham Hotspur,1,1,D,2017-2018
West Bromwich Albion,Crystal Palace,0,0,D,2017-2018
Arsenal,Manchester United,1,3,A,2017-2018
AFC Bournemouth,Southampton,1,1,D,2017-2018
Manchester City,West Ham United,2,1,H,2017-2018
West Ham United,Chelsea,1,0,H,2017-2018
Burnley,Watford,1,0,H,2017-2018
Crystal Palace,AFC Bournemouth,2,2,D,2017-2018
Huddersfield Town,Brighton and Hove Albion,2,0,H,2017-2018
Swansea City,West Bromwich Albion,1,0,H,2017-2018
Tottenham Hotspur,Stoke City,5,1,H,2017-2018
Newcastle United,Leicester City,2,3,A,2017-2018
Southampton,Arsenal,1,1,D,2017-2018
Liverpool,Everton,1,1,D,2017-2018
Manchester United,Manchester City,1,2,A,2017-2018
Burnley,Stoke City,1,0,H,2017-2018
Crystal Palace,Watford,2,1,H,2017-2018
Huddersfield Town,Chelsea,1,3,A,2017-2018
Newcastle United,Everton,0,1,A,2017-2018
Southampton,Leicester City,1,4,A,2017-2018
Swansea City,Manchester City,0,4,A,2017-2018
Liverpool,West Bromwich Albion,0,0,D,2017-2018
Manchester United,AFC Bournemouth,1,0,H,2017-2018
Tottenham Hotspur,Brighton and Hove Albion,2,0,H,2017-2018
West Ham United,Arsenal,0,0,D,2017-2018
Leicester City,Crystal Palace,0,3,A,2017-2018
Arsenal,Newcastle United,1,0,H,2017-2018
Brighton and Hove Albion,Burnley,0,0,D,2017-2018
Chelsea,Southampton,1,0,H,2017-2018
Watford,Huddersfield Town,1,4,A,2017-2018
Stoke City,West Ham United,0,3,A,2017-2018
Manchester City,Tottenham Hotspur,4,1,H,2017-2018
West Bromwich Albion,Manchester United,1,2,A,2017-2018
AFC Bournemouth,Liverpool,0,4,A,2017-2018
Everton,Swansea City,3,1,H,2017-2018
Arsenal,Liverpool,3,3,D,2017-2018
Everton,Chelsea,0,0,D,2017-2018
Brighton and Hove Albion,Watford,1,0,H,2017-2018
Manchester City,AFC Bournemouth,4,0,H,2017-2018
Southampton,Huddersfield Town,1,1,D,2017-2018
Stoke City,West Bromwich Albion,3,1,H,2017-2018
Swansea City,Crystal Palace,1,1,D,2017-2018
West Ham United,Newcastle United,2,3,A,2017-2018
Burnley,Tottenham Hotspur,0,3,A,2017-2018
Leicester City,Manchester United,2,2,D,2017-2018
Tottenham Hotspur,Southampton,5,2,H,2017-2018
AFC Bournemouth,West Ham United,3,3,D,2017-2018
Chelsea,Brighton and Hove Albion,2,0,H,2017-2018
Huddersfield Town,Stoke City,1,1,D,2017-2018
Manchester United,Burnley,2,2,D,2017-2018
Watford,Leicester City,2,1,H,2017-2018
West Bromwich Albion,Everton,0,0,D,2017-2018
Liverpool,Swansea City,5,0,H,2017-2018
Newcastle United,Manchester City,0,1,A,2017-2018
Crystal Palace,Arsenal,2,3,A,2017-2018
AFC Bournemouth,Everton,2,1,H,2017-2018
Chelsea,Stoke City,5,0,H,2017-2018
Huddersfield Town,Burnley,0,0,D,2017-2018
Liverpool,Leicester City,2,1,H,2017-2018
Newcastle United,Brighton and Hove Albion,0,0,D,2017-2018
Watford,Swansea City,1,2,A,2017-2018
Manchester United,Southampton,0,0,D,2017-2018
Crystal Palace,Manchester City,0,0,D,2017-2018
West Bromwich Albion,Arsenal,1,1,D,2017-2018
Brighton and Hove Albion,AFC Bournemouth,2,2,D,2017-2018
Burnley,Liverpool,1,2,A,2017-2018
Leicester City,Huddersfield Town,3,0,H,2017-2018
Stoke City,Newcastle United,0,1,A,2017-2018
Everton,Manchester United,0,2,A,2017-2018
Southampton,Crystal Palace,1,2,A,2017-2018
Swansea City,Tottenham Hotspur,0,2,A,2017-2018
West Ham United,West Bromwich Albion,2,1,H,2017-2018
Manchester City,Watford,3,1,H,2017-2018
Arsenal,Chelsea,2,2,D,2017-2018
Tottenham Hotspur,West Ham United,1,1,D,2017-2018
Chelsea,Leicester City,0,0,D,2017-2018
Crystal Palace,Burnley,1,0,H,2017-2018
Huddersfield Town,West Ham United,1,4,A,2017-2018
Newcastle United,Swansea City,1,1,D,2017-2018
Watford,Southampton,2,2,D,2017-2018
West Bromwich Albion,Brighton and Hove Albion,2,0,H,2017-2018
Tottenham Hotspur,Everton,4,0,H,2017-2018
AFC Bournemouth,Arsenal,2,1,H,2017-2018
Liverpool,Manchester City,4,3,H,2017-2018
Manchester United,Stoke City,3,0,H,2017-2018
Brighton and Hove Albion,Chelsea,0,4,A,2017-2018
Arsenal,Crystal Palace,4,1,H,2017-2018
Burnley,Manchester United,0,1,A,2017-2018
Everton,West Bromwich Albion,1,1,D,2017-2018
Leicester City,Watford,2,0,H,2017-2018
Stoke City,Huddersfield Town,2,0,H,2017-2018
West Ham United,AFC Bournemouth,1,1,D,2017-2018
Manchester City,Newcastle United,3,1,H,2017-2018
Southampton,Tottenham Hotspur,1,1,D,2017-2018
Swansea City,Liverpool,1,0,H,2017-2018
Swansea City,Arsenal,3,1,H,2017-2018
West Ham United,Crystal Palace,1,1,D,2017-2018
Huddersfield Town,Liverpool,0,3,A,2017-2018
Chelsea,AFC Bournemouth,0,3,A,2017-2018
Everton,Leicester City,2,1,H,2017-2018
Newcastle United,Burnley,1,1,D,2017-2018
Southampton,Brighton and Hove Albion,1,1,D,2017-2018
Manchester City,West Bromwich Albion,3,0,H,2017-2018
Stoke City,Watford,0,0,D,2017-2018
Tottenham Hotspur,Manchester United,2,0,H,2017-2018
Burnley,Manchester City,1,1,D,2017-2018
AFC Bournemouth,Stoke City,2,1,H,2017-2018
Brighton and Hove Albion,West Ham United,3,1,H,2017-2018
Leicester City,Swansea City,1,1,D,2017-2018
Manchester United,Huddersfield Town,2,0,H,2017-2018
West Bromwich Albion,Southampton,2,3,A,2017-2018
Arsenal,Everton,5,1,H,2017-2018
Crystal Palace,Newcastle United,1,1,D,2017-2018
Liverpool,Tottenham Hotspur,2,2,D,2017-2018
Watford,Chelsea,4,1,H,2017-2018
Tottenham Hotspur,Arsenal,1,0,H,2017-2018
Everton,Crystal Palace,3,1,H,2017-2018
Stoke City,Brighton and Hove Albion,1,1,D,2017-2018
Swansea City,Burnley,1,0,H,2017-2018
West Ham United,Watford,2,0,H,2017-2018
Manchester City,Leicester City,5,1,H,2017-2018
Huddersfield Town,AFC Bournemouth,4,1,H,2017-2018
Newcastle United,Manchester United,1,0,H,2017-2018
Southampton,Liverpool,0,2,A,2017-2018
Chelsea,West Bromwich Albion,3,0,H,2017-2018
Leicester City,Stoke City,1,1,D,2017-2018
AFC Bournemouth,Newcastle United,2,2,D,2017-2018
Brighton and Hove Albion,Swansea City,4,1,H,2017-2018
Burnley,Southampton,1,1,D,2017-2018
Liverpool,West Ham United,4,1,H,2017-2018
West Bromwich Albion,Huddersfield Town,1,2,A,2017-2018
Watford,Everton,1,0,H,2017-2018
Crystal Palace,Tottenham Hotspur,0,1,A,2017-2018
Manchester United,Chelsea,2,1,H,2017-2018
Arsenal,Manchester City,0,3,A,2017-2018
Burnley,Everton,2,1,H,2017-2018
Leicester City,AFC Bournemouth,1,1,D,2017-2018
Southampton,Stoke City,0,0,D,2017-2018
Swansea City,West Ham United,4,1,H,2017-2018
Tottenham Hotspur,Huddersfield Town,2,0,H,2017-2018
Watford,West Bromwich Albion,1,0,H,2017-2018
Liverpool,Newcastle United,2,0,H,2017-2018
Brighton and Hove Albion,Arsenal,2,1,H,2017-2018
Manchester City,Chelsea,1,0,H,2017-2018
Crystal Palace,Manchester United,2,3,A,2017-2018
Manchester United,Liverpool,2,1,H,2017-2018
Everton,Brighton and Hove Albion,2,0,H,2017-2018
Huddersfield Town,Swansea City,0,0,D,2017-2018
Newcastle United,Southampton,3,0,H,2017-2018
West Bromwich Albion,Leicester City,1,4,A,2017-2018
West Ham United,Burnley,0,3,A,2017-2018
Chelsea,Crystal Palace,2,1,H,2017-2018
Arsenal,Watford,3,0,H,2017-2018
AFC Bournemouth,Tottenham Hotspur,1,4,A,2017-2018
Stoke City,Manchester City,0,2,A,2017-2018
AFC Bournemouth,West Bromwich Albion,2,1,H,2017-2018
Huddersfield Town,Crystal Palace,0,2,A,2017-2018
Stoke City,Everton,1,2,A,2017-2018
Liverpool,Watford,5,0,H,2017-2018
Crystal Palace,Liverpool,1,2,A,2017-2018
Brighton and Hove Albion,Leicester City,0,2,A,2017-2018
Manchester United,Swansea City,2,0,H,2017-2018
Newcastle United,Huddersfield Town,1,0,H,2017-2018
Watford,AFC Bournemouth,2,2,D,2017-2018
West Bromwich Albion,Burnley,1,2,A,2017-2018
West Ham United,Southampton,3,0,H,2017-2018
Everton,Manchester City,1,3,A,2017-2018
Arsenal,Stoke City,3,0,H,2017-2018
Chelsea,Tottenham Hotspur,1,3,A,2017-2018
Everton,Liverpool,0,0,D,2017-2018
AFC Bournemouth,Crystal Palace,2,2,D,2017-2018
Brighton and Hove Albion,Huddersfield Town,1,1,D,2017-2018
Leicester City,Newcastle United,1,2,A,2017-2018
Stoke City,Tottenham Hotspur,1,2,A,2017-2018
Watford,Burnley,1,2,A,2017-2018
West Bromwich Albion,Swansea City,1,1,D,2017-2018
Manchester City,Manchester United,2,3,A,2017-2018
Arsenal,Southampton,3,2,H,2017-2018
Chelsea,West Ham United,1,1,D,2017-2018
Southampton,Chelsea,2,3,A,2017-2018
Burnley,Leicester City,2,1,H,2017-2018
Crystal Palace,Brighton and Hove Albion,3,2,H,2017-2018
Huddersfield Town,Watford,1,0,H,2017-2018
Swansea City,Everton,1,1,D,2017-2018
Liverpool,AFC Bournemouth,3,0,H,2017-2018
Tottenham Hotspur,Manchester City,1,3,A,2017-2018
Newcastle United,Arsenal,2,1,H,2017-2018
Manchester United,West Bromwich Albion,0,1,A,2017-2018
West Ham United,Stoke City,1,1,D,2017-2018
Brighton and Hove Albion,Tottenham Hotspur,1,1,D,2017-2018
AFC Bournemouth,Manchester United,0,2,A,2017-2018
Burnley,Chelsea,1,2,A,2017-2018
Leicester City,Southampton,0,0,D,2017-2018
West Bromwich Albion,Liverpool,2,2,D,2017-2018
Watford,Crystal Palace,0,0,D,2017-2018
Arsenal,West Ham United,4,1,H,2017-2018
Stoke City,Burnley,1,1,D,2017-2018
Manchester City,Swansea City,5,0,H,2017-2018
Everton,Newcastle United,1,0,H,2017-2018
Liverpool,Stoke City,0,0,D,2017-2018
Burnley,Brighton and Hove Albion,0,0,D,2017-2018
Crystal Palace,Leicester City,5,0,H,2017-2018
Huddersfield Town,Everton,0,2,A,2017-2018
Newcastle United,West Bromwich Albion,0,1,A,2017-2018
Southampton,AFC Bournemouth,2,1,H,2017-2018
Swansea City,Chelsea,0,1,A,2017-2018
West Ham United,Manchester City,1,4,A,2017-2018
Manchester United,Arsenal,2,1,H,2017-2018
Tottenham Hotspur,Watford,2,0,H,2017-2018
Brighton and Hove Albion,Manchester United,1,0,H,2017-2018
Stoke City,Crystal Palace,1,2,A,2017-2018
AFC Bournemouth,Swansea City,1,0,H,2017-2018
Leicester City,West Ham United,0,2,A,2017-2018
Watford,Newcastle United,2,1,H,2017-2018
West Bromwich Albion,Tottenham Hotspur,1,0,H,2017-2018
Everton,Southampton,1,1,D,2017-2018
Manchester City,Huddersfield Town,0,0,D,2017-2018
Arsenal,Burnley,5,0,H,2017-2018
Chelsea,Liverpool,1,0,H,2017-2018
Swansea City,Southampton,0,1,A,2017-2018
Chelsea,Huddersfield Town,1,1,D,2017-2018
Leicester City,Arsenal,3,1,H,2017-2018
Manchester City,Brighton and Hove Albion,3,1,H,2017-2018
Tottenham Hotspur,Newcastle United,1,0,H,2017-2018
West Ham United,Manchester United,0,0,D,2017-2018
Burnley,AFC Bournemouth,1,2,A,2017-2018
Crystal Palace,West Bromwich Albion,2,0,H,2017-2018
Huddersfield Town,Arsenal,0,1,A,2017-2018
Liverpool,Brighton and Hove Albion,4,0,H,2017-2018
Manchester United,Watford,1,0,H,2017-2018
Newcastle United,Chelsea,3,0,H,2017-2018
Southampton,Manchester City,0,1,A,2017-2018
Swansea City,Stoke City,1,2,A,2017-2018
Tottenham Hotspur,Leicester City,5,4,H,2017-2018
West Ham United,Everton,3,1,H,2017-2018
Manchester United,Leicester City,2,1,H,2018-2019
Newcastle United,Tottenham Hotspur,1,2,A,2018-2019
AFC Bournemouth,Cardiff City,2,0,H,2018-2019
Fulham,Crystal Palace,0,2,A,2018-2019
Huddersfield Town,Chelsea,0,3,A,2018-2019
Watford,Brighton and Hove Albion,2,0,H,2018-2019
Wolverhampton Wanderers,Everton,2,2,D,2018-2019
Liverpool,West Ham United,4,0,H,2018-2019
Southampton,Burnley,0,0,D,2018-2019
Arsenal,Manchester City,0,2,A,2018-2019
Cardiff City,Newcastle United,0,0,D,2018-2019
Everton,Southampton,2,1,H,2018-2019
Leicester City,Wolverhampton Wanderers,2,0,H,2018-2019
Tottenham Hotspur,Fulham,3,1,H,2018-2019
West Ham United,AFC Bournemouth,1,2,A,2018-2019
Chelsea,Arsenal,3,2,H,2018-2019
Burnley,Watford,1,3,A,2018-2019
Manchester City,Huddersfield Town,6,1,H,2018-2019
Brighton and Hove Albion,Manchester United,3,2,H,2018-2019
Crystal Palace,Liverpool,0,2,A,2018-2019
Wolverhampton Wanderers,Manchester City,1,1,D,2018-2019
Arsenal,West Ham United,3,1,H,2018-2019
AFC Bournemouth,Everton,2,2,D,2018-2019
Huddersfield Town,Cardiff City,0,0,D,2018-2019
Southampton,Leicester City,1,2,A,2018-2019
Liverpool,Brighton and Hove Albion,1,0,H,2018-2019
Watford,Crystal Palace,2,1,H,2018-2019
Fulham,Burnley,4,2,H,2018-2019
Newcastle United,Chelsea,1,2,A,2018-2019
Manchester United,Tottenham Hotspur,0,3,A,2018-2019
Leicester City,Liverpool,1,2,A,2018-2019
Brighton and Hove Albion,Fulham,2,2,D,2018-2019
Chelsea,AFC Bournemouth,2,0,H,2018-2019
Crystal Palace,Southampton,0,2,A,2018-2019
Everton,Huddersfield Town,1,1,D,2018-2019
West Ham United,Wolverhampton Wanderers,0,1,A,2018-2019
Manchester City,Newcastle United,2,1,H,2018-2019
Cardiff City,Arsenal,2,3,A,2018-2019
Burnley,Manchester United,0,2,A,2018-2019
Watford,Tottenham Hotspur,2,1,H,2018-2019
Tottenham Hotspur,Liverpool,1,2,A,2018-2019
AFC Bournemouth,Leicester City,4,2,H,2018-2019
Chelsea,Cardiff City,4,1,H,2018-2019
Huddersfield Town,Crystal Palace,0,1,A,2018-2019
Manchester City,Fulham,3,0,H,2018-2019
Newcastle United,Arsenal,1,2,A,2018-2019
Watford,Manchester United,1,2,A,2018-2019
Wolverhampton Wanderers,Burnley,1,0,H,2018-2019
Everton,West Ham United,1,3,A,2018-2019
Southampton,Brighton and Hove Albion,2,2,D,2018-2019
Fulham,Watford,1,1,D,2018-2019
Burnley,AFC Bournemouth,4,0,H,2018-2019
Cardiff City,Manchester City,0,5,A,2018-2019
Crystal Palace,Newcastle United,0,0,D,2018-2019
Leicester City,Huddersfield Town,3,1,H,2018-2019
Liverpool,Southampton,3,0,H,2018-2019
Manchester United,Wolverhampton Wanderers,1,1,D,2018-2019
Brighton and Hove Albion,Tottenham Hotspur,1,2,A,2018-2019
West Ham United,Chelsea,0,0,D,2018-2019
Arsenal,Everton,2,0,H,2018-2019
West Ham United,Manchester United,3,1,H,2018-2019
Arsenal,Watford,2,0,H,2018-2019
Everton,Fulham,3,0,H,2018-2019
Huddersfield Town,Tottenham Hotspur,0,2,A,2018-2019
Manchester City,Brighton and Hove Albion,2,0,H,2018-2019
Newcastle United,Leicester City,0,2,A,2018-2019
Wolverhampton Wanderers,Southampton,2,0,H,2018-2019
Chelsea,Liverpool,1,1,D,2018-2019
Cardiff City,Burnley,1,2,A,2018-2019
AFC Bournemouth,Crystal Palace,2,1,H,2018-2019
Brighton and Hove Albion,West Ham United,1,0,H,2018-2019
Burnley,Huddersfield Town,1,1,D,2018-2019
Crystal Palace,Wolverhampton Wanderers,0,1,A,2018-2019
Leicester City,Everton,1,2,A,2018-2019
Tottenham Hotspur,Cardiff City,1,0,H,2018-2019
Watford,AFC Bournemouth,0,4,A,2018-2019
Manchester United,Newcastle United,3,2,H,2018-2019
Fulham,Arsenal,1,5,A,2018-2019
Southampton,Chelsea,0,3,A,2018-2019
Liverpool,Manchester City,0,0,D,2018-2019
Chelsea,Manchester United,2,2,D,2018-2019
AFC Bournemouth,Southampton,0,0,D,2018-2019
Cardiff City,Fulham,4,2,H,2018-2019
Manchester City,Burnley,5,0,H,2018-2019
Newcastle United,Brighton and Hove Albion,0,1,A,2018-2019
West Ham United,Tottenham Hotspur,0,1,A,2018-2019
Wolverhampton Wanderers,Watford,0,2,A,2018-2019
Huddersfield Town,Liverpool,0,1,A,2018-2019
Everton,Crystal Palace,2,0,H,2018-2019
Arsenal,Leicester City,3,1,H,2018-2019
Brighton and Hove Albion,Wolverhampton Wanderers,1,0,H,2018-2019
Fulham,AFC Bournemouth,0,3,A,2018-2019
Liverpool,Cardiff City,4,1,H,2018-2019
Southampton,Newcastle United,0,0,D,2018-2019
Watford,Huddersfield Town,3,0,H,2018-2019
Leicester City,West Ham United,1,1,D,2018-2019
Burnley,Chelsea,0,4,A,2018-2019
Crystal Palace,Arsenal,2,2,D,2018-2019
Manchester United,Everton,2,1,H,2018-2019
Tottenham Hotspur,Manchester City,0,1,A,2018-2019
AFC Bournemouth,Manchester United,1,2,A,2018-2019
Cardiff City,Leicester City,0,1,A,2018-2019
Everton,Brighton and Hove Albion,3,1,H,2018-2019
Newcastle United,Watford,1,0,H,2018-2019
West Ham United,Burnley,4,2,H,2018-2019
Arsenal,Liverpool,1,1,D,2018-2019
Wolverhampton Wanderers,Tottenham Hotspur,2,3,A,2018-2019
Manchester City,Southampton,6,1,H,2018-2019
Chelsea,Crystal Palace,3,1,H,2018-2019
Huddersfield Town,Fulham,1,0,H,2018-2019
Cardiff City,Brighton and Hove Albion,2,1,H,2018-2019
Huddersfield Town,West Ham United,1,1,D,2018-2019
Leicester City,Burnley,0,0,D,2018-2019
Newcastle United,AFC Bournemouth,2,1,H,2018-2019
Southampton,Watford,1,1,D,2018-2019
Crystal Palace,Tottenham Hotspur,0,1,A,2018-2019
Liverpool,Fulham,2,0,H,2018-2019
Chelsea,Everton,0,0,D,2018-2019
Arsenal,Wolverhampton Wanderers,1,1,D,2018-2019
Manchester City,Manchester United,3,1,H,2018-2019
Brighton and Hove Albion,Leicester City,1,1,D,2018-2019
Everton,Cardiff City,1,0,H,2018-2019
Fulham,Southampton,3,2,H,2018-2019
Manchester United,Crystal Palace,0,0,D,2018-2019
Watford,Liverpool,0,3,A,2018-2019
West Ham United,Manchester City,0,4,A,2018-2019
Tottenham Hotspur,Chelsea,3,1,H,2018-2019
AFC Bournemouth,Arsenal,1,2,A,2018-2019
Wolverhampton Wanderers,Huddersfield Town,0,2,A,2018-2019
Burnley,Newcastle United,1,2,A,2018-2019
Cardiff City,Wolverhampton Wanderers,2,1,H,2018-2019
Crystal Palace,Burnley,2,0,H,2018-2019
Huddersfield Town,Brighton and Hove Albion,1,2,A,2018-2019
Leicester City,Watford,2,0,H,2018-2019
Manchester City,AFC Bournemouth,3,1,H,2018-2019
Newcastle United,West Ham United,0,3,A,2018-2019
Southampton,Manchester United,2,2,D,2018-2019
Chelsea,Fulham,2,0,H,2018-2019
Arsenal,Tottenham Hotspur,4,2,H,2018-2019
Liverpool,Everton,1,0,H,2018-2019
AFC Bournemouth,Huddersfield Town,2,1,H,2018-2019
Brighton and Hove Albion,Crystal Palace,3,1,H,2018-2019
West Ham United,Cardiff City,3,1,H,2018-2019
Watford,Manchester City,1,2,A,2018-2019
Burnley,Liverpool,1,3,A,2018-2019
Fulham,Leicester City,1,1,D,2018-2019
Wolverhampton Wanderers,Chelsea,2,1,H,2018-2019
Everton,Newcastle United,1,1,D,2018-2019
Manchester United,Arsenal,2,2,D,2018-2019
Tottenham Hotspur,Southampton,3,1,H,2018-2019
AFC Bournemouth,Liverpool,0,4,A,2018-2019
Arsenal,Huddersfield Town,1,0,H,2018-2019
Burnley,Brighton and Hove Albion,1,0,H,2018-2019
Cardiff City,Southampton,1,0,H,2018-2019
Manchester United,Fulham,4,1,H,2018-2019
West Ham United,Crystal Palace,3,2,H,2018-2019
Chelsea,Manchester City,2,0,H,2018-2019
Leicester City,Tottenham Hotspur,0,2,A,2018-2019
Newcastle United,Wolverhampton Wanderers,1,2,A,2018-2019
Everton,Watford,2,2,D,2018-2019
Manchester City,Everton,3,1,H,2018-2019
Crystal Palace,Leicester City,1,0,H,2018-2019
Huddersfield Town,Newcastle United,0,1,A,2018-2019
Tottenham Hotspur,Burnley,1,0,H,2018-2019
Watford,Cardiff City,3,2,H,2018-2019
Wolverhampton Wanderers,AFC Bournemouth,2,0,H,2018-2019
Fulham,West Ham United,0,2,A,2018-2019
Brighton and Hove Albion,Chelsea,1,2,A,2018-2019
Southampton,Arsenal,3,2,H,2018-2019
Liverpool,Manchester United,3,1,H,2018-2019
Wolverhampton Wanderers,Liverpool,0,2,A,2018-2019
Arsenal,Burnley,3,1,H,2018-2019
AFC Bournemouth,Brighton and Hove Albion,2,0,H,2018-2019
Chelsea,Leicester City,0,1,A,2018-2019
Huddersfield Town,Southampton,1,3,A,2018-2019
Manchester City,Crystal Palace,2,3,A,2018-2019
Newcastle United,Fulham,0,0,D,2018-2019
West Ham United,Watford,0,2,A,2018-2019
Cardiff City,Manchester United,1,5,A,2018-2019
Everton,Tottenham Hotspur,2,6,A,2018-2019
Fulham,Wolverhampton Wanderers,1,1,D,2018-2019
Burnley,Everton,1,5,A,2018-2019
Crystal Palace,Cardiff City,0,0,D,2018-2019
Leicester City,Manchester City,2,1,H,2018-2019
Liverpool,Newcastle United,4,0,H,2018-2019
Manchester United,Huddersfield Town,3,1,H,2018-2019
Tottenham Hotspur,AFC Bournemouth,5,0,H,2018-2019
Brighton and Hove Albion,Arsenal,1,1,D,2018-2019
Watford,Chelsea,1,2,A,2018-2019
Southampton,West Ham United,1,2,A,2018-2019
Brighton and Hove Albion,Everton,1,0,H,2018-2019
Fulham,Huddersfield Town,1,0,H,2018-2019
Leicester City,Cardiff City,0,1,A,2018-2019
Tottenham Hotspur,Wolverhampton Wanderers,1,3,A,2018-2019
Watford,Newcastle United,1,1,D,2018-2019
Liverpool,Arsenal,5,1,H,2018-2019
Crystal Palace,Chelsea,0,1,A,2018-2019
Burnley,West Ham United,2,0,H,2018-2019
Southampton,Manchester City,1,3,A,2018-2019
Manchester United,AFC Bournemouth,4,1,H,2018-2019
Everton,Leicester City,0,1,A,2018-2019
Arsenal,Fulham,4,1,H,2018-2019
Cardiff City,Tottenham Hotspur,0,3,A,2018-2019
AFC Bournemouth,Watford,3,3,D,2018-2019
Chelsea,Southampton,0,0,D,2018-2019
Huddersfield Town,Burnley,1,2,A,2018-2019
West Ham United,Brighton and Hove Albion,2,2,D,2018-2019
Wolverhampton Wanderers,Crystal Palace,0,2,A,2018-2019
Newcastle United,Manchester United,0,2,A,2018-2019
Manchester City,Liverpool,2,1,H,2018-2019
West Ham United,Arsenal,1,0,H,2018-2019
Brighton and Hove Albion,Liverpool,0,1,A,2018-2019
Burnley,Fulham,2,1,H,2018-2019
Cardiff City,Huddersfield Town,0,0,D,2018-2019
Crystal Palace,Watford,1,2,A,2018-2019
Leicester City,Southampton,1,2,A,2018-2019
Chelsea,Newcastle United,2,1,H,2018-2019
Everton,AFC Bournemouth,2,0,H,2018-2019
Tottenham Hotspur,Manchester United,0,1,A,2018-2019
Manchester City,Wolverhampton Wanderers,3,0,H,2018-2019
Wolverhampton Wanderers,Leicester City,4,3,H,2018-2019
AFC Bournemouth,West Ham United,2,0,H,2018-2019
Liverpool,Crystal Palace,4,3,H,2018-2019
Manchester United,Brighton and Hove Albion,2,1,H,2018-2019
Newcastle United,Cardiff City,3,0,H,2018-2019
Southampton,Everton,2,1,H,2018-2019
Watford,Burnley,0,0,D,2018-2019
Arsenal,Chelsea,2,0,H,2018-2019
Huddersfield Town,Manchester City,0,3,A,2018-2019
Fulham,Tottenham Hotspur,1,2,A,2018-2019
Arsenal,Cardiff City,2,1,H,2018-2019
Fulham,Brighton and Hove Albion,4,2,H,2018-2019
Huddersfield Town,Everton,0,1,A,2018-2019
Wolverhampton Wanderers,West Ham United,3,0,H,2018-2019
Manchester United,Burnley,2,2,D,2018-2019
Newcastle United,Manchester City,2,1,H,2018-2019
AFC Bournemouth,Chelsea,4,0,H,2018-2019
Southampton,Crystal Palace,1,1,D,2018-2019
Liverpool,Leicester City,1,1,D,2018-2019
Tottenham Hotspur,Watford,2,1,H,2018-2019
Tottenham Hotspur,Newcastle United,1,0,H,2018-2019
Brighton and Hove Albion,Watford,0,0,D,2018-2019
Burnley,Southampton,1,1,D,2018-2019
Chelsea,Huddersfield Town,5,0,H,2018-2019
Crystal Palace,Fulham,2,0,H,2018-2019
Everton,Wolverhampton Wanderers,1,3,A,2018-2019
Cardiff City,AFC Bournemouth,2,0,H,2018-2019
Leicester City,Manchester United,0,1,A,2018-2019
Manchester City,Arsenal,3,1,H,2018-2019
West Ham United,Liverpool,1,1,D,2018-2019
Everton,Manchester City,0,2,A,2018-2019
Fulham,Manchester United,0,3,A,2018-2019
Crystal Palace,West Ham United,1,1,D,2018-2019
Huddersfield Town,Arsenal,1,2,A,2018-2019
Liverpool,AFC Bournemouth,3,0,H,2018-2019
Southampton,Cardiff City,1,2,A,2018-2019
Watford,Everton,1,0,H,2018-2019
Brighton and Hove Albion,Burnley,1,3,A,2018-2019
Tottenham Hotspur,Leicester City,3,1,H,2018-2019
Manchester City,Chelsea,6,0,H,2018-2019
Wolverhampton Wanderers,Newcastle United,1,1,D,2018-2019
Cardiff City,Watford,1,5,A,2018-2019
West Ham United,Fulham,3,1,H,2018-2019
Burnley,Tottenham Hotspur,2,1,H,2018-2019
AFC Bournemouth,Wolverhampton Wanderers,1,1,D,2018-2019
Newcastle United,Huddersfield Town,2,0,H,2018-2019
Leicester City,Crystal Palace,1,4,A,2018-2019
Arsenal,Southampton,2,0,H,2018-2019
Manchester United,Liverpool,0,0,D,2018-2019
Cardiff City,Everton,0,3,A,2018-2019
Huddersfield Town,Wolverhampton Wanderers,1,0,H,2018-2019
Leicester City,Brighton and Hove Albion,2,1,H,2018-2019
Newcastle United,Burnley,2,0,H,2018-2019
Arsenal,AFC Bournemouth,5,1,H,2018-2019
Southampton,Fulham,2,0,H,2018-2019
Crystal Palace,Manchester United,1,3,A,2018-2019
Chelsea,Tottenham Hotspur,2,0,H,2018-2019
Liverpool,Watford,5,0,H,2018-2019
Manchester City,West Ham United,1,0,H,2018-2019
Tottenham Hotspur,Arsenal,1,1,D,2018-2019
AFC Bournemouth,Manchester City,0,1,A,2018-2019
Brighton and Hove Albion,Huddersfield Town,1,0,H,2018-2019
Burnley,Crystal Palace,1,3,A,2018-2019
Manchester United,Southampton,3,2,H,2018-2019
Wolverhampton Wanderers,Cardiff City,2,0,H,2018-2019
West Ham United,Newcastle United,2,0,H,2018-2019
Watford,Leicester City,2,1,H,2018-2019
Fulham,Chelsea,1,2,A,2018-2019
Everton,Liverpool,0,0,D,2018-2019
Crystal Palace,Brighton and Hove Albion,1,2,A,2018-2019
Cardiff City,West Ham United,2,0,H,2018-2019
Huddersfield Town,AFC Bournemouth,0,2,A,2018-2019
Leicester City,Fulham,3,1,H,2018-2019
Newcastle United,Everton,3,2,H,2018-2019
Southampton,Tottenham Hotspur,2,1,H,2018-2019
Manchester City,Watford,3,1,H,2018-2019
Liverpool,Burnley,4,2,H,2018-2019
Chelsea,Wolverhampton Wanderers,1,1,D,2018-2019
Arsenal,Manchester United,2,0,H,2018-2019
AFC Bournemouth,Newcastle United,2,2,D,2018-2019
Burnley,Leicester City,1,2,A,2018-2019
West Ham United,Huddersfield Town,4,3,H,2018-2019
Fulham,Liverpool,1,2,A,2018-2019
Everton,Chelsea,2,0,H,2018-2019
Fulham,Manchester City,0,2,A,2018-2019
Brighton and Hove Albion,Southampton,0,1,A,2018-2019
Burnley,Wolverhampton Wanderers,2,0,H,2018-2019
Crystal Palace,Huddersfield Town,2,0,H,2018-2019
Leicester City,AFC Bournemouth,2,0,H,2018-2019
Manchester United,Watford,2,1,H,2018-2019
West Ham United,Everton,0,2,A,2018-2019
Cardiff City,Chelsea,1,2,A,2018-2019
Liverpool,Tottenham Hotspur,2,1,H,2018-2019
Arsenal,Newcastle United,2,0,H,2018-2019
Watford,Fulham,4,1,H,2018-2019
Wolverhampton Wanderers,Manchester United,2,1,H,2018-2019
Chelsea,Brighton and Hove Albion,3,0,H,2018-2019
Tottenham Hotspur,Crystal Palace,2,0,H,2018-2019
Manchester City,Cardiff City,2,0,H,2018-2019
Southampton,Liverpool,1,3,A,2018-2019
AFC Bournemouth,Burnley,1,3,A,2018-2019
Huddersfield Town,Leicester City,1,4,A,2018-2019
Newcastle United,Crystal Palace,0,1,A,2018-2019
Everton,Arsenal,1,0,H,2018-2019
Chelsea,West Ham United,2,0,H,2018-2019
Leicester City,Newcastle United,0,1,A,2018-2019
Tottenham Hotspur,Huddersfield Town,4,0,H,2018-2019
Brighton and Hove Albion,AFC Bournemouth,0,5,A,2018-2019
Burnley,Cardiff City,2,0,H,2018-2019
Fulham,Everton,2,0,H,2018-2019
Southampton,Wolverhampton Wanderers,3,1,H,2018-2019
Manchester United,West Ham United,2,1,H,2018-2019
Crystal Palace,Manchester City,1,3,A,2018-2019
Liverpool,Chelsea,2,0,H,2018-2019
Watford,Arsenal,0,1,A,2018-2019
Brighton and Hove Albion,Cardiff City,0,2,A,2018-2019
Manchester City,Tottenham Hotspur,1,0,H,2018-2019
AFC Bournemouth,Fulham,0,1,A,2018-2019
Huddersfield Town,Watford,1,2,A,2018-2019
West Ham United,Leicester City,2,2,D,2018-2019
Wolverhampton Wanderers,Brighton and Hove Albion,0,0,D,2018-2019
Newcastle United,Southampton,3,1,H,2018-2019
Everton,Manchester United,4,0,H,2018-2019
Arsenal,Crystal Palace,2,3,A,2018-2019
Cardiff City,Liverpool,0,2,A,2018-2019
Chelsea,Burnley,2,2,D,2018-2019
Watford,Southampton,1,1,D,2018-2019
Tottenham Hotspur,Brighton and Hove Albion,1,0,H,2018-2019
Wolverhampton Wanderers,Arsenal,3,1,H,2018-2019
Manchester United,Manchester City,0,2,A,2018-2019
Liverpool,Huddersfield Town,5,0,H,2018-2019
Tottenham Hotspur,West Ham United,0,1,A,2018-2019
Crystal Palace,Everton,0,0,D,2018-2019
Fulham,Cardiff City,1,0,H,2018-2019
Southampton,AFC Bournemouth,3,3,D,2018-2019
Watford,Wolverhampton Wanderers,1,2,A,2018-2019
Brighton and Hove Albion,Newcastle United,1,1,D,2018-2019
Leicester City,Arsenal,3,0,H,2018-2019
Burnley,Manchester City,0,1,A,2018-2019
Manchester United,Chelsea,1,1,D,2018-2019
Everton,Burnley,2,0,H,2018-2019
AFC Bournemouth,Tottenham Hotspur,1,0,H,2018-2019
West Ham United,Southampton,3,0,H,2018-2019
Wolverhampton Wanderers,Fulham,1,0,H,2018-2019
Cardiff City,Crystal Palace,2,3,A,2018-2019
Newcastle United,Liverpool,2,3,A,2018-2019
Chelsea,Watford,3,0,H,2018-2019
Huddersfield Town,Manchester United,1,1,D,2018-2019
Arsenal,Brighton and Hove Albion,1,1,D,2018-2019
Manchester City,Leicester City,1,0,H,2018-2019
Brighton and Hove Albion,Manchester City,1,4,A,2018-2019
Burnley,Arsenal,1,3,A,2018-2019
Crystal Palace,AFC Bournemouth,5,3,H,2018-2019
Fulham,Newcastle United,0,4,A,2018-2019
Leicester City,Chelsea,0,0,D,2018-2019
Liverpool,Wolverhampton Wanderers,2,0,H,2018-2019
Manchester United,Cardiff City,0,2,A,2018-2019
Southampton,Huddersfield Town,1,1,D,2018-2019
Tottenham Hotspur,Everton,2,2,D,2018-2019
Watford,West Ham United,1,4,A,2018-2019
Liverpool,Norwich City,4,1,H,2019-2020
West Ham United,Manchester City,0,5,A,2019-2020
AFC Bournemouth,Sheffield United,1,1,D,2019-2020
Burnley,Southampton,3,0,H,2019-2020
Crystal Palace,Everton,0,0,D,2019-2020
Watford,Brighton and Hove Albion,0,3,A,2019-2020
Tottenham Hotspur,Aston Villa,3,1,H,2019-2020
Leicester City,Wolverhampton Wanderers,0,0,D,2019-2020
Newcastle United,Arsenal,0,1,A,2019-2020
Manchester United,Chelsea,4,0,H,2019-2020
Arsenal,Burnley,2,1,H,2019-2020
Aston Villa,AFC Bournemouth,1,2,A,2019-2020
Brighton and Hove Albion,West Ham United,1,1,D,2019-2020
Everton,Watford,1,0,H,2019-2020
Norwich City,Newcastle United,3,1,H,2019-2020
Southampton,Liverpool,1,2,A,2019-2020
Manchester City,Tottenham Hotspur,2,2,D,2019-2020
Sheffield United,Crystal Palace,1,0,H,2019-2020
Chelsea,Leicester City,1,1,D,2019-2020
Wolverhampton Wanderers,Manchester United,1,1,D,2019-2020
Aston Villa,Everton,2,0,H,2019-2020
Norwich City,Chelsea,2,3,A,2019-2020
Brighton and Hove Albion,Southampton,0,2,A,2019-2020
Manchester United,Crystal Palace,1,2,A,2019-2020
Sheffield United,Leicester City,1,2,A,2019-2020
Watford,West Ham United,1,3,A,2019-2020
Liverpool,Arsenal,3,1,H,2019-2020
AFC Bournemouth,Manchester City,1,3,A,2019-2020
Tottenham Hotspur,Newcastle United,0,1,A,2019-2020
Wolverhampton Wanderers,Burnley,1,1,D,2019-2020
Southampton,Manchester United,1,1,D,2019-2020
Chelsea,Sheffield United,2,2,D,2019-2020
Crystal Palace,Aston Villa,1,0,H,2019-2020
Leicester City,AFC Bournemouth,3,1,H,2019-2020
Manchester City,Brighton and Hove Albion,4,0,H,2019-2020
Newcastle United,Watford,1,1,D,2019-2020
West Ham United,Norwich City,2,0,H,2019-2020
Burnley,Liverpool,0,3,A,2019-2020
Everton,Wolverhampton Wanderers,3,2,H,2019-2020
Arsenal,Tottenham Hotspur,2,2,D,2019-2020
Liverpool,Newcastle United,3,1,H,2019-2020
Brighton and Hove Albion,Burnley,1,1,D,2019-2020
Manchester United,Leicester City,1,0,H,2019-2020
Sheffield United,Southampton,0,1,A,2019-2020
Tottenham Hotspur,Crystal Palace,4,0,H,2019-2020
Wolverhampton Wanderers,Chelsea,2,5,A,2019-2020
Norwich City,Manchester City,3,2,H,2019-2020
AFC Bournemouth,Everton,3,1,H,2019-2020
Watford,Arsenal,2,2,D,2019-2020
Aston Villa,West Ham United,0,0,D,2019-2020
Southampton,AFC Bournemouth,1,3,A,2019-2020
Leicester City,Tottenham Hotspur,2,1,H,2019-2020
Burnley,Norwich City,2,0,H,2019-2020
Everton,Sheffield United,0,2,A,2019-2020
Manchester City,Watford,8,0,H,2019-2020
Newcastle United,Brighton and Hove Albion,0,0,D,2019-2020
Crystal Palace,Wolverhampton Wanderers,1,1,D,2019-2020
West Ham United,Manchester United,2,0,H,2019-2020
Arsenal,Aston Villa,3,2,H,2019-2020
Chelsea,Liverpool,1,2,A,2019-2020
Sheffield United,Liverpool,0,1,A,2019-2020
AFC Bournemouth,West Ham United,2,2,D,2019-2020
Aston Villa,Burnley,2,2,D,2019-2020
Chelsea,Brighton and Hove Albion,2,0,H,2019-2020
Crystal Palace,Norwich City,2,0,H,2019-2020
Tottenham Hotspur,Southampton,2,1,H,2019-2020
Wolverhampton Wanderers,Watford,2,0,H,2019-2020
Everton,Manchester City,1,3,A,2019-2020
Leicester City,Newcastle United,5,0,H,2019-2020
Manchester United,Arsenal,1,1,D,2019-2020
Brighton and Hove Albion,Tottenham Hotspur,3,0,H,2019-2020
Burnley,Everton,1,0,H,2019-2020
Liverpool,Leicester City,2,1,H,2019-2020
Norwich City,Aston Villa,1,5,A,2019-2020
Watford,Sheffield United,0,0,D,2019-2020
West Ham United,Crystal Palace,1,2,A,2019-2020
Arsenal,AFC Bournemouth,1,0,H,2019-2020
Manchester City,Wolverhampton Wanderers,0,2,A,2019-2020
Southampton,Chelsea,1,4,A,2019-2020
Newcastle United,Manchester United,1,0,H,2019-2020
Everton,West Ham United,2,0,H,2019-2020
AFC Bournemouth,Norwich City,0,0,D,2019-2020
Aston Villa,Brighton and Hove Albion,2,1,H,2019-2020
Chelsea,Newcastle United,1,0,H,2019-2020
Leicester City,Burnley,2,1,H,2019-2020
Tottenham Hotspur,Watford,1,1,D,2019-2020
Wolverhampton Wanderers,Southampton,1,1,D,2019-2020
Crystal Palace,Manchester City,0,2,A,2019-2020
Manchester United,Liverpool,1,1,D,2019-2020
Sheffield United,Arsenal,1,0,H,2019-2020
Southampton,Leicester City,0,9,A,2019-2020
Manchester City,Aston Villa,3,0,H,2019-2020
Brighton and Hove Albion,Everton,3,2,H,2019-2020
Watford,AFC Bournemouth,0,0,D,2019-2020
West Ham United,Sheffield United,1,1,D,2019-2020
Burnley,Chelsea,2,4,A,2019-2020
Newcastle United,Wolverhampton Wanderers,1,1,D,2019-2020
Arsenal,Crystal Palace,2,2,D,2019-2020
Liverpool,Tottenham Hotspur,2,1,H,2019-2020
Norwich City,Manchester United,1,3,A,2019-2020
AFC Bournemouth,Manchester United,1,0,H,2019-2020
Arsenal,Wolverhampton Wanderers,1,1,D,2019-2020
Aston Villa,Liverpool,1,2,A,2019-2020
Brighton and Hove Albion,Norwich City,2,0,H,2019-2020
Manchester City,Southampton,2,1,H,2019-2020
Sheffield United,Burnley,3,0,H,2019-2020
West Ham United,Newcastle United,2,3,A,2019-2020
Watford,Chelsea,1,2,A,2019-2020
Crystal Palace,Leicester City,0,2,A,2019-2020
Everton,Tottenham Hotspur,1,1,D,2019-2020
Norwich City,Watford,0,2,A,2019-2020
Chelsea,Crystal Palace,2,0,H,2019-2020
Burnley,West Ham United,3,0,H,2019-2020
Newcastle United,AFC Bournemouth,2,1,H,2019-2020
Southampton,Everton,1,2,A,2019-2020
Tottenham Hotspur,Sheffield United,1,1,D,2019-2020
Leicester City,Arsenal,2,0,H,2019-2020
Manchester United,Brighton and Hove Albion,3,1,H,2019-2020
Wolverhampton Wanderers,Aston Villa,2,1,H,2019-2020
Liverpool,Manchester City,3,1,H,2019-2020
West Ham United,Tottenham Hotspur,2,3,A,2019-2020
AFC Bournemouth,Wolverhampton Wanderers,1,2,A,2019-2020
Arsenal,Southampton,2,2,D,2019-2020
Brighton and Hove Albion,Leicester City,0,2,A,2019-2020
Crystal Palace,Liverpool,1,2,A,2019-2020
Everton,Norwich City,0,2,A,2019-2020
Watford,Burnley,0,3,A,2019-2020
Manchester City,Chelsea,2,1,H,2019-2020
Sheffield United,Manchester United,3,3,D,2019-2020
Aston Villa,Newcastle United,2,0,H,2019-2020
Newcastle United,Manchester City,2,2,D,2019-2020
Burnley,Crystal Palace,0,2,A,2019-2020
Chelsea,West Ham United,0,1,A,2019-2020
Liverpool,Brighton and Hove Albion,2,1,H,2019-2020
Tottenham Hotspur,AFC Bournemouth,3,2,H,2019-2020
Southampton,Watford,2,1,H,2019-2020
Norwich City,Arsenal,2,2,D,2019-2020
Wolverhampton Wanderers,Sheffield United,1,1,D,2019-2020
Leicester City,Everton,2,1,H,2019-2020
Manchester United,Aston Villa,2,2,D,2019-2020
Crystal Palace,AFC Bournemouth,1,0,H,2019-2020
Burnley,Manchester City,1,4,A,2019-2020
Leicester City,Watford,2,0,H,2019-2020
Wolverhampton Wanderers,West Ham United,2,0,H,2019-2020
Manchester United,Tottenham Hotspur,2,1,H,2019-2020
Chelsea,Aston Villa,2,1,H,2019-2020
Southampton,Norwich City,2,1,H,2019-2020
Liverpool,Everton,5,2,H,2019-2020
Sheffield United,Newcastle United,0,2,A,2019-2020
Arsenal,Brighton and Hove Albion,1,2,A,2019-2020
Everton,Chelsea,3,1,H,2019-2020
AFC Bournemouth,Liverpool,0,3,A,2019-2020
Tottenham Hotspur,Burnley,5,0,H,2019-2020
Watford,Crystal Palace,0,0,D,2019-2020
Manchester City,Manchester United,1,2,A,2019-2020
Aston Villa,Leicester City,1,4,A,2019-2020
Newcastle United,Southampton,2,1,H,2019-2020
Norwich City,Sheffield United,1,2,A,2019-2020
Brighton and Hove Albion,Wolverhampton Wanderers,2,2,D,2019-2020
West Ham United,Arsenal,1,3,A,2019-2020
Liverpool,Watford,2,0,H,2019-2020
Burnley,Newcastle United,1,0,H,2019-2020
Chelsea,AFC Bournemouth,0,1,A,2019-2020
Leicester City,Norwich City,1,1,D,2019-2020
Sheffield United,Aston Villa,2,0,H,2019-2020
Southampton,West Ham United,0,1,A,2019-2020
Manchester United,Everton,1,1,D,2019-2020
Wolverhampton Wanderers,Tottenham Hotspur,1,2,A,2019-2020
Arsenal,Manchester City,0,3,A,2019-2020
Crystal Palace,Brighton and Hove Albion,1,1,D,2019-2020
Everton,Arsenal,0,0,D,2019-2020
AFC Bournemouth,Burnley,0,1,A,2019-2020
Aston Villa,Southampton,1,3,A,2019-2020
Brighton and Hove Albion,Sheffield United,0,1,A,2019-2020
Newcastle United,Crystal Palace,1,0,H,2019-2020
Norwich City,Wolverhampton Wanderers,1,2,A,2019-2020
Manchester City,Leicester City,3,1,H,2019-2020
Watford,Manchester United,2,0,H,2019-2020
Tottenham Hotspur,Chelsea,0,2,A,2019-2020
Tottenham Hotspur,Brighton and Hove Albion,2,1,H,2019-2020
AFC Bournemouth,Arsenal,1,1,D,2019-2020
Aston Villa,Norwich City,1,0,H,2019-2020
Chelsea,Southampton,0,2,A,2019-2020
Crystal Palace,West Ham United,2,1,H,2019-2020
Everton,Burnley,1,0,H,2019-2020
Sheffield United,Watford,1,1,D,2019-2020
Manchester United,Newcastle United,4,1,H,2019-2020
Leicester City,Liverpool,0,4,A,2019-2020
Wolverhampton Wanderers,Manchester City,3,2,H,2019-2020
Brighton and Hove Albion,AFC Bournemouth,2,0,H,2019-2020
Newcastle United,Everton,1,2,A,2019-2020
Southampton,Crystal Palace,1,1,D,2019-2020
Watford,Aston Villa,3,0,H,2019-2020
Norwich City,Tottenham Hotspur,2,2,D,2019-2020
West Ham United,Leicester City,1,2,A,2019-2020
Burnley,Manchester United,0,2,A,2019-2020
Arsenal,Chelsea,1,2,A,2019-2020
Liverpool,Wolverhampton Wanderers,1,0,H,2019-2020
Manchester City,Sheffield United,2,0,H,2019-2020
Brighton and Hove Albion,Chelsea,1,1,D,2019-2020
Burnley,Aston Villa,1,2,A,2019-2020
Newcastle United,Leicester City,0,3,A,2019-2020
Southampton,Tottenham Hotspur,1,0,H,2019-2020
Watford,Wolverhampton Wanderers,2,1,H,2019-2020
Manchester City,Everton,2,1,H,2019-2020
Norwich City,Crystal Palace,1,1,D,2019-2020
West Ham United,AFC Bournemouth,4,0,H,2019-2020
Arsenal,Manchester United,2,0,H,2019-2020
Liverpool,Sheffield United,2,0,H,2019-2020
Sheffield United,West Ham United,1,0,H,2019-2020
Crystal Palace,Arsenal,1,1,D,2019-2020
Chelsea,Burnley,3,0,H,2019-2020
Everton,Brighton and Hove Albion,1,0,H,2019-2020
Leicester City,Southampton,1,2,A,2019-2020
Manchester United,Norwich City,4,0,H,2019-2020
Wolverhampton Wanderers,Newcastle United,1,1,D,2019-2020
Tottenham Hotspur,Liverpool,0,1,A,2019-2020
AFC Bournemouth,Watford,0,3,A,2019-2020
Aston Villa,Manchester City,1,6,A,2019-2020
Watford,Tottenham Hotspur,0,0,D,2019-2020
Arsenal,Sheffield United,1,1,D,2019-2020
Brighton and Hove Albion,Aston Villa,1,1,D,2019-2020
Manchester City,Crystal Palace,2,2,D,2019-2020
Norwich City,AFC Bournemouth,1,0,H,2019-2020
Southampton,Wolverhampton Wanderers,2,3,A,2019-2020
West Ham United,Everton,1,1,D,2019-2020
Newcastle United,Chelsea,1,0,H,2019-2020
Burnley,Leicester City,2,1,H,2019-2020
Liverpool,Manchester United,2,0,H,2019-2020
AFC Bournemouth,Brighton and Hove Albion,3,1,H,2019-2020
Aston Villa,Watford,2,1,H,2019-2020
Everton,Newcastle United,2,2,D,2019-2020
Sheffield United,Manchester City,0,1,A,2019-2020
Crystal Palace,Southampton,0,2,A,2019-2020
Chelsea,Arsenal,2,2,D,2019-2020
Leicester City,West Ham United,4,1,H,2019-2020
Tottenham Hotspur,Norwich City,2,1,H,2019-2020
Manchester United,Burnley,0,2,A,2019-2020
Wolverhampton Wanderers,Liverpool,1,2,A,2019-2020
West Ham United,Liverpool,0,2,A,2019-2020
Leicester City,Chelsea,2,2,D,2019-2020
AFC Bournemouth,Aston Villa,2,1,H,2019-2020
Crystal Palace,Sheffield United,0,1,A,2019-2020
Liverpool,Southampton,4,0,H,2019-2020
Newcastle United,Norwich City,0,0,D,2019-2020
Watford,Everton,2,3,A,2019-2020
West Ham United,Brighton and Hove Albion,3,3,D,2019-2020
Manchester United,Wolverhampton Wanderers,0,0,D,2019-2020
Burnley,Arsenal,0,0,D,2019-2020
Tottenham Hotspur,Manchester City,2,0,H,2019-2020
Everton,Crystal Palace,3,1,H,2019-2020
Brighton and Hove Albion,Watford,1,1,D,2019-2020
Sheffield United,AFC Bournemouth,2,1,H,2019-2020
Wolverhampton Wanderers,Leicester City,0,0,D,2019-2020
Southampton,Burnley,1,2,A,2019-2020
Norwich City,Liverpool,0,1,A,2019-2020
Aston Villa,Tottenham Hotspur,2,3,A,2019-2020
Arsenal,Newcastle United,4,0,H,2019-2020
Chelsea,Manchester United,0,2,A,2019-2020
Manchester City,West Ham United,2,0,H,2019-2020
Chelsea,Tottenham Hotspur,2,1,H,2019-2020
Burnley,AFC Bournemouth,3,0,H,2019-2020
Crystal Palace,Newcastle United,1,0,H,2019-2020
Sheffield United,Brighton and Hove Albion,1,1,D,2019-2020
Southampton,Aston Villa,2,0,H,2019-2020
Leicester City,Manchester City,0,1,A,2019-2020
Manchester United,Watford,3,0,H,2019-2020
Wolverhampton Wanderers,Norwich City,3,0,H,2019-2020
Arsenal,Everton,3,2,H,2019-2020
Liverpool,West Ham United,3,2,H,2019-2020
Norwich City,Leicester City,1,0,H,2019-2020
Brighton and Hove Albion,Crystal Palace,0,1,A,2019-2020
AFC Bournemouth,Chelsea,2,2,D,2019-2020
Newcastle United,Burnley,0,0,D,2019-2020
West Ham United,Southampton,3,1,H,2019-2020
Watford,Liverpool,3,0,H,2019-2020
Everton,Manchester United,1,1,D,2019-2020
Tottenham Hotspur,Wolverhampton Wanderers,2,3,A,2019-2020
Liverpool,AFC Bournemouth,2,1,H,2019-2020
Arsenal,West Ham United,1,0,H,2019-2020
Crystal Palace,Watford,1,0,H,2019-2020
Sheffield United,Norwich City,1,0,H,2019-2020
Southampton,Newcastle United,0,1,A,2019-2020
Wolverhampton Wanderers,Brighton and Hove Albion,0,0,D,2019-2020
Burnley,Tottenham Hotspur,1,1,D,2019-2020
Chelsea,Everton,4,0,H,2019-2020
Manchester United,Manchester City,2,0,H,2019-2020
Leicester City,Aston Villa,4,0,H,2019-2020
Aston Villa,Sheffield United,0,0,D,2019-2020
Manchester City,Arsenal,3,0,H,2019-2020
Norwich City,Southampton,0,3,A,2019-2020
Tottenham Hotspur,Manchester United,1,1,D,2019-2020
Watford,Leicester City,1,1,D,2019-2020
Brighton and Hove Albion,Arsenal,2,1,H,2019-2020
West Ham United,Wolverhampton Wanderers,0,2,A,2019-2020
AFC Bournemouth,Crystal Palace,0,2,A,2019-2020
Newcastle United,Sheffield United,3,0,H,2019-2020
Aston Villa,Chelsea,1,2,A,2019-2020
Everton,Liverpool,0,0,D,2019-2020
Manchester City,Burnley,5,0,H,2019-2020
Leicester City,Brighton and Hove Albion,0,0,D,2019-2020
Tottenham Hotspur,West Ham United,2,0,H,2019-2020
Manchester United,Sheffield United,3,0,H,2019-2020
Newcastle United,Aston Villa,1,1,D,2019-2020
Norwich City,Everton,0,1,A,2019-2020
Wolverhampton Wanderers,AFC Bournemouth,1,0,H,2019-2020
Liverpool,Crystal Palace,4,0,H,2019-2020
Burnley,Watford,1,0,H,2019-2020
Southampton,Arsenal,0,2,A,2019-2020
Chelsea,Manchester City,2,1,H,2019-2020
Aston Villa,Wolverhampton Wanderers,0,1,A,2019-2020
Watford,Southampton,1,3,A,2019-2020
Crystal Palace,Burnley,0,1,A,2019-2020
Brighton and Hove Albion,Manchester United,0,3,A,2019-2020
AFC Bournemouth,Newcastle United,1,4,A,2019-2020
Arsenal,Norwich City,4,0,H,2019-2020
Everton,Leicester City,2,1,H,2019-2020
West Ham United,Chelsea,3,2,H,2019-2020
Sheffield United,Tottenham Hotspur,3,1,H,2019-2020
Manchester City,Liverpool,4,0,H,2019-2020
Norwich City,Brighton and Hove Albion,0,1,A,2019-2020
Leicester City,Crystal Palace,3,0,H,2019-2020
Manchester United,AFC Bournemouth,5,2,H,2019-2020
Wolverhampton Wanderers,Arsenal,0,2,A,2019-2020
Chelsea,Watford,3,0,H,2019-2020
Burnley,Sheffield United,1,1,D,2019-2020
Newcastle United,West Ham United,2,2,D,2019-2020
Liverpool,Aston Villa,2,0,H,2019-2020
Southampton,Manchester City,1,0,H,2019-2020
Tottenham Hotspur,Everton,1,0,H,2019-2020
Crystal Palace,Chelsea,2,3,A,2019-2020
Watford,Norwich City,2,1,H,2019-2020
Arsenal,Leicester City,1,1,D,2019-2020
Manchester City,Newcastle United,5,0,H,2019-2020
Sheffield United,Wolverhampton Wanderers,1,0,H,2019-2020
West Ham United,Burnley,0,1,A,2019-2020
Brighton and Hove Albion,Liverpool,1,3,A,2019-2020
AFC Bournemouth,Tottenham Hotspur,0,0,D,2019-2020
Everton,Southampton,1,1,D,2019-2020
Aston Villa,Manchester United,0,3,A,2019-2020
Norwich City,West Ham United,0,4,A,2019-2020
Watford,Newcastle United,2,1,H,2019-2020
Liverpool,Burnley,1,1,D,2019-2020
Sheffield United,Chelsea,3,0,H,2019-2020
Brighton and Hove Albion,Manchester City,0,5,A,2019-2020
Wolverhampton Wanderers,Everton,3,0,H,2019-2020
Aston Villa,Crystal Palace,2,0,H,2019-2020
Tottenham Hotspur,Arsenal,2,1,H,2019-2020
AFC Bournemouth,Leicester City,4,1,H,2019-2020
Manchester United,Southampton,2,2,D,2019-2020
Chelsea,Norwich City,1,0,H,2019-2020
Burnley,Wolverhampton Wanderers,1,1,D,2019-2020
Manchester City,AFC Bournemouth,2,1,H,2019-2020
Newcastle United,Tottenham Hotspur,1,3,A,2019-2020
Arsenal,Liverpool,2,1,H,2019-2020
Everton,Aston Villa,1,1,D,2019-2020
Leicester City,Sheffield United,2,0,H,2019-2020
Crystal Palace,Manchester United,0,2,A,2019-2020
Southampton,Brighton and Hove Albion,1,1,D,2019-2020
West Ham United,Watford,3,1,H,2019-2020
Norwich City,Burnley,0,2,A,2019-2020
AFC Bournemouth,Southampton,0,2,A,2019-2020
Tottenham Hotspur,Leicester City,3,0,H,2019-2020
Brighton and Hove Albion,Newcastle United,0,0,D,2019-2020
Sheffield United,Everton,0,1,A,2019-2020
Wolverhampton Wanderers,Crystal Palace,2,0,H,2019-2020
Watford,Manchester City,0,4,A,2019-2020
Aston Villa,Arsenal,1,0,H,2019-2020
Manchester United,West Ham United,1,1,D,2019-2020
Liverpool,Chelsea,5,3,H,2019-2020
Arsenal,Watford,3,2,H,2019-2020
Burnley,Brighton and Hove Albion,1,2,A,2019-2020
Chelsea,Wolverhampton Wanderers,2,0,H,2019-2020
Crystal Palace,Tottenham Hotspur,1,1,D,2019-2020
Everton,AFC Bournemouth,1,3,A,2019-2020
Leicester City,Manchester United,0,2,A,2019-2020
Manchester City,Norwich City,5,0,H,2019-2020
Newcastle United,Liverpool,1,3,A,2019-2020
Southampton,Sheffield United,3,1,H,2019-2020
West Ham United,Aston Villa,1,1,D,2019-2020
Fulham,Arsenal,0,3,A,2020-2021
Crystal Palace,Southampton,1,0,H,2020-2021
Liverpool,Leeds,4,3,H,2020-2021
West Ham United,Newcastle United,0,2,A,2020-2021
West Bromwich Albion,Leicester City,0,3,A,2020-2021
Tottenham Hotspur,Everton,0,1,A,2020-2021
Sheffield United,Wolverhampton Wanderers,0,2,A,2020-2021
Brighton and Hove Albion,Chelsea,1,3,A,2020-2021
Everton,West Bromwich Albion,5,2,H,2020-2021
Leeds,Fulham,4,3,H,2020-2021
Manchester United,Crystal Palace,1,3,A,2020-2021
Arsenal,West Ham United,2,1,H,2020-2021
Southampton,Tottenham Hotspur,2,5,A,2020-2021
Newcastle United,Brighton and Hove Albion,0,3,A,2020-2021
Chelsea,Liverpool,0,2,A,2020-2021
Leicester City,Burnley,4,2,H,2020-2021
Aston Villa,Sheffield United,1,0,H,2020-2021
Wolverhampton Wanderers,Manchester City,1,3,A,2020-2021
Brighton and Hove Albion,Manchester United,2,3,A,2020-2021
Crystal Palace,Everton,1,2,A,2020-2021
West Bromwich Albion,Chelsea,3,3,D,2020-2021
Burnley,Southampton,0,1,A,2020-2021
Sheffield United,Leeds,0,1,A,2020-2021
Tottenham Hotspur,Newcastle United,1,1,D,2020-2021
Manchester City,Leicester City,2,5,A,2020-2021
West Ham United,Wolverhampton Wanderers,4,0,H,2020-2021
Fulham,Aston Villa,0,3,A,2020-2021
Liverpool,Arsenal,3,1,H,2020-2021
Chelsea,Crystal Palace,4,0,H,2020-2021
Everton,Brighton and Hove Albion,4,2,H,2020-2021
Leeds,Manchester City,1,1,D,2020-2021
Newcastle United,Burnley,3,1,H,2020-2021
Leicester City,West Ham United,0,3,A,2020-2021
Southampton,West Bromwich Albion,2,0,H,2020-2021
Arsenal,Sheffield United,2,1,H,2020-2021
Wolverhampton Wanderers,Fulham,1,0,H,2020-2021
Manchester United,Tottenham Hotspur,1,6,A,2020-2021
Aston Villa,Liverpool,7,2,H,2020-2021
Everton,Liverpool,2,2,D,2020-2021
Chelsea,Southampton,3,3,D,2020-2021
Manchester City,Arsenal,1,0,H,2020-2021
Newcastle United,Manchester United,1,4,A,2020-2021
Sheffield United,Fulham,1,1,D,2020-2021
Crystal Palace,Brighton and Hove Albion,1,1,D,2020-2021
Tottenham Hotspur,West Ham United,3,3,D,2020-2021
Leicester City,Aston Villa,0,1,A,2020-2021
West Bromwich Albion,Burnley,0,0,D,2020-2021
Leeds,Wolverhampton Wanderers,0,1,A,2020-2021
Aston Villa,Leeds,0,3,A,2020-2021
West Ham United,Manchester City,1,1,D,2020-2021
Fulham,Crystal Palace,1,2,A,2020-2021
Manchester United,Chelsea,0,0,D,2020-2021
Liverpool,Sheffield United,2,1,H,2020-2021
Southampton,Everton,2,0,H,2020-2021
Wolverhampton Wanderers,Newcastle United,1,1,D,2020-2021
Arsenal,Leicester City,0,1,A,2020-2021
Brighton and Hove Albion,West Bromwich Albion,1,1,D,2020-2021
Burnley,Tottenham Hotspur,0,1,A,2020-2021
Wolverhampton Wanderers,Crystal Palace,2,0,H,2020-2021
Sheffield United,Manchester City,0,1,A,2020-2021
Burnley,Chelsea,0,3,A,2020-2021
Liverpool,West Ham United,2,1,H,2020-2021
Aston Villa,Southampton,3,4,A,2020-2021
Newcastle United,Everton,2,1,H,2020-2021
Manchester United,Arsenal,0,1,A,2020-2021
Tottenham Hotspur,Brighton and Hove Albion,2,1,H,2020-2021
Fulham,West Bromwich Albion,2,0,H,2020-2021
Leeds,Leicester City,1,4,A,2020-2021
Brighton and Hove Albion,Burnley,0,0,D,2020-2021
Southampton,Newcastle United,2,0,H,2020-2021
Everton,Manchester United,1,3,A,2020-2021
Crystal Palace,Leeds,4,1,H,2020-2021
Chelsea,Sheffield United,4,1,H,2020-2021
West Ham United,Fulham,1,0,H,2020-2021
West Bromwich Albion,Tottenham Hotspur,0,1,A,2020-2021
Leicester City,Wolverhampton Wanderers,1,0,H,2020-2021
Manchester City,Liverpool,1,1,D,2020-2021
Arsenal,Aston Villa,0,3,A,2020-2021
Newcastle United,Chelsea,0,2,A,2020-2021
Aston Villa,Brighton and Hove Albion,1,2,A,2020-2021
Tottenham Hotspur,Manchester City,2,0,H,2020-2021
Manchester United,West Bromwich Albion,1,0,H,2020-2021
Fulham,Everton,2,3,A,2020-2021
Sheffield United,West Ham United,0,1,A,2020-2021
Leeds,Arsenal,0,0,D,2020-2021
Liverpool,Leicester City,3,0,H,2020-2021
Burnley,Crystal Palace,1,0,H,2020-2021
Wolverhampton Wanderers,Southampton,1,1,D,2020-2021
Crystal Palace,Newcastle United,0,2,A,2020-2021
Brighton and Hove Albion,Liverpool,1,1,D,2020-2021
Manchester City,Burnley,5,0,H,2020-2021
Everton,Leeds,0,1,A,2020-2021
West Bromwich Albion,Sheffield United,1,0,H,2020-2021
Southampton,Manchester United,2,3,A,2020-2021
Chelsea,Tottenham Hotspur,0,0,D,2020-2021
Arsenal,Wolverhampton Wanderers,1,2,A,2020-2021
Leicester City,Fulham,1,2,A,2020-2021
West Ham United,Aston Villa,2,1,H,2020-2021
Burnley,Everton,1,1,D,2020-2021
Manchester City,Fulham,2,0,H,2020-2021
West Ham United,Manchester United,1,3,A,2020-2021
Chelsea,Leeds,3,1,H,2020-2021
West Bromwich Albion,Crystal Palace,1,5,A,2020-2021
Sheffield United,Leicester City,1,2,A,2020-2021
Tottenham Hotspur,Arsenal,2,0,H,2020-2021
Liverpool,Wolverhampton Wanderers,4,0,H,2020-2021
Brighton and Hove Albion,Southampton,1,2,A,2020-2021
Leeds,West Ham United,1,2,A,2020-2021
Wolverhampton Wanderers,Aston Villa,0,1,A,2020-2021
Newcastle United,West Bromwich Albion,2,1,H,2020-2021
Manchester United,Manchester City,0,0,D,2020-2021
Everton,Chelsea,1,0,H,2020-2021
Southampton,Sheffield United,3,0,H,2020-2021
Crystal Palace,Tottenham Hotspur,1,1,D,2020-2021
Fulham,Liverpool,1,1,D,2020-2021
Arsenal,Burnley,0,1,A,2020-2021
Leicester City,Brighton and Hove Albion,3,0,H,2020-2021
Wolverhampton Wanderers,Chelsea,2,1,H,2020-2021
Manchester City,West Bromwich Albion,1,1,D,2020-2021
Arsenal,Southampton,1,1,D,2020-2021
Leeds,Newcastle United,5,2,H,2020-2021
Leicester City,Everton,0,2,A,2020-2021
Fulham,Brighton and Hove Albion,0,0,D,2020-2021
West Ham United,Crystal Palace,1,1,D,2020-2021
Liverpool,Tottenham Hotspur,2,1,H,2020-2021
Aston Villa,Burnley,0,0,D,2020-2021
Sheffield United,Manchester United,2,3,A,2020-2021
Crystal Palace,Liverpool,0,7,A,2020-2021
Southampton,Manchester City,0,1,A,2020-2021
Everton,Arsenal,2,1,H,2020-2021
Newcastle United,Fulham,1,1,D,2020-2021
Brighton and Hove Albion,Sheffield United,1,1,D,2020-2021
Tottenham Hotspur,Leicester City,0,2,A,2020-2021
Manchester United,Leeds,6,2,H,2020-2021
West Bromwich Albion,Aston Villa,0,3,A,2020-2021
Burnley,Wolverhampton Wanderers,2,1,H,2020-2021
Chelsea,West Ham United,3,0,H,2020-2021
Leicester City,Manchester United,2,2,D,2020-2021
Aston Villa,Crystal Palace,3,0,H,2020-2021
Fulham,Southampton,0,0,D,2020-2021
Arsenal,Chelsea,3,1,H,2020-2021
Manchester City,Newcastle United,2,0,H,2020-2021
Sheffield United,Everton,0,1,A,2020-2021
Leeds,Burnley,1,0,H,2020-2021
West Ham United,Brighton and Hove Albion,2,2,D,2020-2021
Liverpool,West Bromwich Albion,1,1,D,2020-2021
Wolverhampton Wanderers,Tottenham Hotspur,1,1,D,2020-2021
Crystal Palace,Leicester City,1,1,D,2020-2021
Chelsea,Aston Villa,1,1,D,2020-2021
Brighton and Hove Albion,Arsenal,0,1,A,2020-2021
Burnley,Sheffield United,1,0,H,2020-2021
Southampton,West Ham United,0,0,D,2020-2021
West Bromwich Albion,Leeds,0,5,A,2020-2021
Manchester United,Wolverhampton Wanderers,1,0,H,2020-2021
Newcastle United,Liverpool,0,0,D,2020-2021
Everton,West Ham United,0,1,A,2020-2021
Manchester United,Aston Villa,2,1,H,2020-2021
Tottenham Hotspur,Leeds,3,0,H,2020-2021
Crystal Palace,Sheffield United,2,0,H,2020-2021
Brighton and Hove Albion,Wolverhampton Wanderers,3,3,D,2020-2021
West Bromwich Albion,Arsenal,0,4,A,2020-2021
Newcastle United,Leicester City,1,2,A,2020-2021
Chelsea,Manchester City,1,3,A,2020-2021
Southampton,Liverpool,1,0,H,2020-2021
Sheffield United,Newcastle United,1,0,H,2020-2021
Burnley,Manchester United,0,1,A,2020-2021
Wolverhampton Wanderers,Everton,1,2,A,2020-2021
Manchester City,Brighton and Hove Albion,1,0,H,2020-2021
Tottenham Hotspur,Fulham,1,1,D,2020-2021
Arsenal,Crystal Palace,0,0,D,2020-2021
Wolverhampton Wanderers,West Bromwich Albion,2,3,A,2020-2021
Leeds,Brighton and Hove Albion,0,1,A,2020-2021
West Ham United,Burnley,1,0,H,2020-2021
Fulham,Chelsea,0,1,A,2020-2021
Leicester City,Southampton,2,0,H,2020-2021
Sheffield United,Tottenham Hotspur,1,3,A,2020-2021
Liverpool,Manchester United,0,0,D,2020-2021
Manchester City,Crystal Palace,4,0,H,2020-2021
Arsenal,Newcastle United,3,0,H,2020-2021
West Ham United,West Bromwich Albion,2,1,H,2020-2021
Leicester City,Chelsea,2,0,H,2020-2021
Manchester City,Aston Villa,2,0,H,2020-2021
Fulham,Manchester United,1,2,A,2020-2021
Liverpool,Burnley,0,1,A,2020-2021
Aston Villa,Newcastle United,2,0,H,2020-2021
Newcastle United,Leeds,1,2,A,2020-2021
Crystal Palace,West Ham United,2,3,A,2020-2021
West Bromwich Albion,Manchester City,0,5,A,2020-2021
Southampton,Arsenal,1,3,A,2020-2021
Burnley,Aston Villa,3,2,H,2020-2021
Chelsea,Wolverhampton Wanderers,0,0,D,2020-2021
Brighton and Hove Albion,Fulham,0,0,D,2020-2021
Everton,Leicester City,1,1,D,2020-2021
Manchester United,Sheffield United,1,2,A,2020-2021
Tottenham Hotspur,Liverpool,1,3,A,2020-2021
Everton,Newcastle United,0,2,A,2020-2021
Crystal Palace,Wolverhampton Wanderers,1,0,H,2020-2021
Manchester City,Sheffield United,1,0,H,2020-2021
West Bromwich Albion,Fulham,2,2,D,2020-2021
Arsenal,Manchester United,0,0,D,2020-2021
Southampton,Aston Villa,0,1,A,2020-2021
Chelsea,Burnley,2,0,H,2020-2021
Leicester City,Leeds,1,3,A,2020-2021
West Ham United,Liverpool,1,3,A,2020-2021
Brighton and Hove Albion,Tottenham Hotspur,1,0,H,2020-2021
Sheffield United,West Bromwich Albion,2,1,H,2020-2021
Wolverhampton Wanderers,Arsenal,2,1,H,2020-2021
Manchester United,Southampton,9,0,H,2020-2021
Newcastle United,Crystal Palace,1,2,A,2020-2021
Burnley,Manchester City,0,2,A,2020-2021
Fulham,Leicester City,0,2,A,2020-2021
Leeds,Everton,1,2,A,2020-2021
Aston Villa,West Ham United,1,3,A,2020-2021
Liverpool,Brighton and Hove Albion,0,1,A,2020-2021
Tottenham Hotspur,Chelsea,0,1,A,2020-2021
Aston Villa,Arsenal,1,0,H,2020-2021
Burnley,Brighton and Hove Albion,1,1,D,2020-2021
Newcastle United,Southampton,3,2,H,2020-2021
Fulham,West Ham United,0,0,D,2020-2021
Manchester United,Everton,3,3,D,2020-2021
Tottenham Hotspur,West Bromwich Albion,2,0,H,2020-2021
Wolverhampton Wanderers,Leicester City,0,0,D,2020-2021
Liverpool,Manchester City,1,4,A,2020-2021
Sheffield United,Chelsea,1,2,A,2020-2021
Leeds,Crystal Palace,2,0,H,2020-2021
Leicester City,Liverpool,3,1,H,2020-2021
Crystal Palace,Burnley,0,3,A,2020-2021
Manchester City,Tottenham Hotspur,3,0,H,2020-2021
Brighton and Hove Albion,Aston Villa,0,0,D,2020-2021
Southampton,Wolverhampton Wanderers,1,2,A,2020-2021
West Bromwich Albion,Manchester United,1,1,D,2020-2021
Arsenal,Leeds,4,2,H,2020-2021
Everton,Fulham,0,2,A,2020-2021
West Ham United,Sheffield United,3,0,H,2020-2021
Chelsea,Newcastle United,2,0,H,2020-2021
Burnley,Fulham,1,1,D,2020-2021
Everton,Manchester City,1,3,A,2020-2021
Wolverhampton Wanderers,Leeds,1,0,H,2020-2021
Southampton,Chelsea,1,1,D,2020-2021
Burnley,West Bromwich Albion,0,0,D,2020-2021
Liverpool,Everton,0,2,A,2020-2021
Fulham,Sheffield United,1,0,H,2020-2021
West Ham United,Tottenham Hotspur,2,1,H,2020-2021
Aston Villa,Leicester City,1,2,A,2020-2021
Arsenal,Manchester City,0,1,A,2020-2021
Manchester United,Newcastle United,3,1,H,2020-2021
Brighton and Hove Albion,Crystal Palace,1,2,A,2020-2021
Leeds,Southampton,3,0,H,2020-2021
Manchester City,West Ham United,2,1,H,2020-2021
West Bromwich Albion,Brighton and Hove Albion,1,0,H,2020-2021
Leeds,Aston Villa,0,1,A,2020-2021
Newcastle United,Wolverhampton Wanderers,1,1,D,2020-2021
Crystal Palace,Fulham,0,0,D,2020-2021
Leicester City,Arsenal,1,3,A,2020-2021
Tottenham Hotspur,Burnley,4,0,H,2020-2021
Chelsea,Manchester United,0,0,D,2020-2021
Sheffield United,Liverpool,0,2,A,2020-2021
Everton,Southampton,1,0,H,2020-2021
Manchester City,Wolverhampton Wanderers,4,1,H,2020-2021
Burnley,Leicester City,1,1,D,2020-2021
Sheffield United,Aston Villa,1,0,H,2020-2021
Crystal Palace,Manchester United,0,0,D,2020-2021
West Bromwich Albion,Everton,0,1,A,2020-2021
Fulham,Tottenham Hotspur,0,1,A,2020-2021
Liverpool,Chelsea,0,1,A,2020-2021
Burnley,Arsenal,1,1,D,2020-2021
Sheffield United,Southampton,0,2,A,2020-2021
Aston Villa,Wolverhampton Wanderers,0,0,D,2020-2021
Brighton and Hove Albion,Leicester City,1,2,A,2020-2021
West Bromwich Albion,Newcastle United,0,0,D,2020-2021
Liverpool,Fulham,0,1,A,2020-2021
Manchester City,Manchester United,0,2,A,2020-2021
Tottenham Hotspur,Crystal Palace,4,1,H,2020-2021
Chelsea,Everton,2,0,H,2020-2021
West Ham United,Leeds,2,0,H,2020-2021
Manchester City,Southampton,5,2,H,2020-2021
Newcastle United,Aston Villa,1,1,D,2020-2021
Leeds,Chelsea,0,0,D,2020-2021
Crystal Palace,West Bromwich Albion,1,0,H,2020-2021
Everton,Burnley,1,2,A,2020-2021
Fulham,Manchester City,0,3,A,2020-2021
Southampton,Brighton and Hove Albion,1,2,A,2020-2021
Leicester City,Sheffield United,5,0,H,2020-2021
Arsenal,Tottenham Hotspur,2,1,H,2020-2021
Manchester United,West Ham United,1,0,H,2020-2021
Wolverhampton Wanderers,Liverpool,0,1,A,2020-2021
Fulham,Leeds,1,2,A,2020-2021
Brighton and Hove Albion,Newcastle United,3,0,H,2020-2021
West Ham United,Arsenal,3,3,D,2020-2021
Aston Villa,Tottenham Hotspur,0,2,A,2020-2021
Chelsea,West Bromwich Albion,2,5,A,2020-2021
Leeds,Sheffield United,2,1,H,2020-2021
Leicester City,Manchester City,0,2,A,2020-2021
Arsenal,Liverpool,0,3,A,2020-2021
Southampton,Burnley,3,2,H,2020-2021
Newcastle United,Tottenham Hotspur,2,2,D,2020-2021
Aston Villa,Fulham,3,1,H,2020-2021
Manchester United,Brighton and Hove Albion,2,1,H,2020-2021
Everton,Crystal Palace,1,1,D,2020-2021
Wolverhampton Wanderers,West Ham United,2,3,A,2020-2021
Fulham,Wolverhampton Wanderers,0,1,A,2020-2021
Manchester City,Leeds,1,2,A,2020-2021
Liverpool,Aston Villa,2,1,H,2020-2021
Crystal Palace,Chelsea,1,4,A,2020-2021
Burnley,Newcastle United,1,2,A,2020-2021
West Ham United,Leicester City,3,2,H,2020-2021
Tottenham Hotspur,Manchester United,1,3,A,2020-2021
Sheffield United,Arsenal,0,3,A,2020-2021
West Bromwich Albion,Southampton,3,0,H,2020-2021
Brighton and Hove Albion,Everton,0,0,D,2020-2021
Everton,Tottenham Hotspur,2,2,D,2020-2021
Newcastle United,West Ham United,3,2,H,2020-2021
Wolverhampton Wanderers,Sheffield United,1,0,H,2020-2021
Arsenal,Fulham,1,1,D,2020-2021
Manchester United,Burnley,3,1,H,2020-2021
Leeds,Liverpool,1,1,D,2020-2021
Chelsea,Brighton and Hove Albion,0,0,D,2020-2021
Tottenham Hotspur,Southampton,2,1,H,2020-2021
Aston Villa,Manchester City,1,2,A,2020-2021
Leicester City,West Bromwich Albion,3,0,H,2020-2021
Arsenal,Everton,0,1,A,2020-2021
Liverpool,Newcastle United,1,1,D,2020-2021
West Ham United,Chelsea,0,1,A,2020-2021
Sheffield United,Brighton and Hove Albion,1,0,H,2020-2021
Wolverhampton Wanderers,Burnley,0,4,A,2020-2021
Leeds,Manchester United,0,0,D,2020-2021
Aston Villa,West Bromwich Albion,2,2,D,2020-2021
Leicester City,Crystal Palace,2,1,H,2020-2021
Southampton,Leicester City,1,1,D,2020-2021
Crystal Palace,Manchester City,0,2,A,2020-2021
Brighton and Hove Albion,Leeds,2,0,H,2020-2021
Chelsea,Fulham,2,0,H,2020-2021
Everton,Aston Villa,1,2,A,2020-2021
Newcastle United,Arsenal,0,2,A,2020-2021
Tottenham Hotspur,Sheffield United,4,0,H,2020-2021
West Bromwich Albion,Wolverhampton Wanderers,1,1,D,2020-2021
Burnley,West Ham United,1,2,A,2020-2021
Leicester City,Newcastle United,2,4,A,2020-2021
Leeds,Tottenham Hotspur,3,1,H,2020-2021
Sheffield United,Crystal Palace,0,2,A,2020-2021
Manchester City,Chelsea,1,2,A,2020-2021
Liverpool,Southampton,2,0,H,2020-2021
Wolverhampton Wanderers,Brighton and Hove Albion,2,1,H,2020-2021
Aston Villa,Manchester United,1,3,A,2020-2021
West Ham United,Everton,0,1,A,2020-2021
Arsenal,West Bromwich Albion,3,1,H,2020-2021
Fulham,Burnley,0,2,A,2020-2021
Manchester United,Leicester City,1,2,A,2020-2021
Southampton,Crystal Palace,3,1,H,2020-2021
Chelsea,Arsenal,0,1,A,2020-2021
Aston Villa,Everton,0,0,D,2020-2021
Manchester United,Liverpool,2,4,A,2020-2021
Newcastle United,Manchester City,3,4,A,2020-2021
Burnley,Leeds,0,4,A,2020-2021
Southampton,Fulham,3,1,H,2020-2021
Brighton and Hove Albion,West Ham United,1,1,D,2020-2021
Crystal Palace,Aston Villa,3,2,H,2020-2021
Tottenham Hotspur,Wolverhampton Wanderers,2,0,H,2020-2021
West Bromwich Albion,Liverpool,1,2,A,2020-2021
Everton,Sheffield United,0,1,A,2020-2021
Manchester United,Fulham,1,1,D,2020-2021
Southampton,Leeds,0,2,A,2020-2021
Brighton and Hove Albion,Manchester City,3,2,H,2020-2021
Chelsea,Leicester City,2,1,H,2020-2021
Everton,Wolverhampton Wanderers,1,0,H,2020-2021
Newcastle United,Sheffield United,1,0,H,2020-2021
Tottenham Hotspur,Aston Villa,1,2,A,2020-2021
Crystal Palace,Arsenal,1,3,A,2020-2021
Burnley,Liverpool,0,3,A,2020-2021
West Bromwich Albion,West Ham United,1,3,A,2020-2021
Arsenal,Brighton and Hove Albion,2,0,H,2020-2021
Aston Villa,Chelsea,2,1,H,2020-2021
Fulham,Newcastle United,0,2,A,2020-2021
Leeds,West Bromwich Albion,3,1,H,2020-2021
Leicester City,Tottenham Hotspur,2,4,A,2020-2021
Liverpool,Crystal Palace,2,0,H,2020-2021
Manchester City,Everton,5,0,H,2020-2021
Sheffield United,Burnley,1,0,H,2020-2021
West Ham United,Southampton,3,0,H,2020-2021
Wolverhampton Wanderers,Manchester United,1,2,A,2020-2021
Brentford,Arsenal,2,0,H,2021-2022
Manchester United,Leeds,5,1,H,2021-2022
Burnley,Brighton and Hove Albion,1,2,A,2021-2022
Chelsea,Crystal Palace,3,0,H,2021-2022
Everton,Southampton,3,1,H,2021-2022
Leicester City,Wolverhampton Wanderers,1,0,H,2021-2022
Watford,Aston Villa,3,2,H,2021-2022
Norwich City,Liverpool,0,3,A,2021-2022
Newcastle United,West Ham United,2,4,A,2021-2022
Tottenham Hotspur,Manchester City,1,0,H,2021-2022
Liverpool,Burnley,2,0,H,2021-2022
Aston Villa,Newcastle United,2,0,H,2021-2022
Crystal Palace,Brentford,0,0,D,2021-2022
Leeds,Everton,2,2,D,2021-2022
Manchester City,Norwich City,5,0,H,2021-2022
Brighton and Hove Albion,Watford,2,0,H,2021-2022
Southampton,Manchester United,1,1,D,2021-2022
Wolverhampton Wanderers,Tottenham Hotspur,0,1,A,2021-2022
Arsenal,Chelsea,0,2,A,2021-2022
West Ham United,Leicester City,4,1,H,2021-2022
Manchester City,Arsenal,5,0,H,2021-2022
Aston Villa,Brentford,1,1,D,2021-2022
Brighton and Hove Albion,Everton,0,2,A,2021-2022
Newcastle United,Southampton,2,2,D,2021-2022
Norwich City,Leicester City,1,2,A,2021-2022
West Ham United,Crystal Palace,2,2,D,2021-2022
Liverpool,Chelsea,1,1,D,2021-2022
Burnley,Leeds,1,1,D,2021-2022
Tottenham Hotspur,Watford,1,0,H,2021-2022
Wolverhampton Wanderers,Manchester United,0,1,A,2021-2022
Crystal Palace,Tottenham Hotspur,3,0,H,2021-2022
Arsenal,Norwich City,1,0,H,2021-2022
Brentford,Brighton and Hove Albion,0,1,A,2021-2022
Leicester City,Manchester City,0,1,A,2021-2022
Manchester United,Newcastle United,4,1,H,2021-2022
Southampton,West Ham United,0,0,D,2021-2022
Watford,Wolverhampton Wanderers,0,2,A,2021-2022
Chelsea,Aston Villa,3,0,H,2021-2022
Leeds,Liverpool,0,3,A,2021-2022
Everton,Burnley,3,1,H,2021-2022
Newcastle United,Leeds,1,1,D,2021-2022
Wolverhampton Wanderers,Brentford,0,2,A,2021-2022
Burnley,Arsenal,0,1,A,2021-2022
Liverpool,Crystal Palace,3,0,H,2021-2022
Manchester City,Southampton,0,0,D,2021-2022
Norwich City,Watford,1,3,A,2021-2022
Aston Villa,Everton,3,0,H,2021-2022
Brighton and Hove Albion,Leicester City,2,1,H,2021-2022
West Ham United,Manchester United,1,2,A,2021-2022
Tottenham Hotspur,Chelsea,0,3,A,2021-2022
Chelsea,Manchester City,0,1,A,2021-2022
Manchester United,Aston Villa,0,1,A,2021-2022
Everton,Norwich City,2,0,H,2021-2022
Leeds,West Ham United,1,2,A,2021-2022
Leicester City,Burnley,2,2,D,2021-2022
Watford,Newcastle United,1,1,D,2021-2022
Brentford,Liverpool,3,3,D,2021-2022
Southampton,Wolverhampton Wanderers,0,1,A,2021-2022
Arsenal,Tottenham Hotspur,3,1,H,2021-2022
Crystal Palace,Brighton and Hove Albion,1,1,D,2021-2022
Manchester United,Everton,1,1,D,2021-2022
Burnley,Norwich City,0,0,D,2021-2022
Chelsea,Southampton,3,1,H,2021-2022
Leeds,Watford,1,0,H,2021-2022
Wolverhampton Wanderers,Newcastle United,2,1,H,2021-2022
Brighton and Hove Albion,Arsenal,0,0,D,2021-2022
Crystal Palace,Leicester City,2,2,D,2021-2022
Tottenham Hotspur,Aston Villa,2,1,H,2021-2022
West Ham United,Brentford,1,2,A,2021-2022
Liverpool,Manchester City,2,2,D,2021-2022
Watford,Liverpool,0,5,A,2021-2022
Aston Villa,Wolverhampton Wanderers,2,3,A,2021-2022
Leicester City,Manchester United,4,2,H,2021-2022
Manchester City,Burnley,2,0,H,2021-2022
Norwich City,Brighton and Hove Albion,0,0,D,2021-2022
Southampton,Leeds,1,0,H,2021-2022
Brentford,Chelsea,0,1,A,2021-2022
Everton,West Ham United,0,1,A,2021-2022
Newcastle United,Tottenham Hotspur,2,3,A,2021-2022
Arsenal,Crystal Palace,2,2,D,2021-2022
Arsenal,Aston Villa,3,1,H,2021-2022
Chelsea,Norwich City,7,0,H,2021-2022
Crystal Palace,Newcastle United,1,1,D,2021-2022
Everton,Watford,2,5,A,2021-2022
Leeds,Wolverhampton Wanderers,1,1,D,2021-2022
Southampton,Burnley,2,2,D,2021-2022
Brighton and Hove Albion,Manchester City,1,4,A,2021-2022
Brentford,Leicester City,1,2,A,2021-2022
West Ham United,Tottenham Hotspur,1,0,H,2021-2022
Manchester United,Liverpool,0,5,A,2021-2022
Leicester City,Arsenal,0,2,A,2021-2022
Burnley,Brentford,3,1,H,2021-2022
Liverpool,Brighton and Hove Albion,2,2,D,2021-2022
Manchester City,Crystal Palace,0,2,A,2021-2022
Newcastle United,Chelsea,0,3,A,2021-2022
Watford,Southampton,0,1,A,2021-2022
Tottenham Hotspur,Manchester United,0,3,A,2021-2022
Norwich City,Leeds,1,2,A,2021-2022
Aston Villa,West Ham United,1,4,A,2021-2022
Wolverhampton Wanderers,Everton,2,1,H,2021-2022
Southampton,Aston Villa,1,0,H,2021-2022
Manchester United,Manchester City,0,2,A,2021-2022
Brentford,Norwich City,1,2,A,2021-2022
Chelsea,Burnley,1,1,D,2021-2022
Crystal Palace,Wolverhampton Wanderers,2,0,H,2021-2022
Brighton and Hove Albion,Newcastle United,1,1,D,2021-2022
Arsenal,Watford,1,0,H,2021-2022
Everton,Tottenham Hotspur,0,0,D,2021-2022
Leeds,Leicester City,1,1,D,2021-2022
West Ham United,Liverpool,3,2,H,2021-2022
Leicester City,Chelsea,0,3,A,2021-2022
Aston Villa,Brighton and Hove Albion,2,0,H,2021-2022
Burnley,Crystal Palace,3,3,D,2021-2022
Newcastle United,Brentford,3,3,D,2021-2022
Norwich City,Southampton,2,1,H,2021-2022
Watford,Manchester United,4,1,H,2021-2022
Wolverhampton Wanderers,West Ham United,1,0,H,2021-2022
Liverpool,Arsenal,4,0,H,2021-2022
Manchester City,Everton,3,0,H,2021-2022
Tottenham Hotspur,Leeds,2,1,H,2021-2022
Arsenal,Newcastle United,2,0,H,2021-2022
Crystal Palace,Aston Villa,1,2,A,2021-2022
Liverpool,Southampton,4,0,H,2021-2022
Norwich City,Wolverhampton Wanderers,0,0,D,2021-2022
Brighton and Hove Albion,Leeds,0,0,D,2021-2022
Brentford,Everton,1,0,H,2021-2022
Leicester City,Watford,4,2,H,2021-2022
Manchester City,West Ham United,2,1,H,2021-2022
Chelsea,Manchester United,1,1,D,2021-2022
Burnley,Tottenham Hotspur,1,0,H,2021-2022
Newcastle United,Norwich City,1,1,D,2021-2022
Leeds,Crystal Palace,1,0,H,2021-2022
Watford,Chelsea,1,2,A,2021-2022
West Ham United,Brighton and Hove Albion,1,1,D,2021-2022
Wolverhampton Wanderers,Burnley,0,0,D,2021-2022
Southampton,Leicester City,2,2,D,2021-2022
Aston Villa,Manchester City,1,2,A,2021-2022
Everton,Liverpool,1,4,A,2021-2022
Tottenham Hotspur,Brentford,2,0,H,2021-2022
Manchester United,Arsenal,3,2,H,2021-2022
West Ham United,Chelsea,3,2,H,2021-2022
Newcastle United,Burnley,1,0,H,2021-2022
Southampton,Brighton and Hove Albion,1,1,D,2021-2022
Wolverhampton Wanderers,Liverpool,0,1,A,2021-2022
Watford,Manchester City,1,3,A,2021-2022
Leeds,Brentford,2,2,D,2021-2022
Manchester United,Crystal Palace,1,0,H,2021-2022
Tottenham Hotspur,Norwich City,3,0,H,2021-2022
Aston Villa,Leicester City,2,1,H,2021-2022
Everton,Arsenal,2,1,H,2021-2022
Brentford,Watford,2,1,H,2021-2022
Manchester City,Wolverhampton Wanderers,1,0,H,2021-2022
Arsenal,Southampton,3,0,H,2021-2022
Chelsea,Leeds,3,2,H,2021-2022
Liverpool,Aston Villa,1,0,H,2021-2022
Norwich City,Manchester United,0,1,A,2021-2022
Burnley,West Ham United,0,0,D,2021-2022
Leicester City,Newcastle United,4,0,H,2021-2022
Crystal Palace,Everton,3,1,H,2021-2022
Brighton and Hove Albion,Tottenham Hotspur,0,2,A,2021-2022
Norwich City,Aston Villa,0,2,A,2021-2022
Manchester City,Leeds,7,0,H,2021-2022
Brighton and Hove Albion,Wolverhampton Wanderers,0,1,A,2021-2022
Crystal Palace,Southampton,2,2,D,2021-2022
Arsenal,West Ham United,2,0,H,2021-2022
Chelsea,Everton,1,1,D,2021-2022
Liverpool,Newcastle United,3,1,H,2021-2022
Leicester City,Tottenham Hotspur,2,3,A,2021-2022
Brentford,Manchester United,1,3,A,2021-2022
Burnley,Watford,0,0,D,2021-2022
Leeds,Arsenal,1,4,A,2021-2022
Newcastle United,Manchester City,0,4,A,2021-2022
Wolverhampton Wanderers,Chelsea,0,0,D,2021-2022
Tottenham Hotspur,Liverpool,2,2,D,2021-2022
Southampton,Brentford,4,1,H,2021-2022
West Ham United,Norwich City,2,0,H,2021-2022
Manchester United,Brighton and Hove Albion,2,0,H,2021-2022
Watford,Crystal Palace,1,4,A,2021-2022
Everton,Leicester City,1,1,D,2021-2022
Manchester City,Leicester City,6,3,H,2021-2022
Norwich City,Arsenal,0,5,A,2021-2022
Tottenham Hotspur,Crystal Palace,3,0,H,2021-2022
West Ham United,Southampton,2,3,A,2021-2022
Aston Villa,Chelsea,1,3,A,2021-2022
Brighton and Hove Albion,Brentford,2,0,H,2021-2022
Newcastle United,Manchester United,1,1,D,2021-2022
Liverpool,Leeds,6,0,H,2021-2022
Wolverhampton Wanderers,Watford,4,0,H,2021-2022
Burnley,Everton,3,2,H,2021-2022
Crystal Palace,Norwich City,3,0,H,2021-2022
Southampton,Tottenham Hotspur,1,1,D,2021-2022
Watford,West Ham United,1,4,A,2021-2022
Leicester City,Liverpool,1,0,H,2021-2022
Chelsea,Brighton and Hove Albion,1,1,D,2021-2022
Brentford,Manchester City,0,1,A,2021-2022
Manchester United,Burnley,3,1,H,2021-2022
Arsenal,Wolverhampton Wanderers,2,1,H,2021-2022
Leeds,Aston Villa,0,3,A,2021-2022
Everton,Newcastle United,1,0,H,2021-2022
Arsenal,Manchester City,1,2,A,2021-2022
Watford,Tottenham Hotspur,0,1,A,2021-2022
Crystal Palace,West Ham United,2,3,A,2021-2022
Brentford,Aston Villa,2,1,H,2021-2022
Everton,Brighton and Hove Albion,2,3,A,2021-2022
Leeds,Burnley,3,1,H,2021-2022
Chelsea,Liverpool,2,2,D,2021-2022
Manchester United,Wolverhampton Wanderers,0,1,A,2021-2022
Southampton,Newcastle United,1,2,A,2021-2022
Leicester City,Norwich City,3,0,H,2021-2022
Brighton and Hove Albion,Crystal Palace,1,1,D,2021-2022
Manchester City,Chelsea,1,0,H,2021-2022
Newcastle United,Watford,1,1,D,2021-2022
Norwich City,Everton,2,1,H,2021-2022
Wolverhampton Wanderers,Southampton,3,1,H,2021-2022
Aston Villa,Manchester United,2,2,D,2021-2022
Liverpool,Brentford,3,0,H,2021-2022
West Ham United,Leeds,2,3,A,2021-2022
Burnley,Leicester City,0,2,A,2021-2022
Tottenham Hotspur,Arsenal,3,0,H,2021-2022
Watford,Norwich City,0,3,A,2021-2022
Everton,Aston Villa,0,1,A,2021-2022
Brentford,Wolverhampton Wanderers,1,2,A,2021-2022
Leeds,Newcastle United,0,1,A,2021-2022
Manchester United,West Ham United,1,0,H,2021-2022
Southampton,Manchester City,1,1,D,2021-2022
Arsenal,Burnley,0,0,D,2021-2022
Crystal Palace,Liverpool,1,3,A,2021-2022
Leicester City,Brighton and Hove Albion,1,1,D,2021-2022
Chelsea,Tottenham Hotspur,2,0,H,2021-2022
Brighton and Hove Albion,Chelsea,1,1,D,2021-2022
West Ham United,Watford,1,0,H,2021-2022
Newcastle United,Everton,3,1,H,2021-2022
Burnley,Manchester United,1,1,D,2021-2022
Norwich City,Crystal Palace,1,1,D,2021-2022
Tottenham Hotspur,Southampton,2,3,A,2021-2022
Manchester City,Brentford,2,0,H,2021-2022
Aston Villa,Leeds,3,3,D,2021-2022
Wolverhampton Wanderers,Arsenal,0,1,A,2021-2022
Liverpool,Leicester City,2,0,H,2021-2022
Manchester United,Southampton,1,1,D,2021-2022
Brentford,Crystal Palace,0,0,D,2021-2022
Everton,Leeds,3,0,H,2021-2022
Watford,Brighton and Hove Albion,0,2,A,2021-2022
Norwich City,Manchester City,0,4,A,2021-2022
Burnley,Liverpool,0,1,A,2021-2022
Newcastle United,Aston Villa,1,0,H,2021-2022
Tottenham Hotspur,Wolverhampton Wanderers,0,2,A,2021-2022
Leicester City,West Ham United,2,2,D,2021-2022
Chelsea,Arsenal,2,4,A,2021-2022
West Ham United,Newcastle United,1,1,D,2021-2022
Arsenal,Brentford,2,1,H,2021-2022
Aston Villa,Watford,0,1,A,2021-2022
Brighton and Hove Albion,Burnley,0,3,A,2021-2022
Crystal Palace,Chelsea,0,1,A,2021-2022
Liverpool,Norwich City,3,1,H,2021-2022
Southampton,Everton,2,0,H,2021-2022
Manchester City,Tottenham Hotspur,2,3,A,2021-2022
Leeds,Manchester United,2,4,A,2021-2022
Wolverhampton Wanderers,Leicester City,2,1,H,2021-2022
Southampton,Norwich City,2,0,H,2021-2022
Leeds,Tottenham Hotspur,0,4,A,2021-2022
Brentford,Newcastle United,0,2,A,2021-2022
Crystal Palace,Burnley,1,1,D,2021-2022
Manchester United,Watford,0,0,D,2021-2022
Brighton and Hove Albion,Aston Villa,0,2,A,2021-2022
Everton,Manchester City,0,1,A,2021-2022
West Ham United,Wolverhampton Wanderers,1,0,H,2021-2022
Arsenal,Liverpool,0,2,A,2021-2022
Leicester City,Leeds,1,0,H,2021-2022
Aston Villa,Southampton,4,0,H,2021-2022
Burnley,Chelsea,0,4,A,2021-2022
Newcastle United,Brighton and Hove Albion,2,1,H,2021-2022
Norwich City,Brentford,1,3,A,2021-2022
Wolverhampton Wanderers,Crystal Palace,0,2,A,2021-2022
Liverpool,West Ham United,1,0,H,2021-2022
Watford,Arsenal,2,3,A,2021-2022
Manchester City,Manchester United,4,1,H,2021-2022
Tottenham Hotspur,Everton,5,0,H,2021-2022
Brighton and Hove Albion,Liverpool,0,2,A,2021-2022
Brentford,Burnley,2,0,H,2021-2022
Manchester United,Tottenham Hotspur,3,2,H,2021-2022
Chelsea,Newcastle United,1,0,H,2021-2022
Everton,Wolverhampton Wanderers,0,1,A,2021-2022
Leeds,Norwich City,2,1,H,2021-2022
Southampton,Watford,1,2,A,2021-2022
West Ham United,Aston Villa,2,1,H,2021-2022
Arsenal,Leicester City,2,0,H,2021-2022
Crystal Palace,Manchester City,0,0,D,2021-2022
Norwich City,Chelsea,1,3,A,2021-2022
Wolverhampton Wanderers,Leeds,2,3,A,2021-2022
Aston Villa,Arsenal,0,1,A,2021-2022
Leicester City,Brentford,2,1,H,2021-2022
Tottenham Hotspur,West Ham United,3,1,H,2021-2022
Liverpool,Manchester United,4,0,H,2021-2022
Newcastle United,Crystal Palace,1,0,H,2021-2022
Manchester City,Brighton and Hove Albion,3,0,H,2021-2022
Burnley,Southampton,2,0,H,2021-2022
Watford,Everton,0,0,D,2021-2022
Liverpool,Watford,2,0,H,2021-2022
Brighton and Hove Albion,Norwich City,0,0,D,2021-2022
Burnley,Manchester City,0,2,A,2021-2022
Chelsea,Brentford,1,4,A,2021-2022
Leeds,Southampton,1,1,D,2021-2022
Wolverhampton Wanderers,Aston Villa,2,1,H,2021-2022
Manchester United,Leicester City,1,1,D,2021-2022
West Ham United,Everton,2,1,H,2021-2022
Tottenham Hotspur,Newcastle United,5,1,H,2021-2022
Crystal Palace,Arsenal,3,0,H,2021-2022
Newcastle United,Wolverhampton Wanderers,1,0,H,2021-2022
Everton,Manchester United,1,0,H,2021-2022
Arsenal,Brighton and Hove Albion,1,2,A,2021-2022
Southampton,Chelsea,0,6,A,2021-2022
Watford,Leeds,0,3,A,2021-2022
Aston Villa,Tottenham Hotspur,0,4,A,2021-2022
Brentford,West Ham United,2,0,H,2021-2022
Leicester City,Crystal Palace,2,1,H,2021-2022
Norwich City,Burnley,2,0,H,2021-2022
Manchester City,Liverpool,2,2,D,2021-2022
Tottenham Hotspur,Brighton and Hove Albion,0,1,A,2021-2022
Manchester United,Norwich City,3,2,H,2021-2022
Southampton,Arsenal,1,0,H,2021-2022
Watford,Brentford,1,2,A,2021-2022
Newcastle United,Leicester City,2,1,H,2021-2022
West Ham United,Burnley,1,1,D,2021-2022
Aston Villa,Liverpool,1,2,A,2021-2022
Leeds,Chelsea,0,3,A,2021-2022
Wolverhampton Wanderers,Manchester City,1,5,A,2021-2022
Arsenal,Manchester United,3,1,H,2021-2022
Leicester City,Aston Villa,0,0,D,2021-2022
Manchester City,Watford,5,1,H,2021-2022
Norwich City,Newcastle United,0,3,A,2021-2022
Brentford,Tottenham Hotspur,0,0,D,2021-2022
Brighton and Hove Albion,Southampton,2,2,D,2021-2022
Burnley,Wolverhampton Wanderers,1,0,H,2021-2022
Chelsea,West Ham United,1,0,H,2021-2022
Liverpool,Everton,2,0,H,2021-2022
Crystal Palace,Leeds,0,0,D,2021-2022
Manchester United,Chelsea,1,1,D,2021-2022
Newcastle United,Liverpool,0,1,A,2021-2022
Aston Villa,Norwich City,2,0,H,2021-2022
Southampton,Crystal Palace,1,2,A,2021-2022
Watford,Burnley,1,2,A,2021-2022
Wolverhampton Wanderers,Brighton and Hove Albion,0,3,A,2021-2022
Leeds,Manchester City,0,4,A,2021-2022
Everton,Chelsea,1,0,H,2021-2022
Tottenham Hotspur,Leicester City,3,1,H,2021-2022
West Ham United,Arsenal,1,2,A,2021-2022
Manchester United,Brentford,3,0,H,2021-2022
Brentford,Southampton,3,0,H,2021-2022
Burnley,Aston Villa,1,3,A,2021-2022
Chelsea,Wolverhampton Wanderers,2,2,D,2021-2022
Crystal Palace,Watford,1,0,H,2021-2022
Brighton and Hove Albion,Manchester United,4,0,H,2021-2022
Liverpool,Tottenham Hotspur,1,1,D,2021-2022
Arsenal,Leeds,2,1,H,2021-2022
Leicester City,Everton,1,2,A,2021-2022
Norwich City,West Ham United,0,4,A,2021-2022
Manchester City,Newcastle United,5,0,H,2021-2022
Tottenham Hotspur,Burnley,1,0,H,2021-2022
Aston Villa,Crystal Palace,1,1,D,2021-2022
Leeds,Brighton and Hove Albion,1,1,D,2021-2022
Watford,Leicester City,1,5,A,2021-2022
West Ham United,Manchester City,2,2,D,2021-2022
Wolverhampton Wanderers,Norwich City,1,1,D,2021-2022
Everton,Brentford,2,3,A,2021-2022
Newcastle United,Arsenal,2,0,H,2021-2022
Southampton,Liverpool,1,2,A,2021-2022
Everton,Crystal Palace,3,2,H,2021-2022
Aston Villa,Burnley,1,1,D,2021-2022
Chelsea,Leicester City,1,1,D,2021-2022
Arsenal,Everton,5,1,H,2021-2022
Brentford,Leeds,1,2,A,2021-2022
Brighton and Hove Albion,West Ham United,3,1,H,2021-2022
Burnley,Newcastle United,1,2,A,2021-2022
Chelsea,Watford,2,1,H,2021-2022
Crystal Palace,Manchester United,1,0,H,2021-2022
Leicester City,Southampton,4,1,H,2021-2022
Liverpool,Wolverhampton Wanderers,3,1,H,2021-2022
Manchester City,Aston Villa,3,2,H,2021-2022
Norwich City,Tottenham Hotspur,0,5,A,2021-2022
Crystal Palace,Arsenal,0,2,A,2022-2023
Fulham,Liverpool,2,2,D,2022-2023
AFC Bournemouth,Aston Villa,2,0,H,2022-2023
Leeds,Wolverhampton Wanderers,2,1,H,2022-2023
Newcastle United,Nottingham Forest,2,0,H,2022-2023
Tottenham Hotspur,Southampton,4,1,H,2022-2023
Everton,Chelsea,0,1,A,2022-2023
Leicester City,Brentford,2,2,D,2022-2023
Manchester United,Brighton and Hove Albion,1,2,A,2022-2023
West Ham United,Manchester City,0,2,A,2022-2023
Aston Villa,Everton,2,1,H,2022-2023
Arsenal,Leicester City,4,2,H,2022-2023
Brighton and Hove Albion,Newcastle United,0,0,D,2022-2023
Manchester City,AFC Bournemouth,4,0,H,2022-2023
Southampton,Leeds,2,2,D,2022-2023
Wolverhampton Wanderers,Fulham,0,0,D,2022-2023
Brentford,Manchester United,4,0,H,2022-2023
Nottingham Forest,West Ham United,1,0,H,2022-2023
Chelsea,Tottenham Hotspur,2,2,D,2022-2023
Liverpool,Crystal Palace,1,1,D,2022-2023
Tottenham Hotspur,Wolverhampton Wanderers,1,0,H,2022-2023
Crystal Palace,Aston Villa,3,1,H,2022-2023
Everton,Nottingham Forest,1,1,D,2022-2023
Fulham,Brentford,3,2,H,2022-2023
Leicester City,Southampton,1,2,A,2022-2023
AFC Bournemouth,Arsenal,0,3,A,2022-2023
Leeds,Chelsea,3,0,H,2022-2023
West Ham United,Brighton and Hove Albion,0,2,A,2022-2023
Newcastle United,Manchester City,3,3,D,2022-2023
Manchester United,Liverpool,2,1,H,2022-2023
Southampton,Manchester United,0,1,A,2022-2023
Brentford,Everton,1,1,D,2022-2023
Brighton and Hove Albion,Leeds,1,0,H,2022-2023
Chelsea,Leicester City,2,1,H,2022-2023
Liverpool,AFC Bournemouth,9,0,H,2022-2023
Manchester City,Crystal Palace,4,2,H,2022-2023
Arsenal,Fulham,2,1,H,2022-2023
Aston Villa,West Ham United,0,1,A,2022-2023
Wolverhampton Wanderers,Newcastle United,1,1,D,2022-2023
Nottingham Forest,Tottenham Hotspur,0,2,A,2022-2023
Fulham,Brighton and Hove Albion,2,1,H,2022-2023
Crystal Palace,Brentford,1,1,D,2022-2023
Southampton,Chelsea,2,1,H,2022-2023
Leeds,Everton,1,1,D,2022-2023
AFC Bournemouth,Wolverhampton Wanderers,0,0,D,2022-2023
Arsenal,Aston Villa,2,1,H,2022-2023
Manchester City,Nottingham Forest,6,0,H,2022-2023
West Ham United,Tottenham Hotspur,1,1,D,2022-2023
Liverpool,Newcastle United,2,1,H,2022-2023
Leicester City,Manchester United,0,1,A,2022-2023
Everton,Liverpool,0,0,D,2022-2023
Brentford,Leeds,5,2,H,2022-2023
Chelsea,West Ham United,2,1,H,2022-2023
Newcastle United,Crystal Palace,0,0,D,2022-2023
Nottingham Forest,AFC Bournemouth,2,3,A,2022-2023
Tottenham Hotspur,Fulham,2,1,H,2022-2023
Wolverhampton Wanderers,Southampton,1,0,H,2022-2023
Aston Villa,Manchester City,1,1,D,2022-2023
Brighton and Hove Albion,Leicester City,5,2,H,2022-2023
Manchester United,Arsenal,3,1,H,2022-2023
Fulham,Chelsea,2,1,H,2022-2023
Crystal Palace,Manchester United,1,1,D,2022-2023
Manchester City,Tottenham Hotspur,4,2,H,2022-2023
Arsenal,Everton,4,0,H,2022-2023
Liverpool,Wolverhampton Wanderers,2,0,H,2022-2023
Southampton,Brentford,0,2,A,2022-2023
AFC Bournemouth,Brighton and Hove Albion,0,2,A,2022-2023
Leeds,Nottingham Forest,2,1,H,2022-2023
Leicester City,Aston Villa,1,2,A,2022-2023
West Ham United,Newcastle United,1,5,A,2022-2023
Aston Villa,Southampton,1,0,H,2022-2023
Nottingham Forest,Fulham,2,3,A,2022-2023
Wolverhampton Wanderers,Manchester City,0,3,A,2022-2023
Newcastle United,AFC Bournemouth,1,1,D,2022-2023
Tottenham Hotspur,Leicester City,6,2,H,2022-2023
Brentford,Arsenal,0,3,A,2022-2023
Everton,West Ham United,1,0,H,2022-2023
Manchester United,Leeds,2,2,D,2022-2023
Brighton and Hove Albion,Crystal Palace,1,0,H,2022-2023
Chelsea,Liverpool,0,0,D,2022-2023
Arsenal,Tottenham Hotspur,3,1,H,2022-2023
AFC Bournemouth,Brentford,0,0,D,2022-2023
Crystal Palace,Chelsea,1,2,A,2022-2023
Fulham,Newcastle United,1,4,A,2022-2023
Liverpool,Brighton and Hove Albion,3,3,D,2022-2023
Southampton,Everton,1,2,A,2022-2023
West Ham United,Wolverhampton Wanderers,2,0,H,2022-2023
Manchester City,Manchester United,6,3,H,2022-2023
Leeds,Aston Villa,0,0,D,2022-2023
Leicester City,Nottingham Forest,4,0,H,2022-2023
AFC Bournemouth,Leicester City,2,1,H,2022-2023
Chelsea,Wolverhampton Wanderers,3,0,H,2022-2023
Manchester City,Southampton,4,0,H,2022-2023
Newcastle United,Brentford,5,1,H,2022-2023
Brighton and Hove Albion,Tottenham Hotspur,0,1,A,2022-2023
Crystal Palace,Leeds,2,1,H,2022-2023
West Ham United,Fulham,3,1,H,2022-2023
Arsenal,Liverpool,3,2,H,2022-2023
Everton,Manchester United,1,2,A,2022-2023
Nottingham Forest,Aston Villa,1,1,D,2022-2023
Brentford,Brighton and Hove Albion,2,0,H,2022-2023
Leicester City,Crystal Palace,0,0,D,2022-2023
Fulham,AFC Bournemouth,2,2,D,2022-2023
Wolverhampton Wanderers,Nottingham Forest,1,0,H,2022-2023
Tottenham Hotspur,Everton,2,0,H,2022-2023
Aston Villa,Chelsea,0,2,A,2022-2023
Leeds,Arsenal,0,1,A,2022-2023
Manchester United,Newcastle United,0,0,D,2022-2023
Southampton,West Ham United,1,1,D,2022-2023
Liverpool,Manchester City,1,0,H,2022-2023
Brighton and Hove Albion,Nottingham Forest,0,0,D,2022-2023
Crystal Palace,Wolverhampton Wanderers,2,1,H,2022-2023
AFC Bournemouth,Southampton,0,1,A,2022-2023
Brentford,Chelsea,0,0,D,2022-2023
Newcastle United,Everton,1,0,H,2022-2023
Liverpool,West Ham United,1,0,H,2022-2023
Manchester United,Tottenham Hotspur,2,0,H,2022-2023
Fulham,Aston Villa,3,0,H,2022-2023
Leicester City,Leeds,2,0,H,2022-2023
Arsenal,Manchester City,1,3,A,2022-2023
Nottingham Forest,Liverpool,1,0,H,2022-2023
Everton,Crystal Palace,3,0,H,2022-2023
Manchester City,Brighton and Hove Albion,3,1,H,2022-2023
Chelsea,Manchester United,1,1,D,2022-2023
Aston Villa,Brentford,4,0,H,2022-2023
Leeds,Fulham,2,3,A,2022-2023
Southampton,Arsenal,1,1,D,2022-2023
Wolverhampton Wanderers,Leicester City,0,4,A,2022-2023
Tottenham Hotspur,Newcastle United,1,2,A,2022-2023
West Ham United,AFC Bournemouth,2,0,H,2022-2023
Leicester City,Manchester City,0,1,A,2022-2023
AFC Bournemouth,Tottenham Hotspur,2,3,A,2022-2023
Brentford,Wolverhampton Wanderers,1,1,D,2022-2023
Brighton and Hove Albion,Chelsea,4,1,H,2022-2023
Crystal Palace,Southampton,1,0,H,2022-2023
Newcastle United,Aston Villa,4,0,H,2022-2023
Fulham,Everton,0,0,D,2022-2023
Liverpool,Leeds,1,2,A,2022-2023
Arsenal,Nottingham Forest,5,0,H,2022-2023
Manchester United,West Ham United,1,0,H,2022-2023
Leeds,AFC Bournemouth,4,3,H,2022-2023
Manchester City,Fulham,2,1,H,2022-2023
Nottingham Forest,Brentford,2,2,D,2022-2023
Wolverhampton Wanderers,Brighton and Hove Albion,2,3,A,2022-2023
Everton,Leicester City,0,2,A,2022-2023
Chelsea,Arsenal,0,1,A,2022-2023
Aston Villa,Manchester United,3,1,H,2022-2023
Southampton,Newcastle United,1,4,A,2022-2023
West Ham United,Crystal Palace,1,2,A,2022-2023
Tottenham Hotspur,Liverpool,1,2,A,2022-2023
Manchester City,Brentford,1,2,A,2022-2023
AFC Bournemouth,Everton,3,0,H,2022-2023
Liverpool,Southampton,3,1,H,2022-2023
Nottingham Forest,Crystal Palace,1,0,H,2022-2023
Tottenham Hotspur,Leeds,4,3,H,2022-2023
West Ham United,Leicester City,0,2,A,2022-2023
Newcastle United,Chelsea,1,0,H,2022-2023
Wolverhampton Wanderers,Arsenal,0,2,A,2022-2023
Brighton and Hove Albion,Aston Villa,1,2,A,2022-2023
Fulham,Manchester United,1,2,A,2022-2023
Brentford,Tottenham Hotspur,2,2,D,2022-2023
Crystal Palace,Fulham,0,3,A,2022-2023
Everton,Wolverhampton Wanderers,1,2,A,2022-2023
Leicester City,Newcastle United,0,3,A,2022-2023
Southampton,Brighton and Hove Albion,1,3,A,2022-2023
Aston Villa,Liverpool,1,3,A,2022-2023
Arsenal,West Ham United,3,1,H,2022-2023
Chelsea,AFC Bournemouth,2,0,H,2022-2023
Manchester United,Nottingham Forest,3,0,H,2022-2023
Leeds,Manchester City,1,3,A,2022-2023
West Ham United,Brentford,0,2,A,2022-2023
Liverpool,Leicester City,2,1,H,2022-2023
Wolverhampton Wanderers,Manchester United,0,1,A,2022-2023
AFC Bournemouth,Crystal Palace,0,2,A,2022-2023
Fulham,Southampton,2,1,H,2022-2023
Manchester City,Everton,1,1,D,2022-2023
Newcastle United,Leeds,0,0,D,2022-2023
Brighton and Hove Albion,Arsenal,2,4,A,2022-2023
Tottenham Hotspur,Aston Villa,0,2,A,2022-2023
Nottingham Forest,Chelsea,1,1,D,2022-2023
Brentford,Liverpool,3,1,H,2022-2023
Arsenal,Newcastle United,0,0,D,2022-2023
Everton,Brighton and Hove Albion,1,4,A,2022-2023
Leicester City,Fulham,0,1,A,2022-2023
Manchester United,AFC Bournemouth,3,0,H,2022-2023
Southampton,Nottingham Forest,0,1,A,2022-2023
Leeds,West Ham United,2,2,D,2022-2023
Aston Villa,Wolverhampton Wanderers,1,1,D,2022-2023
Crystal Palace,Tottenham Hotspur,0,4,A,2022-2023
Chelsea,Manchester City,0,1,A,2022-2023
Aston Villa,Leeds,2,1,H,2022-2023
Manchester United,Manchester City,2,1,H,2022-2023
Brighton and Hove Albion,Liverpool,3,0,H,2022-2023
Everton,Southampton,1,2,A,2022-2023
Nottingham Forest,Leicester City,2,0,H,2022-2023
Wolverhampton Wanderers,West Ham United,1,0,H,2022-2023
Brentford,AFC Bournemouth,2,0,H,2022-2023
Chelsea,Crystal Palace,1,0,H,2022-2023
Newcastle United,Fulham,1,0,H,2022-2023
Tottenham Hotspur,Arsenal,0,2,A,2022-2023
Liverpool,Chelsea,0,0,D,2022-2023
AFC Bournemouth,Nottingham Forest,1,1,D,2022-2023
Leicester City,Brighton and Hove Albion,2,2,D,2022-2023
Southampton,Aston Villa,0,1,A,2022-2023
West Ham United,Everton,2,0,H,2022-2023
Crystal Palace,Newcastle United,0,0,D,2022-2023
Leeds,Brentford,0,0,D,2022-2023
Manchester City,Wolverhampton Wanderers,3,0,H,2022-2023
Arsenal,Manchester United,3,2,H,2022-2023
Fulham,Tottenham Hotspur,0,1,A,2022-2023
Chelsea,Fulham,0,0,D,2022-2023
Everton,Arsenal,1,0,H,2022-2023
Aston Villa,Leicester City,2,4,A,2022-2023
Brentford,Southampton,3,0,H,2022-2023
Brighton and Hove Albion,AFC Bournemouth,1,0,H,2022-2023
Manchester United,Crystal Palace,2,1,H,2022-2023
Wolverhampton Wanderers,Liverpool,3,0,H,2022-2023
Newcastle United,West Ham United,1,1,D,2022-2023
Nottingham Forest,Leeds,1,0,H,2022-2023
Tottenham Hotspur,Manchester City,1,0,H,2022-2023
West Ham United,Chelsea,1,1,D,2022-2023
Arsenal,Brentford,1,1,D,2022-2023
Crystal Palace,Brighton and Hove Albion,1,1,D,2022-2023
Fulham,Nottingham Forest,2,0,H,2022-2023
Leicester City,Tottenham Hotspur,4,1,H,2022-2023
Southampton,Wolverhampton Wanderers,1,2,A,2022-2023
AFC Bournemouth,Newcastle United,1,1,D,2022-2023
Leeds,Manchester United,0,2,A,2022-2023
Manchester City,Aston Villa,3,1,H,2022-2023
Liverpool,Everton,2,0,H,2022-2023
Aston Villa,Arsenal,2,4,A,2022-2023
Brentford,Crystal Palace,1,1,D,2022-2023
Brighton and Hove Albion,Fulham,0,1,A,2022-2023
Chelsea,Southampton,0,1,A,2022-2023
Everton,Leeds,1,0,H,2022-2023
Nottingham Forest,Manchester City,1,1,D,2022-2023
Wolverhampton Wanderers,AFC Bournemouth,0,1,A,2022-2023
Newcastle United,Liverpool,0,2,A,2022-2023
Manchester United,Leicester City,3,0,H,2022-2023
Tottenham Hotspur,West Ham United,2,0,H,2022-2023
Fulham,Wolverhampton Wanderers,1,1,D,2022-2023
Everton,Aston Villa,0,2,A,2022-2023
Leeds,Southampton,1,0,H,2022-2023
Leicester City,Arsenal,0,1,A,2022-2023
West Ham United,Nottingham Forest,4,0,H,2022-2023
AFC Bournemouth,Manchester City,1,4,A,2022-2023
Crystal Palace,Liverpool,0,0,D,2022-2023
Tottenham Hotspur,Chelsea,2,0,H,2022-2023
Manchester United,Brentford,1,0,H,2022-2023
Newcastle United,Brighton and Hove Albion,4,1,H,2022-2023
Manchester City,Newcastle United,2,0,H,2022-2023
Arsenal,AFC Bournemouth,3,2,H,2022-2023
Aston Villa,Crystal Palace,1,0,H,2022-2023
Brighton and Hove Albion,West Ham United,4,0,H,2022-2023
Chelsea,Leeds,1,0,H,2022-2023
Wolverhampton Wanderers,Tottenham Hotspur,1,0,H,2022-2023
Southampton,Leicester City,1,0,H,2022-2023
Nottingham Forest,Everton,2,2,D,2022-2023
Liverpool,Manchester United,7,0,H,2022-2023
Brentford,Fulham,3,2,H,2022-2023
AFC Bournemouth,Liverpool,1,0,H,2022-2023
Everton,Brentford,1,0,H,2022-2023
Leeds,Brighton and Hove Albion,2,2,D,2022-2023
Leicester City,Chelsea,1,3,A,2022-2023
Tottenham Hotspur,Nottingham Forest,3,1,H,2022-2023
Crystal Palace,Manchester City,0,1,A,2022-2023
Fulham,Arsenal,0,3,A,2022-2023
Manchester United,Southampton,0,0,D,2022-2023
West Ham United,Aston Villa,1,1,D,2022-2023
Newcastle United,Wolverhampton Wanderers,2,1,H,2022-2023
Nottingham Forest,Newcastle United,1,2,A,2022-2023
Aston Villa,AFC Bournemouth,3,0,H,2022-2023
Brentford,Leicester City,1,1,D,2022-2023
Southampton,Tottenham Hotspur,3,3,D,2022-2023
Wolverhampton Wanderers,Leeds,2,4,A,2022-2023
Chelsea,Everton,2,2,D,2022-2023
Arsenal,Crystal Palace,4,1,H,2022-2023
Liverpool,Fulham,1,0,H,2022-2023
Manchester City,West Ham United,3,0,H,2022-2023
Brighton and Hove Albion,Manchester United,1,0,H,2022-2023
Manchester City,Liverpool,4,1,H,2022-2023
AFC Bournemouth,Fulham,2,1,H,2022-2023
Arsenal,Leeds,4,1,H,2022-2023
Brighton and Hove Albion,Brentford,3,3,D,2022-2023
Crystal Palace,Leicester City,2,1,H,2022-2023
Nottingham Forest,Wolverhampton Wanderers,1,1,D,2022-2023
Chelsea,Aston Villa,0,2,A,2022-2023
West Ham United,Southampton,1,0,H,2022-2023
Newcastle United,Manchester United,2,0,H,2022-2023
Everton,Tottenham Hotspur,1,1,D,2022-2023
Manchester United,Everton,2,0,H,2022-2023
Aston Villa,Nottingham Forest,2,0,H,2022-2023
Brentford,Newcastle United,1,2,A,2022-2023
Fulham,West Ham United,0,1,A,2022-2023
Leicester City,AFC Bournemouth,0,1,A,2022-2023
Tottenham Hotspur,Brighton and Hove Albion,2,1,H,2022-2023
Wolverhampton Wanderers,Chelsea,1,0,H,2022-2023
Southampton,Manchester City,1,4,A,2022-2023
Leeds,Crystal Palace,1,5,A,2022-2023
Liverpool,Arsenal,2,2,D,2022-2023
Aston Villa,Newcastle United,3,0,H,2022-2023
Chelsea,Brighton and Hove Albion,1,2,A,2022-2023
Everton,Fulham,1,3,A,2022-2023
Southampton,Crystal Palace,0,2,A,2022-2023
Wolverhampton Wanderers,Brentford,2,0,H,2022-2023
Tottenham Hotspur,AFC Bournemouth,2,3,A,2022-2023
Manchester City,Leicester City,3,1,H,2022-2023
West Ham United,Arsenal,2,2,D,2022-2023
Nottingham Forest,Manchester United,0,2,A,2022-2023
Leeds,Liverpool,1,6,A,2022-2023
Arsenal,Southampton,3,3,D,2022-2023
Fulham,Leeds,2,1,H,2022-2023
Brentford,Aston Villa,1,1,D,2022-2023
Crystal Palace,Everton,0,0,D,2022-2023
Leicester City,Wolverhampton Wanderers,2,1,H,2022-2023
Liverpool,Nottingham Forest,3,2,H,2022-2023
AFC Bournemouth,West Ham United,0,4,A,2022-2023
Newcastle United,Tottenham Hotspur,6,1,H,2022-2023
Brighton and Hove Albion,Manchester City,1,1,D,2022-2023
Manchester United,Chelsea,4,1,H,2022-2023
Wolverhampton Wanderers,Crystal Palace,2,0,H,2022-2023
Aston Villa,Fulham,1,0,H,2022-2023
Leeds,Leicester City,1,1,D,2022-2023
Nottingham Forest,Brighton and Hove Albion,3,1,H,2022-2023
West Ham United,Liverpool,1,2,A,2022-2023
Chelsea,Brentford,0,2,A,2022-2023
Manchester City,Arsenal,4,1,H,2022-2023
Everton,Newcastle United,1,4,A,2022-2023
Southampton,AFC Bournemouth,0,1,A,2022-2023
Tottenham Hotspur,Manchester United,2,2,D,2022-2023
Crystal Palace,West Ham United,4,3,H,2022-2023
Brentford,Nottingham Forest,2,1,H,2022-2023
Brighton and Hove Albion,Wolverhampton Wanderers,6,0,H,2022-2023
AFC Bournemouth,Leeds,4,1,H,2022-2023
Fulham,Manchester City,1,2,A,2022-2023
Manchester United,Aston Villa,1,0,H,2022-2023
Newcastle United,Southampton,3,1,H,2022-2023
Liverpool,Tottenham Hotspur,4,3,H,2022-2023
Leicester City,Everton,2,2,D,2022-2023
Arsenal,Chelsea,3,1,H,2022-2023
AFC Bournemouth,Chelsea,1,3,A,2022-2023
Manchester City,Leeds,2,1,H,2022-2023
Tottenham Hotspur,Crystal Palace,1,0,H,2022-2023
Wolverhampton Wanderers,Aston Villa,1,0,H,2022-2023
Liverpool,Brentford,1,0,H,2022-2023
Newcastle United,Arsenal,0,2,A,2022-2023
West Ham United,Manchester United,1,0,H,2022-2023
Fulham,Leicester City,5,3,H,2022-2023
Brighton and Hove Albion,Everton,1,5,A,2022-2023
Nottingham Forest,Southampton,4,3,H,2022-2023
Leeds,Newcastle United,2,2,D,2022-2023
Aston Villa,Tottenham Hotspur,2,1,H,2022-2023
Chelsea,Nottingham Forest,2,2,D,2022-2023
Crystal Palace,AFC Bournemouth,2,0,H,2022-2023
Manchester United,Wolverhampton Wanderers,2,0,H,2022-2023
Southampton,Fulham,0,2,A,2022-2023
Brentford,West Ham United,2,0,H,2022-2023
Everton,Manchester City,0,3,A,2022-2023
Arsenal,Brighton and Hove Albion,0,3,A,2022-2023
Leicester City,Liverpool,0,3,A,2022-2023
Tottenham Hotspur,Brentford,1,3,A,2022-2023
AFC Bournemouth,Manchester United,0,1,A,2022-2023
Fulham,Crystal Palace,2,2,D,2022-2023
Liverpool,Aston Villa,1,1,D,2022-2023
Wolverhampton Wanderers,Everton,1,1,D,2022-2023
Nottingham Forest,Arsenal,1,0,H,2022-2023
West Ham United,Leeds,3,1,H,2022-2023
Brighton and Hove Albion,Southampton,3,1,H,2022-2023
Manchester City,Chelsea,1,0,H,2022-2023
Newcastle United,Leicester City,0,0,D,2022-2023
Arsenal,Wolverhampton Wanderers,5,0,H,2022-2023
Aston Villa,Brighton and Hove Albion,2,1,H,2022-2023
Brentford,Manchester City,1,0,H,2022-2023
Chelsea,Newcastle United,1,1,D,2022-2023
Crystal Palace,Nottingham Forest,1,1,D,2022-2023
Everton,AFC Bournemouth,1,0,H,2022-2023
Leeds,Tottenham Hotspur,1,4,A,2022-2023
Leicester City,West Ham United,2,1,H,2022-2023
Manchester United,Fulham,2,1,H,2022-2023
Southampton,Liverpool,4,4,D,2022-2023
Burnley,Manchester City,0,3,A,2023-2024
Arsenal,Nottingham Forest,2,1,H,2023-2024
AFC Bournemouth,West Ham United,1,1,D,2023-2024
Brighton and Hove Albion,Luton,4,1,H,2023-2024
Everton,Fulham,0,1,A,2023-2024
Sheffield United,Crystal Palace,0,1,A,2023-2024
Newcastle United,Aston Villa,5,1,H,2023-2024
Brentford,Tottenham Hotspur,2,2,D,2023-2024
Chelsea,Liverpool,1,1,D,2023-2024
Manchester United,Wolverhampton Wanderers,1,0,H,2023-2024
Nottingham Forest,Sheffield United,2,1,H,2023-2024
Fulham,Brentford,0,3,A,2023-2024
Liverpool,AFC Bournemouth,3,1,H,2023-2024
Wolverhampton Wanderers,Brighton and Hove Albion,1,4,A,2023-2024
Tottenham Hotspur,Manchester United,2,0,H,2023-2024
Manchester City,Newcastle United,1,0,H,2023-2024
Aston Villa,Everton,4,0,H,2023-2024
West Ham United,Chelsea,3,1,H,2023-2024
Crystal Palace,Arsenal,0,1,A,2023-2024
Luton,Burnley,1,2,A,2023-2024
Chelsea,Luton,3,0,H,2023-2024
AFC Bournemouth,Tottenham Hotspur,0,2,A,2023-2024
Arsenal,Fulham,2,2,D,2023-2024
Brentford,Crystal Palace,1,1,D,2023-2024
Everton,Wolverhampton Wanderers,0,1,A,2023-2024
Manchester United,Nottingham Forest,3,2,H,2023-2024
Brighton and Hove Albion,West Ham United,1,3,A,2023-2024
Burnley,Aston Villa,1,3,A,2023-2024
Sheffield United,Manchester City,1,2,A,2023-2024
Newcastle United,Liverpool,1,2,A,2023-2024
Luton,West Ham United,1,2,A,2023-2024
Sheffield United,Everton,2,2,D,2023-2024
Brentford,AFC Bournemouth,2,2,D,2023-2024
Burnley,Tottenham Hotspur,2,5,A,2023-2024
Chelsea,Nottingham Forest,0,1,A,2023-2024
Manchester City,Fulham,5,1,H,2023-2024
Brighton and Hove Albion,Newcastle United,3,1,H,2023-2024
Crystal Palace,Wolverhampton Wanderers,3,2,H,2023-2024
Liverpool,Aston Villa,3,0,H,2023-2024
Arsenal,Manchester United,3,1,H,2023-2024
Wolverhampton Wanderers,Liverpool,1,3,A,2023-2024
Aston Villa,Crystal Palace,3,1,H,2023-2024
Fulham,Luton,1,0,H,2023-2024
Manchester United,Brighton and Hove Albion,1,3,A,2023-2024
Tottenham Hotspur,Sheffield United,2,1,H,2023-2024
West Ham United,Manchester City,1,3,A,2023-2024
Newcastle United,Brentford,1,0,H,2023-2024
AFC Bournemouth,Chelsea,0,0,D,2023-2024
Everton,Arsenal,0,1,A,2023-2024
Nottingham Forest,Burnley,1,1,D,2023-2024
Crystal Palace,Fulham,0,0,D,2023-2024
Luton,Wolverhampton Wanderers,1,1,D,2023-2024
Manchester City,Nottingham Forest,2,0,H,2023-2024
Brentford,Everton,1,3,A,2023-2024
Burnley,Manchester United,0,1,A,2023-2024
Arsenal,Tottenham Hotspur,2,2,D,2023-2024
Brighton and Hove Albion,AFC Bournemouth,3,1,H,2023-2024
Chelsea,Aston Villa,0,1,A,2023-2024
Liverpool,West Ham United,3,1,H,2023-2024
Sheffield United,Newcastle United,0,8,A,2023-2024
Aston Villa,Brighton and Hove Albion,6,1,H,2023-2024
AFC Bournemouth,Arsenal,0,4,A,2023-2024
Everton,Luton,1,2,A,2023-2024
Manchester United,Crystal Palace,0,1,A,2023-2024
Newcastle United,Burnley,2,0,H,2023-2024
West Ham United,Sheffield United,2,0,H,2023-2024
Wolverhampton Wanderers,Manchester City,2,1,H,2023-2024
Tottenham Hotspur,Liverpool,2,1,H,2023-2024
Nottingham Forest,Brentford,1,1,D,2023-2024
Fulham,Chelsea,0,2,A,2023-2024
Luton,Tottenham Hotspur,0,1,A,2023-2024
Burnley,Chelsea,1,4,A,2023-2024
Everton,AFC Bournemouth,3,0,H,2023-2024
Fulham,Sheffield United,3,1,H,2023-2024
Manchester United,Brentford,2,1,H,2023-2024
Crystal Palace,Nottingham Forest,0,0,D,2023-2024
Brighton and Hove Albion,Liverpool,2,2,D,2023-2024
West Ham United,Newcastle United,2,2,D,2023-2024
Wolverhampton Wanderers,Aston Villa,1,1,D,2023-2024
Arsenal,Manchester City,1,0,H,2023-2024
Liverpool,Everton,2,0,H,2023-2024
AFC Bournemouth,Wolverhampton Wanderers,1,2,A,2023-2024
Brentford,Burnley,3,0,H,2023-2024
Manchester City,Brighton and Hove Albion,2,1,H,2023-2024
Newcastle United,Crystal Palace,4,0,H,2023-2024
Nottingham Forest,Luton,2,2,D,2023-2024
Chelsea,Arsenal,2,2,D,2023-2024
Sheffield United,Manchester United,1,2,A,2023-2024
Aston Villa,West Ham United,4,1,H,2023-2024
Tottenham Hotspur,Fulham,2,0,H,2023-2024
Crystal Palace,Tottenham Hotspur,1,2,A,2023-2024
Chelsea,Brentford,0,2,A,2023-2024
Arsenal,Sheffield United,5,0,H,2023-2024
AFC Bournemouth,Burnley,2,1,H,2023-2024
Wolverhampton Wanderers,Newcastle United,2,2,D,2023-2024
West Ham United,Everton,0,1,A,2023-2024
Aston Villa,Luton,3,1,H,2023-2024
Brighton and Hove Albion,Fulham,1,1,D,2023-2024
Liverpool,Nottingham Forest,3,0,H,2023-2024
Manchester United,Manchester City,0,3,A,2023-2024
Fulham,Manchester United,0,1,A,2023-2024
Brentford,West Ham United,3,2,H,2023-2024
Burnley,Crystal Palace,0,2,A,2023-2024
Everton,Brighton and Hove Albion,1,1,D,2023-2024
Manchester City,AFC Bournemouth,6,1,H,2023-2024
Sheffield United,Wolverhampton Wanderers,2,1,H,2023-2024
Newcastle United,Arsenal,1,0,H,2023-2024
Nottingham Forest,Aston Villa,2,0,H,2023-2024
Luton,Liverpool,1,1,D,2023-2024
Tottenham Hotspur,Chelsea,1,4,A,2023-2024
Wolverhampton Wanderers,Tottenham Hotspur,2,1,H,2023-2024
Arsenal,Burnley,3,1,H,2023-2024
Crystal Palace,Everton,2,3,A,2023-2024
Manchester United,Luton,1,0,H,2023-2024
AFC Bournemouth,Newcastle United,2,0,H,2023-2024
Aston Villa,Fulham,3,1,H,2023-2024
Brighton and Hove Albion,Sheffield United,1,1,D,2023-2024
Liverpool,Brentford,3,0,H,2023-2024
West Ham United,Nottingham Forest,3,2,H,2023-2024
Chelsea,Manchester City,4,4,D,2023-2024
Manchester City,Liverpool,1,1,D,2023-2024
Burnley,West Ham United,1,2,A,2023-2024
Luton,Crystal Palace,2,1,H,2023-2024
Newcastle United,Chelsea,4,1,H,2023-2024
Nottingham Forest,Brighton and Hove Albion,2,3,A,2023-2024
Sheffield United,AFC Bournemouth,1,3,A,2023-2024
Brentford,Arsenal,0,1,A,2023-2024
Tottenham Hotspur,Aston Villa,1,2,A,2023-2024
Everton,Manchester United,0,3,A,2023-2024
Fulham,Wolverhampton Wanderers,3,2,H,2023-2024
Arsenal,Wolverhampton Wanderers,2,1,H,2023-2024
Brentford,Luton,3,1,H,2023-2024
Burnley,Sheffield United,5,0,H,2023-2024
Nottingham Forest,Everton,0,1,A,2023-2024
Newcastle United,Manchester United,1,0,H,2023-2024
AFC Bournemouth,Aston Villa,2,2,D,2023-2024
Chelsea,Brighton and Hove Albion,3,2,H,2023-2024
Liverpool,Fulham,4,3,H,2023-2024
West Ham United,Crystal Palace,1,1,D,2023-2024
Manchester City,Tottenham Hotspur,3,3,D,2023-2024
Wolverhampton Wanderers,Burnley,1,0,H,2023-2024
Luton,Arsenal,3,4,A,2023-2024
Brighton and Hove Albion,Brentford,2,1,H,2023-2024
Fulham,Nottingham Forest,5,0,H,2023-2024
Sheffield United,Liverpool,0,2,A,2023-2024
Crystal Palace,AFC Bournemouth,0,2,A,2023-2024
Aston Villa,Manchester City,1,0,H,2023-2024
Manchester United,Chelsea,2,1,H,2023-2024
Everton,Newcastle United,3,0,H,2023-2024
Tottenham Hotspur,West Ham United,1,2,A,2023-2024
Crystal Palace,Liverpool,1,2,A,2023-2024
Brighton and Hove Albion,Burnley,1,1,D,2023-2024
Manchester United,AFC Bournemouth,0,3,A,2023-2024
Sheffield United,Brentford,1,0,H,2023-2024
Wolverhampton Wanderers,Nottingham Forest,1,1,D,2023-2024
Aston Villa,Arsenal,1,0,H,2023-2024
Everton,Chelsea,2,0,H,2023-2024
Fulham,West Ham United,5,0,H,2023-2024
Luton,Manchester City,1,2,A,2023-2024
Tottenham Hotspur,Newcastle United,4,1,H,2023-2024
Nottingham Forest,Tottenham Hotspur,0,2,A,2023-2024
Chelsea,Sheffield United,2,0,H,2023-2024
Manchester City,Crystal Palace,2,2,D,2023-2024
Newcastle United,Fulham,3,0,H,2023-2024
Burnley,Everton,0,2,A,2023-2024
Arsenal,Brighton and Hove Albion,2,0,H,2023-2024
Brentford,Aston Villa,1,2,A,2023-2024
West Ham United,Wolverhampton Wanderers,3,0,H,2023-2024
Liverpool,Manchester United,0,0,D,2023-2024
AFC Bournemouth,Luton,4,3,H,2023-2024
Crystal Palace,Brighton and Hove Albion,1,1,D,2023-2024
Aston Villa,Sheffield United,1,1,D,2023-2024
West Ham United,Manchester United,2,0,H,2023-2024
Fulham,Burnley,0,2,A,2023-2024
Luton,Newcastle United,1,0,H,2023-2024
Nottingham Forest,AFC Bournemouth,2,3,A,2023-2024
Tottenham Hotspur,Everton,2,1,H,2023-2024
Liverpool,Arsenal,1,1,D,2023-2024
Wolverhampton Wanderers,Chelsea,2,1,H,2023-2024
Manchester City,Brentford,1,0,H,2023-2024
Newcastle United,Nottingham Forest,1,3,A,2023-2024
AFC Bournemouth,Fulham,3,0,H,2023-2024
Sheffield United,Luton,2,3,A,2023-2024
Burnley,Liverpool,0,2,A,2023-2024
Manchester United,Aston Villa,3,2,H,2023-2024
Brentford,Wolverhampton Wanderers,1,4,A,2023-2024
Chelsea,Crystal Palace,2,1,H,2023-2024
Everton,Manchester City,1,3,A,2023-2024
Brighton and Hove Albion,Tottenham Hotspur,4,2,H,2023-2024
Arsenal,West Ham United,0,2,A,2023-2024
Luton,Chelsea,2,3,A,2023-2024
Aston Villa,Burnley,3,2,H,2023-2024
Crystal Palace,Brentford,3,1,H,2023-2024
Manchester City,Sheffield United,2,0,H,2023-2024
Wolverhampton Wanderers,Everton,3,0,H,2023-2024
Nottingham Forest,Manchester United,2,1,H,2023-2024
Fulham,Arsenal,2,1,H,2023-2024
Tottenham Hotspur,AFC Bournemouth,3,1,H,2023-2024
Liverpool,Newcastle United,4,2,H,2023-2024
West Ham United,Brighton and Hove Albion,0,0,D,2023-2024
Burnley,Luton,1,1,D,2023-2024
Chelsea,Fulham,1,0,H,2023-2024
Newcastle United,Manchester City,2,3,A,2023-2024
Everton,Aston Villa,0,0,D,2023-2024
Manchester United,Tottenham Hotspur,2,2,D,2023-2024
Arsenal,Crystal Palace,5,0,H,2023-2024
Brentford,Nottingham Forest,3,2,H,2023-2024
Sheffield United,West Ham United,2,2,D,2023-2024
AFC Bournemouth,Liverpool,0,4,A,2023-2024
Brighton and Hove Albion,Wolverhampton Wanderers,0,0,D,2023-2024
Nottingham Forest,Arsenal,1,2,A,2023-2024
Fulham,Everton,0,0,D,2023-2024
Luton,Brighton and Hove Albion,4,0,H,2023-2024
Crystal Palace,Sheffield United,3,2,H,2023-2024
Aston Villa,Newcastle United,1,3,A,2023-2024
Tottenham Hotspur,Brentford,3,2,H,2023-2024
Manchester City,Burnley,3,1,H,2023-2024
Liverpool,Chelsea,4,1,H,2023-2024
West Ham United,AFC Bournemouth,1,1,D,2023-2024
Wolverhampton Wanderers,Manchester United,3,4,A,2023-2024
Everton,Tottenham Hotspur,2,2,D,2023-2024
Brighton and Hove Albion,Crystal Palace,4,1,H,2023-2024
Burnley,Fulham,2,2,D,2023-2024
Newcastle United,Luton,4,4,D,2023-2024
Sheffield United,Aston Villa,0,5,A,2023-2024
AFC Bournemouth,Nottingham Forest,1,1,D,2023-2024
Chelsea,Wolverhampton Wanderers,2,4,A,2023-2024
Manchester United,West Ham United,3,0,H,2023-2024
Arsenal,Liverpool,3,1,H,2023-2024
Brentford,Manchester City,1,3,A,2023-2024
Manchester City,Everton,2,0,H,2023-2024
Fulham,AFC Bournemouth,3,1,H,2023-2024
Liverpool,Burnley,3,1,H,2023-2024
Luton,Sheffield United,1,3,A,2023-2024
Tottenham Hotspur,Brighton and Hove Albion,2,1,H,2023-2024
Wolverhampton Wanderers,Brentford,0,2,A,2023-2024
Nottingham Forest,Newcastle United,2,3,A,2023-2024
West Ham United,Arsenal,0,6,A,2023-2024
Aston Villa,Manchester United,1,2,A,2023-2024
Crystal Palace,Chelsea,1,3,A,2023-2024
Brentford,Liverpool,1,4,A,2023-2024
Burnley,Arsenal,0,5,A,2023-2024
Fulham,Aston Villa,1,2,A,2023-2024
Newcastle United,AFC Bournemouth,2,2,D,2023-2024
Nottingham Forest,West Ham United,2,0,H,2023-2024
Tottenham Hotspur,Wolverhampton Wanderers,1,2,A,2023-2024
Manchester City,Chelsea,1,1,D,2023-2024
Sheffield United,Brighton and Hove Albion,0,5,A,2023-2024
Luton,Manchester United,1,2,A,2023-2024
Everton,Crystal Palace,1,1,D,2023-2024
Liverpool,Luton,4,1,H,2023-2024
Aston Villa,Nottingham Forest,4,2,H,2023-2024
Brighton and Hove Albion,Everton,1,1,D,2023-2024
Crystal Palace,Burnley,3,0,H,2023-2024
Manchester United,Fulham,1,2,A,2023-2024
AFC Bournemouth,Manchester City,0,1,A,2023-2024
Arsenal,Newcastle United,4,1,H,2023-2024
Wolverhampton Wanderers,Sheffield United,1,0,H,2023-2024
West Ham United,Brentford,4,2,H,2023-2024
Chelsea,Tottenham Hotspur,2,0,H,2023-2024
Brentford,Chelsea,2,2,D,2023-2024
Everton,West Ham United,1,3,A,2023-2024
Fulham,Brighton and Hove Albion,3,0,H,2023-2024
Newcastle United,Wolverhampton Wanderers,3,0,H,2023-2024
Nottingham Forest,Liverpool,0,1,A,2023-2024
Tottenham Hotspur,Crystal Palace,3,1,H,2023-2024
Luton,Aston Villa,2,3,A,2023-2024
Burnley,AFC Bournemouth,0,2,A,2023-2024
Manchester City,Manchester United,3,1,H,2023-2024
Sheffield United,Arsenal,0,6,A,2023-2024
Manchester United,Everton,2,0,H,2023-2024
AFC Bournemouth,Sheffield United,2,2,D,2023-2024
Crystal Palace,Luton,1,1,D,2023-2024
Wolverhampton Wanderers,Fulham,2,1,H,2023-2024
Arsenal,Brentford,2,1,H,2023-2024
Aston Villa,Tottenham Hotspur,0,4,A,2023-2024
Brighton and Hove Albion,Nottingham Forest,1,0,H,2023-2024
West Ham United,Burnley,2,2,D,2023-2024
Liverpool,Manchester City,1,1,D,2023-2024
Chelsea,Newcastle United,3,2,H,2023-2024
Burnley,Brentford,2,1,H,2023-2024
Luton,Nottingham Forest,1,1,D,2023-2024
Fulham,Tottenham Hotspur,3,0,H,2023-2024
West Ham United,Aston Villa,1,1,D,2023-2024
Arsenal,Chelsea,5,0,H,2023-2024
Wolverhampton Wanderers,AFC Bournemouth,0,1,A,2023-2024
Crystal Palace,Newcastle United,2,0,H,2023-2024
Everton,Liverpool,2,0,H,2023-2024
Manchester United,Sheffield United,4,2,H,2023-2024
Brighton and Hove Albion,Manchester City,0,4,A,2023-2024
Newcastle United,West Ham United,4,3,H,2023-2024
AFC Bournemouth,Everton,2,1,H,2023-2024
Chelsea,Burnley,2,2,D,2023-2024
Nottingham Forest,Crystal Palace,1,1,D,2023-2024
Sheffield United,Fulham,3,3,D,2023-2024
Tottenham Hotspur,Luton,2,1,H,2023-2024
Aston Villa,Wolverhampton Wanderers,2,0,H,2023-2024
Brentford,Manchester United,1,1,D,2023-2024
Liverpool,Brighton and Hove Albion,2,1,H,2023-2024
Manchester City,Arsenal,0,0,D,2023-2024
Nottingham Forest,Fulham,3,1,H,2023-2024
Newcastle United,Everton,1,1,D,2023-2024
AFC Bournemouth,Crystal Palace,1,0,H,2023-2024
Burnley,Wolverhampton Wanderers,1,1,D,2023-2024
West Ham United,Tottenham Hotspur,1,1,D,2023-2024
Arsenal,Luton,2,0,H,2023-2024
Brentford,Brighton and Hove Albion,0,0,D,2023-2024
Manchester City,Aston Villa,4,1,H,2023-2024
Liverpool,Sheffield United,3,1,H,2023-2024
Chelsea,Manchester United,4,3,H,2023-2024
Crystal Palace,Manchester City,2,4,A,2023-2024
Aston Villa,Brentford,3,3,D,2023-2024
Everton,Burnley,1,0,H,2023-2024
Fulham,Newcastle United,0,1,A,2023-2024
Luton,AFC Bournemouth,2,1,H,2023-2024
Wolverhampton Wanderers,West Ham United,1,2,A,2023-2024
Brighton and Hove Albion,Arsenal,0,3,A,2023-2024
Manchester United,Liverpool,2,2,D,2023-2024
Sheffield United,Chelsea,2,2,D,2023-2024
Tottenham Hotspur,Nottingham Forest,3,1,H,2023-2024
Newcastle United,Tottenham Hotspur,4,0,H,2023-2024
Brentford,Sheffield United,2,0,H,2023-2024
Burnley,Brighton and Hove Albion,1,1,D,2023-2024
Manchester City,Luton,5,1,H,2023-2024
Nottingham Forest,Wolverhampton Wanderers,2,2,D,2023-2024
AFC Bournemouth,Manchester United,2,2,D,2023-2024
Liverpool,Crystal Palace,0,1,A,2023-2024
West Ham United,Fulham,0,2,A,2023-2024
Arsenal,Aston Villa,0,2,A,2023-2024
Chelsea,Everton,6,0,H,2023-2024
Luton,Brentford,1,5,A,2023-2024
Sheffield United,Burnley,1,4,A,2023-2024
Wolverhampton Wanderers,Arsenal,0,2,A,2023-2024
Everton,Nottingham Forest,2,0,H,2023-2024
Aston Villa,AFC Bournemouth,3,1,H,2023-2024
Crystal Palace,West Ham United,5,2,H,2023-2024
Fulham,Liverpool,1,3,A,2023-2024
Tottenham Hotspur,Manchester City,0,2,A,2023-2024
Brighton and Hove Albion,Chelsea,1,2,A,2023-2024
Manchester United,Newcastle United,3,2,H,2023-2024
West Ham United,Liverpool,2,2,D,2023-2024
Fulham,Crystal Palace,1,1,D,2023-2024
Manchester United,Burnley,1,1,D,2023-2024
Newcastle United,Sheffield United,5,1,H,2023-2024
Wolverhampton Wanderers,Luton,2,1,H,2023-2024
Everton,Brentford,1,0,H,2023-2024
Aston Villa,Chelsea,2,2,D,2023-2024
AFC Bournemouth,Brighton and Hove Albion,3,0,H,2023-2024
Tottenham Hotspur,Arsenal,2,3,A,2023-2024
Nottingham Forest,Manchester City,0,2,A,2023-2024
Luton,Everton,1,1,D,2023-2024
Arsenal,AFC Bournemouth,3,0,H,2023-2024
Brentford,Fulham,0,0,D,2023-2024
Burnley,Newcastle United,1,4,A,2023-2024
Sheffield United,Nottingham Forest,1,3,A,2023-2024
Manchester City,Wolverhampton Wanderers,5,1,H,2023-2024
Brighton and Hove Albion,Aston Villa,1,0,H,2023-2024
Chelsea,West Ham United,5,0,H,2023-2024
Liverpool,Tottenham Hotspur,4,2,H,2023-2024
Crystal Palace,Manchester United,4,0,H,2023-2024
Fulham,Manchester City,0,4,A,2023-2024
AFC Bournemouth,Brentford,1,2,A,2023-2024
Everton,Sheffield United,1,0,H,2023-2024
Newcastle United,Brighton and Hove Albion,1,1,D,2023-2024
Tottenham Hotspur,Burnley,2,1,H,2023-2024
West Ham United,Luton,3,1,H,2023-2024
Wolverhampton Wanderers,Crystal Palace,1,3,A,2023-2024
Nottingham Forest,Chelsea,2,3,A,2023-2024
Manchester United,Arsenal,0,1,A,2023-2024
Aston Villa,Liverpool,3,3,D,2023-2024
Arsenal,Everton,2,1,H,2023-2024
Brentford,Newcastle United,2,4,A,2023-2024
Brighton and Hove Albion,Manchester United,0,2,A,2023-2024
Burnley,Nottingham Forest,1,2,A,2023-2024
Chelsea,AFC Bournemouth,2,1,H,2023-2024
Crystal Palace,Aston Villa,5,0,H,2023-2024
Liverpool,Wolverhampton Wanderers,2,0,H,2023-2024
Luton,Fulham,2,4,A,2023-2024
Manchester City,West Ham United,3,1,H,2023-2024
Sheffield United,Tottenham Hotspur,0,3,A,2023-2024
Manchester United,Fulham,1,0,H,2024-2025
Ipswich Town,Liverpool,0,2,A,2024-2025
Arsenal,Wolverhampton Wanderers,2,0,H,2024-2025
Everton,Brighton and Hove Albion,0,3,A,2024-2025
Newcastle United,Southampton,1,0,H,2024-2025
Nottingham Forest,AFC Bournemouth,1,1,D,2024-2025
West Ham United,Aston Villa,1,2,A,2024-2025
Brentford,Crystal Palace,2,1,H,2024-2025
Chelsea,Manchester City,0,2,A,2024-2025
Leicester City,Tottenham Hotspur,1,1,D,2024-2025
Brighton and Hove Albion,Manchester United,2,1,H,2024-2025
Crystal Palace,West Ham United,0,2,A,2024-2025
Fulham,Leicester City,2,1,H,2024-2025
Manchester City,Ipswich Town,4,1,H,2024-2025
Southampton,Nottingham Forest,0,1,A,2024-2025
Tottenham Hotspur,Everton,4,0,H,2024-2025
Aston Villa,Arsenal,0,2,A,2024-2025
AFC Bournemouth,Newcastle United,1,1,D,2024-2025
Wolverhampton Wanderers,Chelsea,2,6,A,2024-2025
Liverpool,Brentford,2,0,H,2024-2025
Arsenal,Brighton and Hove Albion,1,1,D,2024-2025
Brentford,Southampton,3,1,H,2024-2025
Everton,AFC Bournemouth,2,3,A,2024-2025
Ipswich Town,Fulham,1,1,D,2024-2025
Leicester City,Aston Villa,1,2,A,2024-2025
Nottingham Forest,Wolverhampton Wanderers,1,1,D,2024-2025
West Ham United,Manchester City,1,3,A,2024-2025
Chelsea,Crystal Palace,1,1,D,2024-2025
Newcastle United,Tottenham Hotspur,2,1,H,2024-2025
Manchester United,Liverpool,0,3,A,2024-2025
Southampton,Manchester United,0,3,A,2024-2025
Brighton and Hove Albion,Ipswich Town,0,0,D,2024-2025
Crystal Palace,Leicester City,2,2,D,2024-2025
Fulham,West Ham United,1,1,D,2024-2025
Liverpool,Nottingham Forest,0,1,A,2024-2025
Manchester City,Brentford,2,1,H,2024-2025
Aston Villa,Everton,3,2,H,2024-2025
AFC Bournemouth,Chelsea,0,1,A,2024-2025
Tottenham Hotspur,Arsenal,0,1,A,2024-2025
Wolverhampton Wanderers,Newcastle United,1,2,A,2024-2025
West Ham United,Chelsea,0,3,A,2024-2025
Aston Villa,Wolverhampton Wanderers,3,1,H,2024-2025
Fulham,Newcastle United,3,1,H,2024-2025
Leicester City,Everton,1,1,D,2024-2025
Liverpool,AFC Bournemouth,3,0,H,2024-2025
Southampton,Ipswich Town,1,1,D,2024-2025
Tottenham Hotspur,Brentford,3,1,H,2024-2025
Crystal Palace,Manchester United,0,0,D,2024-2025
Brighton and Hove Albion,Nottingham Forest,2,2,D,2024-2025
Manchester City,Arsenal,2,2,D,2024-2025
Newcastle United,Manchester City,1,1,D,2024-2025
Arsenal,Leicester City,4,2,H,2024-2025
Brentford,West Ham United,1,1,D,2024-2025
Chelsea,Brighton and Hove Albion,4,2,H,2024-2025
Everton,Crystal Palace,2,1,H,2024-2025
Nottingham Forest,Fulham,0,1,A,2024-2025
Wolverhampton Wanderers,Liverpool,1,2,A,2024-2025
Ipswich Town,Aston Villa,2,2,D,2024-2025
Manchester United,Tottenham Hotspur,0,3,A,2024-2025
AFC Bournemouth,Southampton,3,1,H,2024-2025
Crystal Palace,Liverpool,0,1,A,2024-2025
Arsenal,Southampton,3,1,H,2024-2025
Brentford,Wolverhampton Wanderers,5,3,H,2024-2025
Leicester City,AFC Bournemouth,1,0,H,2024-2025
Manchester City,Fulham,3,2,H,2024-2025
West Ham United,Ipswich Town,4,1,H,2024-2025
Everton,Newcastle United,0,0,D,2024-2025
Aston Villa,Manchester United,0,0,D,2024-2025
Chelsea,Nottingham Forest,1,1,D,2024-2025
Brighton and Hove Albion,Tottenham Hotspur,3,2,H,2024-2025
Tottenham Hotspur,West Ham United,4,1,H,2024-2025
Fulham,Aston Villa,1,3,A,2024-2025
Ipswich Town,Everton,0,2,A,2024-2025
Manchester United,Brentford,2,1,H,2024-2025
Newcastle United,Brighton and Hove Albion,0,1,A,2024-2025
Southampton,Leicester City,2,3,A,2024-2025
AFC Bournemouth,Arsenal,2,0,H,2024-2025
Wolverhampton Wanderers,Manchester City,1,2,A,2024-2025
Liverpool,Chelsea,2,1,H,2024-2025
Nottingham Forest,Crystal Palace,1,0,H,2024-2025
Leicester City,Nottingham Forest,1,3,A,2024-2025
Aston Villa,AFC Bournemouth,1,1,D,2024-2025
Brentford,Ipswich Town,4,3,H,2024-2025
Brighton and Hove Albion,Wolverhampton Wanderers,2,2,D,2024-2025
Manchester City,Southampton,1,0,H,2024-2025
Everton,Fulham,1,1,D,2024-2025
Chelsea,Newcastle United,2,1,H,2024-2025
Crystal Palace,Tottenham Hotspur,1,0,H,2024-2025
West Ham United,Manchester United,2,1,H,2024-2025
Arsenal,Liverpool,2,2,D,2024-2025
Newcastle United,Arsenal,1,0,H,2024-2025
AFC Bournemouth,Manchester City,2,1,H,2024-2025
Ipswich Town,Leicester City,1,1,D,2024-2025
Liverpool,Brighton and Hove Albion,2,1,H,2024-2025
Nottingham Forest,West Ham United,3,0,H,2024-2025
Southampton,Everton,1,0,H,2024-2025
Wolverhampton Wanderers,Crystal Palace,2,2,D,2024-2025
Tottenham Hotspur,Aston Villa,4,1,H,2024-2025
Manchester United,Chelsea,1,1,D,2024-2025
Fulham,Brentford,2,1,H,2024-2025
Brentford,AFC Bournemouth,3,2,H,2024-2025
Crystal Palace,Fulham,0,2,A,2024-2025
West Ham United,Everton,0,0,D,2024-2025
Wolverhampton Wanderers,Southampton,2,0,H,2024-2025
Brighton and Hove Albion,Manchester City,2,1,H,2024-2025
Liverpool,Aston Villa,2,0,H,2024-2025
Manchester United,Leicester City,3,0,H,2024-2025
Nottingham Forest,Newcastle United,1,3,A,2024-2025
Tottenham Hotspur,Ipswich Town,1,2,A,2024-2025
Chelsea,Arsenal,1,1,D,2024-2025
Leicester City,Chelsea,1,2,A,2024-2025
Arsenal,Nottingham Forest,3,0,H,2024-2025
Aston Villa,Crystal Palace,2,2,D,2024-2025
AFC Bournemouth,Brighton and Hove Albion,1,2,A,2024-2025
Everton,Brentford,0,0,D,2024-2025
Fulham,Wolverhampton Wanderers,1,4,A,2024-2025
Manchester City,Tottenham Hotspur,0,4,A,2024-2025
Southampton,Liverpool,2,3,A,2024-2025
Ipswich Town,Manchester United,1,1,D,2024-2025
Newcastle United,West Ham United,0,2,A,2024-2025
Brighton and Hove Albion,Southampton,1,1,D,2024-2025
Brentford,Leicester City,4,1,H,2024-2025
Crystal Palace,Newcastle United,1,1,D,2024-2025
Nottingham Forest,Ipswich Town,1,0,H,2024-2025
Wolverhampton Wanderers,AFC Bournemouth,2,4,A,2024-2025
West Ham United,Arsenal,2,5,A,2024-2025
Chelsea,Aston Villa,3,0,H,2024-2025
Manchester United,Everton,4,0,H,2024-2025
Tottenham Hotspur,Fulham,1,1,D,2024-2025
Liverpool,Manchester City,2,0,H,2024-2025
Ipswich Town,Crystal Palace,0,1,A,2024-2025
Leicester City,West Ham United,3,1,H,2024-2025
Everton,Wolverhampton Wanderers,4,0,H,2024-2025
Manchester City,Nottingham Forest,3,0,H,2024-2025
Newcastle United,Liverpool,3,3,D,2024-2025
Southampton,Chelsea,1,5,A,2024-2025
Arsenal,Manchester United,2,0,H,2024-2025
Aston Villa,Brentford,3,1,H,2024-2025
Fulham,Brighton and Hove Albion,3,1,H,2024-2025
AFC Bournemouth,Tottenham Hotspur,1,0,H,2024-2025
Aston Villa,Southampton,1,0,H,2024-2025
Brentford,Newcastle United,4,2,H,2024-2025
Crystal Palace,Manchester City,2,2,D,2024-2025
Manchester United,Nottingham Forest,2,3,A,2024-2025
Fulham,Arsenal,1,1,D,2024-2025
Ipswich Town,AFC Bournemouth,1,2,A,2024-2025
Leicester City,Brighton and Hove Albion,2,2,D,2024-2025
Tottenham Hotspur,Chelsea,3,4,A,2024-2025
West Ham United,Wolverhampton Wanderers,2,1,H,2024-2025
Arsenal,Everton,0,0,D,2024-2025
Liverpool,Fulham,2,2,D,2024-2025
Newcastle United,Leicester City,4,0,H,2024-2025
Wolverhampton Wanderers,Ipswich Town,1,2,A,2024-2025
Nottingham Forest,Aston Villa,2,1,H,2024-2025
Brighton and Hove Albion,Crystal Palace,1,3,A,2024-2025
Manchester City,Manchester United,1,2,A,2024-2025
Chelsea,Brentford,2,1,H,2024-2025
Southampton,Tottenham Hotspur,0,5,A,2024-2025
AFC Bournemouth,West Ham United,1,1,D,2024-2025
Aston Villa,Manchester City,2,1,H,2024-2025
Brentford,Nottingham Forest,0,2,A,2024-2025
Ipswich Town,Newcastle United,0,4,A,2024-2025
West Ham United,Brighton and Hove Albion,1,1,D,2024-2025
Crystal Palace,Arsenal,1,5,A,2024-2025
Everton,Chelsea,0,0,D,2024-2025
Fulham,Southampton,0,0,D,2024-2025
Leicester City,Wolverhampton Wanderers,0,3,A,2024-2025
Manchester United,AFC Bournemouth,0,3,A,2024-2025
Tottenham Hotspur,Liverpool,3,6,A,2024-2025
Manchester City,Everton,1,1,D,2024-2025
AFC Bournemouth,Crystal Palace,0,0,D,2024-2025
Chelsea,Fulham,1,2,A,2024-2025
Newcastle United,Aston Villa,3,0,H,2024-2025
Nottingham Forest,Tottenham Hotspur,1,0,H,2024-2025
Southampton,West Ham United,0,1,A,2024-2025
Wolverhampton Wanderers,Manchester United,2,0,H,2024-2025
Liverpool,Leicester City,3,1,H,2024-2025
Brighton and Hove Albion,Brentford,0,0,D,2024-2025
Arsenal,Ipswich Town,1,0,H,2024-2025
Leicester City,Manchester City,0,2,A,2024-2025
Crystal Palace,Southampton,2,1,H,2024-2025
Everton,Nottingham Forest,0,2,A,2024-2025
Fulham,AFC Bournemouth,2,2,D,2024-2025
Tottenham Hotspur,Wolverhampton Wanderers,2,2,D,2024-2025
West Ham United,Liverpool,0,5,A,2024-2025
Aston Villa,Brighton and Hove Albion,2,2,D,2024-2025
Ipswich Town,Chelsea,2,0,H,2024-2025
Manchester United,Newcastle United,0,2,A,2024-2025
Brentford,Arsenal,1,3,A,2024-2025
Tottenham Hotspur,Newcastle United,1,2,A,2024-2025
Aston Villa,Leicester City,2,1,H,2024-2025
AFC Bournemouth,Everton,1,0,H,2024-2025
Crystal Palace,Chelsea,1,1,D,2024-2025
Manchester City,West Ham United,4,1,H,2024-2025
Southampton,Brentford,0,5,A,2024-2025
Brighton and Hove Albion,Arsenal,1,1,D,2024-2025
Fulham,Ipswich Town,2,2,D,2024-2025
Liverpool,Manchester United,2,2,D,2024-2025
Wolverhampton Wanderers,Nottingham Forest,0,3,A,2024-2025
Brentford,Manchester City,2,2,D,2024-2025
Chelsea,AFC Bournemouth,2,2,D,2024-2025
West Ham United,Fulham,3,2,H,2024-2025
Nottingham Forest,Liverpool,1,1,D,2024-2025
Everton,Aston Villa,0,1,A,2024-2025
Leicester City,Crystal Palace,0,2,A,2024-2025
Newcastle United,Wolverhampton Wanderers,3,0,H,2024-2025
Arsenal,Tottenham Hotspur,2,1,H,2024-2025
Ipswich Town,Brighton and Hove Albion,0,2,A,2024-2025
Manchester United,Southampton,3,1,H,2024-2025
Newcastle United,AFC Bournemouth,1,4,A,2024-2025
Brentford,Liverpool,0,2,A,2024-2025
Leicester City,Fulham,0,2,A,2024-2025
West Ham United,Crystal Palace,0,2,A,2024-2025
Arsenal,Aston Villa,2,2,D,2024-2025
Everton,Tottenham Hotspur,3,2,H,2024-2025
Manchester United,Brighton and Hove Albion,1,3,A,2024-2025
Nottingham Forest,Southampton,3,2,H,2024-2025
Ipswich Town,Manchester City,0,6,A,2024-2025
Chelsea,Wolverhampton Wanderers,3,1,H,2024-2025
AFC Bournemouth,Nottingham Forest,5,0,H,2024-2025
Brighton and Hove Albion,Everton,0,1,A,2024-2025
Liverpool,Ipswich Town,4,1,H,2024-2025
Southampton,Newcastle United,1,3,A,2024-2025
Wolverhampton Wanderers,Arsenal,0,1,A,2024-2025
Manchester City,Chelsea,3,1,H,2024-2025
Crystal Palace,Brentford,1,2,A,2024-2025
Tottenham Hotspur,Leicester City,1,2,A,2024-2025
Aston Villa,West Ham United,1,1,D,2024-2025
Fulham,Manchester United,0,1,A,2024-2025
Nottingham Forest,Brighton and Hove Albion,7,0,H,2024-2025
AFC Bournemouth,Liverpool,0,2,A,2024-2025
Everton,Leicester City,4,0,H,2024-2025
Ipswich Town,Southampton,1,2,A,2024-2025
Newcastle United,Fulham,1,2,A,2024-2025
Wolverhampton Wanderers,Aston Villa,2,0,H,2024-2025
Brentford,Tottenham Hotspur,0,2,A,2024-2025
Manchester United,Crystal Palace,0,2,A,2024-2025
Arsenal,Manchester City,5,1,H,2024-2025
Chelsea,West Ham United,2,1,H,2024-2025
Everton,Liverpool,2,2,D,2024-2025
Brighton and Hove Albion,Chelsea,3,0,H,2024-2025
Leicester City,Arsenal,0,2,A,2024-2025
Aston Villa,Ipswich Town,1,1,D,2024-2025
Fulham,Nottingham Forest,2,1,H,2024-2025
Manchester City,Newcastle United,4,0,H,2024-2025
Southampton,AFC Bournemouth,1,3,A,2024-2025
West Ham United,Brentford,0,1,A,2024-2025
Crystal Palace,Everton,1,2,A,2024-2025
Liverpool,Wolverhampton Wanderers,2,1,H,2024-2025
Tottenham Hotspur,Manchester United,1,0,H,2024-2025
Aston Villa,Liverpool,2,2,D,2024-2025
Leicester City,Brentford,0,4,A,2024-2025
Everton,Manchester United,2,2,D,2024-2025
Arsenal,West Ham United,0,1,A,2024-2025
AFC Bournemouth,Wolverhampton Wanderers,0,1,A,2024-2025
Fulham,Crystal Palace,0,2,A,2024-2025
Ipswich Town,Tottenham Hotspur,1,4,A,2024-2025
Southampton,Brighton and Hove Albion,0,4,A,2024-2025
Aston Villa,Chelsea,2,1,H,2024-2025
Newcastle United,Nottingham Forest,4,3,H,2024-2025
Manchester City,Liverpool,0,2,A,2024-2025
Brighton and Hove Albion,AFC Bournemouth,2,1,H,2024-2025
Crystal Palace,Aston Villa,4,1,H,2024-2025
Wolverhampton Wanderers,Fulham,1,2,A,2024-2025
Chelsea,Southampton,4,0,H,2024-2025
Brentford,Everton,1,1,D,2024-2025
Manchester United,Ipswich Town,3,2,H,2024-2025
Nottingham Forest,Arsenal,0,0,D,2024-2025
Tottenham Hotspur,Manchester City,0,1,A,2024-2025
Liverpool,Newcastle United,2,0,H,2024-2025
West Ham United,Leicester City,2,0,H,2024-2025
Nottingham Forest,Manchester City,1,0,H,2024-2025
Brighton and Hove Albion,Fulham,2,1,H,2024-2025
Crystal Palace,Ipswich Town,1,0,H,2024-2025
Liverpool,Southampton,3,1,H,2024-2025
Brentford,Aston Villa,0,1,A,2024-2025
Wolverhampton Wanderers,Everton,1,1,D,2024-2025
Chelsea,Leicester City,1,0,H,2024-2025
Tottenham Hotspur,AFC Bournemouth,2,2,D,2024-2025
Manchester United,Arsenal,1,1,D,2024-2025
West Ham United,Newcastle United,0,1,A,2024-2025
Everton,West Ham United,1,1,D,2024-2025
Ipswich Town,Nottingham Forest,2,4,A,2024-2025
Manchester City,Brighton and Hove Albion,2,2,D,2024-2025
Southampton,Wolverhampton Wanderers,1,2,A,2024-2025
AFC Bournemouth,Brentford,1,2,A,2024-2025
Arsenal,Chelsea,1,0,H,2024-2025
Fulham,Tottenham Hotspur,2,0,H,2024-2025
Leicester City,Manchester United,0,3,A,2024-2025
Arsenal,Fulham,2,1,H,2024-2025
Wolverhampton Wanderers,West Ham United,1,0,H,2024-2025
Nottingham Forest,Manchester United,1,0,H,2024-2025
AFC Bournemouth,Ipswich Town,1,2,A,2024-2025
Brighton and Hove Albion,Aston Villa,0,3,A,2024-2025
Manchester City,Leicester City,2,0,H,2024-2025
Newcastle United,Brentford,2,1,H,2024-2025
Southampton,Crystal Palace,1,1,D,2024-2025
Liverpool,Everton,1,0,H,2024-2025
Chelsea,Tottenham Hotspur,1,0,H,2024-2025
Everton,Arsenal,1,1,D,2024-2025
Crystal Palace,Brighton and Hove Albion,2,1,H,2024-2025
Ipswich Town,Wolverhampton Wanderers,1,2,A,2024-2025
West Ham United,AFC Bournemouth,2,2,D,2024-2025
Aston Villa,Nottingham Forest,2,1,H,2024-2025
Brentford,Chelsea,0,0,D,2024-2025
Fulham,Liverpool,3,2,H,2024-2025
Tottenham Hotspur,Southampton,3,1,H,2024-2025
Manchester United,Manchester City,0,0,D,2024-2025
Leicester City,Newcastle United,0,3,A,2024-2025
Manchester City,Crystal Palace,5,2,H,2024-2025
Brighton and Hove Albion,Leicester City,2,2,D,2024-2025
Nottingham Forest,Everton,0,1,A,2024-2025
Southampton,Aston Villa,0,3,A,2024-2025
Arsenal,Brentford,1,1,D,2024-2025
Chelsea,Ipswich Town,2,2,D,2024-2025
Liverpool,West Ham United,2,1,H,2024-2025
Wolverhampton Wanderers,Tottenham Hotspur,4,2,H,2024-2025
Newcastle United,Manchester United,4,1,H,2024-2025
AFC Bournemouth,Fulham,1,0,H,2024-2025
Newcastle United,Crystal Palace,5,0,H,2024-2025
Brentford,Brighton and Hove Albion,4,2,H,2024-2025
Crystal Palace,AFC Bournemouth,0,0,D,2024-2025
Everton,Manchester City,0,2,A,2024-2025
West Ham United,Southampton,1,1,D,2024-2025
Aston Villa,Newcastle United,4,1,H,2024-2025
Fulham,Chelsea,1,2,A,2024-2025
Ipswich Town,Arsenal,0,4,A,2024-2025
Manchester United,Wolverhampton Wanderers,0,1,A,2024-2025
Leicester City,Liverpool,0,1,A,2024-2025
Tottenham Hotspur,Nottingham Forest,1,2,A,2024-2025
Manchester City,Aston Villa,2,1,H,2024-2025
Arsenal,Crystal Palace,2,2,D,2024-2025
Chelsea,Everton,1,0,H,2024-2025
Brighton and Hove Albion,West Ham United,3,2,H,2024-2025
Newcastle United,Ipswich Town,3,0,H,2024-2025
Southampton,Fulham,1,2,A,2024-2025
Wolverhampton Wanderers,Leicester City,3,0,H,2024-2025
AFC Bournemouth,Manchester United,1,1,D,2024-2025
Liverpool,Tottenham Hotspur,5,1,H,2024-2025
Nottingham Forest,Brentford,0,2,A,2024-2025
Manchester City,Wolverhampton Wanderers,1,0,H,2024-2025
Aston Villa,Fulham,1,0,H,2024-2025
Everton,Ipswich Town,2,2,D,2024-2025
Leicester City,Southampton,2,0,H,2024-2025
Arsenal,AFC Bournemouth,1,2,A,2024-2025
Brentford,Manchester United,4,3,H,2024-2025
Brighton and Hove Albion,Newcastle United,1,1,D,2024-2025
West Ham United,Tottenham Hotspur,1,1,D,2024-2025
Chelsea,Liverpool,3,1,H,2024-2025
Crystal Palace,Nottingham Forest,1,1,D,2024-2025
Fulham,Everton,1,3,A,2024-2025
Ipswich Town,Brentford,0,1,A,2024-2025
Southampton,Manchester City,0,0,D,2024-2025
Wolverhampton Wanderers,Brighton and Hove Albion,0,2,A,2024-2025
AFC Bournemouth,Aston Villa,0,1,A,2024-2025
Newcastle United,Chelsea,2,0,H,2024-2025
Manchester United,West Ham United,0,2,A,2024-2025
Nottingham Forest,Leicester City,2,2,D,2024-2025
Tottenham Hotspur,Crystal Palace,0,2,A,2024-2025
Liverpool,Arsenal,2,2,D,2024-2025
Aston Villa,Tottenham Hotspur,2,0,H,2024-2025
Chelsea,Manchester United,1,0,H,2024-2025
Everton,Southampton,2,0,H,2024-2025
West Ham United,Nottingham Forest,1,2,A,2024-2025
Brentford,Fulham,2,3,A,2024-2025
Leicester City,Ipswich Town,2,0,H,2024-2025
Arsenal,Newcastle United,1,0,H,2024-2025
Brighton and Hove Albion,Liverpool,3,2,H,2024-2025
Crystal Palace,Wolverhampton Wanderers,4,2,H,2024-2025
Manchester City,AFC Bournemouth,3,1,H,2024-2025
AFC Bournemouth,Leicester City,2,0,H,2024-2025
Fulham,Manchester City,0,2,A,2024-2025
Ipswich Town,West Ham United,1,3,A,2024-2025
Liverpool,Crystal Palace,1,1,D,2024-2025
Manchester United,Aston Villa,2,0,H,2024-2025
Newcastle United,Everton,0,1,A,2024-2025
Nottingham Forest,Chelsea,0,1,A,2024-2025
Southampton,Arsenal,1,2,A,2024-2025
Tottenham Hotspur,Brighton and Hove Albion,1,4,A,2024-2025
Wolverhampton Wanderers,Brentford,1,1,D,2024-2025
Liverpool,AFC Bournemouth,4,2,H,2025-2026
Aston Villa,Newcastle United,0,0,D,2025-2026
Brighton and Hove Albion,Fulham,1,1,D,2025-2026
Sunderland,West Ham United,3,0,H,2025-2026
Tottenham Hotspur,Burnley,3,0,H,2025-2026
Wolverhampton Wanderers,Manchester City,0,4,A,2025-2026
Chelsea,Crystal Palace,0,0,D,2025-2026
Nottingham Forest,Brentford,3,1,H,2025-2026
Manchester United,Arsenal,0,1,A,2025-2026
Leeds,Everton,1,0,H,2025-2026
West Ham United,Chelsea,1,5,A,2025-2026
Manchester City,Tottenham Hotspur,0,2,A,2025-2026
AFC Bournemouth,Wolverhampton Wanderers,1,0,H,2025-2026
Brentford,Aston Villa,1,0,H,2025-2026
Burnley,Sunderland,2,0,H,2025-2026
Arsenal,Leeds,5,0,H,2025-2026
Crystal Palace,Nottingham Forest,1,1,D,2025-2026
Everton,Brighton and Hove Albion,2,0,H,2025-2026
Fulham,Manchester United,1,1,D,2025-2026
Newcastle United,Liverpool,2,3,A,2025-2026
Chelsea,Fulham,2,0,H,2025-2026
Manchester United,Burnley,3,2,H,2025-2026
Sunderland,Brentford,2,1,H,2025-2026
Tottenham Hotspur,AFC Bournemouth,0,1,A,2025-2026
Wolverhampton Wanderers,Everton,2,3,A,2025-2026
Leeds,Newcastle United,0,0,D,2025-2026
Brighton and Hove Albion,Manchester City,2,1,H,2025-2026
Nottingham Forest,West Ham United,0,3,A,2025-2026
Liverpool,Arsenal,1,0,H,2025-2026
Aston Villa,Crystal Palace,0,3,A,2025-2026
Arsenal,Nottingham Forest,3,0,H,2025-2026
AFC Bournemouth,Brighton and Hove Albion,2,1,H,2025-2026
Crystal Palace,Sunderland,0,0,D,2025-2026
Everton,Aston Villa,0,0,D,2025-2026
Fulham,Leeds,1,0,H,2025-2026
Newcastle United,Wolverhampton Wanderers,1,0,H,2025-2026
West Ham United,Tottenham Hotspur,0,3,A,2025-2026
Brentford,Chelsea,2,2,D,2025-2026
Burnley,Liverpool,0,1,A,2025-2026
Manchester City,Manchester United,3,0,H,2025-2026
Liverpool,Everton,2,1,H,2025-2026
Brighton and Hove Albion,Tottenham Hotspur,2,2,D,2025-2026
Burnley,Nottingham Forest,1,1,D,2025-2026
West Ham United,Crystal Palace,1,2,A,2025-2026
Wolverhampton Wanderers,Leeds,1,3,A,2025-2026
Manchester United,Chelsea,2,1,H,2025-2026
Fulham,Brentford,3,1,H,2025-2026
AFC Bournemouth,Newcastle United,0,0,D,2025-2026
Sunderland,Aston Villa,1,1,D,2025-2026
Arsenal,Manchester City,1,1,D,2025-2026
Brentford,Manchester United,3,1,H,2025-2026
Chelsea,Brighton and Hove Albion,1,3,A,2025-2026
Crystal Palace,Liverpool,2,1,H,2025-2026
Leeds,AFC Bournemouth,2,2,D,2025-2026
Manchester City,Burnley,5,1,H,2025-2026
Nottingham Forest,Sunderland,0,1,A,2025-2026
Tottenham Hotspur,Wolverhampton Wanderers,1,1,D,2025-2026
Aston Villa,Fulham,3,1,H,2025-2026
Newcastle United,Arsenal,1,2,A,2025-2026
Everton,West Ham United,1,1,D,2025-2026
AFC Bournemouth,Fulham,3,1,H,2025-2026
Leeds,Tottenham Hotspur,1,2,A,2025-2026
Arsenal,West Ham United,2,0,H,2025-2026
Manchester United,Sunderland,2,0,H,2025-2026
Chelsea,Liverpool,2,1,H,2025-2026
Aston Villa,Burnley,2,1,H,2025-2026
Everton,Crystal Palace,2,1,H,2025-2026
Newcastle United,Nottingham Forest,2,0,H,2025-2026
Wolverhampton Wanderers,Brighton and Hove Albion,1,1,D,2025-2026
Brentford,Manchester City,0,1,A,2025-2026
Nottingham Forest,Chelsea,0,3,A,2025-2026
Brighton and Hove Albion,Newcastle United,2,1,H,2025-2026
Burnley,Leeds,2,0,H,2025-2026
Crystal Palace,AFC Bournemouth,3,3,D,2025-2026
Manchester City,Everton,2,0,H,2025-2026
Sunderland,Wolverhampton Wanderers,2,0,H,2025-2026
Fulham,Arsenal,0,1,A,2025-2026
Tottenham Hotspur,Aston Villa,1,2,A,2025-2026
Liverpool,Manchester United,1,2,A,2025-2026
West Ham United,Brentford,0,2,A,2025-2026
Leeds,West Ham United,2,1,H,2025-2026
Chelsea,Sunderland,1,2,A,2025-2026
Newcastle United,Fulham,2,1,H,2025-2026
Manchester United,Brighton and Hove Albion,4,2,H,2025-2026
Brentford,Liverpool,3,2,H,2025-2026
Arsenal,Crystal Palace,1,0,H,2025-2026
Aston Villa,Manchester City,1,0,H,2025-2026
AFC Bournemouth,Nottingham Forest,2,0,H,2025-2026
Wolverhampton Wanderers,Burnley,2,3,A,2025-2026
Everton,Tottenham Hotspur,0,3,A,2025-2026
Brighton and Hove Albion,Leeds,3,0,H,2025-2026
Burnley,Arsenal,0,2,A,2025-2026
Crystal Palace,Brentford,2,0,H,2025-2026
Fulham,Wolverhampton Wanderers,3,0,H,2025-2026
Nottingham Forest,Manchester United,2,2,D,2025-2026
Tottenham Hotspur,Chelsea,0,1,A,2025-2026
Liverpool,Aston Villa,2,0,H,2025-2026
West Ham United,Newcastle United,3,1,H,2025-2026
Manchester City,AFC Bournemouth,3,1,H,2025-2026
Sunderland,Everton,1,1,D,2025-2026
Tottenham Hotspur,Manchester United,2,2,D,2025-2026
Everton,Fulham,2,0,H,2025-2026
West Ham United,Burnley,3,2,H,2025-2026
Sunderland,Arsenal,2,2,D,2025-2026
Chelsea,Wolverhampton Wanderers,3,0,H,2025-2026
Aston Villa,AFC Bournemouth,4,0,H,2025-2026
Brentford,Newcastle United,3,1,H,2025-2026
Crystal Palace,Brighton and Hove Albion,0,0,D,2025-2026
Nottingham Forest,Leeds,3,1,H,2025-2026
Manchester City,Liverpool,3,0,H,2025-2026
Burnley,Chelsea,0,2,A,2025-2026
AFC Bournemouth,West Ham United,2,2,D,2025-2026
Brighton and Hove Albion,Brentford,2,1,H,2025-2026
Fulham,Sunderland,1,0,H,2025-2026
Liverpool,Nottingham Forest,0,3,A,2025-2026
Wolverhampton Wanderers,Crystal Palace,0,2,A,2025-2026
Newcastle United,Manchester City,2,1,H,2025-2026
Leeds,Aston Villa,1,2,A,2025-2026
Arsenal,Tottenham Hotspur,4,1,H,2025-2026
Manchester United,Everton,0,1,A,2025-2026
Brentford,Burnley,3,1,H,2025-2026
Manchester City,Leeds,3,2,H,2025-2026
Sunderland,AFC Bournemouth,3,2,H,2025-2026
Everton,Newcastle United,1,4,A,2025-2026
Tottenham Hotspur,Fulham,1,2,A,2025-2026
Crystal Palace,Manchester United,1,2,A,2025-2026
Aston Villa,Wolverhampton Wanderers,1,0,H,2025-2026
Nottingham Forest,Brighton and Hove Albion,0,2,A,2025-2026
West Ham United,Liverpool,0,2,A,2025-2026
Chelsea,Arsenal,1,1,D,2025-2026
AFC Bournemouth,Everton,0,1,A,2025-2026
Fulham,Manchester City,4,5,A,2025-2026
Newcastle United,Tottenham Hotspur,2,2,D,2025-2026
Arsenal,Brentford,2,0,H,2025-2026
Brighton and Hove Albion,Aston Villa,3,4,A,2025-2026
Burnley,Crystal Palace,0,1,A,2025-2026
Wolverhampton Wanderers,Nottingham Forest,0,1,A,2025-2026
Leeds,Chelsea,3,1,H,2025-2026
Liverpool,Sunderland,1,1,D,2025-2026
Manchester United,West Ham United,1,1,D,2025-2026
Aston Villa,Arsenal,2,1,H,2025-2026
AFC Bournemouth,Chelsea,0,0,D,2025-2026
Everton,Nottingham Forest,3,0,H,2025-2026
Manchester City,Sunderland,3,0,H,2025-2026
Newcastle United,Burnley,2,1,H,2025-2026
Tottenham Hotspur,Brentford,2,0,H,2025-2026
Leeds,Liverpool,3,3,D,2025-2026
Brighton and Hove Albion,West Ham United,1,1,D,2025-2026
Fulham,Crystal Palace,1,2,A,2025-2026
Wolverhampton Wanderers,Manchester United,1,4,A,2025-2026
Chelsea,Everton,2,0,H,2025-2026
Liverpool,Brighton and Hove Albion,2,0,H,2025-2026
Burnley,Fulham,2,3,A,2025-2026
Arsenal,Wolverhampton Wanderers,2,1,H,2025-2026
Crystal Palace,Manchester City,0,3,A,2025-2026
Nottingham Forest,Tottenham Hotspur,3,0,H,2025-2026
Sunderland,Newcastle United,1,0,H,2025-2026
West Ham United,Aston Villa,2,3,A,2025-2026
Brentford,Leeds,1,1,D,2025-2026
Manchester United,AFC Bournemouth,4,4,D,2025-2026
Newcastle United,Chelsea,2,2,D,2025-2026
AFC Bournemouth,Burnley,1,1,D,2025-2026
Brighton and Hove Albion,Sunderland,0,0,D,2025-2026
Manchester City,West Ham United,3,0,H,2025-2026
Wolverhampton Wanderers,Brentford,0,2,A,2025-2026
Tottenham Hotspur,Liverpool,1,2,A,2025-2026
Everton,Arsenal,0,1,A,2025-2026
Leeds,Crystal Palace,4,1,H,2025-2026
Aston Villa,Manchester United,2,1,H,2025-2026
Fulham,Nottingham Forest,1,0,H,2025-2026
Manchester United,Newcastle United,1,0,H,2025-2026
Nottingham Forest,Manchester City,1,2,A,2025-2026
Arsenal,Brighton and Hove Albion,2,1,H,2025-2026
Brentford,AFC Bournemouth,4,1,H,2025-2026
Burnley,Everton,0,0,D,2025-2026
Liverpool,Wolverhampton Wanderers,2,1,H,2025-2026
West Ham United,Fulham,0,1,A,2025-2026
Chelsea,Aston Villa,1,2,A,2025-2026
Sunderland,Leeds,1,1,D,2025-2026
Crystal Palace,Tottenham Hotspur,0,1,A,2025-2026
Burnley,Newcastle United,1,3,A,2025-2026
Chelsea,AFC Bournemouth,2,2,D,2025-2026
Nottingham Forest,Everton,0,2,A,2025-2026
West Ham United,Brighton and Hove Albion,2,2,D,2025-2026
Arsenal,Aston Villa,4,1,H,2025-2026
Manchester United,Wolverhampton Wanderers,1,1,D,2025-2026
Crystal Palace,Fulham,1,1,D,2025-2026
Liverpool,Leeds,0,0,D,2025-2026
Brentford,Tottenham Hotspur,0,0,D,2025-2026
Sunderland,Manchester City,0,0,D,2025-2026
Aston Villa,Nottingham Forest,3,1,H,2025-2026
Brighton and Hove Albion,Burnley,2,0,H,2025-2026
Wolverhampton Wanderers,West Ham United,3,0,H,2025-2026
AFC Bournemouth,Arsenal,2,3,A,2025-2026
Leeds,Manchester United,1,1,D,2025-2026
Everton,Brentford,2,4,A,2025-2026
Newcastle United,Crystal Palace,2,0,H,2025-2026
Tottenham Hotspur,Sunderland,1,1,D,2025-2026
Fulham,Liverpool,2,2,D,2025-2026
Manchester City,Chelsea,1,1,D,2025-2026
West Ham United,Nottingham Forest,1,2,A,2025-2026
AFC Bournemouth,Tottenham Hotspur,3,2,H,2025-2026
Brentford,Sunderland,3,0,H,2025-2026
Crystal Palace,Aston Villa,0,0,D,2025-2026
Everton,Wolverhampton Wanderers,1,1,D,2025-2026
Fulham,Chelsea,2,1,H,2025-2026
Manchester City,Brighton and Hove Albion,1,1,D,2025-2026
Burnley,Manchester United,2,2,D,2025-2026
Newcastle United,Leeds,4,3,H,2025-2026
Arsenal,Liverpool,0,0,D,2025-2026
Manchester United,Manchester City,2,0,H,2025-2026
Chelsea,Brentford,2,0,H,2025-2026
Leeds,Fulham,1,0,H,2025-2026
Liverpool,Burnley,1,1,D,2025-2026
Sunderland,Crystal Palace,2,1,H,2025-2026
Tottenham Hotspur,West Ham United,1,2,A,2025-2026
Nottingham Forest,Arsenal,0,0,D,2025-2026
Wolverhampton Wanderers,Newcastle United,0,0,D,2025-2026
Aston Villa,Everton,0,1,A,2025-2026
Brighton and Hove Albion,AFC Bournemouth,1,1,D,2025-2026
West Ham United,Sunderland,3,1,H,2025-2026
Burnley,Tottenham Hotspur,2,2,D,2025-2026
Fulham,Brighton and Hove Albion,2,1,H,2025-2026
Manchester City,Wolverhampton Wanderers,2,0,H,2025-2026
AFC Bournemouth,Liverpool,3,2,H,2025-2026
Brentford,Nottingham Forest,0,2,A,2025-2026
Crystal Palace,Chelsea,1,3,A,2025-2026
Newcastle United,Aston Villa,0,2,A,2025-2026
Arsenal,Manchester United,2,3,A,2025-2026
Everton,Leeds,1,1,D,2025-2026
Brighton and Hove Albion,Everton,1,1,D,2025-2026
Leeds,Arsenal,0,4,A,2025-2026
Wolverhampton Wanderers,AFC Bournemouth,0,2,A,2025-2026
Chelsea,West Ham United,3,2,H,2025-2026
Liverpool,Newcastle United,4,1,H,2025-2026
Aston Villa,Brentford,0,1,A,2025-2026
Manchester United,Fulham,3,2,H,2025-2026
Nottingham Forest,Crystal Palace,1,1,D,2025-2026
Tottenham Hotspur,Manchester City,2,2,D,2025-2026
Sunderland,Burnley,3,0,H,2025-2026
Leeds,Nottingham Forest,3,1,H,2025-2026
Manchester United,Tottenham Hotspur,2,0,H,2025-2026
Arsenal,Sunderland,3,0,H,2025-2026
AFC Bournemouth,Aston Villa,1,1,D,2025-2026
Burnley,West Ham United,0,2,A,2025-2026
Fulham,Everton,1,2,A,2025-2026
Wolverhampton Wanderers,Chelsea,1,3,A,2025-2026
Newcastle United,Brentford,2,3,A,2025-2026
Brighton and Hove Albion,Crystal Palace,0,1,A,2025-2026
Liverpool,Manchester City,1,2,A,2025-2026
Chelsea,Leeds,2,2,D,2025-2026
Everton,AFC Bournemouth,1,2,A,2025-2026
Tottenham Hotspur,Newcastle United,1,2,A,2025-2026
West Ham United,Manchester United,1,1,D,2025-2026
Aston Villa,Brighton and Hove Albion,1,0,H,2025-2026
Crystal Palace,Burnley,2,3,A,2025-2026
Manchester City,Fulham,3,0,H,2025-2026
Nottingham Forest,Wolverhampton Wanderers,0,0,D,2025-2026
Sunderland,Liverpool,0,1,A,2025-2026
Brentford,Arsenal,1,1,D,2025-2026
Wolverhampton Wanderers,Arsenal,2,2,D,2025-2026
Aston Villa,Leeds,1,1,D,2025-2026
Brentford,Brighton and Hove Albion,0,2,A,2025-2026
Chelsea,Burnley,1,1,D,2025-2026
West Ham United,AFC Bournemouth,0,0,D,2025-2026
Manchester City,Newcastle United,2,1,H,2025-2026
Crystal Palace,Wolverhampton Wanderers,1,0,H,2025-2026
Nottingham Forest,Liverpool,0,1,A,2025-2026
Sunderland,Fulham,1,3,A,2025-2026
Tottenham Hotspur,Arsenal,1,4,A,2025-2026
Everton,Manchester United,0,1,A,2025-2026
Wolverhampton Wanderers,Aston Villa,2,0,H,2025-2026
AFC Bournemouth,Sunderland,1,1,D,2025-2026
Burnley,Brentford,3,4,A,2025-2026
Liverpool,West Ham United,5,2,H,2025-2026
Newcastle United,Everton,2,3,A,2025-2026
Leeds,Manchester City,0,1,A,2025-2026
Brighton and Hove Albion,Nottingham Forest,2,1,H,2025-2026
Fulham,Tottenham Hotspur,2,1,H,2025-2026
Manchester United,Crystal Palace,2,1,H,2025-2026
Arsenal,Chelsea,2,1,H,2025-2026
AFC Bournemouth,Brentford,0,0,D,2025-2026
Everton,Burnley,2,0,H,2025-2026
Leeds,Sunderland,0,1,A,2025-2026
Wolverhampton Wanderers,Liverpool,2,1,H,2025-2026
Aston Villa,Chelsea,1,4,A,2025-2026
Brighton and Hove Albion,Arsenal,0,1,A,2025-2026
Fulham,West Ham United,0,1,A,2025-2026
Manchester City,Nottingham Forest,2,2,D,2025-2026
Newcastle United,Manchester United,2,1,H,2025-2026
Tottenham Hotspur,Crystal Palace,1,3,A,2025-2026
Burnley,AFC Bournemouth,0,0,D,2025-2026
Sunderland,Brighton and Hove Albion,0,1,A,2025-2026
Arsenal,Everton,2,0,H,2025-2026
Chelsea,Newcastle United,0,1,A,2025-2026
West Ham United,Manchester City,1,1,D,2025-2026
Crystal Palace,Leeds,0,0,D,2025-2026
Manchester United,Aston Villa,3,1,H,2025-2026
Nottingham Forest,Fulham,0,0,D,2025-2026
Liverpool,Tottenham Hotspur,1,1,D,2025-2026
Brentford,Wolverhampton Wanderers,2,2,D,2025-2026
AFC Bournemouth,Manchester United,2,2,D,2025-2026
Brighton and Hove Albion,Liverpool,2,1,H,2025-2026
Fulham,Burnley,3,1,H,2025-2026
Everton,Chelsea,3,0,H,2025-2026
Leeds,Brentford,0,0,D,2025-2026
Newcastle United,Sunderland,1,2,A,2025-2026
Aston Villa,West Ham United,2,0,H,2025-2026
Tottenham Hotspur,Nottingham Forest,0,3,A,2025-2026
West Ham United,Wolverhampton Wanderers,4,0,H,2025-2026
Arsenal,AFC Bournemouth,1,2,A,2025-2026
Brentford,Everton,2,2,D,2025-2026
Burnley,Brighton and Hove Albion,0,2,A,2025-2026
Liverpool,Fulham,2,0,H,2025-2026
Crystal Palace,Newcastle United,2,1,H,2025-2026
Nottingham Forest,Aston Villa,1,1,D,2025-2026
Sunderland,Tottenham Hotspur,1,0,H,2025-2026
Chelsea,Manchester City,0,3,A,2025-2026
Manchester United,Leeds,1,2,A,2025-2026
Brentford,Fulham,0,0,D,2025-2026
Leeds,Wolverhampton Wanderers,3,0,H,2025-2026
Newcastle United,AFC Bournemouth,1,2,A,2025-2026
Tottenham Hotspur,Brighton and Hove Albion,2,2,D,2025-2026
Chelsea,Manchester United,0,1,A,2025-2026
Aston Villa,Sunderland,4,3,H,2025-2026
Everton,Liverpool,1,2,A,2025-2026
Nottingham Forest,Burnley,4,1,H,2025-2026
Manchester City,Arsenal,2,1,H,2025-2026
Crystal Palace,West Ham United,0,0,D,2025-2026
Brighton and Hove Albion,Chelsea,3,0,H,2025-2026
AFC Bournemouth,Leeds,2,2,D,2025-2026
Burnley,Manchester City,0,1,A,2025-2026
Sunderland,Nottingham Forest,0,5,A,2025-2026
Fulham,Aston Villa,1,0,H,2025-2026
Liverpool,Crystal Palace,3,1,H,2025-2026
West Ham United,Everton,2,1,H,2025-2026
Wolverhampton Wanderers,Tottenham Hotspur,0,1,A,2025-2026
Arsenal,Newcastle United,1,0,H,2025-2026
Manchester United,Brentford,2,1,H,2025-2026
Leeds,Burnley,3,1,H,2025-2026
Brentford,West Ham United,3,0,H,2025-2026
Newcastle United,Brighton and Hove Albion,3,1,H,2025-2026
Wolverhampton Wanderers,Sunderland,1,1,D,2025-2026
Arsenal,Fulham,3,0,H,2025-2026
AFC Bournemouth,Crystal Palace,3,0,H,2025-2026
Manchester United,Liverpool,3,2,H,2025-2026
Aston Villa,Tottenham Hotspur,1,2,A,2025-2026
Chelsea,Nottingham Forest,1,3,A,2025-2026
Everton,Manchester City,3,3,D,2025-2026
Liverpool,Chelsea,1,1,D,2025-2026
Brighton and Hove Albion,Wolverhampton Wanderers,3,0,H,2025-2026
Fulham,AFC Bournemouth,0,1,A,2025-2026
Sunderland,Manchester United,0,0,D,2025-2026
Manchester City,Brentford,3,0,H,2025-2026
Burnley,Aston Villa,2,2,D,2025-2026
Crystal Palace,Everton,2,2,D,2025-2026
Nottingham Forest,Newcastle United,1,1,D,2025-2026
West Ham United,Arsenal,0,1,A,2025-2026
Tottenham Hotspur,Leeds,1,1,D,2025-2026
Manchester City,Crystal Palace,3,0,H,2025-2026
Aston Villa,Liverpool,4,2,H,2025-2026
Manchester United,Nottingham Forest,3,2,H,2025-2026
Brentford,Crystal Palace,2,2,D,2025-2026
Everton,Sunderland,1,3,A,2025-2026
Leeds,Brighton and Hove Albion,1,0,H,2025-2026
Wolverhampton Wanderers,Fulham,1,1,D,2025-2026
Newcastle United,West Ham United,3,1,H,2025-2026
Arsenal,Burnley,1,0,H,2025-2026
AFC Bournemouth,Manchester City,1,1,D,2025-2026
Chelsea,Tottenham Hotspur,2,1,H,2025-2026
Brighton and Hove Albion,Manchester United,0,3,A,2025-2026
Burnley,Wolverhampton Wanderers,1,1,D,2025-2026
Crystal Palace,Arsenal,1,2,A,2025-2026
Fulham,Newcastle United,2,0,H,2025-2026
Liverpool,Brentford,1,1,D,2025-2026
Manchester City,Aston Villa,1,2,A,2025-2026
Nottingham Forest,AFC Bournemouth,1,1,D,2025-2026
Sunderland,Chelsea,2,1,H,2025-2026
Tottenham Hotspur,Everton,1,0,H,2025-2026
West Ham United,Leeds,3,0,H,2025-2026
