home_team,away_team,home_goals,away_goals,result,season,home_elo,away_elo,home_winrate_5,away_winrate_5,elo_diff,winrate_diff
Sheffield United,Liverpool,1,1,D,2006-2007,1500.0,1500.0,0.0,0.0,0.0,0.0
Arsenal,Aston Villa,1,1,D,2006-2007,1500.0,1500.0,0.0,0.0,0.0,0.0
Everton,Watford,2,1,H,2006-2007,1500.0,1500.0,0.0,0.0,0.0,0.0
Newcastle United,Wigan Athletic,2,1,H,2006-2007,1500.0,1500.0,0.0,0.0,0.0,0.0
Portsmouth,Blackburn Rovers,3,0,H,2006-2007,1500.0,1500.0,0.0,0.0,0.0,0.0
Reading,Middlesbrough,3,2,H,2006-2007,1500.0,1500.0,0.0,0.0,0.0,0.0
West Ham United,Charlton Athletic,3,1,H,2006-2007,1500.0,1500.0,0.0,0.0,0.0,0.0
Bolton Wanderers,Tottenham Hotspur,2,0,H,2006-2007,1500.0,1500.0,0.0,0.0,0.0,0.0
Manchester United,Fulham,5,1,H,2006-2007,1500.0,1500.0,0.0,0.0,0.0,0.0
Chelsea,Manchester City,3,0,H,2006-2007,1500.0,1500.0,0.0,0.0,0.0,0.0
Watford,West Ham United,1,1,D,2006-2007,1485.0,1515.0,0.0,0.0,-30.0,0.0
Tottenham Hotspur,Sheffield United,2,0,H,2006-2007,1485.0,1500.0,0.0,0.0,-15.0,0.0
Aston Villa,Reading,2,1,H,2006-2007,1500.0,1515.0,0.0,0.0,-15.0,0.0
Manchester City,Portsmouth,0,0,D,2006-2007,1485.0,1515.0,0.0,0.0,-30.0,0.0
Blackburn Rovers,Everton,1,1,D,2006-2007,1485.0,1515.0,0.0,0.0,-30.0,0.0
Charlton Athletic,Manchester United,0,3,A,2006-2007,1485.0,1515.0,0.0,0.0,-30.0,0.0
Fulham,Bolton Wanderers,1,1,D,2006-2007,1485.0,1515.0,0.0,0.0,-30.0,0.0
Middlesbrough,Chelsea,2,1,H,2006-2007,1485.0,1515.0,0.0,0.0,-30.0,0.0
Liverpool,West Ham United,2,1,H,2006-2007,1500.0,1513.7080052393337,0.0,0.0,-13.708005239333716,0.0
Charlton Athletic,Bolton Wanderers,2,0,H,2006-2007,1471.2919947606663,1513.7080052393337,0.0,0.0,-42.41601047866743,0.0
Fulham,Sheffield United,1,0,H,2006-2007,1486.2919947606663,1484.3528000084657,0.0,0.0,1.9391947522005921,0.0
Tottenham Hotspur,Everton,0,2,A,2006-2007,1500.6471999915343,1513.7080052393337,1.0,0.0,-13.060805247799408,1.0
Watford,Manchester United,1,2,A,2006-2007,1486.2919947606663,1528.7080052393337,0.0,1.0,-42.41601047866743,-1.0
Wigan Athletic,Reading,1,0,H,2006-2007,1485.0,1499.3528000084657,0.0,0.0,-14.352800008465692,0.0
Manchester City,Arsenal,1,0,H,2006-2007,1486.2919947606663,1500.0,0.0,0.0,-13.708005239333716,0.0
Aston Villa,Newcastle United,2,0,H,2006-2007,1515.6471999915343,1515.0,1.0,0.0,0.6471999915343076,1.0
Blackburn Rovers,Chelsea,0,2,A,2006-2007,1486.2919947606663,1498.7080052393337,0.0,0.0,-12.416010478667431,0.0
Middlesbrough,Portsmouth,0,4,A,2006-2007,1501.2919947606663,1513.7080052393337,1.0,0.0,-12.416010478667431,1.0
Everton,Liverpool,3,0,H,2006-2007,1528.1443904169612,1515.591515257841,1.0,0.0,12.552875159120276,1.0
Arsenal,Middlesbrough,1,1,D,2006-2007,1484.408484742159,1486.827808950948,0.0,0.0,-2.419324208789021,0.0
Bolton Wanderers,Watford,1,0,H,2006-2007,1496.885802752935,1473.114197247065,1.0,0.0,23.771605505869957,1.0
Chelsea,Charlton Athletic,2,1,H,2006-2007,1513.172191049052,1488.114197247065,1.0,0.0,25.057993801986868,1.0
Newcastle United,Fulham,1,2,A,2006-2007,1500.0279418374187,1501.2082738626234,1.0,0.0,-1.1803320252047342,1.0
Portsmouth,Wigan Athletic,1,0,H,2006-2007,1528.172191049052,1500.6193079298398,1.0,0.0,27.552883119212083,1.0
Sheffield United,Blackburn Rovers,0,0,D,2006-2007,1469.4365209065086,1471.827808950948,0.0,0.0,-2.391288044439534,0.0
Manchester United,Tottenham Hotspur,1,0,H,2006-2007,1541.885802752935,1486.2108148139068,1.0,0.0,55.67498793902814,1.0
West Ham United,Aston Villa,1,1,D,2006-2007,1498.1164899814928,1530.6192581541156,1.0,0.0,-32.50276817262284,1.0
Reading,Manchester City,1,0,H,2006-2007,1483.7334920786259,1501.8835100185072,1.0,0.0,-18.15001793988131,1.0
Charlton Athletic,Portsmouth,0,1,A,2006-2007,1474.1941659001154,1541.9851249286291,0.5,0.5,-67.79095902851373,0.0
Bolton Wanderers,Middlesbrough,0,0,D,2006-2007,1510.8610985350672,1486.7233600167938,1.0,0.0,24.13773851827341,1.0
Everton,Wigan Athletic,2,2,D,2006-2007,1542.6026749264847,1486.8063740502625,1.0,0.0,55.796300876222176,1.0
Sheffield United,Reading,1,2,A,2006-2007,1469.5397594801607,1499.5163793024803,0.0,0.0,-29.976619822319662,0.0
Watford,Aston Villa,0,0,D,2006-2007,1459.1389014649328,1529.2200801975532,0.0,0.0,-70.0811787326204,0.0
Chelsea,Liverpool,1,0,H,2006-2007,1527.0922223960015,1501.1332307483174,1.0,0.0,25.958991647684115,1.0
Blackburn Rovers,Manchester City,4,2,H,2006-2007,1471.724570377296,1486.1006227946527,0.0,0.0,-14.376052417356732,0.0
Tottenham Hotspur,Fulham,0,0,D,2006-2007,1473.5941320026684,1516.1573150288064,0.5,0.5,-42.56318302613795,0.0
West Ham United,Newcastle United,0,2,A,2006-2007,1499.5156679380552,1485.0789006712357,0.5,0.0,14.436767266819515,0.5
Manchester United,Arsenal,0,1,A,2006-2007,1554.5024855641734,1484.5129336763134,1.0,0.0,69.98955188785999,1.0
Liverpool,Newcastle United,2,0,H,2006-2007,1487.2518896528884,1500.7018275432836,1.0,0.5,-13.449937890395177,0.5
Liverpool,Tottenham Hotspur,3,0,H,2006-2007,1502.8322802498922,1475.4225943482336,1.0,0.0,27.409685901658577,1.0
Arsenal,Sheffield United,3,0,H,2006-2007,1502.494404319972,1455.8307523202639,0.0,0.0,46.663651999708236,0.0
Aston Villa,Charlton Athletic,2,0,H,2006-2007,1526.234810189605,1462.0843521395138,1.0,0.0,64.15045805009117,1.0
Fulham,Chelsea,0,2,A,2006-2007,1514.3288526832412,1540.9735634914305,0.5,0.5,-26.644710808189302,0.0
Manchester City,West Ham United,2,0,H,2006-2007,1470.4803126916531,1483.8927410660074,0.5,0.0,-13.41242837435425,0.5
Middlesbrough,Blackburn Rovers,0,1,A,2006-2007,1487.7637965606737,1487.3448804802956,0.5,0.0,0.4189160803780396,0.5
Wigan Athletic,Watford,1,1,D,2006-2007,1489.1947962336492,1462.124171472881,1.0,0.0,27.07062476076817,1.0
Reading,Manchester United,1,1,D,2006-2007,1513.2253864623772,1536.5210149205147,1.0,1.0,-23.29562845813757,0.0
Newcastle United,Everton,1,1,D,2006-2007,1485.1214369462798,1540.214252743098,0.5,0.5,-55.092815796818286,0.0
Portsmouth,Bolton Wanderers,0,1,A,2006-2007,1554.0949386892307,1509.8206619911873,1.0,0.0,44.27427669804342,1.0
Bolton Wanderers,Liverpool,2,0,H,2006-2007,1526.7218562458843,1516.6513579318323,0.6666666666666666,0.0,10.070498314051974,0.6666666666666666
Charlton Athletic,Arsenal,1,2,A,2006-2007,1449.822899805008,1515.4917996230708,0.3333333333333333,0.5,-65.66889981806276,-0.16666666666666669
Chelsea,Aston Villa,1,1,D,2006-2007,1554.8254687372455,1538.4962625241108,1.0,0.0,16.32920621313474,1.0
Everton,Manchester City,1,1,D,2006-2007,1537.8554419215047,1486.0590862903935,0.6666666666666666,0.0,51.79635563111128,0.6666666666666666
Sheffield United,Middlesbrough,2,1,H,2006-2007,1442.833357017165,1472.7457105084027,0.0,0.0,-29.91235349123758,0.0
West Ham United,Reading,0,1,A,2006-2007,1468.313967467267,1514.22963509738,0.3333333333333333,0.3333333333333333,-45.91566763011292,0.0
Blackburn Rovers,Wigan Athletic,2,1,H,2006-2007,1502.3629665325666,1488.0284227440468,0.3333333333333333,0.0,14.334543788519795,0.3333333333333333
Manchester United,Newcastle United,2,0,H,2006-2007,1535.516766285512,1487.4802477678732,0.6666666666666666,0.3333333333333333,48.0365185176388,0.3333333333333333
Tottenham Hotspur,Portsmouth,2,1,H,2006-2007,1461.6035166662934,1537.1937444345338,0.3333333333333333,0.6666666666666666,-75.59022776824031,-0.3333333333333333
Watford,Fulham,3,3,D,2006-2007,1463.2905449624834,1500.4769474374261,0.0,0.3333333333333333,-37.186402474942724,-0.3333333333333333
Wigan Athletic,Manchester United,1,3,A,2006-2007,1473.6469438313718,1548.4559776342628,0.5,0.6666666666666666,-74.80903380289101,-0.16666666666666663
Arsenal,Watford,3,0,H,2006-2007,1527.6899315931348,1464.889908422274,0.3333333333333333,0.0,62.80002317086087,0.3333333333333333
Aston Villa,Tottenham Hotspur,1,1,D,2006-2007,1539.2007323953783,1479.8164732551868,1.0,0.0,59.38425914019149,1.0
Liverpool,Blackburn Rovers,1,1,D,2006-2007,1502.086014575857,1516.7444454452416,1.0,0.3333333333333333,-14.658430869384574,0.6666666666666667
Manchester City,Sheffield United,0,0,D,2006-2007,1488.2788936600186,1459.1215957654513,0.6666666666666666,0.0,29.157297894567364,0.6666666666666666
Middlesbrough,Everton,2,1,H,2006-2007,1456.4574717601165,1535.6356345518795,0.3333333333333333,0.3333333333333333,-79.17816279176304,0.0
Portsmouth,West Ham United,2,0,H,2006-2007,1518.9807878456404,1455.2848456086658,0.6666666666666666,0.0,63.69594223697459,0.6666666666666666
Reading,Chelsea,0,1,A,2006-2007,1527.2587569559812,1554.120998865978,0.6666666666666666,0.6666666666666666,-26.862241909996783,0.0
Newcastle United,Bolton Wanderers,1,2,A,2006-2007,1474.5410364191223,1541.2871996018596,0.3333333333333333,0.3333333333333333,-66.74616318273729,0.0
Fulham,Charlton Athletic,2,1,H,2006-2007,1498.8775839776356,1437.6247678349441,0.3333333333333333,0.0,61.25281614269147,0.3333333333333333
Wigan Athletic,Manchester City,4,0,H,2006-2007,1461.8277055160097,1487.0230188321261,0.3333333333333333,0.0,-25.195313316116426,0.3333333333333333
Charlton Athletic,Watford,0,0,D,2006-2007,1425.2422024822445,1452.572056728618,0.25,0.0,-27.329854246373543,0.25
Chelsea,Portsmouth,2,1,H,2006-2007,1567.9635680066303,1531.261213656232,0.75,0.5,36.70235435039831,0.25
Everton,Sheffield United,2,0,H,2006-2007,1517.2752128296258,1460.3774705933438,0.5,0.0,56.897742236282056,0.5
Aston Villa,Fulham,1,1,D,2006-2007,1536.6615861919347,1511.2601493303353,0.75,0.25,25.40143686159945,0.5
Manchester United,Liverpool,2,0,H,2006-2007,1560.275215949625,1502.7184946759771,0.75,0.0,57.55672127364778,0.75
Blackburn Rovers,Bolton Wanderers,0,1,A,2006-2007,1516.1119653451215,1553.4404712494759,0.5,0.5,-37.328505904354415,0.0
Middlesbrough,Newcastle United,1,0,H,2006-2007,1474.8178934823702,1462.387764771506,0.5,0.25,12.43012871086421,0.25
Tottenham Hotspur,West Ham United,1,0,H,2006-2007,1482.3556194586304,1443.0044197980742,0.5,0.0,39.351199660556176,0.5
Reading,Arsenal,0,4,A,2006-2007,1513.4161878153288,1540.0077832867908,0.5,0.6666666666666666,-26.591595471461915,-0.16666666666666663
Sheffield United,Chelsea,0,2,A,2006-2007,1447.8122166429632,1581.3848680563663,0.25,0.75,-133.57265141340304,-0.5
Arsenal,Everton,1,1,D,2006-2007,1553.8619682985477,1529.8404667800064,0.5,0.25,24.0215015185413,0.25
Bolton Wanderers,Manchester United,0,4,A,2006-2007,1566.835042704559,1572.8127776187052,0.75,0.75,-5.97773491414614,0.0
Fulham,Wigan Athletic,0,1,A,2006-2007,1512.354867695671,1477.9135718290481,0.5,0.0,34.441295866622795,0.5
Liverpool,Aston Villa,3,1,H,2006-2007,1490.1809330068968,1535.566867826599,0.75,0.0,-45.38593481970224,0.75
Portsmouth,Reading,3,1,H,2006-2007,1517.839913606496,1499.5620028035719,0.75,0.5,18.277910802924225,0.25
Watford,Tottenham Hotspur,0,0,D,2006-2007,1451.3945597195666,1495.663919272243,0.0,0.0,-44.269359552676406,0.0
Newcastle United,Charlton Athletic,0,0,D,2006-2007,1447.9241877162294,1426.419699491296,0.25,0.0,21.50448822493354,0.25
West Ham United,Blackburn Rovers,2,1,H,2006-2007,1429.6961199844616,1502.7173938900382,0.25,0.25,-73.02127390557666,0.0
Manchester City,Middlesbrough,1,0,H,2006-2007,1470.9371525190877,1489.2814705376468,0.5,0.0,-18.34431801855908,0.5
Fulham,Everton,1,0,H,2006-2007,1495.8727689903528,1530.8759089975424,0.4,0.2,-35.003140007189586,0.2
Bolton Wanderers,Wigan Athletic,0,1,A,2006-2007,1552.093096803724,1494.3956705343662,0.6,0.2,57.69742626935772,0.39999999999999997
Charlton Athletic,Manchester City,1,0,H,2006-2007,1427.3469391033589,1486.7284052555772,0.2,0.0,-59.38146615221831,0.2
Liverpool,Reading,2,0,H,2006-2007,1507.1293310890248,1485.3503964590502,0.8,0.4,21.77893462997463,0.4
Manchester United,Portsmouth,3,0,H,2006-2007,1587.5547235195404,1532.0515199510178,0.8,0.4,55.50320356852262,0.4
Watford,Middlesbrough,2,0,H,2006-2007,1453.2955450940206,1473.4902178011573,0.0,0.0,-20.19467270713676,0.0
Newcastle United,Sheffield United,0,1,A,2006-2007,1446.9969481041664,1438.3107423396846,0.2,0.0,8.686205764481883,0.2
West Ham United,Arsenal,1,0,H,2006-2007,1447.80308861436,1552.8265260810117,0.4,0.75,-105.02343746665179,-0.35
Aston Villa,Blackburn Rovers,2,0,H,2006-2007,1518.618469744471,1484.61042526014,0.6,0.2,34.008044484331094,0.39999999999999997
Tottenham Hotspur,Chelsea,2,1,H,2006-2007,1493.762933897789,1590.886342359645,0.6,0.8,-97.12340846185589,-0.20000000000000007
Manchester City,Newcastle United,0,0,D,2006-2007,1469.1893761800313,1431.6220125698926,0.6,0.2,37.56736361013873,0.39999999999999997
Chelsea,Watford,4,0,H,2006-2007,1571.7991025050326,1469.1664386472883,0.8,0.0,102.63266385774432,0.8
Everton,Aston Villa,0,1,A,2006-2007,1514.3697942015322,1532.1548956660456,0.6,0.0,-17.785101464513446,0.6
Middlesbrough,West Ham United,1,0,H,2006-2007,1457.6193242478896,1467.204078673644,0.6,0.0,-9.584754425754454,0.6
Portsmouth,Fulham,1,1,D,2006-2007,1519.427607277676,1512.378883786363,0.8,0.2,7.048723491313012,0.6000000000000001
Sheffield United,Bolton Wanderers,2,2,D,2006-2007,1453.6856778739584,1534.6247478529044,0.2,0.6,-80.93906997894601,-0.39999999999999997
Wigan Athletic,Charlton Athletic,3,2,H,2006-2007,1511.8640194851857,1444.8859681789047,0.5,0.0,66.97805130628103,0.5
Blackburn Rovers,Manchester United,0,1,A,2006-2007,1471.0739993385653,1600.178636192882,0.4,0.8,-129.10463685431682,-0.4
Reading,Tottenham Hotspur,3,1,H,2006-2007,1471.2894390192714,1512.8501737524014,0.4,0.0,-41.56073473312995,0.4
Arsenal,Liverpool,3,0,H,2006-2007,1533.4255360217276,1521.1902885288036,0.4,0.0,12.235247492923918,0.4
Manchester City,Fulham,3,1,H,2006-2007,1467.5737541994133,1512.683159896786,0.6,0.2,-45.10940569737272,0.39999999999999997
Arsenal,Newcastle United,1,1,D,2006-2007,1547.8975161830247,1433.2376345505106,0.6,0.2,114.65988163251404,0.39999999999999997
Chelsea,West Ham United,1,0,H,2006-2007,1582.4926344496832,1451.7903765053225,0.8,0.0,130.70225794436078,0.8
Everton,Bolton Wanderers,1,0,H,2006-2007,1500.1369687758393,1531.1921997306954,0.4,0.6,-31.055230954856142,-0.19999999999999996
Portsmouth,Watford,2,1,H,2006-2007,1519.1233311672531,1458.4729067026376,0.6,0.0,60.650424464615526,0.6
Reading,Charlton Athletic,2,0,H,2006-2007,1488.0752503958242,1432.7423461398446,0.4,0.0,55.332904255979656,0.4
Sheffield United,Manchester United,1,2,A,2006-2007,1457.1182259961674,1609.8478713876607,0.2,0.8,-152.72964539149325,-0.6000000000000001
Middlesbrough,Liverpool,0,0,D,2006-2007,1473.0330264162112,1506.7183083675066,0.6,0.0,-33.68528195129534,0.6
Wigan Athletic,Aston Villa,0,0,D,2006-2007,1524.0076415242459,1546.3877210917385,0.6,0.2,-22.380079567492658,0.39999999999999997
Blackburn Rovers,Tottenham Hotspur,1,1,D,2006-2007,1461.4047641437867,1496.0643623758485,0.4,0.0,-34.65959823206185,0.4
Charlton Athletic,Everton,1,1,D,2006-2007,1420.111264987844,1516.4741715637317,0.4,0.2,-96.36290657588779,0.2
Aston Villa,Middlesbrough,1,1,D,2006-2007,1545.422829558797,1474.4827971308714,0.6,0.0,70.94003242792564,0.6
Fulham,Reading,0,1,A,2006-2007,1495.7465003146162,1500.706331547825,0.6,0.4,-4.959831233208661,0.19999999999999996
Liverpool,Manchester City,1,0,H,2006-2007,1505.2685376528464,1484.510413781583,0.8,0.0,20.75812387126325,0.8
West Ham United,Sheffield United,1,0,H,2006-2007,1442.1813060277202,1448.3178096609222,0.4,0.2,-6.136503633201983,0.2
Bolton Wanderers,Arsenal,3,1,H,2006-2007,1514.854996942803,1543.1194664017319,0.4,0.6,-28.264469458928943,-0.19999999999999996
Newcastle United,Portsmouth,1,0,H,2006-2007,1438.0156843318034,1531.5311195746735,0.0,0.4,-93.51543524287013,-0.4
Tottenham Hotspur,Wigan Athletic,3,1,H,2006-2007,1494.5729313929633,1524.9725330571873,0.6,0.4,-30.399601664224065,0.19999999999999996
Manchester United,Chelsea,1,1,D,2006-2007,1618.648287722906,1592.1017049272855,0.8,0.8,26.546582795620452,0.0
Watford,Sheffield United,0,1,A,2006-2007,1446.0651182952174,1433.0529030482128,0.2,0.2,13.012215247004633,0.0
Aston Villa,Manchester City,1,3,A,2006-2007,1542.4019660981794,1470.4055491719262,0.4,0.0,71.99641692625323,0.4
Fulham,Arsenal,2,1,H,2006-2007,1480.9606188970608,1526.9018760226172,0.4,0.6,-45.941257125556376,-0.19999999999999996
Bolton Wanderers,Chelsea,0,1,A,2006-2007,1531.0725873219176,1593.2455878826006,0.4,0.6,-62.17300056068302,-0.19999999999999996
Liverpool,Portsmouth,0,0,D,2006-2007,1519.3734022625033,1512.5884871018511,0.8,0.2,6.78491516065219,0.6000000000000001
Manchester United,Everton,3,0,H,2006-2007,1617.5044047675908,1512.4173455235364,0.6,0.0,105.08705924405444,0.6
Arsenal,Tottenham Hotspur,3,0,H,2006-2007,1509.9299121772558,1510.8820486483694,0.6,0.0,-0.9521364711135902,0.6
Blackburn Rovers,Fulham,2,0,H,2006-2007,1462.896195126672,1497.9325827424223,0.4,0.0,-35.0363876157503,0.4
Portsmouth,Aston Villa,2,2,D,2006-2007,1512.8813782045331,1524.3373715392731,0.6,0.2,-11.455993334740015,0.39999999999999997
Reading,Bolton Wanderers,1,0,H,2006-2007,1515.4922129653803,1518.728521987573,0.4,0.6,-3.2363090221926996,-0.19999999999999996
Sheffield United,Charlton Athletic,2,1,H,2006-2007,1448.61442302236,1424.1680910280393,0.2,0.0,24.446331994320644,0.2
Wigan Athletic,Liverpool,0,4,A,2006-2007,1508.6634158017812,1519.0805111598213,0.4,0.0,-10.417095358040115,0.4
Middlesbrough,Manchester United,1,2,A,2006-2007,1477.503660591489,1628.1009045211936,0.6,0.8,-150.59724392970452,-0.20000000000000007
Everton,West Ham United,2,0,H,2006-2007,1501.8208457699336,1457.4462126404296,0.4,0.0,44.37463312950399,0.4
Manchester City,Watford,0,0,D,2006-2007,1488.4701437308324,1430.5035983210703,0.6,0.0,57.96654540976215,0.6
Charlton Athletic,Blackburn Rovers,1,0,H,2006-2007,1410.2217857037929,1479.403730852257,0.2,0.2,-69.18194514846414,0.0
Tottenham Hotspur,Middlesbrough,2,1,H,2006-2007,1495.8409417154344,1468.6267142825436,0.8,0.0,27.214227432890766,0.8
Newcastle United,Reading,3,2,H,2006-2007,1456.9583168046258,1530.631931616522,0.2,0.6,-73.67361481189619,-0.39999999999999997
West Ham United,Wigan Athletic,0,2,A,2006-2007,1444.3516698706205,1494.1130232412181,0.6,0.4,-49.76135337059759,0.19999999999999996
Manchester United,Manchester City,3,1,H,2006-2007,1636.977850830139,1485.9904920399042,0.8,0.2,150.9873587902348,0.6000000000000001
Blackburn Rovers,Newcastle United,1,3,A,2006-2007,1461.4557653019635,1475.0922304223295,0.4,0.0,-13.636465120365983,0.4
Liverpool,Fulham,4,0,H,2006-2007,1533.6309037203844,1481.4250470168372,0.6,0.0,52.20585670354717,0.6
Middlesbrough,Wigan Athletic,1,1,D,2006-2007,1454.7992499132056,1506.9792234386314,0.6,0.6,-52.179973525425794,0.0
Portsmouth,Everton,2,0,H,2006-2007,1513.3757940283576,1514.9153885397427,0.6,0.0,-1.5395945113850757,0.6
Tottenham Hotspur,Charlton Athletic,5,1,H,2006-2007,1509.6684060847724,1428.1697512540863,1.0,0.0,81.49865483068606,1.0
Watford,Reading,0,0,D,2006-2007,1432.9832500119985,1512.4980179988183,0.2,0.4,-79.51476798681983,-0.2
Bolton Wanderers,West Ham United,4,0,H,2006-2007,1503.5888033364313,1431.4854696732073,0.4,0.0,72.10333366322402,0.4
Chelsea,Arsenal,1,1,D,2006-2007,1605.5896532169452,1524.9710191101908,0.8,0.4,80.61863410675437,0.4
Sheffield United,Aston Villa,2,2,D,2006-2007,1462.5607283466063,1523.8429557154486,0.4,0.2,-61.282227368842314,0.2
Chelsea,Newcastle United,1,0,H,2006-2007,1602.1702177364518,1489.503799021663,0.6,0.2,112.66641871478873,0.39999999999999997
Wigan Athletic,Arsenal,0,1,A,2006-2007,1504.7432193199063,1528.3904545906842,0.4,0.2,-23.647235270777855,0.2
Charlton Athletic,Liverpool,0,3,A,2006-2007,1416.6251850160386,1546.3938069783414,0.4,0.2,-129.76862196230286,0.2
Arsenal,Portsmouth,2,2,D,2006-2007,1542.3710949398703,1528.4422632314934,0.6,0.0,13.928831708376947,0.6
Newcastle United,Watford,2,1,H,2006-2007,1479.2043759548947,1436.3574717876825,0.4,0.0,42.84690416721219,0.4
Reading,Blackburn Rovers,1,2,A,2006-2007,1509.1237962231344,1447.04419670263,0.6,0.2,62.079599520504416,0.39999999999999997
Wigan Athletic,Sheffield United,0,1,A,2006-2007,1490.7625789707201,1465.179394097092,0.4,0.4,25.58318487362817,0.0
Aston Villa,Bolton Wanderers,0,1,A,2006-2007,1521.224289964963,1515.519785764522,0.2,0.4,5.7045042004408515,-0.2
Everton,Chelsea,2,3,A,2006-2007,1499.848919336607,1612.4696408032203,0.6,0.6,-112.6207214666133,0.0
Manchester City,Tottenham Hotspur,1,2,A,2006-2007,1477.1275754197682,1521.2129723228202,0.4,0.0,-44.085396903052015,0.4
West Ham United,Manchester United,1,0,H,2006-2007,1419.5544872451164,1645.840767450275,0.6,1.0,-226.28628020515862,-0.4
Fulham,Middlesbrough,2,1,H,2006-2007,1468.6621437588801,1457.0352540319307,0.6,0.0,11.626889726949457,0.6
Fulham,West Ham United,0,0,D,2006-2007,1483.160357880689,1443.1426973008865,0.6,0.0,40.017660579802396,0.6
Arsenal,Blackburn Rovers,6,2,H,2006-2007,1541.7700609026224,1464.6962251568905,0.4,0.2,77.07383574573191,0.2
Aston Villa,Manchester United,0,3,A,2006-2007,1505.9780288497873,1622.252557394505,0.2,0.8,-116.27452854471767,-0.6000000000000001
Liverpool,Watford,2,0,H,2006-2007,1556.0380131884965,1423.198000144558,0.8,0.0,132.8400130439386,0.8
Manchester City,Bolton Wanderers,0,2,A,2006-2007,1464.0207455265947,1530.7660468796978,0.4,0.4,-66.74530135310306,0.0
Middlesbrough,Charlton Athletic,2,0,H,2006-2007,1442.5370399101218,1406.9809788058835,0.4,0.0,35.556061104238324,0.4
Newcastle United,Tottenham Hotspur,3,1,H,2006-2007,1492.3638475980192,1534.3198022159936,0.6,0.2,-41.955954617974385,0.39999999999999997
Portsmouth,Sheffield United,3,1,H,2006-2007,1529.0432972687413,1481.281917062674,0.6,0.6,47.761380206067315,0.0
Reading,Everton,0,2,A,2006-2007,1491.4717677688739,1489.5477170310755,0.6,0.0,1.924050737798325,0.6
Wigan Athletic,Chelsea,2,3,A,2006-2007,1474.6600560051381,1622.7708431087517,0.2,0.6,-148.11078710361357,-0.39999999999999997
Chelsea,Reading,2,2,D,2006-2007,1631.7375113891862,1476.3887006702807,0.8,0.2,155.3488107189055,0.6000000000000001
Tottenham Hotspur,Aston Villa,2,1,H,2006-2007,1517.5171719594657,1495.818622347576,1.0,0.2,21.698549611889803,0.8
West Ham United,Portsmouth,1,2,A,2006-2007,1444.862798760204,1541.9941643502682,0.8,0.0,-97.1313655900642,0.8
Blackburn Rovers,Liverpool,1,0,H,2006-2007,1452.9702392786116,1565.5668889020467,0.2,0.4,-112.59664962343504,-0.2
Bolton Wanderers,Newcastle United,2,1,H,2006-2007,1542.919354395374,1509.166477854547,0.4,0.2,33.752876540826946,0.2
Everton,Middlesbrough,0,0,D,2006-2007,1504.6307841296687,1456.0072980522639,0.6,0.0,48.62348607740478,0.6
Manchester United,Wigan Athletic,3,1,H,2006-2007,1632.4119638967163,1465.6933877247036,0.8,0.6,166.71857617201272,0.20000000000000007
Sheffield United,Manchester City,0,1,A,2006-2007,1468.331049981147,1451.8674380109185,0.2,0.2,16.463611970228612,0.0
Watford,Arsenal,1,2,A,2006-2007,1413.6691244310077,1553.4960467809012,0.2,0.2,-139.8269223498935,0.0
Charlton Athletic,Fulham,2,2,D,2006-2007,1393.5107206637415,1481.4402564213715,0.4,0.0,-87.92953575762999,0.4
Charlton Athletic,Aston Villa,2,1,H,2006-2007,1397.2279182047178,1481.7542079588716,0.4,0.2,-84.52628975415382,0.2
Blackburn Rovers,Middlesbrough,2,1,H,2006-2007,1472.6680996682617,1458.0929440204154,0.4,0.0,14.575155647846259,0.4
Bolton Wanderers,Portsmouth,3,2,H,2006-2007,1556.4666927032983,1552.9066064673111,0.6,0.2,3.560086235987228,0.39999999999999997
Chelsea,Fulham,2,2,D,2006-2007,1625.4444584946853,1477.7230588803952,0.6,0.0,147.72139961429002,0.6
Everton,Newcastle United,3,0,H,2006-2007,1502.5451381615171,1495.6191395466228,0.4,0.2,6.925998614894297,0.2
Manchester United,Reading,3,2,H,2006-2007,1640.7200561226575,1482.6817535647817,0.8,0.2,158.0383025578758,0.6000000000000001
Tottenham Hotspur,Liverpool,0,1,A,2006-2007,1531.58158634817,1545.8690285123967,1.0,0.4,-14.287442164226604,0.6
West Ham United,Manchester City,0,1,A,2006-2007,1433.950356643161,1467.5776977406601,0.6,0.4,-33.627341097499084,0.19999999999999996
Sheffield United,Arsenal,1,0,H,2006-2007,1452.6207902514054,1562.76534269136,0.2,0.4,-110.14455243995462,-0.2
Liverpool,Bolton Wanderers,3,0,H,2006-2007,1560.2525375193577,1571.312996804344,0.8,0.4,-11.060459284986337,0.4
Fulham,Watford,0,0,D,2006-2007,1483.7422928030885,1404.399828520549,0.6,0.0,79.3424642825396,0.6
Manchester City,Everton,2,1,H,2006-2007,1481.1304052058545,1517.2461583674224,0.2,0.2,-36.11575316156791,0.0
Middlesbrough,Sheffield United,3,1,H,2006-2007,1443.7218351961192,1472.2229593508127,0.4,0.6,-28.50112415469357,-0.19999999999999996
Portsmouth,Tottenham Hotspur,1,1,D,2006-2007,1538.0603023662654,1517.198077341209,0.6,0.2,20.862225025056432,0.39999999999999997
Reading,West Ham United,6,0,H,2006-2007,1474.0701720548063,1420.3976491779667,0.6,0.0,53.672522876839594,0.6
Wigan Athletic,Blackburn Rovers,0,3,A,2006-2007,1457.3852954987624,1487.039208492558,0.0,0.2,-29.65391299379553,-0.2
Newcastle United,Manchester United,2,2,D,2006-2007,1480.9181193407176,1649.331637632633,0.8,0.8,-168.41351829191535,0.0
Arsenal,Charlton Athletic,4,0,H,2006-2007,1543.1631735919527,1415.8068778341922,0.6,0.0,127.35629575776056,0.6
Aston Villa,Chelsea,0,0,D,2006-2007,1463.1752483293972,1619.425224571992,0.2,0.6,-156.2499762425948,-0.39999999999999997
Watford,Liverpool,0,3,A,2006-2007,1407.7669869830793,1575.7298946853398,0.2,0.6,-167.9629077022605,-0.39999999999999997
Bolton Wanderers,Manchester City,0,0,D,2006-2007,1555.835639638362,1497.6840556478428,0.8,0.6,58.15158399051916,0.20000000000000007
Charlton Athletic,Middlesbrough,1,3,A,2006-2007,1406.0715763160706,1459.9495748958066,0.4,0.0,-53.87799857973596,0.4
Chelsea,Wigan Athletic,4,0,H,2006-2007,1613.1001481223577,1443.6624580660168,0.4,0.4,169.4376900563409,0.0
Manchester United,Aston Villa,3,1,H,2006-2007,1642.5812453610952,1469.5003247790314,0.8,0.0,173.08092058206375,0.8
Sheffield United,Portsmouth,1,1,D,2006-2007,1455.9952196511254,1537.1606886534728,0.4,0.2,-81.16546900234744,0.2
West Ham United,Fulham,3,3,D,2006-2007,1407.696619237129,1480.3751343405581,0.4,0.0,-72.67851510342916,0.4
Blackburn Rovers,Arsenal,0,2,A,2006-2007,1500.7620459253035,1552.8984751100743,0.6,0.4,-52.136429184770805,0.19999999999999996
Everton,Reading,1,1,D,2006-2007,1500.692507925434,1486.771201995644,0.6,0.2,13.921305929789924,0.39999999999999997
Tottenham Hotspur,Newcastle United,2,3,A,2006-2007,1518.0976910540016,1487.6685116122553,0.8,0.2,30.429179441746328,0.6000000000000001
Liverpool,Chelsea,2,0,H,2006-2007,1583.9950259100858,1621.3145406127514,0.8,0.6,-37.31951470266563,0.20000000000000007
Aston Villa,Watford,2,0,H,2006-2007,1461.4104396761402,1399.5018557583332,0.0,0.0,61.908583917806936,0.0
Fulham,Tottenham Hotspur,1,1,D,2006-2007,1477.282331800309,1501.7873065592196,0.4,0.2,-24.50497475891052,0.2
Middlesbrough,Bolton Wanderers,5,1,H,2006-2007,1472.6419429062362,1553.348218186767,0.4,0.4,-80.70627528053092,0.0
Newcastle United,West Ham United,2,2,D,2006-2007,1503.9788961070374,1410.789421777378,0.8,0.0,93.18947432965933,0.8
Portsmouth,Charlton Athletic,0,1,A,2006-2007,1533.7188793314888,1393.379208305641,0.6,0.0,140.3396710258478,0.6
Reading,Sheffield United,3,1,H,2006-2007,1487.3719116402865,1459.4370289731094,0.6,0.4,27.934882667177135,0.19999999999999996
Manchester City,Blackburn Rovers,0,3,A,2006-2007,1500.1714770994377,1487.9962118238984,0.4,0.4,12.175265275539232,0.0
Wigan Athletic,Everton,0,2,A,2006-2007,1435.448065575623,1500.0917982807916,0.0,0.2,-64.64373270516853,-0.2
Arsenal,Manchester United,2,1,H,2006-2007,1565.6643092114793,1650.6711304639864,0.6,0.6,-85.00682125250705,0.0
Watford,Blackburn Rovers,2,1,H,2006-2007,1387.1467310486591,1503.5216452153254,0.2,0.6,-116.37491416666626,-0.39999999999999997
Portsmouth,Middlesbrough,0,0,D,2006-2007,1512.9692799034783,1491.064965323262,0.4,0.2,21.90431458021635,0.2
Sheffield United,Fulham,2,0,H,2006-2007,1445.6404826199082,1478.3385457644981,0.4,0.0,-32.69806314458992,0.4
West Ham United,Liverpool,1,2,A,2006-2007,1414.718950396741,1600.600070719221,0.2,0.8,-185.88112032248,-0.6000000000000001
Reading,Wigan Athletic,3,2,H,2006-2007,1501.1684579934877,1423.207194425775,0.6,0.2,77.96126356771265,0.39999999999999997
Chelsea,Blackburn Rovers,3,0,H,2006-2007,1604.7094958036162,1483.6771694232777,0.4,0.6,121.03232638033842,-0.19999999999999996
Bolton Wanderers,Charlton Athletic,1,1,D,2006-2007,1534.9251957697413,1414.1288077336515,0.6,0.2,120.79638803608987,0.39999999999999997
Manchester United,Watford,4,0,H,2006-2007,1632.0726121432747,1406.9912068407068,1.0,0.0,225.08140530256787,1.0
Newcastle United,Aston Villa,3,1,H,2006-2007,1500.0493674876743,1473.7655643858143,0.6,0.0,26.28380310186003,0.6
Liverpool,Everton,0,0,D,2006-2007,1608.2620620247917,1512.3326694306397,0.8,0.4,95.92939259415198,0.4
Aston Villa,West Ham United,1,0,H,2006-2007,1459.8981675578564,1407.0569590911705,0.2,0.0,52.841208466685885,0.2
Blackburn Rovers,Sheffield United,2,1,H,2006-2007,1473.700961209495,1462.0480183370416,0.6,0.4,11.652942872453423,0.19999999999999996
Charlton Athletic,Chelsea,0,1,A,2006-2007,1419.1435537920627,1614.6857040173988,0.4,0.6,-195.54215022533617,-0.19999999999999996
Fulham,Newcastle United,2,1,H,2006-2007,1461.9310100473647,1513.9167643156322,0.4,0.4,-51.985754268267556,0.0
Manchester City,Reading,0,2,A,2006-2007,1484.6460437080107,1512.8579762192007,0.2,0.0,-28.21193251119007,0.2
Watford,Bolton Wanderers,0,1,A,2006-2007,1400.5443810918334,1529.91044971133,0.2,0.4,-129.36606861949667,-0.2
Wigan Athletic,Portsmouth,1,0,H,2006-2007,1411.517676200062,1512.0248455922315,0.0,0.2,-100.50716939216954,-0.2
Middlesbrough,Arsenal,1,1,D,2006-2007,1492.0093996345088,1584.262827532191,0.6,0.6,-92.25342789768229,0.0
Tottenham Hotspur,Manchester United,0,4,A,2006-2007,1500.7310925950305,1638.519437892148,0.6,0.4,-137.78834529711753,0.19999999999999996
Reading,Aston Villa,2,0,H,2006-2007,1526.642639124891,1472.634257941933,0.6,0.0,54.008381182958146,0.6
Chelsea,Middlesbrough,3,0,H,2006-2007,1622.0347520202974,1495.9012627897869,0.6,0.2,126.13348923051058,0.39999999999999997
Everton,Blackburn Rovers,1,0,H,2006-2007,1516.3721423424013,1488.1980517881425,0.4,0.4,28.174090554258783,0.0
Manchester United,Charlton Athletic,2,0,H,2006-2007,1647.8640679731802,1411.794505789164,1.0,0.2,236.06956218401615,0.8
Newcastle United,Liverpool,2,1,H,2006-2007,1496.6889596733372,1604.2225891130302,0.6,0.8,-107.53362943969296,-0.20000000000000007
Sheffield United,Tottenham Hotspur,2,1,H,2006-2007,1447.5509277583942,1491.3864625139984,0.4,0.2,-43.83553475560416,0.2
West Ham United,Watford,0,1,A,2006-2007,1394.320868707094,1390.8850046602704,0.2,0.0,3.4358640468235535,0.2
Portsmouth,Manchester City,2,1,H,2006-2007,1492.8027258589088,1470.8613808023204,0.4,0.6,21.94134505658849,-0.19999999999999996
Bolton Wanderers,Fulham,2,1,H,2006-2007,1539.5698261428931,1479.1588146896597,0.6,0.0,60.411011453233414,0.6
Arsenal,Wigan Athletic,2,1,H,2006-2007,1580.370964376913,1430.7397959333846,0.8,0.2,149.6311684435284,0.6000000000000001
Watford,Wigan Athletic,1,1,D,2006-2007,1406.0333379998535,1421.8280513343143,0.2,0.0,-15.794713334460766,0.2
Everton,Tottenham Hotspur,1,2,A,2006-2007,1530.1584283059146,1474.5039089490028,0.4,0.2,55.654519356911806,0.2
Fulham,Manchester United,1,2,A,2006-2007,1466.7409974893528,1653.996517070415,0.4,0.4,-187.25551958106212,0.0
Charlton Athletic,West Ham United,4,0,H,2006-2007,1405.6620566919294,1379.1725353675108,0.2,0.0,26.489521324418547,0.2
Liverpool,Sheffield United,4,0,H,2006-2007,1584.7227657313917,1464.4334813233897,0.8,0.2,120.289284408002,0.6000000000000001
Middlesbrough,Reading,2,1,H,2006-2007,1486.1196147915891,1539.329511608825,0.6,0.2,-53.20989681723586,0.39999999999999997
Watford,Everton,0,3,A,2006-2007,1406.7147812111384,1512.7759725156438,0.2,0.4,-106.06119130450543,-0.2
Wigan Athletic,Newcastle United,1,0,H,2006-2007,1421.1466081230294,1516.1887830549756,0.2,0.2,-95.04217493194619,0.0
Blackburn Rovers,Portsmouth,3,0,H,2006-2007,1474.4117658246291,1506.8566991619564,0.6,0.2,-32.44493333732726,0.39999999999999997
Tottenham Hotspur,Bolton Wanderers,4,1,H,2006-2007,1491.8863647392736,1551.9876433432,0.4,0.6,-60.1012786039264,-0.19999999999999996
Liverpool,Manchester United,0,1,A,2006-2007,1594.727475604023,1661.6134587105132,0.8,0.6,-66.88598310649013,0.20000000000000007
Arsenal,Reading,2,1,H,2006-2007,1589.2827089759833,1522.050049520824,0.8,0.2,67.23265945515936,0.6000000000000001
Fulham,Aston Villa,1,1,D,2006-2007,1459.1240558492545,1459.947385457999,0.2,0.0,-0.823329608744416,0.2
Manchester City,Wigan Athletic,0,1,A,2006-2007,1456.8074074992728,1440.1505302822584,0.2,0.0,16.656877217014426,0.2
Newcastle United,Middlesbrough,0,0,D,2006-2007,1497.1848608957466,1503.3990768795902,0.6,0.2,-6.214215983843587,0.39999999999999997
Sheffield United,Everton,1,1,D,2006-2007,1454.4287714507584,1523.334071817229,0.6,0.6,-68.90530036647056,0.0
Watford,Charlton Athletic,2,2,D,2006-2007,1396.1566819095533,1419.520622982495,0.2,0.2,-23.36394107294177,0.0
Portsmouth,Chelsea,0,2,A,2006-2007,1490.4599964488564,1631.8164000184952,0.4,0.6,-141.35640356963881,-0.19999999999999996
Bolton Wanderers,Blackburn Rovers,1,2,A,2006-2007,1534.4184384996677,1490.8084685377291,0.6,0.4,43.60996996193853,0.19999999999999996
West Ham United,Tottenham Hotspur,3,4,A,2006-2007,1365.313969076945,1509.455569582806,0.0,0.2,-144.14160050586088,-0.2
Aston Villa,Arsenal,0,1,A,2006-2007,1459.911839527967,1601.415738778387,0.4,0.6,-141.5038992504201,-0.19999999999999996
Manchester City,Chelsea,0,1,A,2006-2007,1441.0888227660303,1641.0293961374675,0.2,0.6,-199.94057337143727,-0.39999999999999997
Manchester United,Bolton Wanderers,4,1,H,2006-2007,1673.760911709519,1517.5454707381448,1.0,0.4,156.21544097137416,0.6
Chelsea,Sheffield United,3,0,H,2006-2007,1648.2388617553675,1457.3652528104317,0.6,0.0,190.87360894493577,0.6
Middlesbrough,Manchester City,0,2,A,2006-2007,1503.1308162147384,1433.8793571481303,0.8,0.4,69.25145906660805,0.4
Reading,Portsmouth,0,0,D,2006-2007,1509.91701971842,1481.247000329884,0.8,0.2,28.670019388536048,0.6000000000000001
Tottenham Hotspur,Watford,3,1,H,2006-2007,1518.5665345537714,1397.163866578943,0.4,0.2,121.40266797482832,0.2
Wigan Athletic,Fulham,0,0,D,2006-2007,1455.869115015501,1459.1596017792865,0.4,0.0,-3.290486763785566,0.4
Blackburn Rovers,West Ham United,1,2,A,2006-2007,1507.681436299252,1356.2030041059797,0.8,0.0,151.47843219327228,0.8
Charlton Athletic,Newcastle United,2,0,H,2006-2007,1418.5134383131053,1497.4531215605984,0.4,0.2,-78.93968324749312,0.2
Aston Villa,Liverpool,0,0,D,2006-2007,1450.7042626115071,1582.5800226050173,0.4,0.6,-131.8757599935102,-0.19999999999999996
Everton,Arsenal,1,0,H,2006-2007,1520.3975904575557,1610.623315694847,0.4,0.6,-90.22572523729127,-0.19999999999999996
Liverpool,Arsenal,4,1,H,2006-2007,1577.1450266211064,1591.8132251599006,0.6,0.4,-14.668198538794286,0.19999999999999996
Bolton Wanderers,Sheffield United,1,0,H,2006-2007,1508.8693212405715,1449.866065750148,0.4,0.0,59.0032554904235,0.4
Charlton Athletic,Wigan Athletic,1,0,H,2006-2007,1436.8640792845777,1456.0111725014165,0.6,0.2,-19.14709321683881,0.39999999999999997
Fulham,Portsmouth,1,1,D,2006-2007,1459.017544293371,1482.4819826842358,0.2,0.0,-23.46443839086487,0.2
Manchester United,Blackburn Rovers,4,1,H,2006-2007,1682.4370612070923,1486.5267107813083,1.0,0.4,195.91035042578392,0.6
Newcastle United,Manchester City,0,1,A,2006-2007,1479.1024805891261,1451.8302078239947,0.4,0.6,27.272272765131447,-0.19999999999999996
West Ham United,Middlesbrough,2,0,H,2006-2007,1377.3577296239234,1485.179965538874,0.0,0.2,-107.82223591495062,-0.2
Watford,Chelsea,0,1,A,2006-2007,1387.20184873061,1655.7380488156512,0.2,0.6,-268.5362000850412,-0.39999999999999997
Tottenham Hotspur,Reading,1,0,H,2006-2007,1528.5285524021044,1508.6820373640683,0.4,0.2,19.84651503803616,0.2
Aston Villa,Everton,1,1,D,2006-2007,1456.1392585954181,1539.207680992502,0.4,0.4,-83.06842239708385,0.0
Manchester City,Charlton Athletic,0,0,D,2006-2007,1468.0052341277722,1452.6898898985185,0.2,0.2,15.315344229253697,0.0
Everton,Fulham,4,1,H,2006-2007,1535.688138535735,1460.0290481350185,0.6,0.0,75.65909040071665,0.6
Chelsea,Tottenham Hotspur,1,0,H,2006-2007,1661.008779081971,1542.672640221503,0.8,0.4,118.33613886046805,0.4
Arsenal,West Ham United,0,1,A,2006-2007,1576.1803241058471,1396.8688889963908,1.0,0.2,179.3114351094564,0.8
Blackburn Rovers,Aston Villa,1,2,A,2006-2007,1479.1894171969655,1459.658801052185,0.6,0.0,19.530616144780424,0.6
Middlesbrough,Watford,4,1,H,2006-2007,1465.6688061664067,1381.9311184642902,0.6,0.2,83.73768770211655,0.39999999999999997
Reading,Liverpool,1,2,A,2006-2007,1494.5379495446698,1592.7779276751598,0.8,0.6,-98.23997813049004,0.20000000000000007
Sheffield United,Newcastle United,1,2,A,2006-2007,1437.3892310887152,1462.9274542853486,0.6,0.2,-25.538223196633453,0.39999999999999997
Wigan Athletic,Bolton Wanderers,1,3,A,2006-2007,1440.1853618874757,1521.3461559020043,0.4,0.2,-81.16079401452862,0.2
Portsmouth,Manchester United,2,1,H,2006-2007,1481.4704788425884,1689.7743547914351,0.2,0.6,-208.30387594884678,-0.39999999999999997
Watford,Portsmouth,4,2,H,2006-2007,1370.4779522961862,1504.5213833249704,0.0,0.0,-134.0434310287842,0.0
Aston Villa,Wigan Athletic,1,1,D,2006-2007,1475.5011184856003,1428.6269799998788,0.4,0.2,46.87413848572146,0.2
Bolton Wanderers,Everton,1,1,D,2006-2007,1532.9045377896011,1547.4723454326815,0.4,0.4,-14.567807643080414,0.0
Fulham,Manchester City,1,3,A,2006-2007,1448.244841238072,1467.344445512577,0.2,0.6,-19.099604274505054,-0.39999999999999997
Newcastle United,Arsenal,0,0,D,2006-2007,1476.826862002732,1554.0600607856065,0.4,0.4,-77.23319878287452,0.0
Charlton Athletic,Reading,0,0,D,2006-2007,1453.3506785137135,1483.669777233208,0.6,0.2,-30.319098719494377,0.39999999999999997
Arsenal,Bolton Wanderers,2,1,H,2006-2007,1550.7794948454216,1533.5331122837986,0.8,0.4,17.246382561623022,0.4
Manchester City,Liverpool,0,0,D,2006-2007,1481.520678962218,1603.6460999866217,0.0,0.6,-122.12542102440375,-0.6
Middlesbrough,Aston Villa,1,3,A,2006-2007,1477.1219723345107,1473.4895890549737,0.6,0.2,3.6323832795369526,0.39999999999999997
Portsmouth,Newcastle United,2,1,H,2006-2007,1484.005272327953,1480.107427942917,0.4,0.4,3.8978443850360236,0.0
Reading,Fulham,1,0,H,2006-2007,1482.3641091659897,1434.068607788431,0.6,0.0,48.295501377558594,0.6
Sheffield United,West Ham United,3,0,H,2006-2007,1423.4898233713318,1418.9891523166314,0.4,0.4,4.500671054700433,0.0
Wigan Athletic,Tottenham Hotspur,3,3,D,2006-2007,1430.6385094305053,1532.5928181489107,0.4,0.4,-101.9543087184054,0.0
Everton,Charlton Athletic,2,1,H,2006-2007,1546.843770938484,1454.6563465809318,0.6,0.2,92.18742435755235,0.39999999999999997
Arsenal,Manchester City,3,1,H,2006-2007,1565.0355196175447,1486.5863255435765,0.8,0.6,78.4491940739681,0.20000000000000007
Manchester United,Sheffield United,2,0,H,2006-2007,1666.723450309053,1438.2955246503539,1.0,0.0,228.42792565869922,1.0
Blackburn Rovers,Watford,3,1,H,2006-2007,1463.3470997635502,1390.9940632932037,0.4,0.2,72.35303647034652,0.2
Liverpool,Middlesbrough,2,0,H,2006-2007,1598.5804534052631,1461.9651554556817,0.6,0.2,136.61529794958142,0.39999999999999997
West Ham United,Chelsea,1,4,A,2006-2007,1404.1834510376093,1671.088601154563,0.2,0.8,-266.9051501169538,-0.6000000000000001
Tottenham Hotspur,Arsenal,2,2,D,2006-2007,1528.31323809503,1576.7050044772063,0.6,0.2,-48.39176638217623,0.39999999999999997
Bolton Wanderers,Reading,1,3,A,2006-2007,1519.2770875116755,1495.29235149493,0.4,0.2,23.9847360167455,0.2
Charlton Athletic,Sheffield United,1,1,D,2006-2007,1443.5455518334597,1431.9456675134336,0.6,0.0,11.599884320026149,0.6
Fulham,Blackburn Rovers,1,1,D,2006-2007,1421.1403654594908,1475.267754466251,0.2,0.2,-54.12738900676027,0.0
Liverpool,Wigan Athletic,2,0,H,2006-2007,1607.9685842228207,1434.918089484386,0.6,0.2,173.05049473843474,0.39999999999999997
Watford,Manchester City,1,1,D,2006-2007,1379.0734085905028,1474.9168406839149,0.2,0.6,-95.84343209341205,-0.39999999999999997
West Ham United,Everton,1,0,H,2006-2007,1398.8718036548946,1557.9545656859561,0.2,0.2,-159.08276203106152,0.0
Manchester United,Middlesbrough,1,1,D,2006-2007,1673.0733074459733,1452.5770246381242,1.0,0.0,220.49628280784918,1.0
Newcastle United,Chelsea,0,0,D,2006-2007,1465.27570435256,1676.4002485372778,0.4,1.0,-211.1245441847177,-0.6
Aston Villa,Portsmouth,0,0,D,2006-2007,1488.6464059338027,1498.8369959183099,0.2,0.0,-10.190589984507142,0.2
Chelsea,Bolton Wanderers,2,2,D,2006-2007,1668.2630253524983,1503.2432250364127,1.0,0.4,165.0198003160856,0.6
Everton,Manchester United,2,4,A,2006-2007,1536.529280803851,1664.6547303344892,0.8,0.6,-128.1254495306382,0.20000000000000007
Blackburn Rovers,Charlton Athletic,4,1,H,2006-2007,1472.949611417067,1443.0449305706993,0.6,0.0,29.904680846367683,0.6
Manchester City,Aston Villa,0,2,A,2006-2007,1470.8808100717715,1489.0862429464112,0.0,0.4,-18.205432874639655,-0.4
Middlesbrough,Tottenham Hotspur,2,3,A,2006-2007,1460.9956017496083,1530.3890724211838,0.4,0.4,-69.39347067157541,0.0
Portsmouth,Liverpool,2,1,H,2006-2007,1498.3971589057014,1616.0595041857102,0.6,0.4,-117.66234528000882,0.19999999999999996
Sheffield United,Watford,1,0,H,2006-2007,1432.446288776194,1383.1094392026462,0.6,0.2,49.33684957354785,0.39999999999999997
Wigan Athletic,West Ham United,0,3,A,2006-2007,1426.8271695214964,1420.2970885369998,0.4,0.4,6.530080984496635,0.0
Arsenal,Fulham,3,1,H,2006-2007,1574.6291701510527,1423.4585085086749,0.8,0.0,151.1706616423778,0.8
Reading,Newcastle United,1,0,H,2006-2007,1511.3262139701928,1473.4129275373396,0.6,0.2,37.91328643285328,0.39999999999999997
Manchester City,Manchester United,0,1,A,2006-2007,1456.6660832136151,1674.3609381399224,0.0,0.8,-217.69485492630724,-0.8
Everton,Portsmouth,3,0,H,2006-2007,1526.8230729984177,1518.2913601797306,0.6,0.0,8.531712818687083,0.6
Fulham,Liverpool,1,0,H,2006-2007,1414.6021795551728,1596.165302911681,0.0,0.2,-181.56312335650819,-0.2
Newcastle United,Blackburn Rovers,0,2,A,2006-2007,1460.0433093610793,1486.6617014808367,0.2,0.2,-26.618392119757345,0.0
Reading,Watford,0,2,A,2006-2007,1524.695832146453,1370.2252794619183,0.6,0.2,154.47055268453482,0.39999999999999997
West Ham United,Bolton Wanderers,3,1,H,2006-2007,1435.5789816030915,1509.876260038501,0.4,0.2,-74.29727843540945,0.2
Wigan Athletic,Middlesbrough,0,1,A,2006-2007,1411.5452764554047,1448.9523458096828,0.2,0.0,-37.407069354278065,0.2
Aston Villa,Sheffield United,3,0,H,2006-2007,1503.3009698045676,1445.330448516922,0.0,0.0,57.970521287645624,0.0
Arsenal,Chelsea,1,1,D,2006-2007,1583.4854991045547,1661.62999035041,0.8,0.8,-78.1444912458553,0.0
Charlton Athletic,Tottenham Hotspur,0,2,A,2006-2007,1429.3328405069296,1542.4323283611093,0.6,0.6,-113.09948785417964,0.0
Chelsea,Manchester United,0,0,D,2006-2007,1658.3119841857394,1681.025586168202,0.8,0.8,-22.713601982462478,0.0
Tottenham Hotspur,Blackburn Rovers,1,1,D,2006-2007,1552.7148970125786,1500.5147363456915,0.6,0.4,52.200160666887086,0.19999999999999996
Blackburn Rovers,Reading,3,3,D,2006-2007,1502.7515926393426,1503.4340559075974,0.6,0.2,-0.6824632682548781,0.39999999999999997
Bolton Wanderers,Aston Villa,2,2,D,2006-2007,1491.7166057065715,1515.8211511523295,0.4,0.6,-24.10454544575805,-0.19999999999999996
Chelsea,Everton,1,1,D,2006-2007,1659.2912145668026,1541.4548033671163,0.6,0.2,117.83641119968638,0.39999999999999997
Liverpool,Charlton Athletic,2,2,D,2006-2007,1573.9699629840877,1419.0502718554603,0.8,0.0,154.9196911286274,0.8
Manchester United,West Ham United,0,1,A,2006-2007,1680.0463557871387,1453.738635935021,0.8,0.6,226.30771985211777,0.20000000000000007
Middlesbrough,Fulham,3,1,H,2006-2007,1462.343564343291,1436.7975194827661,0.4,0.0,25.546044860524944,0.4
Portsmouth,Arsenal,0,0,D,2006-2007,1503.6596298110321,1586.8035052692253,0.8,0.2,-83.14387545819318,0.6000000000000001
Sheffield United,Wigan Athletic,1,2,A,2006-2007,1432.81026716916,1398.1540579217965,0.6,0.2,34.65620924736345,0.39999999999999997
Tottenham Hotspur,Manchester City,2,1,H,2006-2007,1550.4780407189276,1450.0014351853356,0.6,0.6,100.47660553359196,0.0
Watford,Newcastle United,1,1,D,2006-2007,1391.487055700774,1446.1902744962244,0.2,0.2,-54.70321879545054,0.0
Sunderland,Tottenham Hotspur,1,0,H,2007-2008,1500.0,1561.2571360184263,0.0,0.6,-61.25713601842631,-0.6
Bolton Wanderers,Newcastle United,1,3,A,2007-2008,1492.7556160755316,1443.847870870243,0.2,0.2,48.90774520528862,0.0
Derby County,Portsmouth,2,2,D,2007-2008,1500.0,1507.182250338703,0.0,0.0,-7.182250338702943,0.0
Everton,Wigan Athletic,2,1,H,2007-2008,1546.3557185326697,1414.6453440367836,0.8,0.4,131.71037449588607,0.4
Middlesbrough,Blackburn Rovers,1,2,A,2007-2008,1476.2426361908233,1502.7810569092223,0.4,0.4,-26.53842071839904,0.0
West Ham United,Manchester City,0,2,A,2007-2008,1477.3274681635621,1439.2223398858368,0.6,0.4,38.10512827772527,0.19999999999999996
Aston Villa,Liverpool,1,2,A,2007-2008,1514.7821407833692,1567.6921836926563,0.2,0.2,-52.910042909287085,0.0
Arsenal,Fulham,2,1,H,2007-2008,1583.2808847415545,1422.8984476352339,0.6,0.0,160.3824371063206,0.6
Chelsea,Birmingham City,3,2,H,2007-2008,1654.3902994012492,1500.0,0.4,0.0,154.3902994012492,0.4
Manchester United,Reading,0,0,D,2007-2008,1656.4575235585976,1503.4045916377177,0.6,0.2,153.05293192087993,0.39999999999999997
Tottenham Hotspur,Everton,1,3,A,2007-2008,1543.6395205463014,1555.9269264726288,0.6,0.0,-12.287405926327438,0.6
Birmingham City,Sunderland,2,2,D,2007-2008,1491.258914949177,1517.617615472125,0.0,0.0,-26.358700522947856,0.0
Fulham,Bolton Wanderers,2,1,H,2007-2008,1414.3694748359133,1475.6579362889754,0.2,0.2,-61.288461453062155,0.0
Manchester City,Derby County,1,0,H,2007-2008,1455.8609058467848,1500.3100385104901,0.0,0.0,-44.44913266370531,0.0
Portsmouth,Manchester United,1,1,D,2007-2008,1506.8722118282128,1650.2463711690796,0.6,0.6,-143.37415934086675,0.0
Reading,Chelsea,1,2,A,2007-2008,1509.6157440272357,1663.131384452072,0.4,0.6,-153.51564042483642,-0.19999999999999996
Wigan Athletic,Middlesbrough,1,0,H,2007-2008,1405.0741360968245,1462.3861688095767,0.0,0.2,-57.31203271275217,-0.2
Portsmouth,Bolton Wanderers,3,1,H,2007-2008,1512.7331965017993,1458.0390095951527,0.6,0.2,54.694186906646564,0.39999999999999997
Birmingham City,West Ham United,0,1,A,2007-2008,1492.3947332148539,1460.6889022026141,0.0,0.8,31.70583101223974,-0.8
Fulham,Middlesbrough,1,2,A,2007-2008,1431.988401529736,1444.9340110255634,0.4,0.2,-12.945609495827512,0.2
Reading,Everton,1,0,H,2007-2008,1500.8434388136204,1570.3966575755976,0.4,0.2,-69.55321876197718,0.2
Tottenham Hotspur,Derby County,4,0,H,2007-2008,1529.1697894433325,1483.4014168653775,0.4,0.0,45.768372577955006,0.4
Wigan Athletic,Sunderland,3,0,H,2007-2008,1422.5262938808378,1516.4817972064482,0.2,0.0,-93.95550332561038,0.2
Newcastle United,Aston Villa,0,0,D,2007-2008,1460.9455506567992,1502.0489544389113,0.0,0.6,-41.10340378211208,-0.6
Manchester City,Manchester United,1,0,H,2007-2008,1472.7695274918974,1644.385386495493,0.2,0.4,-171.6158590035957,-0.2
Blackburn Rovers,Arsenal,1,1,D,2007-2008,1516.637524290469,1591.809857540875,0.4,0.0,-75.17233325040615,0.4
Liverpool,Chelsea,1,1,D,2007-2008,1580.4253700371141,1671.9036896656874,0.6,0.6,-91.47831962857322,0.0
Sunderland,Liverpool,0,2,A,2007-2008,1497.5214839463795,1584.2860037980538,1.0,0.4,-86.76451985167432,0.6
Arsenal,Manchester City,1,0,H,2007-2008,1588.6141195642515,1494.6297172575617,0.8,0.4,93.98440230668984,0.4
Aston Villa,Fulham,2,1,H,2007-2008,1500.282610809231,1417.5470499116132,0.2,0.0,82.73556089761792,0.2
Bolton Wanderers,Reading,3,0,H,2007-2008,1445.381032790641,1518.8068111749167,0.2,0.2,-73.42577838427565,0.0
Chelsea,Portsmouth,1,0,H,2007-2008,1668.0430559047477,1525.391173306311,0.4,0.0,142.6518825984367,0.4
Derby County,Birmingham City,1,2,A,2007-2008,1470.3660452052097,1476.0296696731948,0.0,0.0,-5.663624467985073,0.0
West Ham United,Wigan Athletic,1,1,D,2007-2008,1477.0539657442732,1441.4866071409065,0.6,0.2,35.567358603366756,0.39999999999999997
Everton,Blackburn Rovers,1,1,D,2007-2008,1552.4332852143013,1519.8332622670926,0.8,0.4,32.6000229472088,0.4
Middlesbrough,Newcastle United,2,2,D,2007-2008,1459.3753626436862,1462.7118942864795,0.4,0.4,-3.336531642793261,0.0
Manchester United,Tottenham Hotspur,1,0,H,2007-2008,1622.5251967298288,1542.2051611035004,0.4,0.4,80.32003562632849,0.0
Bolton Wanderers,Everton,1,2,A,2007-2008,1463.5047119871272,1551.0299450738842,0.2,0.2,-87.525233086757,0.0
Fulham,Tottenham Hotspur,3,3,D,2007-2008,1406.0530097042304,1530.6123725916243,0.4,0.4,-124.55936288739395,0.0
Liverpool,Derby County,6,0,H,2007-2008,1595.6160542657913,1455.6105418727634,0.6,0.0,140.00551239302786,0.6
Middlesbrough,Birmingham City,2,0,H,2007-2008,1459.5194078660234,1490.7851730056411,0.2,0.5,-31.26576513961777,-0.3
Newcastle United,Wigan Athletic,1,0,H,2007-2008,1462.5678490641424,1443.0168316765466,0.0,0.2,19.55101738759572,-0.2
Reading,West Ham United,0,3,A,2007-2008,1500.6831319784305,1475.523741208633,0.6,0.8,25.159390769797483,-0.20000000000000007
Manchester United,Sunderland,1,0,H,2007-2008,1634.117985241705,1486.191433478642,0.4,0.0,147.9265517630629,0.4
Arsenal,Portsmouth,3,1,H,2007-2008,1599.652645631686,1516.2257141368245,0.8,0.0,83.42693149486149,0.8
Blackburn Rovers,Manchester City,1,0,H,2007-2008,1521.2366024075097,1483.5911911901271,0.4,0.2,37.645411217382616,0.2
Aston Villa,Chelsea,2,0,H,2007-2008,1511.7766510166139,1677.2085150742341,0.4,0.4,-165.43186405762026,0.0
Everton,Manchester United,0,1,A,2007-2008,1562.3291354562132,1643.0913221910723,0.6,0.4,-80.76218673485914,0.19999999999999996
Portsmouth,Liverpool,0,0,D,2007-2008,1504.7598789977337,1604.8787665196999,0.6,0.4,-100.11888752196614,0.19999999999999996
Tottenham Hotspur,Arsenal,1,3,A,2007-2008,1525.4538498876277,1611.1184807707768,0.4,0.0,-85.66463088314913,0.4
Birmingham City,Bolton Wanderers,1,0,H,2007-2008,1474.4389534501786,1452.2055216047982,0.0,0.0,22.233431845380437,0.0
Sunderland,Reading,2,1,H,2007-2008,1477.2180965292746,1484.5988084504781,0.5,0.2,-7.380711921203556,0.3
West Ham United,Middlesbrough,3,0,H,2007-2008,1491.6080647365854,1475.865627421486,0.4,0.4,15.74243731509955,0.0
Wigan Athletic,Fulham,1,1,D,2007-2008,1428.8600271220935,1411.211532408227,0.4,0.0,17.648494713866512,0.4
Chelsea,Blackburn Rovers,0,0,D,2007-2008,1655.5611761105265,1534.6176500121687,0.4,0.4,120.94352609835778,0.0
Manchester City,Aston Villa,1,0,H,2007-2008,1470.2101435854681,1533.4239899803215,0.4,0.6,-63.21384639485336,-0.19999999999999996
Derby County,Newcastle United,1,0,H,2007-2008,1446.3478296188548,1476.7246536185955,0.0,0.2,-30.376823999740736,-0.2
Arsenal,Derby County,5,0,H,2007-2008,1622.4932091983876,1462.6559709681792,0.8,0.0,159.8372382302084,0.8
Liverpool,Birmingham City,0,0,D,2007-2008,1600.6720869764815,1488.4803671812447,0.6,0.3333333333333333,112.19171979523685,0.26666666666666666
Middlesbrough,Sunderland,2,2,D,2007-2008,1461.5448183381786,1492.5366995524762,0.4,0.0,-30.991881214297564,0.4
Reading,Wigan Athletic,2,1,H,2007-2008,1469.2802054272765,1428.0987350258147,0.4,0.2,41.181470401461866,0.2
Fulham,Manchester City,3,3,D,2007-2008,1411.9728245045058,1487.9095831506595,0.4,0.2,-75.93675864615375,0.2
Newcastle United,West Ham United,3,1,H,2007-2008,1460.4165122692712,1505.9288738198927,0.2,0.8,-45.51236155062156,-0.6000000000000001
Aston Villa,Everton,2,0,H,2007-2008,1515.7245504151301,1550.7544459750886,0.6,0.4,-35.029895559958504,0.19999999999999996
Blackburn Rovers,Portsmouth,0,1,A,2007-2008,1539.6380377338799,1508.966558540952,0.6,0.0,30.67147919292779,0.6
Bolton Wanderers,Tottenham Hotspur,1,1,D,2007-2008,1438.164107873732,1514.079121460017,0.2,0.4,-75.91501358628489,-0.2
Manchester United,Chelsea,2,0,H,2007-2008,1654.6660116721969,1650.5407883888154,0.4,0.2,4.1252232833815015,0.2
Manchester City,Newcastle United,3,1,H,2007-2008,1484.6823550887575,1477.3702762848227,0.6,0.2,7.31207880393481,0.39999999999999997
Chelsea,Fulham,0,0,D,2007-2008,1635.718880225685,1415.2000525664077,0.4,0.0,220.51882765927735,0.4
Derby County,Bolton Wanderers,1,1,D,2007-2008,1454.1078277020345,1441.39044057034,0.3333333333333333,0.0,12.717387131694522,0.3333333333333333
Portsmouth,Reading,7,4,H,2007-2008,1525.2873234893432,1482.510538214561,0.4,0.2,42.77678527478224,0.2
Sunderland,Blackburn Rovers,1,2,A,2007-2008,1491.2022101011028,1523.3172727854887,0.6666666666666666,0.4,-32.115062684385975,0.2666666666666666
West Ham United,Arsenal,0,1,A,2007-2008,1488.9751098043412,1631.0413524645323,0.6,0.2,-142.06624266019116,0.39999999999999997
Wigan Athletic,Liverpool,0,1,A,2007-2008,1414.8684022385303,1595.9899997594218,0.4,0.4,-181.12159752089156,0.0
Birmingham City,Manchester United,0,1,A,2007-2008,1493.1624543983044,1669.4879198353271,0.3333333333333333,0.4,-176.32546543702279,-0.06666666666666671
Everton,Middlesbrough,2,0,H,2007-2008,1534.2471877035252,1462.879307789552,0.4,0.4,71.36787991397318,0.0
Tottenham Hotspur,Aston Villa,4,4,D,2007-2008,1510.852788763409,1532.2318086866935,0.4,0.4,-21.37901992328443,0.0
Manchester United,Wigan Athletic,4,0,H,2007-2008,1677.4679300812863,1407.0490572676695,0.6,0.2,270.4188728136169,0.39999999999999997
Aston Villa,West Ham United,1,0,H,2007-2008,1531.309965397734,1479.7881778824599,0.8,0.8,51.52178751527413,0.0
Arsenal,Sunderland,3,2,H,2007-2008,1640.2282843864136,1477.5847933863029,0.8,0.0,162.64349100011077,0.8
Reading,Derby County,1,0,H,2007-2008,1469.348084799626,1453.5590190440757,0.4,0.0,15.789065755550155,0.4
Blackburn Rovers,Birmingham City,2,1,H,2007-2008,1536.9346895002886,1485.1824441523452,0.4,0.25,51.75224534794347,0.15000000000000002
Bolton Wanderers,Chelsea,0,1,A,2007-2008,1441.9392492282986,1627.2996363898687,0.2,0.2,-185.3603871615701,0.0
Liverpool,Tottenham Hotspur,2,2,D,2007-2008,1603.8093447302826,1511.7746320523686,0.4,0.2,92.03471267791406,0.2
Manchester City,Middlesbrough,3,1,H,2007-2008,1499.3667138710032,1450.9178893288743,0.8,0.4,48.44882454212893,0.4
Newcastle United,Everton,3,2,H,2007-2008,1462.685917502577,1546.208606164203,0.4,0.4,-83.52268866162603,0.0
Fulham,Portsmouth,0,2,A,2007-2008,1423.619296402224,1538.4497769042782,0.4,0.2,-114.83048050205412,0.2
Everton,Liverpool,1,2,A,2007-2008,1527.6705368859498,1599.9262900422352,0.6,0.6,-72.25575315628544,0.0
Arsenal,Bolton Wanderers,2,0,H,2007-2008,1648.6780305481989,1434.2601438249808,1.0,0.0,214.4178867232181,1.0
Blackburn Rovers,Reading,4,2,H,2007-2008,1549.716744853052,1483.6668849108844,0.4,0.0,66.04985994216759,0.4
Fulham,Derby County,0,0,D,2007-2008,1413.4039631641247,1439.2402189328172,0.2,0.0,-25.83625576869258,0.2
Manchester City,Birmingham City,1,0,H,2007-2008,1512.2884633787876,1472.4003887995818,1.0,0.2,39.88807457920575,0.8
Middlesbrough,Chelsea,0,2,A,2007-2008,1437.9961398210899,1634.9787417931866,0.4,0.4,-196.98260197209675,0.0
Wigan Athletic,Portsmouth,0,2,A,2007-2008,1401.825247582065,1548.6651101423777,0.4,0.4,-146.83986256031267,0.0
Aston Villa,Manchester United,1,4,A,2007-2008,1544.1017538340325,1682.6917397668908,0.8,0.4,-138.58998593285833,0.4
West Ham United,Sunderland,3,1,H,2007-2008,1466.9963894461614,1469.1350472245176,0.4,0.0,-2.138657778356219,0.4
Newcastle United,Tottenham Hotspur,3,1,H,2007-2008,1481.2239867808303,1515.657686740416,0.6,0.0,-34.43369995958574,0.6
Birmingham City,Wigan Athletic,3,2,H,2007-2008,1459.1149689156136,1392.8125185620556,0.25,0.0,66.30245035355802,0.25
Chelsea,Manchester City,6,0,H,2007-2008,1642.2818773125719,1525.5738832627558,0.4,0.2,116.70799404981608,0.2
Manchester United,Middlesbrough,4,1,H,2007-2008,1692.0067057699544,1430.6930043017046,0.8,0.2,261.31370146824975,0.6000000000000001
Reading,Newcastle United,2,1,H,2007-2008,1471.4846231902336,1497.705760745388,0.6,0.2,-26.221137555154428,0.39999999999999997
Sunderland,Fulham,1,1,D,2007-2008,1454.0427151122046,1414.5173524676748,0.5,0.0,39.52536264452988,0.5
Portsmouth,West Ham United,0,0,D,2007-2008,1557.677839162387,1482.0887215584744,0.4,0.6,75.58911760391265,-0.19999999999999996
Bolton Wanderers,Aston Villa,1,1,D,2007-2008,1427.4971926300425,1534.786787830969,0.2,0.2,-107.28959520092644,0.0
Derby County,Everton,0,2,A,2007-2008,1438.1268296292671,1515.745858900448,0.25,0.4,-77.6190292711808,-0.15000000000000002
Tottenham Hotspur,Blackburn Rovers,1,2,A,2007-2008,1499.1759127758583,1561.8990065737028,0.4,0.4,-62.72309379784451,0.0
Liverpool,Arsenal,1,1,D,2007-2008,1611.850968027737,1655.4409817431372,0.2,0.4,-43.59001371540012,-0.2
Arsenal,Manchester United,2,2,D,2007-2008,1653.5688621350898,1697.460514064112,1.0,0.6,-43.891651929022146,0.4
Aston Villa,Derby County,2,0,H,2007-2008,1530.2965541253607,1426.4232525910443,0.8,0.0,103.8733015343164,0.8
Everton,Birmingham City,3,1,H,2007-2008,1527.4494359386708,1471.286711685551,0.4,0.2,56.162724253119904,0.2
Fulham,Reading,3,1,H,2007-2008,1416.2164758147699,1487.6145362613115,0.0,0.0,-71.39806044654165,0.0
Middlesbrough,Tottenham Hotspur,1,1,D,2007-2008,1425.239196007547,1486.854845839041,0.2,0.0,-61.61564983149401,0.2
Newcastle United,Portsmouth,1,4,A,2007-2008,1481.5758476743101,1554.4649283041406,0.8,0.6,-72.88908062983046,0.20000000000000007
Wigan Athletic,Chelsea,0,2,A,2007-2008,1380.6407757921183,1652.4245252454905,0.4,0.4,-271.78374945337214,0.0
Blackburn Rovers,Liverpool,0,0,D,2007-2008,1574.22007351052,1613.7230876357844,0.6,0.8,-39.50301412526437,-0.20000000000000007
West Ham United,Bolton Wanderers,1,1,D,2007-2008,1485.3016324167208,1431.9874263356508,0.4,0.0,53.3142060810701,0.4
Manchester City,Sunderland,1,0,H,2007-2008,1515.4312353298371,1452.3435917651095,1.0,0.0,63.087643564727614,1.0
Sunderland,Newcastle United,1,1,D,2007-2008,1440.0377588335284,1469.6773534912888,0.4,0.2,-29.639594657760426,0.2
Derby County,West Ham United,0,5,A,2007-2008,1415.7788178281878,1483.017771133936,0.2,0.4,-67.23895330574828,-0.2
Liverpool,Fulham,2,0,H,2007-2008,1612.0249167784125,1434.2563068613022,0.2,0.0,177.76860991711033,0.2
Birmingham City,Aston Villa,1,2,A,2007-2008,1458.690549955118,1540.9409888882171,0.4,0.0,-82.25043893309908,0.4
Chelsea,Everton,1,1,D,2007-2008,1657.6145255695571,1540.0455976691037,0.6,0.4,117.56892790045345,0.19999999999999996
Bolton Wanderers,Middlesbrough,0,0,D,2007-2008,1434.2712876184355,1427.871815698787,0.2,0.2,6.399471919648477,0.0
Manchester United,Blackburn Rovers,2,0,H,2007-2008,1695.5755759357983,1575.918244367892,1.0,0.6,119.65733156790634,0.4
Tottenham Hotspur,Wigan Athletic,4,0,H,2007-2008,1484.222226147801,1375.4507754680517,0.2,0.0,108.77145067974925,0.2
Portsmouth,Manchester City,0,0,D,2007-2008,1566.3634224871619,1527.7370682614182,0.4,0.2,38.626354225743626,0.2
Reading,Arsenal,1,3,A,2007-2008,1469.5747052147792,1655.4538002634035,0.8,0.4,-185.87909504862432,0.4
Newcastle United,Liverpool,0,3,A,2007-2008,1468.4008046169877,1619.9563625262313,0.8,0.6,-151.5555579092436,0.20000000000000007
Arsenal,Wigan Athletic,2,0,H,2007-2008,1663.1158580818228,1364.9991784461372,0.8,0.0,298.1166796356856,0.8
Birmingham City,Portsmouth,0,2,A,2007-2008,1447.1767030906406,1564.7026255802264,0.4,0.8,-117.52592248958581,-0.4
Bolton Wanderers,Manchester United,1,0,H,2007-2008,1433.9950314470257,1705.6045582792574,0.0,0.6,-271.6095268322317,-0.6
Everton,Sunderland,7,1,H,2007-2008,1544.9361948386997,1441.3143077078296,0.4,0.0,103.62188713087016,0.4
Manchester City,Reading,2,1,H,2007-2008,1529.3978651683537,1461.91264739636,1.0,0.0,67.4852177719938,1.0
Middlesbrough,Aston Villa,0,3,A,2007-2008,1428.1480718701969,1552.4548357526946,0.2,0.2,-124.30676388249776,0.0
Derby County,Chelsea,0,2,A,2007-2008,1403.6460498257254,1652.723928399961,0.2,0.6,-249.07787857423568,-0.39999999999999997
West Ham United,Tottenham Hotspur,1,1,D,2007-2008,1495.1505391363985,1494.6738231697154,0.4,0.0,0.4767159666830594,0.4
Fulham,Blackburn Rovers,2,2,D,2007-2008,1426.3248611134834,1565.8892620244328,0.2,0.4,-139.56440091094942,-0.2
Blackburn Rovers,Aston Villa,0,4,A,2007-2008,1560.1682403862246,1562.3059312441585,0.6,0.4,-2.137690857933876,0.19999999999999996
Chelsea,West Ham United,1,0,H,2007-2008,1658.499112024171,1495.129957666593,0.4,0.4,163.36915435757783,0.0
Blackburn Rovers,Newcastle United,3,1,H,2007-2008,1545.2605307548083,1459.558299070166,0.4,0.0,85.70223168464236,0.4
Portsmouth,Everton,0,0,D,2007-2008,1574.813687800342,1555.59057092602,0.4,0.4,19.22311687432193,0.0
Reading,Middlesbrough,1,1,D,2007-2008,1449.7901216222401,1418.296976378733,0.6,0.0,31.493145243507115,0.6
Sunderland,Derby County,1,0,H,2007-2008,1430.6599316205093,1397.8708662015156,0.2,0.0,32.78906541899369,0.2
Wigan Athletic,Manchester City,1,1,D,2007-2008,1360.427943259321,1541.5203909424736,0.2,0.0,-181.0924476831526,0.2
Aston Villa,Arsenal,1,2,A,2007-2008,1577.2136408755748,1667.687093268639,0.8,0.6,-90.47345239306424,0.20000000000000007
Liverpool,Bolton Wanderers,4,0,H,2007-2008,1628.798868073053,1458.8007251079084,0.4,0.0,169.99814296514455,0.4
Tottenham Hotspur,Birmingham City,2,3,A,2007-2008,1494.6944046395208,1437.065640870525,0.4,0.0,57.628763768995896,0.4
Manchester United,Fulham,2,0,H,2007-2008,1680.7988646183746,1432.0458827516916,1.0,0.0,248.75298186668306,1.0
Newcastle United,Arsenal,1,1,D,2007-2008,1448.185099136894,1678.8669993530186,0.6,0.8,-230.68190021612463,-0.20000000000000007
Aston Villa,Portsmouth,1,3,A,2007-2008,1566.0337347911952,1573.9846049689304,0.6,1.0,-7.950870177735169,-0.4
Chelsea,Sunderland,2,0,H,2007-2008,1666.923526206214,1444.2485017095462,0.4,0.0,222.6750244966679,0.4
Everton,Fulham,3,0,H,2007-2008,1556.4196537574317,1426.2619723129,0.6,0.0,130.1576814445316,0.6
Manchester United,Derby County,4,1,H,2007-2008,1686.5827750571661,1384.2822961124787,1.0,0.0,302.3004789446875,1.0
Newcastle United,Birmingham City,2,1,H,2007-2008,1456.8999493135696,1454.531105601722,0.4,0.2,2.368843711847603,0.2
Reading,Liverpool,3,1,H,2007-2008,1448.4341649231467,1636.9940295790007,0.6,0.6,-188.55986465585397,0.0
Middlesbrough,Arsenal,2,1,H,2007-2008,1419.6529330778264,1670.152149176343,0.2,0.6,-250.49921609851663,-0.39999999999999997
Bolton Wanderers,Wigan Athletic,4,1,H,2007-2008,1450.6055636019607,1367.6076281521325,0.2,0.0,82.99793544982822,0.2
Tottenham Hotspur,Manchester City,2,1,H,2007-2008,1477.2289399083238,1534.340706049662,0.2,0.0,-57.111766141338194,0.2
Blackburn Rovers,West Ham United,0,1,A,2007-2008,1556.6337306880803,1486.70554348455,0.6,0.2,69.92818720353034,0.39999999999999997
Birmingham City,Reading,1,1,D,2007-2008,1439.633375221115,1470.8598148089707,0.4,0.0,-31.226439587855566,0.4
Derby County,Middlesbrough,0,1,A,2007-2008,1379.8035994241375,1443.9158090588794,0.2,0.0,-64.11220963474193,0.2
Manchester City,Bolton Wanderers,4,2,H,2007-2008,1516.8969641927063,1462.0888969093232,1.0,0.0,54.808067283383025,1.0
Portsmouth,Tottenham Hotspur,0,1,A,2007-2008,1588.6413982200252,1494.6726817652795,0.2,0.0,93.96871645474562,0.2
Sunderland,Aston Villa,1,1,D,2007-2008,1437.731286800891,1551.3769415401005,0.4,0.6,-113.64565473920948,-0.19999999999999996
West Ham United,Everton,0,2,A,2007-2008,1504.6844693805335,1566.0492101847356,0.4,0.2,-61.36474080420203,0.2
Wigan Athletic,Blackburn Rovers,5,3,H,2007-2008,1356.12429484477,1538.6548047920967,0.0,0.4,-182.53050994732666,-0.4
Fulham,Newcastle United,0,1,A,2007-2008,1416.6324158855962,1471.7976796941764,0.2,0.0,-55.16526380858022,0.2
Liverpool,Manchester United,0,1,A,2007-2008,1614.5683796931767,1691.0614717455073,0.4,0.6,-76.49309205233067,-0.19999999999999996
Arsenal,Chelsea,1,0,H,2007-2008,1645.8892731952901,1673.4407411148693,0.8,0.8,-27.55146791957918,0.0
Arsenal,Tottenham Hotspur,2,1,H,2007-2008,1662.076278599264,1513.6335257118237,0.8,0.2,148.4427528874403,0.6000000000000001
Aston Villa,Manchester City,1,1,D,2007-2008,1546.6382730164023,1529.5501444894155,0.4,0.0,17.088128526986793,0.4
Bolton Wanderers,Birmingham City,3,0,H,2007-2008,1449.435716612614,1440.9779106143599,0.4,0.2,8.457805998254116,0.2
Fulham,Wigan Athletic,1,1,D,2007-2008,1403.994277091566,1378.3517469316153,0.2,0.0,25.64253015995064,0.2
Liverpool,Portsmouth,4,1,H,2007-2008,1602.8185068847724,1569.680554273481,0.4,1.0,33.13795261129144,-0.6
Middlesbrough,West Ham United,1,2,A,2007-2008,1456.1788577010173,1492.306588806776,0.2,0.4,-36.12773110575881,-0.2
Reading,Sunderland,2,1,H,2007-2008,1469.515279415726,1442.4699553245891,0.6,0.0,27.045324091136763,0.6
Manchester United,Everton,2,1,H,2007-2008,1702.8113445539116,1578.427090758493,1.0,0.4,124.38425379541854,0.6
Newcastle United,Derby County,2,2,D,2007-2008,1484.4358184882067,1367.5405507819996,0.4,0.0,116.89526770620705,0.4
Blackburn Rovers,Chelsea,0,1,A,2007-2008,1516.4273527052515,1657.2537357108954,0.4,0.8,-140.82638300564395,-0.4
Chelsea,Aston Villa,4,4,D,2007-2008,1666.486220189647,1545.9011135103085,0.6,0.6,120.58510667933842,0.0
Tottenham Hotspur,Fulham,5,1,H,2007-2008,1504.678866240321,1402.8892058579418,0.4,0.0,101.78966038237922,0.4
West Ham United,Reading,1,1,D,2007-2008,1505.7524267850272,1483.349991645456,0.2,0.0,22.402435139571253,0.2
Birmingham City,Middlesbrough,3,0,H,2007-2008,1426.3429913384405,1442.7330197227661,0.2,0.2,-16.39002838432566,0.0
Derby County,Liverpool,1,2,A,2007-2008,1372.4051390060497,1616.3921490822818,0.0,0.6,-243.98701007623208,-0.6
Everton,Bolton Wanderers,2,0,H,2007-2008,1568.5789463561705,1464.0706358885334,0.8,0.0,104.5083104676371,0.8
Sunderland,Manchester United,0,4,A,2007-2008,1428.635243094859,1712.659488956234,0.2,0.6,-284.024245861375,-0.39999999999999997
Wigan Athletic,Newcastle United,1,0,H,2007-2008,1379.4568181652394,1479.5712302641566,0.2,0.2,-100.11441209891723,0.0
Portsmouth,Arsenal,0,0,D,2007-2008,1556.1069120759716,1671.0309380707668,0.2,0.4,-114.9240259947951,-0.2
Manchester City,Blackburn Rovers,2,2,D,2007-2008,1530.2873039955093,1507.1948682265,1.0,0.4,23.0924357690094,0.6
Birmingham City,Fulham,1,1,D,2007-2008,1442.050081300451,1392.1622552101255,0.4,0.0,49.88782609032546,0.4
Chelsea,Newcastle United,2,1,H,2007-2008,1661.47957801246,1460.3647287444926,0.6,0.2,201.11484926796743,0.39999999999999997
Portsmouth,Middlesbrough,0,1,A,2007-2008,1560.89520628658,1427.0259297607556,0.0,0.2,133.8692765258245,-0.2
Sunderland,Bolton Wanderers,3,1,H,2007-2008,1423.7407437768486,1453.4512917711127,0.2,0.0,-29.71054799426406,0.2
Tottenham Hotspur,Reading,6,4,H,2007-2008,1515.4058168881372,1484.315844348333,0.6,0.0,31.089972539804194,0.6
West Ham United,Manchester United,2,1,H,2007-2008,1504.78657408215,1717.5539882742446,0.2,0.6,-212.76741419209452,-0.39999999999999997
Wigan Athletic,Aston Villa,1,2,A,2007-2008,1398.6633196849034,1550.9077556874954,0.4,0.6,-152.244436002592,-0.19999999999999996
Everton,Arsenal,1,4,A,2007-2008,1579.1982904735912,1666.2426438601583,0.8,0.4,-87.04435338656708,0.4
Derby County,Blackburn Rovers,1,2,A,2007-2008,1366.4920591124016,1508.1903833080125,0.0,0.2,-141.6983241956109,-0.2
Manchester City,Liverpool,0,0,D,2007-2008,1529.2917889139967,1622.3052289759298,0.8,0.6,-93.01344006193312,0.20000000000000007
Fulham,Chelsea,1,2,A,2007-2008,1394.3014045077116,1668.652086449344,0.2,0.8,-274.3506819416325,-0.6000000000000001
Arsenal,West Ham United,2,0,H,2007-2008,1677.5613383765574,1527.973723973605,0.8,0.6,149.58761440295234,0.20000000000000007
Manchester United,Birmingham City,1,0,H,2007-2008,1694.3668383827896,1439.910932002865,1.0,0.2,254.45590637992473,0.8
Middlesbrough,Everton,0,2,A,2007-2008,1447.5355375043398,1567.8795959571921,0.2,0.4,-120.34405845285232,-0.2
Reading,Portsmouth,0,2,A,2007-2008,1470.6545351176842,1540.385598542996,0.6,0.8,-69.73106342531173,-0.20000000000000007
Aston Villa,Tottenham Hotspur,2,1,H,2007-2008,1559.7255518179059,1529.067126118786,0.2,0.2,30.65842569911979,0.0
Newcastle United,Manchester City,0,2,A,2007-2008,1453.1922203076085,1533.214238154013,0.2,0.0,-80.02201784640442,0.2
Blackburn Rovers,Sunderland,1,0,H,2007-2008,1517.3908194880557,1440.0203337138735,0.2,0.0,77.37048577418227,0.2
Bolton Wanderers,Derby County,1,0,H,2007-2008,1437.1717018340878,1357.2916229323585,0.6,0.0,79.88007890172935,0.6
Liverpool,Wigan Athletic,1,1,D,2007-2008,1618.3827797359136,1389.845523554493,0.6,0.0,228.53725618142062,0.6
Arsenal,Birmingham City,1,1,D,2007-2008,1686.4746536580155,1434.278747937333,0.8,0.2,252.1959057206825,0.6000000000000001
Aston Villa,Reading,3,1,H,2007-2008,1573.4053460666898,1458.6252852305004,0.4,0.0,114.78006083618948,0.4
Chelsea,Tottenham Hotspur,2,0,H,2007-2008,1673.7789704409504,1515.387331870002,0.6,0.2,158.39163857094832,0.39999999999999997
Derby County,Wigan Athletic,0,1,A,2007-2008,1345.6808148256143,1398.498816303111,0.0,0.0,-52.81800147749664,0.0
Everton,Manchester City,1,0,H,2007-2008,1577.8822034137859,1544.8192316453292,0.8,0.2,33.06297176845669,0.6000000000000001
Middlesbrough,Liverpool,1,1,D,2007-2008,1437.532930047746,1609.7294869872956,0.2,0.4,-172.1965569395495,-0.2
West Ham United,Fulham,2,1,H,2007-2008,1519.060408692147,1389.1745205161053,0.2,0.0,129.8858881760416,0.2
Manchester United,Newcastle United,6,0,H,2007-2008,1699.9990224483215,1441.5872268162923,1.0,0.2,258.4117956320292,0.8
Sunderland,Portsmouth,2,0,H,2007-2008,1428.3065428165282,1552.4148484301797,0.4,0.8,-124.10830561365151,-0.4
Bolton Wanderers,Blackburn Rovers,1,2,A,2007-2008,1448.782509940832,1529.104610385401,0.8,0.2,-80.32210044456906,0.6000000000000001
Birmingham City,Chelsea,0,1,A,2007-2008,1443.5868055807614,1682.378069619122,0.2,0.8,-238.79126403836062,-0.6000000000000001
Blackburn Rovers,Middlesbrough,1,1,D,2007-2008,1540.6973143515625,1444.4129314649524,0.4,0.4,96.28438288661005,0.0
Fulham,Arsenal,0,3,A,2007-2008,1379.5347311241633,1677.1665960145872,0.2,0.4,-297.6318648904239,-0.2
Portsmouth,Derby County,3,1,H,2007-2008,1532.2735039726138,1332.9437453283363,0.0,0.0,199.3297586442775,0.0
Reading,Manchester United,0,2,A,2007-2008,1448.407996591617,1705.5277694615309,0.4,0.4,-257.11977286991396,0.0
Tottenham Hotspur,Sunderland,2,0,H,2007-2008,1506.7882326918304,1448.4478872740942,0.8,0.0,58.340345417736216,0.8
Newcastle United,Bolton Wanderers,0,0,D,2007-2008,1436.058479803083,1437.1898059746704,0.2,0.0,-1.1313261715874887,0.2
Wigan Athletic,Everton,1,2,A,2007-2008,1411.235885800389,1591.4590535890036,0.4,0.4,-180.22316778861455,0.0
Manchester City,West Ham United,1,1,D,2007-2008,1531.2423814701115,1528.700198084089,0.6,0.6,2.5421833860225433,0.0
Liverpool,Aston Villa,2,2,D,2007-2008,1602.8494855700892,1583.6226347055733,0.6,0.6,19.22685086451588,0.0
Aston Villa,Blackburn Rovers,1,1,D,2007-2008,1584.451878253708,1536.6436306685678,0.4,0.4,47.80824758514018,0.0
Arsenal,Newcastle United,3,0,H,2007-2008,1681.7486552653945,1436.1073229075437,0.8,0.2,245.64133235785084,0.6000000000000001
Bolton Wanderers,Fulham,0,0,D,2007-2008,1437.1409628702097,1374.952671873356,0.8,0.0,62.188290996853766,0.8
Middlesbrough,Wigan Athletic,1,0,H,2007-2008,1448.466615147947,1403.3866043812961,0.2,0.2,45.08001076665096,0.0
Sunderland,Birmingham City,2,0,H,2007-2008,1435.9432333944824,1437.5304418900828,0.6,0.2,-1.5872084956004073,0.39999999999999997
Chelsea,Reading,1,0,H,2007-2008,1688.4344333098006,1442.8456288993598,0.8,0.0,245.58880441044084,0.8
Derby County,Manchester City,1,1,D,2007-2008,1325.715004558644,1531.1326285493628,0.0,0.2,-205.41762399071877,-0.2
West Ham United,Liverpool,1,0,H,2007-2008,1528.8099510048376,1602.0202420219546,0.4,0.4,-73.21029101711702,0.0
Everton,Tottenham Hotspur,0,0,D,2007-2008,1599.3083350080965,1519.2928865714423,0.8,0.2,80.0154484366542,0.6000000000000001
Manchester United,Portsmouth,2,0,H,2007-2008,1711.090137153788,1539.502244742306,1.0,0.6,171.58789241148202,0.4
Manchester City,Arsenal,1,3,A,2007-2008,1523.1708318506905,1687.6166539674373,0.4,0.4,-164.44582211674674,0.0
Birmingham City,Derby County,1,1,D,2007-2008,1422.461917067631,1333.6768012573164,0.2,0.0,88.78511581031466,0.2
Blackburn Rovers,Everton,0,0,D,2007-2008,1538.6947492166817,1595.9135975955717,0.4,0.6,-57.218848378890016,-0.19999999999999996
Portsmouth,Chelsea,1,1,D,2007-2008,1531.3614796073261,1694.3038594200675,0.2,0.8,-162.94237981274136,-0.6000000000000001
Reading,Bolton Wanderers,0,2,A,2007-2008,1436.976202789093,1434.4843887644702,0.4,0.0,2.4918140246227267,0.4
Tottenham Hotspur,Manchester United,1,1,D,2007-2008,1522.6876239839671,1719.2309022887678,0.8,0.6,-196.54327830480065,0.20000000000000007
Wigan Athletic,West Ham United,1,0,H,2007-2008,1390.322016023684,1546.9247291647653,0.4,0.4,-156.60271314108127,0.0
Liverpool,Sunderland,3,0,H,2007-2008,1583.9054638620269,1451.0117582169341,0.4,0.0,132.89370564509272,0.4
Newcastle United,Middlesbrough,1,1,D,2007-2008,1430.239324205501,1461.5312035055592,0.2,0.4,-31.291879300058326,-0.2
Fulham,Aston Villa,2,1,H,2007-2008,1377.6092459790955,1582.400759705594,0.0,0.4,-204.79151372649858,-0.4
Aston Villa,Newcastle United,4,1,H,2007-2008,1559.4583972702421,1431.5866621111722,0.4,0.2,127.87173515906989,0.2
Bolton Wanderers,Portsmouth,0,1,A,2007-2008,1449.5919671792108,1537.9221728789587,0.6,0.4,-88.33020569974792,0.19999999999999996
Derby County,Tottenham Hotspur,0,3,A,2007-2008,1337.428647508705,1530.3705062516538,0.0,0.2,-192.94185874294885,-0.2
Everton,Reading,1,0,H,2007-2008,1593.4653555579757,1421.8686243743523,0.6,0.0,171.59673118362343,0.6
Middlesbrough,Fulham,1,0,H,2007-2008,1460.183865599888,1400.5516084144474,0.4,0.0,59.632257185440494,0.4
Sunderland,Wigan Athletic,2,0,H,2007-2008,1441.4848920947745,1411.6596081851221,0.6,0.2,29.8252839096524,0.39999999999999997
West Ham United,Birmingham City,1,1,D,2007-2008,1525.5871370033271,1418.7100708162425,0.6,0.0,106.87706618708467,0.6
Manchester United,Manchester City,1,2,A,2007-2008,1711.5480200210811,1514.7839173427355,1.0,0.2,196.76410267834558,0.8
Chelsea,Liverpool,0,0,D,2007-2008,1687.743166148435,1593.4323299841865,0.8,0.2,94.31083616424849,0.6000000000000001
Arsenal,Blackburn Rovers,2,0,H,2007-2008,1696.0035684753923,1541.1429912542776,0.8,0.4,154.86057722111468,0.4
Birmingham City,Arsenal,2,2,D,2007-2008,1423.1840844328592,1704.7278944568816,0.2,0.6,-281.5438100240224,-0.39999999999999997
Fulham,West Ham United,0,1,A,2007-2008,1388.1011534939796,1521.1131233867104,0.2,0.4,-133.0119698927308,-0.2
Liverpool,Middlesbrough,3,2,H,2007-2008,1597.4069109663585,1472.6343205203557,0.4,0.4,124.77259044600282,0.0
Portsmouth,Sunderland,1,0,H,2007-2008,1549.1887439848847,1455.2003847963242,0.2,0.0,93.98835918856048,0.2
Wigan Athletic,Derby County,2,0,H,2007-2008,1397.9441154835724,1329.9962262148176,0.6,0.0,67.9478892687548,0.6
Newcastle United,Manchester United,1,5,A,2007-2008,1421.8708624162111,1688.8581073812395,0.2,0.6,-266.98724496502837,-0.39999999999999997
Reading,Aston Villa,1,2,A,2007-2008,1413.7281610409532,1569.1741969652032,0.4,0.2,-155.44603592425005,0.2
Blackburn Rovers,Bolton Wanderers,4,1,H,2007-2008,1532.4186652727883,1438.3253960732848,0.2,0.2,94.09326919950354,0.0
Manchester City,Everton,0,2,A,2007-2008,1537.4738299825772,1601.6058188913748,0.2,0.6,-64.13198890879767,-0.39999999999999997
Arsenal,Aston Villa,1,1,D,2007-2008,1694.6811597655799,1577.8776857429045,0.8,0.4,116.80347402267535,0.4
Birmingham City,Tottenham Hotspur,4,1,H,2007-2008,1433.230819124161,1537.802927545541,0.2,0.2,-104.57210842138011,0.0
Derby County,Sunderland,0,0,D,2007-2008,1317.8929355774562,1444.16201764554,0.0,0.0,-126.26908206808366,0.0
Fulham,Manchester United,0,3,A,2007-2008,1378.578712933026,1694.1676893580657,0.2,0.6,-315.5889764250396,-0.39999999999999997
Middlesbrough,Reading,0,1,A,2007-2008,1462.800958533481,1405.024672263252,0.4,0.0,57.77628627022909,0.4
Newcastle United,Blackburn Rovers,0,1,A,2007-2008,1416.561280439385,1543.452819366941,0.0,0.4,-126.89153892755598,-0.4
West Ham United,Chelsea,0,4,A,2007-2008,1530.635563947664,1683.768585166263,0.6,0.6,-153.13302121859897,0.0
Manchester City,Wigan Athletic,0,0,D,2007-2008,1525.2116068416315,1410.0474061209338,0.0,0.2,115.16420072069764,-0.2
Bolton Wanderers,Liverpool,1,3,A,2007-2008,1427.291241979132,1607.2402729532332,0.4,0.2,-179.9490309741011,0.2
Everton,Portsmouth,3,1,H,2007-2008,1613.8680420323205,1560.227111135669,0.6,0.4,53.640930896651525,0.19999999999999996
Liverpool,West Ham United,4,0,H,2007-2008,1615.0987035659998,1521.849580935067,0.6,0.4,93.24912263093279,0.19999999999999996
Blackburn Rovers,Fulham,1,1,D,2007-2008,1553.2057225385029,1374.3837174431344,0.4,0.0,178.82200509536847,0.4
Liverpool,Newcastle United,3,0,H,2007-2008,1626.166776561638,1406.808377267823,0.6,0.0,219.35839929381495,0.6
Reading,Manchester City,2,0,H,2007-2008,1422.4963335558618,1520.4140021417347,0.2,0.4,-97.91766858587289,-0.2
Sunderland,Everton,0,1,A,2007-2008,1438.9385208260064,1626.570403888217,0.8,0.6,-187.6318830622106,0.20000000000000007
Tottenham Hotspur,West Ham United,4,0,H,2007-2008,1518.419752338737,1510.781507939429,0.8,0.2,7.6382443993079505,0.6000000000000001
Wigan Athletic,Arsenal,0,0,D,2007-2008,1414.8450108208306,1689.820118085985,0.6,0.6,-274.9751072651545,0.0
Aston Villa,Middlesbrough,1,1,D,2007-2008,1582.7387274224993,1445.329297240871,0.6,0.2,137.4094301816283,0.39999999999999997
Portsmouth,Birmingham City,4,2,H,2007-2008,1547.5247492797725,1452.613994330965,0.4,0.0,94.91075494880761,0.4
Chelsea,Derby County,6,1,H,2007-2008,1692.5545681788599,1323.1164323969897,0.6,0.0,369.4381357818702,0.6
Derby County,Manchester United,0,1,A,2007-2008,1319.9204488401192,1698.3626848479573,0.0,0.6,-378.4422360078381,-0.6
Liverpool,Reading,2,1,H,2007-2008,1632.781913428875,1441.6152985647886,0.8,0.2,191.16661486408634,0.6000000000000001
Portsmouth,Aston Villa,2,0,H,2007-2008,1558.5260972432754,1577.0973969473725,0.6,0.4,-18.5712997040971,0.19999999999999996
Sunderland,Chelsea,0,1,A,2007-2008,1431.333884998792,1695.7505517357304,0.8,0.8,-264.4166667369384,0.0
West Ham United,Blackburn Rovers,2,1,H,2007-2008,1496.11122434037,1546.101839344869,0.6,0.6,-49.99061500449898,0.0
Arsenal,Middlesbrough,1,1,D,2007-2008,1679.9317410168544,1450.9706277159978,0.6,0.2,228.9611133008566,0.39999999999999997
Fulham,Everton,1,0,H,2007-2008,1381.4876006367683,1634.1750397154315,0.2,0.8,-252.68743907866315,-0.6000000000000001
Wigan Athletic,Bolton Wanderers,1,0,H,2007-2008,1424.7333878899613,1419.4328113663655,0.4,0.2,5.300576523595737,0.2
Manchester City,Tottenham Hotspur,2,1,H,2007-2008,1501.295037132808,1533.090035937796,0.0,0.2,-31.794998804988154,-0.2
Birmingham City,Newcastle United,1,1,D,2007-2008,1441.612646367462,1400.193240400586,0.2,0.0,41.419405966875956,0.2
Manchester United,Bolton Wanderers,2,0,H,2007-2008,1701.4136523903996,1404.6616378973324,0.8,0.2,296.75201449306724,0.6000000000000001
Tottenham Hotspur,Chelsea,4,4,D,2007-2008,1516.721154684511,1701.12510580995,0.8,0.8,-184.40395112543888,0.0
Tottenham Hotspur,Portsmouth,2,0,H,2007-2008,1524.0105503810225,1574.3271219605635,0.6,0.4,-50.316571579541005,0.19999999999999996
Aston Villa,Sunderland,0,1,A,2007-2008,1561.2963722300842,1425.9593309245724,0.6,0.0,135.33704130551178,0.6
Blackburn Rovers,Wigan Athletic,3,1,H,2007-2008,1528.9583427299383,1439.5045613589944,0.4,0.2,89.45378137094394,0.2
Bolton Wanderers,Manchester City,0,0,D,2007-2008,1400.059881290449,1517.663918386093,0.2,0.4,-117.60403709564389,-0.2
Middlesbrough,Derby County,1,0,H,2007-2008,1459.6361212628137,1316.8694812976769,0.4,0.0,142.76663996513685,0.4
Newcastle United,Fulham,2,0,H,2007-2008,1401.9730363169137,1405.8086964550027,0.0,0.0,-3.835660138088997,0.0
Reading,Birmingham City,2,1,H,2007-2008,1434.1255943793678,1439.8328504511344,0.2,0.0,-5.707256071766551,0.2
Everton,West Ham United,1,1,D,2007-2008,1609.853943897197,1513.2547209553006,0.6,0.2,96.59922294189641,0.39999999999999997
Manchester United,Liverpool,3,0,H,2007-2008,1706.015408997283,1640.2716176142958,0.8,0.2,65.74379138298718,0.6000000000000001
Chelsea,Arsenal,2,1,H,2007-2008,1693.8357101134384,1671.2662474700385,0.8,0.6,22.569462643399902,0.20000000000000007
Birmingham City,Manchester City,3,1,H,2007-2008,1424.5864705601612,1512.771966606329,0.2,0.2,-88.18549604616783,0.0
Bolton Wanderers,Arsenal,2,3,A,2007-2008,1404.951833070213,1657.239281208936,0.0,0.4,-252.287448138723,-0.4
Derby County,Fulham,2,2,D,2007-2008,1307.7082264637284,1390.6431044225926,0.0,0.0,-82.93487795886426,0.0
Portsmouth,Wigan Athletic,2,0,H,2007-2008,1557.1698418899057,1428.2834571033768,0.8,0.2,128.88638478652888,0.6000000000000001
Reading,Blackburn Rovers,0,0,D,2007-2008,1449.371974270341,1540.1794469855558,0.4,0.4,-90.80747271521477,0.0
Sunderland,West Ham United,2,1,H,2007-2008,1446.5236725769641,1517.3210015738216,0.6,0.2,-70.79732899685746,0.39999999999999997
Manchester United,Aston Villa,4,0,H,2007-2008,1718.2104205781882,1540.7320305776925,0.8,0.2,177.47839000049566,0.6000000000000001
Chelsea,Middlesbrough,1,0,H,2007-2008,1707.8626763745408,1468.7973760967623,0.8,0.0,239.06530027777853,0.8
Tottenham Hotspur,Newcastle United,1,4,A,2007-2008,1541.1678304516804,1417.1386283493239,0.6,0.0,124.02920210235652,0.6
Liverpool,Everton,1,0,H,2007-2008,1628.0766060333906,1605.787663278676,1.0,0.6,22.288942754714526,0.4
Arsenal,Liverpool,1,1,D,2007-2008,1662.928793619845,1642.115632977818,0.4,0.2,20.813160642027015,0.2
Aston Villa,Bolton Wanderers,4,0,H,2007-2008,1532.7908336137564,1399.2623206593041,0.4,0.2,133.52851295445225,0.2
Blackburn Rovers,Tottenham Hotspur,1,1,D,2007-2008,1536.345870868187,1521.0295001814397,0.4,0.2,15.316370686747177,0.2
Fulham,Sunderland,1,3,A,2007-2008,1387.1290106150063,1464.5386244262897,0.4,0.2,-77.4096138112834,0.2
Manchester City,Chelsea,0,2,A,2007-2008,1494.044398904737,1713.911418569431,0.2,0.6,-219.867019664694,-0.39999999999999997
Newcastle United,Reading,3,0,H,2007-2008,1437.2769586195645,1453.20555038771,0.2,0.2,-15.928591768145452,0.0
Wigan Athletic,Birmingham City,2,0,H,2007-2008,1418.6059874403736,1443.3140382617532,0.6,0.0,-24.70805082137963,0.6
Middlesbrough,Manchester United,2,2,D,2007-2008,1462.7486339018722,1726.1516175421243,0.6,0.8,-263.40298364025216,-0.20000000000000007
Everton,Derby County,1,0,H,2007-2008,1591.7486363342487,1311.2223202713146,0.6,0.0,280.52631606293403,0.6
West Ham United,Portsmouth,0,1,A,2007-2008,1499.306049724496,1566.8473115529089,0.6,0.2,-67.54126182841287,0.39999999999999997
Birmingham City,Everton,1,1,D,2007-2008,1427.249100629943,1596.7261711220874,0.4,0.4,-169.47707049214432,0.0
Bolton Wanderers,West Ham United,1,0,H,2007-2008,1389.7591967301641,1487.185854454301,0.0,0.2,-97.42665772413693,-0.2
Derby County,Aston Villa,0,6,A,2007-2008,1306.2447854834759,1542.2939575428964,0.0,0.2,-236.04917205942047,-0.2
Reading,Fulham,0,2,A,2007-2008,1437.5183392100855,1375.4168278912896,0.4,0.0,62.10151131879593,0.4
Sunderland,Manchester City,1,2,A,2007-2008,1476.2508071500065,1487.444347071804,0.6,0.2,-11.193539921797537,0.39999999999999997
Tottenham Hotspur,Middlesbrough,1,1,D,2007-2008,1521.690333026361,1472.3482883745555,0.4,0.0,49.34204465180551,0.4
Portsmouth,Newcastle United,0,0,D,2007-2008,1578.9675068231038,1452.964169797189,0.8,0.2,126.00333702591479,0.6000000000000001
Liverpool,Blackburn Rovers,3,1,H,2007-2008,1643.0131360123175,1535.6850380232656,1.0,0.2,107.32809798905191,0.8
Manchester United,Arsenal,2,1,H,2007-2008,1716.551963069441,1662.0312905853455,0.8,0.4,54.520672484095485,0.4
Chelsea,Wigan Athletic,1,1,D,2007-2008,1720.5114704023638,1434.6709250721838,0.8,0.0,285.84054533018,0.8
Everton,Chelsea,0,1,A,2007-2008,1589.9392114221816,1710.3632952390421,0.6,0.6,-120.4240838168605,0.0
Arsenal,Reading,2,0,H,2007-2008,1649.3660046134096,1419.865394328859,0.4,0.2,229.50061028455048,0.2
Fulham,Liverpool,0,2,A,2007-2008,1393.069772772516,1653.5213890161635,0.4,0.2,-260.45161624364755,0.2
Middlesbrough,Bolton Wanderers,0,1,A,2007-2008,1474.4643484602773,1408.8585539598455,0.6,0.2,65.60579450043178,0.39999999999999997
West Ham United,Derby County,2,1,H,2007-2008,1468.0864972246197,1300.111763707319,0.4,0.0,167.97473351730082,0.4
Wigan Athletic,Tottenham Hotspur,1,1,D,2007-2008,1444.8191002355054,1519.5742729406393,0.8,0.2,-74.75517270513387,0.6000000000000001
Blackburn Rovers,Manchester United,1,1,D,2007-2008,1525.1767850194196,1729.2172490413768,0.4,0.6,-204.04046402195718,-0.19999999999999996
Aston Villa,Birmingham City,5,1,H,2007-2008,1548.4269793190533,1434.0360603298489,0.4,0.0,114.39091898920447,0.4
Newcastle United,Sunderland,2,0,H,2007-2008,1458.1775821016886,1461.7339039798526,0.4,0.4,-3.556321878163999,0.0
Manchester City,Portsmouth,3,1,H,2007-2008,1501.961250241958,1573.7540945186042,0.2,0.4,-71.79284427664629,-0.2
Chelsea,Manchester United,2,1,H,2007-2008,1720.36283144425,1721.298247922371,0.6,0.6,-0.935416478120942,0.0
Birmingham City,Liverpool,2,2,D,2007-2008,1423.8036737126417,1658.9973769295516,0.4,0.4,-235.19370321690985,0.0
Manchester City,Fulham,2,3,A,2007-2008,1520.017421715358,1387.593784859128,0.4,0.2,132.42363685623013,0.2
Sunderland,Middlesbrough,3,2,H,2007-2008,1446.580370584245,1456.6651099355433,0.4,0.0,-10.084739351298367,0.4
Tottenham Hotspur,Bolton Wanderers,1,1,D,2007-2008,1516.3957321379814,1426.6577924845794,0.4,0.2,89.73793965340201,0.2
West Ham United,Newcastle United,2,2,D,2007-2008,1476.3512208198122,1473.3311154972962,0.4,0.2,3.020105322515974,0.2
Wigan Athletic,Reading,0,0,D,2007-2008,1447.9976410381632,1413.5463925288018,0.6,0.2,34.45124850936145,0.39999999999999997
Portsmouth,Blackburn Rovers,0,1,A,2007-2008,1555.697923045204,1533.0957861384254,0.8,0.2,22.602136906778696,0.6000000000000001
Everton,Aston Villa,2,2,D,2007-2008,1579.9396752169737,1558.6593659362604,0.6,0.4,21.280309280713254,0.19999999999999996
Derby County,Arsenal,2,6,A,2007-2008,1291.8470401121265,1655.685006413467,0.0,0.2,-363.83796630134043,-0.2
Manchester United,West Ham United,4,1,H,2007-2008,1706.2578628442336,1476.220835675761,0.8,0.0,230.0370271684726,0.8
Aston Villa,Wigan Athletic,0,2,A,2007-2008,1559.5769635659906,1446.515116838875,0.6,0.0,113.06184672711561,0.6
Blackburn Rovers,Derby County,3,1,H,2007-2008,1549.0702245940656,1288.5578286607742,0.4,0.0,260.5123959332914,0.4
Fulham,Birmingham City,2,0,H,2007-2008,1408.049317449694,1432.6465893513787,0.2,0.0,-24.597271901684735,0.2
Middlesbrough,Portsmouth,2,0,H,2007-2008,1441.2298389735076,1539.723484589564,0.4,0.4,-98.49364561605626,0.0
Reading,Tottenham Hotspur,0,1,A,2007-2008,1415.02891672809,1512.6053492820422,0.4,0.2,-97.57643255395215,0.2
Bolton Wanderers,Sunderland,2,0,H,2007-2008,1430.4481753405187,1462.0156415462807,0.2,0.4,-31.567466205762003,-0.2
Arsenal,Everton,1,0,H,2007-2008,1658.9742178648191,1579.0220775872435,0.4,0.4,79.95214027757561,0.0
Liverpool,Manchester City,1,0,H,2007-2008,1650.1544612908147,1499.561889124792,1.0,0.4,150.5925721660226,0.6
Newcastle United,Chelsea,0,2,A,2007-2008,1473.4615006413474,1735.4032165223875,0.6,0.8,-261.9417158810402,-0.20000000000000007
Birmingham City,Blackburn Rovers,4,1,H,2007-2008,1416.5864104307307,1554.5446464824836,0.4,0.4,-137.95823605175292,0.0
Chelsea,Bolton Wanderers,1,1,D,2007-2008,1740.8409113766868,1446.8073144516109,0.8,0.2,294.0335969250759,0.6000000000000001
Derby County,Reading,0,4,A,2007-2008,1283.0834067723563,1404.1342565988364,0.0,0.2,-121.05084982648009,-0.2
Everton,Newcastle United,3,1,H,2007-2008,1567.4142216529722,1468.023805787048,0.4,0.2,99.39041586592407,0.2
Middlesbrough,Manchester City,8,1,H,2007-2008,1460.3717853641856,1490.6847747273519,0.4,0.2,-30.312989363166253,0.2
Portsmouth,Fulham,0,1,A,2007-2008,1520.581538198886,1424.109496370342,0.6,0.4,96.47204182854398,0.19999999999999996
Sunderland,Arsenal,0,1,A,2007-2008,1445.6565024351885,1670.5820737990905,0.4,0.4,-224.925571363902,0.0
Tottenham Hotspur,Liverpool,0,2,A,2007-2008,1523.5000094112959,1659.0315756882549,0.2,0.4,-135.53156627695898,-0.2
West Ham United,Aston Villa,2,2,D,2007-2008,1469.917222405903,1539.860996631259,0.4,0.2,-69.94377422535604,0.2
Wigan Athletic,Manchester United,0,2,A,2007-2008,1466.2310837736065,1712.5614761140916,0.4,0.4,-246.3303923404851,0.0
Arsenal,West Bromwich Albion,1,0,H,2008-2009,1677.033441085678,1500.0,0.4,0.0,177.03344108567808,0.4
Bolton Wanderers,Stoke City,3,1,H,2008-2009,1457.1442620047399,1500.0,0.4,0.0,-42.85573799526014,0.4
Everton,Blackburn Rovers,2,3,A,2008-2009,1578.2365361856941,1533.88298557075,0.4,0.2,44.3535506149442,0.2
Hull City,Fulham,2,1,H,2008-2009,1500.0,1443.1706891418016,0.0,0.6,56.82931085819837,-0.6
Middlesbrough,Tottenham Hotspur,2,1,H,2008-2009,1476.677191667348,1514.0715921976891,0.6,0.2,-37.394400530341045,0.39999999999999997
West Ham United,Wigan Athletic,2,1,H,2008-2009,1472.8967947009721,1460.3817854413076,0.4,0.2,12.515009259664566,0.2
Sunderland,Liverpool,0,1,A,2008-2009,1439.205135148601,1668.4599929018616,0.4,0.4,-229.2548577532607,0.0
Chelsea,Portsmouth,4,0,H,2008-2009,1730.5039638235578,1501.5203454274263,0.6,0.2,228.98361839613153,0.39999999999999997
Aston Villa,Manchester City,4,2,H,2008-2009,1536.8814243361899,1474.3793684241894,0.4,0.2,62.502055912000515,0.2
Manchester United,Newcastle United,1,1,D,2008-2009,1718.4107744463906,1457.2014912543261,1.0,0.2,261.2092831920645,0.8
Blackburn Rovers,Hull City,1,1,D,2008-2009,1550.7875472764686,1512.5681306234253,0.4,0.0,38.219416653043254,0.4
Liverpool,Middlesbrough,2,1,H,2008-2009,1674.7860539536944,1493.2854324661835,1.0,0.0,181.5006214875109,1.0
Newcastle United,Bolton Wanderers,1,0,H,2008-2009,1466.7450002237001,1473.985166005389,0.6,0.2,-7.240165781688802,0.39999999999999997
Stoke City,Aston Villa,3,2,H,2008-2009,1483.159095999351,1549.2117309080818,0.0,0.2,-66.05263490873085,-0.2
Tottenham Hotspur,Sunderland,1,2,A,2008-2009,1497.4633513988538,1432.8790740967681,0.2,0.4,64.58427730208564,-0.2
West Bromwich Albion,Everton,1,2,A,2008-2009,1492.0438381270553,1561.3319744799755,0.0,0.2,-69.28813635292022,-0.2
Fulham,Arsenal,1,0,H,2008-2009,1430.6025585183763,1684.9896029586228,0.4,0.6,-254.38704444024643,-0.19999999999999996
Wigan Athletic,Chelsea,0,1,A,2008-2009,1445.921868255258,1736.8378229442656,0.4,0.8,-290.91595468900755,-0.4
Manchester City,West Ham United,3,0,H,2008-2009,1462.0490618522974,1487.3567118870217,0.4,0.0,-25.307650034724247,0.4
Portsmouth,Manchester United,0,1,A,2008-2009,1495.1864863067185,1708.8672654770166,0.4,0.4,-213.68077917029814,0.0
Bolton Wanderers,West Bromwich Albion,0,0,D,2008-2009,1458.672628161083,1479.9962109760042,0.6,0.0,-21.323582814921338,0.6
Everton,Portsmouth,0,3,A,2008-2009,1573.3796016310266,1488.4012821339143,0.4,0.2,84.97831949711235,0.2
Hull City,Wigan Athletic,0,5,A,2008-2009,1514.2115717552815,1441.1876997797592,1.0,0.2,73.0238719755223,0.8
Middlesbrough,Stoke City,2,1,H,2008-2009,1485.4786947039474,1500.9769498558676,0.6,0.0,-15.498255151920148,0.6
West Ham United,Blackburn Rovers,4,1,H,2008-2009,1471.2660211371665,1549.1441061446124,0.4,0.4,-77.87808500744586,0.0
Arsenal,Newcastle United,3,0,H,2008-2009,1660.6236007051157,1482.0575380680061,0.6,0.2,178.56606263710955,0.39999999999999997
Chelsea,Tottenham Hotspur,1,1,D,2008-2009,1741.5719914197643,1479.7067026728535,0.6,0.2,261.8652887469109,0.39999999999999997
Sunderland,Manchester City,0,3,A,2008-2009,1450.6357228227685,1478.1397526021526,0.4,0.2,-27.504029779384155,0.2
Aston Villa,Liverpool,0,0,D,2008-2009,1531.3938770515651,1682.5927917159304,0.6,0.6,-151.19891466436525,0.0
Liverpool,Manchester United,2,1,H,2008-2009,1676.4481055456156,1715.652469649821,1.0,0.4,-39.2043641042053,0.6
Blackburn Rovers,Arsenal,0,4,A,2008-2009,1530.8370407424086,1668.5282920426623,0.4,0.6,-137.69125130025373,-0.19999999999999996
Fulham,Bolton Wanderers,2,1,H,2008-2009,1454.9685607718834,1459.592087053919,0.6,0.2,-4.623526282035527,0.39999999999999997
Newcastle United,Hull City,1,2,A,2008-2009,1474.1528467304595,1496.1044957702234,0.8,0.0,-21.95164903976388,0.8
Portsmouth,Middlesbrough,2,1,H,2008-2009,1506.9986407317124,1501.1473647099983,0.2,0.0,5.851276021714057,0.2
West Bromwich Albion,West Ham United,3,2,H,2008-2009,1479.0767520831682,1489.5730865393703,0.0,0.0,-10.496334456202021,0.0
Wigan Athletic,Sunderland,1,1,D,2008-2009,1459.2947757648174,1436.820692960917,0.2,0.6,22.474082803900274,-0.39999999999999997
Manchester City,Chelsea,1,3,A,2008-2009,1491.954782464004,1732.0116452399418,0.6,0.8,-240.05686277593782,-0.20000000000000007
Stoke City,Everton,2,3,A,2008-2009,1485.3082798498167,1554.7822430332285,1.0,0.2,-69.4739631834118,0.8
Tottenham Hotspur,Aston Villa,1,2,A,2008-2009,1489.267048852676,1537.53856322188,0.0,0.2,-48.27151436920394,-0.2
Sunderland,Middlesbrough,2,0,H,2008-2009,1437.7896260761424,1486.399960721832,0.2,0.0,-48.61033464568959,0.2
Blackburn Rovers,Fulham,1,0,H,2008-2009,1521.4888142640793,1470.1681626649274,0.2,0.6,51.320651599151915,-0.39999999999999997
Liverpool,Stoke City,0,0,D,2008-2009,1693.1335466664204,1473.2683638723938,1.0,0.0,219.86518279402662,1.0
West Ham United,Newcastle United,3,1,H,2008-2009,1474.120061170046,1460.0993165158138,0.6,0.0,14.020744654232203,0.6
Bolton Wanderers,Arsenal,1,3,A,2008-2009,1444.392485160875,1677.8765185209916,0.6,0.6,-233.48403336011665,0.0
West Bromwich Albion,Aston Villa,1,2,A,2008-2009,1494.5297774524925,1550.467821407384,0.5,0.4,-55.938043954891555,0.09999999999999998
Chelsea,Manchester United,1,1,D,2008-2009,1738.0328700128719,1698.967028529016,0.4,0.4,39.06584148385582,0.0
Hull City,Everton,2,2,D,2008-2009,1510.158025984869,1566.8221590106514,0.5,0.4,-56.66413302578235,0.09999999999999998
Manchester City,Portsmouth,6,0,H,2008-2009,1485.933557691074,1521.7460447198787,0.4,0.4,-35.81248702880475,0.0
Tottenham Hotspur,Wigan Athletic,0,0,D,2008-2009,1476.337790667172,1458.325842649592,0.0,0.4,18.011948017579925,-0.4
Everton,Liverpool,0,2,A,2008-2009,1564.397234027176,1684.733652934143,0.2,0.6,-120.33641890696708,-0.39999999999999997
Aston Villa,Sunderland,2,1,H,2008-2009,1563.0734352235258,1454.8747152255407,0.6,0.4,108.19871999798511,0.19999999999999996
Fulham,West Ham United,1,2,A,2008-2009,1457.3678779637992,1488.5150653450544,0.6,0.0,-31.147187381255208,0.6
Manchester United,Bolton Wanderers,2,0,H,2008-2009,1700.6465643894687,1438.1871016648054,0.8,0.2,262.45946272466335,0.6000000000000001
Middlesbrough,West Bromwich Albion,0,1,A,2008-2009,1469.3148715724337,1481.9241636363506,0.8,0.0,-12.609292063916882,0.8
Newcastle United,Blackburn Rovers,1,2,A,2008-2009,1445.7043123408055,1534.2890989652076,0.6,0.4,-88.58478662440211,0.19999999999999996
Stoke City,Chelsea,0,2,A,2008-2009,1481.6682576046712,1736.3533341524192,0.5,1.0,-254.68507654774794,-0.5
Arsenal,Hull City,1,2,A,2008-2009,1684.081902017061,1512.5829509683444,0.8,0.5,171.49895104871666,0.30000000000000004
Portsmouth,Tottenham Hotspur,2,0,H,2008-2009,1505.2053480331872,1475.5608482860464,0.2,0.2,29.6444997471408,0.0
Wigan Athletic,Manchester City,2,1,H,2008-2009,1459.1027850307175,1502.4742543777654,0.0,0.4,-43.37146934704788,-0.4
Sunderland,Arsenal,1,1,D,2008-2009,1444.400653764681,1662.225704462855,0.4,0.8,-217.82505069817398,-0.4
West Bromwich Albion,Fulham,1,0,H,2008-2009,1496.3800156233592,1443.7090191858847,0.3333333333333333,0.6,52.670996437474514,-0.26666666666666666
Wigan Athletic,Middlesbrough,0,1,A,2008-2009,1475.9656155661432,1454.8590195854251,0.2,0.0,21.10659598071811,0.2
Blackburn Rovers,Manchester United,0,2,A,2008-2009,1545.5453616995535,1706.0710029182064,0.4,0.4,-160.52564121865294,0.0
West Ham United,Bolton Wanderers,1,3,A,2008-2009,1502.1739241229689,1432.7626631360677,0.6,0.0,69.4112609869012,0.6
Chelsea,Aston Villa,2,0,H,2008-2009,1741.9794855830492,1573.5474966843856,0.4,0.4,168.43198889866358,0.0
Manchester City,Liverpool,2,3,A,2008-2009,1485.6114238423397,1694.736553609505,0.6,0.6,-209.1251297671654,0.0
Portsmouth,Stoke City,2,1,H,2008-2009,1518.9285889231628,1476.0421061740412,0.4,0.0,42.88648274912157,0.4
Tottenham Hotspur,Hull City,0,1,A,2008-2009,1461.8376073960708,1534.4391485225506,0.0,0.6666666666666666,-72.60154112647979,-0.6666666666666666
Everton,Newcastle United,2,2,D,2008-2009,1554.3943333518139,1434.4480496064596,0.2,0.0,119.94628374535432,0.2
Middlesbrough,Chelsea,0,5,A,2008-2009,1470.7691452466645,1750.2284573869397,0.8,1.0,-279.4593121402752,-0.19999999999999996
Arsenal,Everton,3,1,H,2008-2009,1653.8864680150577,1549.4122137854843,0.8,0.4,104.47425422957349,0.4
Aston Villa,Portsmouth,0,0,D,2008-2009,1565.298524880495,1532.086377571521,0.6,0.2,33.212147308973954,0.39999999999999997
Bolton Wanderers,Blackburn Rovers,0,0,D,2008-2009,1450.7201454151327,1537.0214199920456,0.6,0.6,-86.30127457691287,0.0
Fulham,Sunderland,0,0,D,2008-2009,1430.9657470224815,1452.7398902124783,0.6,0.2,-21.77414318999672,0.39999999999999997
Liverpool,Wigan Athletic,3,2,H,2008-2009,1701.6604389061813,1460.0554899049039,0.8,0.4,241.60494900127742,0.4
Manchester United,West Bromwich Albion,4,0,H,2008-2009,1714.5949446257143,1509.1232877867624,0.8,0.3333333333333333,205.47165683895196,0.46666666666666673
Hull City,West Ham United,1,0,H,2008-2009,1546.349528080659,1484.2164418439038,0.3333333333333333,0.2,62.13308623675516,0.1333333333333333
Stoke City,Tottenham Hotspur,2,1,H,2008-2009,1462.884317525683,1449.9272278379624,0.3333333333333333,0.2,12.957089687720554,0.1333333333333333
Newcastle United,Manchester City,2,2,D,2008-2009,1439.4301691727892,1478.6875385456635,0.4,0.2,-39.25736937287434,0.2
Everton,Manchester United,1,1,D,2008-2009,1538.7915247070007,1721.6314725053783,0.2,0.6,-182.83994779837758,-0.39999999999999997
Sunderland,Newcastle United,2,1,H,2008-2009,1451.8010537048071,1441.117869784044,0.2,0.0,10.683183920763213,0.2
West Bromwich Albion,Hull City,0,3,A,2008-2009,1502.0867599070984,1558.695262663437,0.5,0.75,-56.60850275633857,-0.25
Blackburn Rovers,Middlesbrough,1,1,D,2008-2009,1533.3702792935712,1465.7660578308703,0.4,0.2,67.60422146270093,0.2
Chelsea,Liverpool,0,1,A,2008-2009,1755.2315448027339,1707.6388894910544,0.4,0.8,47.59265531167944,-0.4
Manchester City,Stoke City,3,0,H,2008-2009,1476.9998379344088,1477.32517419217,0.4,0.0,-0.32533625776113695,0.4
Tottenham Hotspur,Bolton Wanderers,2,0,H,2008-2009,1435.4863711714754,1454.371286113607,0.0,0.2,-18.884914942131672,-0.2
Wigan Athletic,Aston Villa,0,4,A,2008-2009,1454.0770393200307,1563.8689928643014,0.2,0.4,-109.79195354427065,-0.2
West Ham United,Arsenal,0,2,A,2008-2009,1471.8707072611257,1664.5071570935413,0.6,0.6,-192.63644983241556,0.0
Portsmouth,Fulham,1,1,D,2008-2009,1533.5159095877148,1431.9045835301526,0.6,0.4,101.61132605756211,0.19999999999999996
Newcastle United,West Bromwich Albion,2,1,H,2008-2009,1426.578954603336,1489.50934584682,0.2,0.25,-62.93039124348411,-0.04999999999999999
Aston Villa,Blackburn Rovers,3,2,H,2008-2009,1574.2806179919592,1530.4878566585776,0.4,0.4,43.79276133338158,0.0
Fulham,Wigan Athletic,2,0,H,2008-2009,1436.1705573426761,1443.665414192373,0.6,0.4,-7.494856849696816,0.19999999999999996
Hull City,Chelsea,0,3,A,2008-2009,1571.2726767237154,1738.1895608551533,0.5,1.0,-166.91688413143788,-0.5
Stoke City,Sunderland,1,0,H,2008-2009,1462.3111283009503,1466.3399688855152,0.5,0.2,-4.028840584564932,0.3
Arsenal,Tottenham Hotspur,4,4,D,2008-2009,1671.9494122460983,1451.3008964804474,0.8,0.2,220.64851576565093,0.6000000000000001
Bolton Wanderers,Everton,0,1,A,2008-2009,1438.5567608046351,1546.0292303502379,0.4,0.4,-107.47246954560273,0.0
Liverpool,Portsmouth,1,0,H,2008-2009,1724.680873438635,1529.2499357751913,0.8,0.2,195.43093766344373,0.6000000000000001
Manchester United,West Ham United,2,0,H,2008-2009,1714.393766862141,1464.4284521085688,0.8,0.2,249.96531475357233,0.6000000000000001
Middlesbrough,Manchester City,2,0,H,2008-2009,1468.648480465864,1492.0138838256285,0.6,0.2,-23.365403359764514,0.39999999999999997
Everton,Fulham,1,0,H,2008-2009,1556.531809955368,1451.494086140767,0.0,0.2,105.03772381460112,-0.2
Chelsea,Sunderland,5,0,H,2008-2009,1746.4907972039705,1451.1660376512734,0.4,0.2,295.32475955269706,0.2
Manchester United,Hull City,4,3,H,2008-2009,1720.1451648237964,1562.9714403748983,0.8,0.8,157.17372444889816,0.0
Middlesbrough,West Ham United,1,1,D,2008-2009,1484.6557279826,1458.6770541469134,0.6,0.2,25.97867383568655,0.39999999999999997
Portsmouth,Wigan Athletic,1,2,A,2008-2009,1521.897334923459,1428.3418853942821,0.6,0.2,93.55544952917694,0.39999999999999997
Stoke City,Arsenal,2,1,H,2008-2009,1477.485059535192,1663.5263340558126,0.6,0.6,-186.04127452062062,0.0
West Bromwich Albion,Blackburn Rovers,2,2,D,2008-2009,1471.8217494221788,1517.3685926056971,0.4,0.4,-45.54684318351838,0.0
Tottenham Hotspur,Liverpool,2,1,H,2008-2009,1459.723974670733,1732.0334742903672,0.2,0.8,-272.30949961963415,-0.6000000000000001
Bolton Wanderers,Manchester City,2,0,H,2008-2009,1428.054181199505,1476.0066363088924,0.2,0.2,-47.95245510938753,0.0
Newcastle United,Aston Villa,2,0,H,2008-2009,1444.2665510279771,1587.3998820448396,0.4,0.6,-143.13333101686248,-0.19999999999999996
Arsenal,Manchester United,2,1,H,2008-2009,1641.183066872909,1728.7873349540243,0.6,0.4,-87.60426808111538,0.19999999999999996
Wigan Athletic,Stoke City,0,0,D,2008-2009,1447.286126024112,1499.8283267180957,0.2,0.0,-52.54220069398366,0.2
Hull City,Bolton Wanderers,0,1,A,2008-2009,1554.3292702446704,1445.1114089261823,0.4,0.2,109.21786131848808,0.2
Sunderland,Portsmouth,1,2,A,2008-2009,1446.5321814619806,1502.9530942936292,0.4,0.2,-56.42091283164859,0.2
West Ham United,Everton,1,3,A,2008-2009,1459.7965580701734,1567.1302562070075,0.6,0.6,-107.33369813683407,0.0
Liverpool,West Bromwich Albion,3,0,H,2008-2009,1707.2104975014572,1473.7769768544574,0.8,0.2,233.4335206469998,0.6000000000000001
Blackburn Rovers,Chelsea,0,2,A,2008-2009,1515.4133651734185,1751.1246533932633,0.2,1.0,-235.71128821984485,-0.8
Aston Villa,Middlesbrough,1,2,A,2008-2009,1566.5477097628202,1483.53622405934,0.6,0.2,83.01148570348028,0.39999999999999997
Manchester City,Tottenham Hotspur,1,2,A,2008-2009,1458.949408582215,1484.546951459643,0.6,0.0,-25.59754287742794,0.6
Fulham,Newcastle United,2,1,H,2008-2009,1440.8956398891276,1465.1187233099965,0.6,0.0,-24.22308342086899,0.6
Bolton Wanderers,Liverpool,0,2,A,2008-2009,1464.677306080925,1713.417312260687,0.2,0.6,-248.74000617976185,-0.39999999999999997
Arsenal,Aston Villa,0,2,A,2008-2009,1659.8870808204867,1548.0304902184487,0.6,0.6,111.85659060203807,0.0
Blackburn Rovers,Sunderland,1,2,A,2008-2009,1509.2708477754554,1433.9468790592493,0.2,0.0,75.32396871620608,0.2
Fulham,Tottenham Hotspur,2,1,H,2008-2009,1456.9397432787648,1498.4438119599931,0.6,0.2,-41.50406868122832,0.39999999999999997
Manchester United,Stoke City,5,0,H,2008-2009,1710.0833210064466,1497.5770338816892,0.8,0.0,212.50628712475736,0.8
Newcastle United,Wigan Athletic,2,2,D,2008-2009,1449.0746199203593,1449.5374188605185,0.4,0.4,-0.46279894015924583,0.0
West Ham United,Portsmouth,0,0,D,2008-2009,1449.2885251628193,1515.5383966963605,0.4,0.4,-66.24987153354118,0.0
West Bromwich Albion,Chelsea,0,3,A,2008-2009,1467.5701620952277,1757.2671707912264,0.4,1.0,-289.69700869599865,-0.6
Everton,Middlesbrough,1,1,D,2008-2009,1577.6382891143617,1502.0534436037115,0.2,0.4,75.58484551065021,-0.2
Hull City,Manchester City,2,2,D,2008-2009,1534.7633730899277,1445.0525480818649,0.2,0.2,89.71082500806278,0.0
Chelsea,Newcastle United,0,0,D,2008-2009,1762.0293831706567,1449.0946005449293,0.4,0.0,312.9347826257274,0.4
Liverpool,Fulham,0,0,D,2008-2009,1719.2015714383356,1473.7231428143534,0.8,0.0,245.47842862398215,0.8
Manchester City,Arsenal,3,0,H,2008-2009,1448.841835031706,1640.2180565259707,0.4,0.6,-191.37622149426466,-0.19999999999999996
Middlesbrough,Bolton Wanderers,1,3,A,2008-2009,1505.2661784823924,1458.8930469032764,0.4,0.4,46.373131579116034,0.0
Portsmouth,Hull City,2,2,D,2008-2009,1512.7123288371117,1530.9740861400865,0.6,0.8,-18.26175730297473,-0.20000000000000007
Stoke City,West Bromwich Albion,1,0,H,2008-2009,1490.7562653145633,1462.8079497157973,0.6,0.2,27.94831559876593,0.39999999999999997
Aston Villa,Manchester United,0,0,D,2008-2009,1567.6995145129647,1716.9040895735725,0.4,0.2,-149.2045750606078,0.2
Tottenham Hotspur,Blackburn Rovers,1,0,H,2008-2009,1481.6604124244045,1491.0688609022136,0.4,0.2,-9.408448477809088,0.2
Sunderland,West Ham United,0,1,A,2008-2009,1452.1488659324912,1452.114593022068,0.4,0.2,0.03427291042316938,0.2
Wigan Athletic,Everton,1,0,H,2008-2009,1449.5174382359485,1574.4255542356807,0.2,0.6,-124.90811599973222,-0.39999999999999997
Aston Villa,Fulham,0,0,D,2008-2009,1573.7723788652318,1482.8507164673777,0.4,0.0,90.9216623978541,0.4
Middlesbrough,Newcastle United,0,0,D,2008-2009,1488.2758943690094,1459.844169232411,0.2,0.0,28.43172513659829,0.2
Stoke City,Hull City,1,1,D,2008-2009,1504.552235456328,1530.1863879623793,0.8,0.6,-25.63415250605135,0.20000000000000007
Sunderland,Bolton Wanderers,1,4,A,2008-2009,1437.147386252009,1475.8833310166594,0.4,0.6,-38.73594476465041,-0.19999999999999996
Wigan Athletic,West Bromwich Albion,2,1,H,2008-2009,1469.6892324851556,1449.0119795740327,0.4,0.2,20.677252911122878,0.2
Manchester City,Manchester United,0,1,A,2008-2009,1471.3589096663934,1710.8312252213054,0.6,0.2,-239.47231555491203,0.39999999999999997
Portsmouth,Blackburn Rovers,3,2,H,2008-2009,1513.500027014819,1475.6627647893522,0.4,0.2,37.8372622254667,0.2
Tottenham Hotspur,Everton,0,1,A,2008-2009,1497.066508537266,1554.2537599864736,0.6,0.4,-57.18725144920768,0.19999999999999996
Chelsea,Arsenal,1,2,A,2008-2009,1751.279814483175,1617.7009818912834,0.4,0.4,133.57883259189157,0.0
Liverpool,West Ham United,0,0,D,2008-2009,1710.0739977853113,1467.1160727025501,0.6,0.4,242.95792508276122,0.19999999999999996
Fulham,Manchester City,1,1,D,2008-2009,1486.688900152354,1465.321474145038,0.6,0.0,21.367426007316,0.6
Arsenal,Wigan Athletic,1,0,H,2008-2009,1638.1997385904194,1483.7975761892694,0.4,0.2,154.40216240115,0.2
Blackburn Rovers,Liverpool,1,3,A,2008-2009,1462.2899030833041,1701.015252385569,0.2,0.8,-238.72534930226493,-0.6000000000000001
Bolton Wanderers,Chelsea,0,2,A,2008-2009,1489.2178608708675,1730.781057784039,0.2,1.0,-241.5631969131714,-0.8
Hull City,Middlesbrough,2,1,H,2008-2009,1529.0816764587103,1487.0511308419511,0.2,0.4,42.03054561675913,-0.2
Newcastle United,Stoke City,2,2,D,2008-2009,1461.0689327594694,1505.656946959997,0.4,0.0,-44.588014200527596,0.4
Manchester United,Sunderland,1,0,H,2008-2009,1716.8686607426607,1423.812856397801,1.0,0.2,293.0558043448598,0.8
West Bromwich Albion,Portsmouth,1,1,D,2008-2009,1434.9036358699188,1526.872888720867,0.2,0.2,-91.96925285094812,0.0
Everton,Aston Villa,2,3,A,2008-2009,1566.806845777435,1569.9341951802553,0.2,0.6,-3.1273494028203004,-0.39999999999999997
West Ham United,Tottenham Hotspur,0,2,A,2008-2009,1476.1748181022924,1484.5134227463045,0.2,0.2,-8.338604644012094,0.0
Middlesbrough,Arsenal,1,1,D,2008-2009,1473.8569348601332,1646.9404006520974,0.2,0.4,-173.08346579196427,-0.2
Aston Villa,Bolton Wanderers,4,2,H,2008-2009,1584.799180299472,1483.2382596612977,0.2,0.8,101.56092063817437,-0.6000000000000001
Liverpool,Hull City,2,2,D,2008-2009,1707.0734503668396,1542.2758724405282,0.6,0.4,164.7975779263113,0.19999999999999996
Manchester City,Everton,0,1,A,2008-2009,1466.2428187738954,1551.9418606582183,0.4,0.6,-85.69904188432292,-0.19999999999999996
Stoke City,Fulham,0,0,D,2008-2009,1503.7424266947996,1485.7675555234969,0.8,0.0,17.974871171302766,0.8
Sunderland,West Bromwich Albion,4,0,H,2008-2009,1419.1275939935997,1438.7840536911604,0.2,0.0,-19.65645969756065,0.2
Wigan Athletic,Blackburn Rovers,3,0,H,2008-2009,1475.0569141275914,1456.2317051020336,0.4,0.0,18.825209025557797,0.4
Tottenham Hotspur,Manchester United,0,0,D,2008-2009,1499.1534853525702,1721.553923146862,0.6,0.4,-222.40043779429175,0.19999999999999996
Portsmouth,Newcastle United,0,3,A,2008-2009,1522.9924708996255,1462.9834530246667,0.4,0.0,60.00901787495877,0.4
Chelsea,West Ham United,1,1,D,2008-2009,1736.7606589936088,1461.5347554960267,0.4,0.2,275.22590349758207,0.2
Blackburn Rovers,Stoke City,3,0,H,2008-2009,1442.0436602762493,1502.967080764099,0.0,0.0,-60.923420487849626,0.0
Bolton Wanderers,Portsmouth,2,1,H,2008-2009,1472.5022332287558,1505.4271325923235,0.2,0.2,-32.92489936356765,0.0
Fulham,Middlesbrough,3,0,H,2008-2009,1486.5429014541976,1480.7671363224922,0.6,0.4,5.775765131705384,0.19999999999999996
Hull City,Sunderland,1,4,A,2008-2009,1548.9011872087997,1434.9753272871826,0.4,0.2,113.92585992161708,0.2
West Ham United,Aston Villa,0,1,A,2008-2009,1471.4292518990162,1595.5352067320139,0.0,0.6,-124.10595483299767,-0.6
West Bromwich Albion,Manchester City,2,1,H,2008-2009,1422.9363203975774,1454.8694891764994,0.2,0.0,-31.93316877892198,0.2
Newcastle United,Tottenham Hotspur,2,1,H,2008-2009,1480.5487913319687,1507.6282033029108,0.4,0.4,-27.079411970942147,0.0
Arsenal,Liverpool,1,1,D,2008-2009,1640.0301991897384,1700.4481355985681,0.6,0.8,-60.417936408829746,-0.20000000000000007
Everton,Chelsea,0,0,D,2008-2009,1563.3151902556142,1726.8661625906193,0.2,1.0,-163.5509723350051,-0.8
Stoke City,Manchester United,0,1,A,2008-2009,1485.3634365316148,1713.0792051965213,0.6,0.2,-227.7157686649066,0.39999999999999997
Chelsea,West Bromwich Albion,2,0,H,2008-2009,1720.2842369966575,1439.3111170333802,0.2,0.0,280.9731199632772,0.2
Portsmouth,West Ham United,1,4,A,2008-2009,1489.0098903958715,1461.570506788411,0.2,0.2,27.439383607460513,0.0
Tottenham Hotspur,Fulham,0,0,D,2008-2009,1491.4614527335182,1501.2935645969437,0.6,0.0,-9.832111863425553,0.6
Liverpool,Bolton Wanderers,3,0,H,2008-2009,1697.8656626853347,1488.9194754252078,0.4,0.6,208.94618726012686,-0.19999999999999996
Manchester City,Hull City,5,1,H,2008-2009,1438.4946925406966,1529.1516313535942,0.4,0.2,-90.65693881289758,0.2
Middlesbrough,Everton,0,1,A,2008-2009,1466.016473179746,1569.897115849576,0.2,0.8,-103.88064266982997,-0.6000000000000001
Sunderland,Blackburn Rovers,0,0,D,2008-2009,1454.724883142388,1459.6473045087334,0.4,0.0,-4.922421366345361,0.4
Wigan Athletic,Newcastle United,2,1,H,2008-2009,1489.2449589533758,1496.7155419013613,0.6,0.2,-7.4705829479855765,0.39999999999999997
Aston Villa,Arsenal,2,2,D,2008-2009,1605.3939518426191,1642.6126721029718,0.4,0.4,-37.21872026035271,0.0
Newcastle United,Liverpool,1,5,A,2008-2009,1481.3930606058982,1704.795035562739,0.6,0.6,-223.40197495684083,0.0
Arsenal,Portsmouth,1,0,H,2008-2009,1641.011929248365,1472.8276938803056,0.4,0.2,168.1842353680595,0.2
Bolton Wanderers,Wigan Athletic,0,1,A,2008-2009,1481.9901025478034,1504.567440248839,0.4,0.2,-22.577337701035503,0.2
Everton,Sunderland,3,0,H,2008-2009,1580.541260395009,1454.9373869376748,0.2,0.4,125.6038734573342,-0.2
Fulham,Chelsea,2,2,D,2008-2009,1500.8691914842673,1725.2511028132578,0.8,0.8,-224.38191132899055,0.0
West Bromwich Albion,Tottenham Hotspur,2,0,H,2008-2009,1434.3442512167799,1491.8858258461946,0.2,0.4,-57.541574629414754,-0.2
West Ham United,Stoke City,2,1,H,2008-2009,1477.752703303977,1478.9930336939162,0.0,0.0,-1.240330389939345,0.0
Blackburn Rovers,Manchester City,2,2,D,2008-2009,1459.4348007134467,1457.3221934139988,0.2,0.0,2.1126072994479728,0.2
Manchester United,Middlesbrough,1,0,H,2008-2009,1719.4496080342199,1455.3723286343131,1.0,0.2,264.07727939990673,0.8
Hull City,Aston Villa,0,1,A,2008-2009,1510.324130480292,1606.994694697226,0.2,0.8,-96.67056421693383,-0.6000000000000001
Aston Villa,West Bromwich Albion,2,1,H,2008-2009,1617.925560531681,1451.8060532330192,0.2,0.0,166.1195072986618,0.2
Arsenal,Bolton Wanderers,1,0,H,2008-2009,1649.2694334921293,1467.9634748490867,0.6,0.6,181.3059586430427,0.0
Everton,Hull City,2,0,H,2008-2009,1590.3430170550946,1499.393264645837,0.4,0.0,90.9497524092576,0.4
Middlesbrough,Sunderland,1,1,D,2008-2009,1449.9891501620205,1445.1356302775891,0.0,0.4,4.853519884431307,-0.4
Newcastle United,West Ham United,2,2,D,2008-2009,1474.8971681271162,1492.806252443982,0.4,0.4,-17.9090843168658,0.0
Stoke City,Liverpool,0,0,D,2008-2009,1463.9394845539111,1711.290928041521,0.4,0.6,-247.3514434876099,-0.19999999999999996
Wigan Athletic,Tottenham Hotspur,1,0,H,2008-2009,1518.5940679475557,1474.4240238299553,0.8,0.4,44.170044117600355,0.4
Manchester United,Chelsea,3,0,H,2008-2009,1724.8327865065125,1716.7183324096925,1.0,0.6,8.114454096820054,0.4
Manchester United,Wigan Athletic,1,0,H,2008-2009,1739.4825210459844,1531.6973016512204,1.0,0.4,207.785219394764,0.6
Blackburn Rovers,Newcastle United,3,0,H,2008-2009,1459.3435932486188,1475.6696813719582,0.2,0.2,-16.326088123339332,0.0
Bolton Wanderers,Manchester United,0,1,A,2008-2009,1460.150263799254,1746.4475708856062,0.4,0.4,-286.29730708635225,0.0
Chelsea,Stoke City,2,1,H,2008-2009,1702.0685978702206,1473.1178133854712,0.4,0.0,228.95078448474942,0.4
Manchester City,Wigan Athletic,1,0,H,2008-2009,1457.4134008788267,1524.7322518115986,0.4,0.4,-67.31885093277197,0.0
Sunderland,Aston Villa,1,2,A,2008-2009,1445.345159945493,1626.2543848926987,0.2,0.8,-180.90922494720576,-0.6000000000000001
West Bromwich Albion,Middlesbrough,3,0,H,2008-2009,1443.4772288720014,1449.7796204941167,0.4,0.2,-6.302391622115238,0.2
Hull City,Arsenal,1,3,A,2008-2009,1488.2325816474688,1657.082644541962,0.2,0.2,-168.85006289449325,0.0
West Ham United,Fulham,3,1,H,2008-2009,1492.03373919914,1509.4019618878326,0.2,0.0,-17.36822268869264,0.2
Tottenham Hotspur,Portsmouth,1,1,D,2008-2009,1461.3207901262906,1464.5701896365413,0.4,0.2,-3.2493995102506688,0.2
Liverpool,Everton,1,1,D,2008-2009,1702.112599209961,1601.5037000534628,0.4,0.8,100.60889915649818,-0.4
Sunderland,Fulham,1,0,H,2008-2009,1437.5187452148177,1493.6527394305288,0.2,0.0,-56.13399421571103,0.2
West Bromwich Albion,Manchester United,0,5,A,2008-2009,1458.7492951502372,1751.2887113401234,0.6,0.6,-292.5394161898862,0.0
Portsmouth,Aston Villa,0,1,A,2008-2009,1464.4299058728323,1634.0807996233739,0.2,1.0,-169.65089375054163,-0.8
Tottenham Hotspur,Stoke City,3,1,H,2008-2009,1461.4610738899994,1466.7830098198747,0.2,0.0,-5.321935929875281,0.2
Chelsea,Middlesbrough,2,0,H,2008-2009,1708.4034014358172,1434.5075542158809,0.4,0.0,273.8958472199363,0.4
Manchester City,Newcastle United,2,1,H,2008-2009,1475.2839561522458,1459.9653458225794,0.6,0.2,15.318610329666399,0.39999999999999997
Wigan Athletic,Liverpool,1,1,D,2008-2009,1506.8616965381796,1697.8864357544605,1.0,0.6,-191.02473921628098,0.4
Blackburn Rovers,Bolton Wanderers,2,2,D,2008-2009,1475.0479287979977,1455.3091233447367,0.4,0.4,19.738805453260966,0.0
Everton,Arsenal,1,1,D,2008-2009,1605.7298635089633,1665.317230617335,0.4,0.4,-59.587367108371836,0.0
West Ham United,Hull City,2,0,H,2008-2009,1507.7829616564438,1479.9979955720958,0.4,0.0,27.78496608434807,0.4
Stoke City,Manchester City,1,0,H,2008-2009,1451.55326134468,1489.623026801865,0.2,0.0,-38.069765457184985,0.2
Arsenal,West Ham United,0,0,D,2008-2009,1662.7695676495794,1521.5859389887821,0.6,0.4,141.18362866079724,0.19999999999999996
Aston Villa,Wigan Athletic,0,0,D,2008-2009,1642.2878730809293,1514.3674016735438,0.4,0.2,127.92047140738555,0.2
Bolton Wanderers,Tottenham Hotspur,3,2,H,2008-2009,1456.1604003876566,1476.690822365194,0.2,0.2,-20.530421977537344,0.0
Fulham,Portsmouth,3,1,H,2008-2009,1476.2501096971387,1456.2228324152768,0.6,0.0,20.02727728186187,0.6
Hull City,West Bromwich Albion,2,2,D,2008-2009,1466.1950182397575,1454.0522685612448,0.2,0.0,12.1427496785127,0.2
Middlesbrough,Blackburn Rovers,0,0,D,2008-2009,1429.3695312327816,1474.1966517550777,0.0,0.0,-44.82712052229613,0.0
Manchester United,Everton,1,0,H,2008-2009,1755.9857379291159,1608.277526476719,1.0,0.6,147.70821145239688,0.4
Newcastle United,Sunderland,1,1,D,2008-2009,1445.62627517296,1454.9213749482078,0.2,0.4,-9.295099775247763,-0.2
Liverpool,Chelsea,2,0,H,2008-2009,1690.3807306190963,1713.5414244189164,0.2,0.4,-23.160693799820137,-0.2
Manchester City,Middlesbrough,1,0,H,2008-2009,1472.985969375017,1431.2942054853868,0.6,0.0,41.69176388963024,0.6
Blackburn Rovers,Aston Villa,0,2,A,2008-2009,1472.2719775024725,1637.0018298769646,0.4,1.0,-164.7298523744921,-0.6
Chelsea,Hull City,0,0,D,2008-2009,1697.5429754198917,1465.6709869415827,0.6,0.0,231.87198847830905,0.6
Everton,Bolton Wanderers,3,0,H,2008-2009,1599.2962826990229,1472.0457397241928,0.4,0.2,127.25054297483007,0.2
Sunderland,Stoke City,2,0,H,2008-2009,1454.5201689484174,1468.1903187715282,0.4,0.0,-13.670149823110705,0.4
West Bromwich Albion,Newcastle United,2,3,A,2008-2009,1454.5762998594196,1446.0274811727504,0.6,0.2,8.548818686669165,0.39999999999999997
Wigan Athletic,Fulham,0,0,D,2008-2009,1519.6534448775085,1490.3864190245226,0.8,0.0,29.267025852985853,0.8
Portsmouth,Liverpool,2,3,A,2008-2009,1442.0865230878928,1706.379179618121,0.2,0.4,-264.2926565302282,-0.2
Tottenham Hotspur,Arsenal,0,0,D,2008-2009,1460.8054830286578,1656.9889140239661,0.2,0.4,-196.1834309953083,-0.2
West Ham United,Manchester United,0,1,A,2008-2009,1527.3665926143954,1764.966981706812,0.6,0.8,-237.60038909241666,-0.20000000000000007
Portsmouth,Manchester City,2,0,H,2008-2009,1436.7088189605458,1486.1945814470748,0.2,0.0,-49.485762486528984,0.2
Manchester United,Fulham,3,0,H,2008-2009,1771.056549322327,1491.6469978565171,1.0,0.0,279.40955146580995,1.0
Aston Villa,Chelsea,0,1,A,2008-2009,1645.378868831488,1688.794156106389,0.4,0.2,-43.41528727490095,0.2
Arsenal,Sunderland,0,0,D,2008-2009,1649.3174980029007,1470.1100523910832,0.6,0.2,179.20744561181755,0.39999999999999997
Bolton Wanderers,West Ham United,2,1,H,2008-2009,1462.3064345000048,1521.2770249988803,0.4,0.2,-58.97059049887548,0.2
Middlesbrough,Wigan Athletic,0,0,D,2008-2009,1418.085593413329,1518.392866045514,0.0,0.2,-100.307272632185,-0.2
Stoke City,Portsmouth,2,2,D,2008-2009,1452.6004353288624,1453.830960007494,0.2,0.0,-1.230524678631582,0.2
Manchester United,Blackburn Rovers,2,1,H,2008-2009,1776.060830964382,1463.894938547949,1.0,0.0,312.1658924164328,1.0
Fulham,West Bromwich Albion,2,0,H,2008-2009,1486.6427162144623,1439.2072921544795,0.6,0.0,47.43542405998278,0.6
Liverpool,Manchester City,1,1,D,2008-2009,1711.756883745468,1469.0724404001267,0.4,0.0,242.68444334534138,0.4
Newcastle United,Everton,0,0,D,2008-2009,1461.3964888776904,1609.0355879232109,0.2,0.6,-147.63909904552042,-0.39999999999999997
Hull City,Tottenham Hotspur,1,2,A,2008-2009,1474.4198062550854,1468.4768990497232,0.2,0.2,5.942907205362189,0.0
Everton,West Bromwich Albion,2,0,H,2008-2009,1603.019335322094,1426.2426132724602,0.6,0.0,176.77672204963392,0.6
Arsenal,Fulham,0,0,D,2008-2009,1642.2007131474707,1499.6073950964817,0.4,0.0,142.59331805098896,0.4
Chelsea,Wigan Athletic,2,1,H,2008-2009,1701.9294630046156,1514.1786940790773,0.6,0.2,187.7507689255383,0.39999999999999997
Middlesbrough,Liverpool,2,0,H,2008-2009,1422.2997653797656,1702.7056428208487,0.0,0.4,-280.405877441083,-0.4
Hull City,Blackburn Rovers,1,2,A,2008-2009,1459.163255346544,1459.6283342445693,0.0,0.0,-0.46507889802524005,0.0
West Ham United,Manchester City,1,0,H,2008-2009,1503.755230039767,1478.123681324746,0.6,0.0,25.631548715020926,0.6
Bolton Wanderers,Newcastle United,1,0,H,2008-2009,1479.8282294591181,1467.4127414788072,0.6,0.4,12.4154879803109,0.19999999999999996
Aston Villa,Stoke City,2,2,D,2008-2009,1632.2435619332614,1452.6535611276327,0.4,0.0,179.59000080562873,0.4
Portsmouth,Chelsea,0,1,A,2008-2009,1453.7778342087238,1709.5302143961828,0.2,0.2,-255.75238018745904,0.0
West Bromwich Albion,Arsenal,1,3,A,2008-2009,1418.277809007189,1636.368318347341,0.6,0.2,-218.09050934015204,0.39999999999999997
Liverpool,Sunderland,2,0,H,2008-2009,1677.6860566321448,1477.2268372465132,0.4,0.2,200.4592193856315,0.2
Manchester City,Aston Villa,2,0,H,2008-2009,1464.2282810233892,1625.1139854174205,0.8,1.0,-160.88570439403134,-0.19999999999999996
Newcastle United,Manchester United,1,2,A,2008-2009,1452.948533139804,1780.3274352677618,0.2,0.8,-327.37890212795764,-0.6000000000000001
Stoke City,Bolton Wanderers,2,0,H,2008-2009,1459.7831376434735,1494.2924377981212,0.2,0.0,-34.50930015464769,0.2
Wigan Athletic,West Ham United,0,1,A,2008-2009,1506.5779426875101,1517.6506303411238,0.6,0.2,-11.072687653613684,0.39999999999999997
Blackburn Rovers,Everton,0,0,D,2008-2009,1474.608255186481,1610.9841395873652,0.4,0.4,-136.37588440088416,0.0
Fulham,Hull City,0,1,A,2008-2009,1505.4397898966113,1444.1833344046322,0.6,0.0,61.25645549197907,0.6
Tottenham Hotspur,Middlesbrough,4,0,H,2008-2009,1483.7334499582646,1447.3193515684695,0.2,0.0,36.41409838979507,0.2
Sunderland,Tottenham Hotspur,1,1,D,2008-2009,1470.0337106547727,1497.1670582384997,0.6,0.2,-27.133347583727073,0.39999999999999997
Fulham,Blackburn Rovers,1,2,A,2008-2009,1487.8222029104563,1480.2112325300268,0.6,0.2,7.610970380429535,0.39999999999999997
Manchester United,Liverpool,1,4,A,2008-2009,1784.2834680730364,1684.8791832238853,1.0,0.4,99.40428484915105,0.6
Arsenal,Blackburn Rovers,4,0,H,2008-2009,1643.0211667805247,1495.5397719838274,0.4,0.4,147.48139479669726,0.0
Bolton Wanderers,Fulham,1,3,A,2008-2009,1477.8074318311642,1472.4936634566557,0.6,0.0,5.313768374508527,0.6
Everton,Stoke City,3,1,H,2008-2009,1605.3811622438195,1476.2681436104306,0.8,0.0,129.11301863338895,0.8
Hull City,Newcastle United,1,1,D,2008-2009,1461.8009213907872,1448.9925003345295,0.0,0.2,12.808421056257657,-0.2
Middlesbrough,Portsmouth,1,1,D,2008-2009,1433.8857432882344,1448.1797128147773,0.2,0.0,-14.293969526542924,0.2
Sunderland,Wigan Athletic,1,2,A,2008-2009,1471.2027756952427,1492.0558272593385,0.4,0.0,-20.853051564095722,0.4
Chelsea,Manchester City,1,0,H,2008-2009,1715.1283357901293,1485.7169812571158,0.8,0.0,229.41135453301354,0.8
Aston Villa,Tottenham Hotspur,1,2,A,2008-2009,1603.625285183694,1495.9979931980297,0.2,0.2,107.62729198566421,0.0
West Ham United,West Bromwich Albion,0,0,D,2008-2009,1532.1727457692955,1411.6249605740054,0.8,0.0,120.54778519529009,0.8
Portsmouth,Everton,2,1,H,2008-2009,1447.5629404890917,1615.0500812743421,0.2,0.2,-167.4871407852504,0.0
Blackburn Rovers,West Ham United,1,1,D,2008-2009,1486.5503101973839,1527.167535432337,0.2,0.4,-40.61722523495314,-0.2
Fulham,Manchester United,2,0,H,2008-2009,1487.7230593927368,1765.1052302859991,0.4,1.0,-277.38217089326236,-0.6
Stoke City,Middlesbrough,1,0,H,2008-2009,1466.599224579908,1434.50251561392,0.4,0.0,32.096708965988,0.4
Tottenham Hotspur,Chelsea,1,0,H,2008-2009,1515.5014961113968,1721.4499007973136,0.4,0.4,-205.94840468591678,0.0
West Bromwich Albion,Bolton Wanderers,1,1,D,2008-2009,1416.630170910964,1462.578035895083,0.4,0.0,-45.94786498411918,0.4
Newcastle United,Arsenal,1,3,A,2008-2009,1449.5452339440908,1652.0106285669683,0.0,0.4,-202.4653946228775,-0.4
Wigan Athletic,Hull City,1,0,H,2008-2009,1506.15660817276,1461.2481877812259,0.4,0.2,44.90842039153404,0.2
Manchester City,Sunderland,1,0,H,2008-2009,1479.3954162499315,1457.1019947818213,1.0,0.0,22.293421468110182,1.0
Liverpool,Aston Villa,5,0,H,2008-2009,1704.0574210109226,1584.1217822703268,0.6,0.8,119.93563874059578,-0.20000000000000007
Blackburn Rovers,Tottenham Hotspur,2,1,H,2008-2009,1488.295951472803,1538.4797389839484,0.2,0.4,-50.18378751114551,-0.2
Arsenal,Manchester City,2,0,H,2008-2009,1659.1407931252725,1493.4342506265327,0.4,0.0,165.70654249873974,0.4
Bolton Wanderers,Middlesbrough,4,1,H,2008-2009,1460.60579169676,1420.8843132335292,0.6,0.0,39.721478463230824,0.6
Hull City,Portsmouth,0,0,D,2008-2009,1448.1763141394786,1469.281399502152,0.0,0.0,-21.105085362673435,0.0
Newcastle United,Chelsea,0,2,A,2008-2009,1442.4150693857866,1698.471657924762,0.0,0.4,-256.05658853897535,-0.4
West Bromwich Albion,Stoke City,0,2,A,2008-2009,1418.602415109287,1480.2174269602988,0.2,0.0,-61.615011851011786,0.2
West Ham United,Sunderland,2,0,H,2008-2009,1525.421894156918,1443.06316040522,0.6,0.0,82.35873375169786,0.6
Fulham,Liverpool,0,1,A,2008-2009,1512.6699277928126,1714.0757103304786,0.6,0.4,-201.40578253766603,0.19999999999999996
Everton,Wigan Athletic,4,0,H,2008-2009,1593.3316222612818,1519.2284818145072,0.8,0.2,74.10314044677466,0.6000000000000001
Manchester United,Aston Villa,3,2,H,2008-2009,1740.1583618859233,1574.1034929507707,0.8,0.6,166.05486893515263,0.20000000000000007
Liverpool,Blackburn Rovers,4,0,H,2008-2009,1721.2390825324844,1505.4476170611683,0.6,0.4,215.7914654713161,0.19999999999999996
Chelsea,Bolton Wanderers,4,3,H,2008-2009,1704.0618097877925,1473.8983105262214,0.8,0.0,230.16349926157113,0.8
Middlesbrough,Hull City,3,1,H,2008-2009,1407.5917944040677,1449.086374822177,0.2,0.2,-41.49458041810931,0.0
Portsmouth,West Bromwich Albion,2,2,D,2008-2009,1468.3713388194535,1406.235008105121,0.4,0.0,62.136330714332416,0.4
Sunderland,Manchester United,1,2,A,2008-2009,1431.5537361405447,1748.4894251067594,0.4,0.8,-316.9356889662147,-0.4
Tottenham Hotspur,West Ham United,1,0,H,2008-2009,1521.328073395583,1536.9313184215932,0.6,0.2,-15.6032450260102,0.39999999999999997
Wigan Athletic,Arsenal,1,4,A,2008-2009,1507.3801254919076,1667.48392760016,0.4,0.6,-160.10380210825247,-0.19999999999999996
Stoke City,Newcastle United,1,1,D,2008-2009,1492.5848339644647,1436.824917522756,0.6,0.2,55.75991644170858,0.39999999999999997
Aston Villa,Everton,3,3,D,2008-2009,1565.7724297299346,1605.1799785838814,0.2,0.0,-39.407548853946764,0.2
Manchester City,Fulham,1,3,A,2008-2009,1485.091116151645,1505.5065555908068,1.0,0.2,-20.415439439161673,0.8
Aston Villa,West Ham United,1,1,D,2008-2009,1567.4665317191423,1521.2581247069133,0.0,0.2,46.20840701222892,-0.2
Middlesbrough,Fulham,0,0,D,2008-2009,1424.3747900876292,1519.6261632523315,0.4,0.4,-95.25137316470227,0.0
Portsmouth,Bolton Wanderers,1,0,H,2008-2009,1465.7169377130915,1467.5983214314883,0.4,0.0,-1.881383718396819,0.4
Stoke City,Blackburn Rovers,1,0,H,2008-2009,1490.197942822401,1498.7259954603476,0.6,0.4,-8.52805263794653,0.19999999999999996
Sunderland,Hull City,1,0,H,2008-2009,1427.38663599344,1432.3033791386156,0.4,0.2,-4.916743145175587,0.2
Tottenham Hotspur,Newcastle United,1,0,H,2008-2009,1537.001267110263,1439.2118086648197,0.8,0.2,97.78945844544319,0.6000000000000001
Manchester City,West Bromwich Albion,4,2,H,2008-2009,1470.9715084901204,1408.889409211483,0.8,0.0,62.082099278637315,0.8
Liverpool,Arsenal,4,4,D,2008-2009,1727.9607041333052,1676.0226946192954,0.8,0.6,51.938009514009764,0.20000000000000007
Chelsea,Everton,0,0,D,2008-2009,1710.3617988825256,1603.4858765946738,0.8,0.0,106.87592228785184,0.8
Manchester United,Portsmouth,2,0,H,2008-2009,1752.6565252538642,1480.7981627836296,0.8,0.0,271.8583624702346,0.8
Bolton Wanderers,Aston Villa,1,1,D,2008-2009,1452.5170963609503,1565.4832345706277,0.8,0.4,-112.96613820967741,0.4
Everton,Manchester City,1,2,A,2008-2009,1607.959845218709,1483.3193754863216,0.8,0.0,124.64046973238737,0.8
Fulham,Stoke City,1,0,H,2008-2009,1515.613854150816,1505.5660545262072,0.4,0.2,10.047799624608842,0.2
Hull City,Liverpool,1,3,A,2008-2009,1417.091120442698,1725.7349153699943,0.0,0.6,-308.6437949272963,-0.6
West Bromwich Albion,Sunderland,3,0,H,2008-2009,1396.5415422152819,1442.5988946893576,0.0,0.0,-46.05735247407574,0.0
West Ham United,Chelsea,0,1,A,2008-2009,1523.241421855428,1705.8878302584903,0.6,0.6,-182.64640840306242,0.0
Manchester United,Tottenham Hotspur,5,2,H,2008-2009,1757.8446823366505,1547.8874205151408,0.8,0.4,209.95726182150975,0.4
Arsenal,Middlesbrough,2,0,H,2008-2009,1678.2484833826063,1428.3870991891447,0.4,0.0,249.86138419346162,0.4
Blackburn Rovers,Wigan Athletic,2,0,H,2008-2009,1483.3578837565415,1498.8413584727723,0.2,0.2,-15.48347471623083,0.0
Newcastle United,Portsmouth,0,0,D,2008-2009,1428.3256552599419,1475.6100057008432,0.0,0.0,-47.284350440901335,0.0
Middlesbrough,Manchester United,0,2,A,2008-2009,1422.6329194785496,1764.7430888464216,0.4,0.8,-342.110169367872,-0.4
Chelsea,Fulham,3,1,H,2008-2009,1713.6565367200253,1530.180176666979,0.6,0.4,183.4763600530464,0.19999999999999996
Manchester City,Blackburn Rovers,3,1,H,2008-2009,1503.4809854707141,1499.025916906757,0.8,0.4,4.455068563957184,0.4
Portsmouth,Arsenal,0,3,A,2008-2009,1473.5810872476027,1684.0026630932014,0.6,0.6,-210.42157584559868,0.0
Stoke City,West Ham United,0,1,A,2008-2009,1490.9997320100442,1515.472715393893,0.6,0.2,-24.472983383848714,0.39999999999999997
Tottenham Hotspur,West Bromwich Albion,1,0,H,2008-2009,1540.9890140053697,1413.5184314574174,0.8,0.0,127.47058254795229,0.8
Wigan Athletic,Bolton Wanderers,0,0,D,2008-2009,1483.1733253225568,1457.2293393427701,0.2,0.0,25.943985979786703,0.2
Liverpool,Newcastle United,3,0,H,2008-2009,1730.076261226069,1430.3545737131824,0.6,0.2,299.72168751288655,0.39999999999999997
Sunderland,Everton,0,2,A,2008-2009,1425.6220054472221,1587.7982352343165,0.4,0.0,-162.17622978709437,0.4
Aston Villa,Hull City,1,0,H,2008-2009,1560.7709915888079,1412.7497745866233,0.0,0.2,148.02121700218458,-0.2
Blackburn Rovers,Portsmouth,2,0,H,2008-2009,1484.2182471369522,1466.6968688085797,0.4,0.0,17.52137832837252,0.4
Bolton Wanderers,Sunderland,0,0,D,2008-2009,1458.3473540016794,1417.1559233090545,0.6,0.0,41.19143069262486,0.6
Everton,Tottenham Hotspur,0,0,D,2008-2009,1596.2643173724841,1550.7199896892096,0.8,0.4,45.54432768327456,0.4
Fulham,Aston Villa,3,1,H,2008-2009,1522.4389428209333,1569.740901635592,0.4,0.2,-47.30195881465875,0.2
Hull City,Stoke City,1,2,A,2008-2009,1403.779864539839,1477.054571634756,0.0,0.2,-73.27470709491695,-0.2
West Bromwich Albion,Wigan Athletic,3,1,H,2008-2009,1403.7874557735774,1482.0553106636476,0.2,0.2,-78.26785489007011,0.0
West Ham United,Liverpool,0,3,A,2008-2009,1529.4178757691811,1734.611812313229,0.4,0.8,-205.1939365440478,-0.4
Manchester United,Manchester City,2,0,H,2008-2009,1768.4168683808757,1518.288655240519,0.8,0.2,250.12821314035682,0.6000000000000001
Arsenal,Chelsea,1,4,A,2008-2009,1690.8868815322244,1721.397770566071,0.6,0.8,-30.510889033846524,-0.20000000000000007
Newcastle United,Middlesbrough,3,1,H,2008-2009,1425.8190226260224,1418.9591399440956,0.0,0.0,6.85988268192682,0.0
Wigan Athletic,Manchester United,1,2,A,2008-2009,1463.7322394613109,1774.1639083569492,0.2,0.8,-310.43166889563827,-0.6000000000000001
Manchester United,Arsenal,0,0,D,2008-2009,1778.4671791481935,1677.200766719829,0.8,0.8,101.26641242836445,0.0
Bolton Wanderers,Hull City,1,1,D,2008-2009,1456.5772627554134,1391.897303745312,0.4,0.2,64.67995901010136,0.2
Everton,West Ham United,3,1,H,2008-2009,1594.3091966979396,1522.3727335442197,0.6,0.4,71.93646315371984,0.19999999999999996
Middlesbrough,Aston Villa,1,1,D,2008-2009,1404.2552664071502,1552.711236881446,0.4,0.0,-148.45597047429578,0.4
Newcastle United,Fulham,0,1,A,2008-2009,1440.5228961629678,1539.4686075750794,0.2,0.4,-98.94571141211168,-0.2
Stoke City,Wigan Athletic,2,0,H,2008-2009,1488.937132429283,1459.4289686700665,0.6,0.2,29.508163759216586,0.39999999999999997
Tottenham Hotspur,Manchester City,2,1,H,2008-2009,1552.6751103637541,1512.5416152644455,1.0,0.2,40.133495099308675,0.8
West Bromwich Albion,Liverpool,0,2,A,2008-2009,1422.1105269759141,1741.6569545381903,0.4,0.8,-319.5464275622762,-0.4
Chelsea,Blackburn Rovers,2,0,H,2008-2009,1735.0838853784662,1498.462429061201,0.8,0.2,236.62145631726526,0.6000000000000001
Portsmouth,Sunderland,3,1,H,2008-2009,1452.452686884331,1418.9260145553205,0.4,0.0,33.52667232901035,0.4
Arsenal,Stoke City,4,1,H,2008-2009,1681.4530499820535,1502.666216967406,0.6,0.4,178.78683301464753,0.19999999999999996
Aston Villa,Newcastle United,1,0,H,2008-2009,1546.665418400172,1429.682865173226,0.2,0.0,116.98255322694604,0.2
Blackburn Rovers,West Bromwich Albion,0,0,D,2008-2009,1492.345465420977,1417.9970615898528,0.6,0.0,74.34840383112419,0.6
Fulham,Everton,0,2,A,2008-2009,1550.3086385648212,1606.2470825957937,0.6,0.2,-55.938444030972505,0.39999999999999997
Hull City,Manchester United,0,1,A,2008-2009,1394.6579436639033,1774.214895885969,0.0,0.8,-379.5569522220658,-0.8
Liverpool,Tottenham Hotspur,3,1,H,2008-2009,1745.7704199242517,1565.9500738779273,0.8,0.2,179.8203460463244,0.6000000000000001
Manchester City,Bolton Wanderers,1,0,H,2008-2009,1499.2666517502723,1453.816622836822,0.8,0.0,45.450028913450296,0.8
Sunderland,Chelsea,2,3,A,2008-2009,1405.36900121125,1741.2008490186902,0.2,0.8,-335.8318478074402,-0.6000000000000001
West Ham United,Middlesbrough,2,1,H,2008-2009,1510.4348476463656,1410.3010848884242,0.4,0.0,100.13376275794144,0.4
Wigan Athletic,Portsmouth,1,0,H,2008-2009,1445.6998841319437,1466.0097002284015,0.2,0.0,-20.30981609645778,0.2
Chelsea,Hull City,2,1,H,2009-2010,1744.9927417119586,1391.6245177323744,0.8,0.0,353.3682239795842,0.8
Aston Villa,Wigan Athletic,0,2,A,2009-2010,1556.7974583728887,1461.5757319721406,0.4,0.2,95.22172640074814,0.2
Blackburn Rovers,Manchester City,0,2,A,2009-2010,1489.1837018314625,1512.315533257174,0.6,0.2,-23.131831425711425,0.39999999999999997
Bolton Wanderers,Sunderland,0,1,A,2009-2010,1440.7677413299205,1401.5771085179815,0.2,0.0,39.19063281193894,0.2
Portsmouth,Fulham,0,1,A,2009-2010,1450.1338523882046,1537.7030415812349,0.6,0.6,-87.5691891930303,0.0
Stoke City,Burnley,2,0,H,2009-2010,1494.768922187689,1500.0,0.6,0.0,-5.231077812311014,0.6
Wolverhampton Wanderers,West Ham United,0,2,A,2009-2010,1500.0,1521.2275764046672,0.0,0.2,-21.22757640466716,-0.2
Everton,Arsenal,1,6,A,2009-2010,1618.85267957938,1689.3503447617704,0.6,0.6,-70.49766518239039,0.0
Manchester United,Birmingham City,1,0,H,2009-2010,1777.248321817498,1437.2480713424643,0.8,0.0,340.0002504750337,0.8
Tottenham Hotspur,Liverpool,2,1,H,2009-2010,1558.0873460913506,1753.6331477108283,1.0,1.0,-195.54580161947774,0.0
Sunderland,Chelsea,1,3,A,2009-2010,1418.261964293322,1748.4626513784788,0.2,0.8,-330.2006870851567,-0.6000000000000001
Wigan Athletic,Wolverhampton Wanderers,0,1,A,2009-2010,1480.5868526728166,1485.915329467045,0.4,0.0,-5.328476794228436,0.4
Birmingham City,Portsmouth,1,0,H,2009-2010,1433.5349556015183,1438.836444170564,0.4,0.0,-5.3014885690456595,0.4
Burnley,Manchester United,1,0,H,2009-2010,1484.774173280437,1780.961437558444,0.0,0.8,-296.187264278007,-0.8
Hull City,Tottenham Hotspur,1,5,A,2009-2010,1388.1546080658543,1580.738414717941,0.0,0.2,-192.58380665208665,-0.2
Liverpool,Stoke City,4,0,H,2009-2010,1730.982079084238,1509.994748907252,0.8,0.4,220.987330176986,0.4
Arsenal,Portsmouth,4,1,H,2009-2010,1701.3478099165034,1423.6075782725948,0.8,0.0,277.7402316439086,0.8
Birmingham City,Stoke City,0,0,D,2009-2010,1448.7638214994874,1503.4278368899263,0.6,0.4,-54.66401539043886,0.19999999999999996
Hull City,Bolton Wanderers,1,0,H,2009-2010,1380.7106569753814,1424.08288555458,0.0,0.0,-43.37222857919846,0.0
Manchester City,Wolverhampton Wanderers,1,0,H,2009-2010,1526.3183248328564,1500.685298666366,0.8,1.0,25.63302616649048,-0.19999999999999996
Sunderland,Blackburn Rovers,2,1,H,2009-2010,1414.361384692437,1475.18091025578,0.2,0.0,-60.81952556334295,0.2
Wigan Athletic,Manchester United,0,5,A,2009-2010,1465.8168834734956,1755.575873820222,0.2,0.8,-289.75899034672625,-0.6000000000000001
West Ham United,Tottenham Hotspur,1,2,A,2009-2010,1535.3122469376221,1588.1823658084138,0.4,0.2,-52.87011887079166,0.2
Burnley,Everton,1,0,H,2009-2010,1510.1597370186591,1606.855214424647,1.0,0.4,-96.69547740598796,0.6
Fulham,Chelsea,0,2,A,2009-2010,1549.0004497988755,1752.3632309793638,0.6,1.0,-203.36278118048835,-0.4
Liverpool,Aston Villa,1,3,A,2009-2010,1737.5489911015636,1537.7863376722128,0.8,0.0,199.76265342935085,0.8
Chelsea,Burnley,3,0,H,2009-2010,1759.4653549245484,1529.2298676005787,0.8,0.0,230.23548732396966,0.8
Blackburn Rovers,West Ham United,0,0,D,2009-2010,1457.581616610908,1522.577376268745,0.6,0.4,-64.99575965783697,0.19999999999999996
Bolton Wanderers,Liverpool,2,3,A,2009-2010,1407.2200227460164,1714.7640676144388,0.2,0.8,-307.54404486842236,-0.6000000000000001
Stoke City,Sunderland,1,0,H,2009-2010,1501.0870845655961,1431.960678337309,0.6,0.2,69.12640622828712,0.39999999999999997
Tottenham Hotspur,Birmingham City,2,1,H,2009-2010,1600.917236477291,1451.1045738238176,1.0,0.0,149.81266265347335,1.0
Wolverhampton Wanderers,Hull City,1,1,D,2009-2010,1486.789961805791,1397.573519783945,0.0,0.0,89.2164420218462,0.0
Manchester United,Arsenal,2,1,H,2009-2010,1760.3366569610382,1706.3922864390588,0.8,0.6,53.94437052197941,0.20000000000000007
Portsmouth,Manchester City,0,1,A,2009-2010,1418.5631017500393,1540.2136616934313,0.4,0.4,-121.65055994339195,0.0
Everton,Wigan Athletic,2,1,H,2009-2010,1587.7850838427275,1461.0561003326793,0.4,0.2,126.72898351004824,0.2
Aston Villa,Fulham,2,0,H,2009-2010,1560.5712611593376,1541.898325853691,0.4,0.6,18.67293530564666,-0.19999999999999996
Blackburn Rovers,Wolverhampton Wanderers,3,1,H,2009-2010,1460.3554267187583,1483.0206641447542,0.4,0.5,-22.665237425995883,-0.09999999999999998
Liverpool,Burnley,4,0,H,2009-2010,1719.1289728128438,1522.9319407072398,0.6,0.0,196.19703210560397,0.6
Manchester City,Arsenal,4,2,H,2009-2010,1550.1661867475623,1693.7027160343587,0.8,0.4,-143.5365292867964,0.4
Portsmouth,Bolton Wanderers,2,3,A,2009-2010,1408.6105766959083,1402.8551175476114,0.4,0.0,5.75545914829695,0.4
Stoke City,Chelsea,1,2,A,2009-2010,1513.1414242816288,1765.7632818178872,0.8,1.0,-252.6218575362584,-0.19999999999999996
Sunderland,Hull City,4,1,H,2009-2010,1419.9063386212763,1401.3428174449818,0.4,0.0,18.563521176294444,0.4
Wigan Athletic,West Ham United,1,0,H,2009-2010,1451.297036836248,1519.8035661608947,0.2,0.4,-68.50652932464664,-0.2
Tottenham Hotspur,Manchester United,1,3,A,2009-2010,1609.8224376007213,1773.0262273657384,1.0,0.8,-163.20378976501706,0.19999999999999996
Birmingham City,Aston Villa,0,1,A,2009-2010,1442.1993727003874,1574.7658610621884,0.4,0.2,-132.56648836180102,0.2
Fulham,Everton,2,1,H,2009-2010,1527.7037259508402,1597.5441473391588,0.4,0.4,-69.84042138831865,0.0
Burnley,Sunderland,3,1,H,2009-2010,1515.6037903378417,1434.1056487727417,1.0,0.2,81.49814156510001,0.8
Arsenal,Wigan Athletic,4,0,H,2009-2010,1672.835792611776,1469.216957952817,0.8,0.2,203.61883465895903,0.6000000000000001
Aston Villa,Portsmouth,2,0,H,2009-2010,1584.3049776953621,1393.3621162770485,0.6,0.0,190.94286141831367,0.6
Bolton Wanderers,Stoke City,1,1,D,2009-2010,1418.1035779664712,1507.4607818400582,0.0,0.2,-89.35720387358697,-0.2
Hull City,Birmingham City,0,1,A,2009-2010,1387.1435072935164,1432.6602560672136,0.2,0.0,-45.516748773697145,0.2
West Ham United,Liverpool,2,3,A,2009-2010,1501.8836450443257,1726.457123182242,0.4,0.8,-224.57347813791625,-0.4
Manchester United,Manchester City,4,3,H,2009-2010,1781.4564101403425,1571.033110170145,0.8,0.6,210.4232999701976,0.20000000000000007
Wolverhampton Wanderers,Fulham,2,1,H,2009-2010,1467.0435129495247,1545.679011953723,0.0,0.4,-78.63549900419821,-0.4
Everton,Blackburn Rovers,3,0,H,2009-2010,1579.568861336276,1476.3325779139877,0.4,0.0,103.23628342228835,0.4
Chelsea,Tottenham Hotspur,3,0,H,2009-2010,1771.4439242594578,1601.392254826117,0.8,0.4,170.05166943334075,0.4
Portsmouth,Everton,0,1,A,2009-2010,1385.8651712334304,1590.238492904164,0.2,0.4,-204.37332167073373,-0.2
Birmingham City,Bolton Wanderers,1,2,A,2009-2010,1445.7063058537487,1421.8785684824352,0.4,0.2,23.82773737131356,0.2
Blackburn Rovers,Aston Villa,2,1,H,2009-2010,1465.6629463460997,1591.8019227389802,0.4,0.4,-126.13897639288052,0.0
Liverpool,Hull City,6,1,H,2009-2010,1732.9187602295774,1374.0974575069813,0.8,0.0,358.8213027225961,0.8
Stoke City,Manchester United,0,2,A,2009-2010,1503.6857913240942,1788.3405759333937,0.6,0.8,-284.65478460929944,-0.20000000000000007
Tottenham Hotspur,Burnley,5,0,H,2009-2010,1593.1989285187585,1527.1483775594224,0.8,0.0,66.05055095933608,0.8
Wigan Athletic,Chelsea,3,1,H,2009-2010,1462.1228209398935,1779.6372505668164,0.4,1.0,-317.51442962692295,-0.6
Fulham,Arsenal,0,1,A,2009-2010,1527.3408508291304,1679.9299296246995,0.6,0.4,-152.5890787955691,0.19999999999999996
Sunderland,Wolverhampton Wanderers,5,2,H,2009-2010,1422.561061551161,1485.3816740741172,0.4,0.3333333333333333,-62.82061252295625,0.06666666666666671
Manchester City,West Ham United,3,1,H,2009-2010,1564.1489443770938,1495.4220079969903,1.0,0.4,68.72693638010355,0.6
Bolton Wanderers,Tottenham Hotspur,2,2,D,2009-2010,1437.9056847716604,1605.381161458559,0.0,0.4,-167.47547668689867,-0.4
Burnley,Birmingham City,2,1,H,2009-2010,1514.966144619622,1429.6791895645235,1.0,0.2,85.28695505509836,0.8
Hull City,Wigan Athletic,2,1,H,2009-2010,1370.7227155656224,1487.9676607562049,0.2,0.2,-117.24494519058248,0.0
Wolverhampton Wanderers,Portsmouth,0,1,A,2009-2010,1467.698665284326,1378.794532440802,0.3333333333333333,0.0,88.90413284352394,0.3333333333333333
Manchester United,Sunderland,2,2,D,2009-2010,1793.2202264213192,1440.2440703409522,0.8,0.2,352.976156080367,0.6000000000000001
Arsenal,Blackburn Rovers,6,2,H,2009-2010,1688.735378876436,1485.8815065751942,0.8,0.0,202.85387230124184,0.8
Everton,Stoke City,1,1,D,2009-2010,1597.3091316967925,1498.8061408361687,0.6,0.2,98.50299086062387,0.39999999999999997
West Ham United,Fulham,2,2,D,2009-2010,1483.3510831389608,1518.535401577394,0.2,0.4,-35.18431843843314,-0.2
Chelsea,Liverpool,2,0,H,2009-2010,1753.792410750505,1736.2935021709363,1.0,0.8,17.498908579568706,0.19999999999999996
Aston Villa,Manchester City,1,1,D,2009-2010,1571.5833625098858,1576.2198692351233,0.8,0.4,-4.636506725237496,0.4
Aston Villa,Chelsea,2,1,H,2009-2010,1571.7835247142002,1768.0375603119269,0.6,0.8,-196.25403559772667,-0.20000000000000007
Arsenal,Birmingham City,3,1,H,2009-2010,1695.8533953383944,1418.289103965732,0.8,0.2,277.5642913726624,0.6000000000000001
Everton,Wolverhampton Wanderers,1,1,D,2009-2010,1593.166812605623,1448.9420025323914,0.6,0.25,144.22481007323154,0.35
Manchester United,Bolton Wanderers,2,1,H,2009-2010,1781.6970676212297,1444.6237412231544,0.6,0.4,337.0733263980753,0.19999999999999996
Portsmouth,Tottenham Hotspur,1,2,A,2009-2010,1397.5511951927365,1598.663105007065,0.2,0.4,-201.11190981432856,-0.2
Stoke City,West Ham United,2,1,H,2009-2010,1502.9484599273383,1484.8649407704531,0.6,0.2,18.08351915688513,0.39999999999999997
Sunderland,Liverpool,1,0,H,2009-2010,1451.7672291410418,1722.0483526095145,0.6,0.6,-270.28112346847274,0.0
Blackburn Rovers,Burnley,3,2,H,2009-2010,1478.7634901132355,1526.3562302184134,0.4,0.0,-47.59274010517788,0.4
Wigan Athletic,Manchester City,1,1,D,2009-2010,1468.0895679484888,1576.0197070308088,0.6,0.4,-107.93013908232001,0.19999999999999996
Fulham,Hull City,2,0,H,2009-2010,1517.0215439459016,1390.6008083733384,0.4,0.0,126.42073557256322,0.4
Wolverhampton Wanderers,Aston Villa,1,1,D,2009-2010,1454.8340759941166,1594.4571914529824,0.25,0.4,-139.62311545886587,-0.15000000000000002
Birmingham City,Sunderland,2,1,H,2009-2010,1413.240376077701,1476.5399976282395,0.4,0.2,-63.299621550538404,0.2
Burnley,Wigan Athletic,1,3,A,2009-2010,1509.3142426778459,1472.6049641273864,1.0,0.2,36.70927855045943,0.8
Hull City,Portsmouth,0,0,D,2009-2010,1380.8300577462107,1390.3785944068447,0.4,0.2,-9.548536660634,0.2
Tottenham Hotspur,Stoke City,0,1,A,2009-2010,1605.8357057929568,1517.16843589458,0.8,0.0,88.66726989837684,0.8
Chelsea,Blackburn Rovers,5,0,H,2009-2010,1745.3638935731447,1495.805477653803,1.0,0.0,249.55841591934154,1.0
Bolton Wanderers,Everton,3,2,H,2009-2010,1440.855459048349,1587.2747391438977,0.0,0.6,-146.41928009554863,-0.6
Liverpool,Manchester United,2,0,H,2009-2010,1697.2755841223168,1785.465349796035,0.8,0.8,-88.18976567371828,0.0
Manchester City,Fulham,2,2,D,2009-2010,1571.5043108519112,1526.7922945730293,1.0,0.4,44.71201627888195,0.6
West Ham United,Arsenal,2,2,D,2009-2010,1470.6449648032115,1700.9021232264254,0.2,0.4,-230.25715842321392,-0.2
Arsenal,Tottenham Hotspur,3,0,H,2009-2010,1692.19942941709,1587.0886294613083,1.0,0.6,105.11079995578166,0.4
Bolton Wanderers,Chelsea,0,4,A,2009-2010,1461.827457618441,1751.1261882231943,0.2,0.6,-289.29873060475325,-0.39999999999999997
Burnley,Hull City,2,0,H,2009-2010,1492.735247097791,1381.2421974528424,0.8,0.0,111.49304964494854,0.8
Everton,Aston Villa,1,1,D,2009-2010,1566.3027405738057,1588.7340037896258,0.4,0.4,-22.43126321582008,0.0
Fulham,Liverpool,3,1,H,2009-2010,1528.7120809847565,1716.0033247745275,0.4,0.4,-187.291243789771,0.0
Portsmouth,Wigan Athletic,4,0,H,2009-2010,1389.966454700213,1489.1839597074413,0.0,0.4,-99.21750500722828,-0.4
Stoke City,Wolverhampton Wanderers,2,2,D,2009-2010,1535.9155122262284,1460.5572636574732,0.6,0.2,75.35824856875524,0.39999999999999997
Sunderland,West Ham United,2,2,D,2009-2010,1458.8369749454,1479.3476586125466,0.8,0.2,-20.510683667146623,0.6000000000000001
Manchester United,Blackburn Rovers,2,0,H,2009-2010,1766.7376091438243,1490.0431830037535,0.8,0.0,276.69442614007085,0.8
Birmingham City,Manchester City,0,0,D,2009-2010,1430.9433987605405,1569.584524440184,0.4,0.4,-138.64112567964344,0.0
West Ham United,Aston Villa,2,1,H,2009-2010,1478.4631684815347,1587.7669116455381,0.2,0.4,-109.30374316400344,-0.2
Aston Villa,Bolton Wanderers,5,1,H,2009-2010,1568.1976504751601,1457.0560530142686,0.6,0.4,111.14159746089149,0.19999999999999996
Blackburn Rovers,Portsmouth,3,1,H,2009-2010,1484.9733939639138,1409.1372531177585,0.6,0.2,75.83614084615533,0.39999999999999997
Manchester City,Burnley,3,3,D,2009-2010,1563.8975998143176,1503.0804020532444,0.8,0.0,60.8171977610732,0.8
Tottenham Hotspur,Sunderland,2,0,H,2009-2010,1576.4930663245793,1459.721465076412,0.6,0.2,116.77160124816737,0.39999999999999997
Wolverhampton Wanderers,Arsenal,1,4,A,2009-2010,1463.7606630419518,1702.794992553819,0.2,0.4,-239.0343295118671,-0.2
Hull City,Stoke City,2,1,H,2009-2010,1370.897042497389,1532.7121128417498,0.4,0.2,-161.81507034436072,0.2
West Ham United,Everton,1,2,A,2009-2010,1498.0324296519127,1567.2698327178935,0.2,0.4,-69.23740306598074,-0.2
Wigan Athletic,Fulham,1,1,D,2009-2010,1470.0131612898958,1551.0963079695573,0.4,0.2,-81.08314667966147,0.2
Chelsea,Manchester United,1,0,H,2009-2010,1755.8975928273667,1771.807398183664,1.0,0.6,-15.909805356297284,0.4
Liverpool,Birmingham City,2,2,D,2009-2010,1693.6190977897268,1436.6303233864069,0.8,0.2,256.9887744033199,0.6000000000000001
Liverpool,Manchester City,2,2,D,2009-2010,1684.1848830919114,1561.298403651056,0.6,0.2,122.88647944085528,0.39999999999999997
Birmingham City,Fulham,1,0,H,2009-2010,1446.0645380842222,1547.6578658485923,0.2,0.0,-101.59332776437009,0.2
Burnley,Aston Villa,1,1,D,2009-2010,1505.6795982165058,1578.5565219372024,0.8,0.2,-72.8769237206966,0.6000000000000001
Chelsea,Wolverhampton Wanderers,4,0,H,2009-2010,1771.583994630778,1457.7110598475797,1.0,0.0,313.8729347831984,1.0
Hull City,West Ham United,3,3,D,2009-2010,1392.4183206965492,1485.9826969618123,0.6,0.0,-93.56437626526304,0.6
Sunderland,Arsenal,1,0,H,2009-2010,1449.5812751761316,1708.844595748191,0.8,0.4,-259.26332057205946,0.4
Manchester United,Everton,3,0,H,2009-2010,1756.1209963802526,1579.3195654079939,0.8,0.4,176.8014309722587,0.4
Bolton Wanderers,Blackburn Rovers,0,2,A,2009-2010,1446.6971815522263,1496.7503090998066,0.2,0.0,-50.05312754758029,0.2
Tottenham Hotspur,Wigan Athletic,9,1,H,2009-2010,1586.6332562248597,1473.4516034108608,0.6,0.2,113.18165281399888,0.39999999999999997
Stoke City,Portsmouth,1,0,H,2009-2010,1511.1908346425896,1397.3603379818658,0.4,0.2,113.83049666072384,0.2
Hull City,Everton,3,2,H,2009-2010,1396.3629200747873,1571.3555932240683,0.4,0.4,-174.99267314928102,0.0
Fulham,Blackburn Rovers,3,0,H,2009-2010,1528.392606245826,1509.6041687815757,0.6,0.2,18.788437464250364,0.39999999999999997
Blackburn Rovers,Stoke City,0,0,D,2009-2010,1495.4145410425,1521.4449834894515,0.8,0.2,-26.030442446951383,0.6000000000000001
Fulham,Bolton Wanderers,1,1,D,2009-2010,1542.5822339849017,1433.8433218704572,0.8,0.4,108.73891211444447,0.4
Manchester City,Hull City,1,1,D,2009-2010,1566.3931388682167,1418.337890841239,0.6,0.0,148.05524802697778,0.6
Portsmouth,Manchester United,1,4,A,2009-2010,1387.106189135004,1764.084968564178,0.2,0.6,-376.9787794291742,-0.39999999999999997
West Ham United,Burnley,5,3,H,2009-2010,1482.0380975835742,1508.7806016128566,0.2,0.0,-26.742504029282372,0.2
Wigan Athletic,Sunderland,1,0,H,2009-2010,1463.1722310093653,1474.074600194403,0.4,0.0,-10.902369185037742,0.4
Aston Villa,Tottenham Hotspur,1,1,D,2009-2010,1575.4555185408517,1596.9126286263552,0.8,0.4,-21.457110085503473,0.4
Wolverhampton Wanderers,Birmingham City,0,1,A,2009-2010,1453.4802924528508,1465.3297976869885,0.2,0.2,-11.849505234137723,0.0
Everton,Liverpool,0,2,A,2009-2010,1549.3806224576167,1679.0901478747508,0.4,0.4,-129.70952541713405,0.0
Arsenal,Chelsea,0,3,A,2009-2010,1684.3512707299196,1775.814762025507,1.0,0.6,-91.46349129558735,0.4
Portsmouth,Burnley,2,0,H,2009-2010,1384.032055533305,1492.6283096107063,0.2,0.0,-108.59625407740123,0.2
Arsenal,Stoke City,2,0,H,2009-2010,1673.2113067013245,1520.3232570098214,0.8,0.2,152.88804969150306,0.6000000000000001
Aston Villa,Hull City,3,0,H,2009-2010,1576.380720473259,1424.3692125416621,0.6,0.0,152.01150793159695,0.6
Blackburn Rovers,Liverpool,0,0,D,2009-2010,1496.5362675221302,1688.7365803528753,0.8,0.4,-192.20031283074513,0.4
West Ham United,Manchester United,0,4,A,2009-2010,1498.1903895857245,1767.159102165877,0.4,0.6,-268.96871258015244,-0.19999999999999996
Wigan Athletic,Birmingham City,2,3,A,2009-2010,1478.6427696911724,1479.8184116872555,0.6,0.4,-1.1756419960831863,0.19999999999999996
Wolverhampton Wanderers,Bolton Wanderers,2,1,H,2009-2010,1438.9916784525838,1438.3904491762748,0.2,0.4,0.6012292763089135,-0.2
Manchester City,Chelsea,2,1,H,2009-2010,1560.3618171677936,1786.9547260541021,0.4,0.6,-226.59290888630858,-0.19999999999999996
Fulham,Sunderland,1,0,H,2009-2010,1538.035106679084,1458.604061512596,0.6,0.0,79.43104516648805,0.6
Everton,Tottenham Hotspur,2,2,D,2009-2010,1539.7341899794922,1595.9874266939478,0.2,0.2,-56.253236714455625,0.0
Stoke City,Wigan Athletic,2,2,D,2009-2010,1511.5285102443015,1463.6935260424832,0.4,0.2,47.834984201818315,0.2
Birmingham City,West Ham United,1,0,H,2009-2010,1494.7676553359447,1492.9304677946543,0.4,0.0,1.8371875412904046,0.4
Bolton Wanderers,Manchester City,3,3,D,2009-2010,1423.4164063047856,1583.9589213230654,0.2,0.0,-160.5425150182798,0.2
Burnley,Fulham,1,1,D,2009-2010,1473.0867760583976,1549.6643167890934,0.6,0.0,-76.57754073069577,0.6
Chelsea,Everton,3,3,D,2009-2010,1763.3576218988303,1542.141835468801,1.0,0.4,221.2157864300293,0.6
Hull City,Blackburn Rovers,0,0,D,2009-2010,1415.5430660085085,1504.079954090683,0.6,0.2,-88.53688808217453,0.39999999999999997
Sunderland,Portsmouth,1,1,D,2009-2010,1446.9748514025866,1403.5735890856138,0.8,0.2,43.40126231697286,0.6000000000000001
Tottenham Hotspur,Wolverhampton Wanderers,0,1,A,2009-2010,1593.579781204639,1453.965721324073,0.6,0.0,139.61405988056595,0.6
Manchester United,Aston Villa,0,1,A,2009-2010,1772.419023956947,1585.2068670064127,0.8,0.0,187.21215695053434,0.8
Liverpool,Arsenal,1,2,A,2009-2010,1681.1928937843225,1682.0060534668444,0.6,0.4,-0.8131596825219276,0.19999999999999996
Sunderland,Aston Villa,0,2,A,2009-2010,1445.110754452608,1607.588506711306,0.6,0.2,-162.47775225869805,0.39999999999999997
Birmingham City,Blackburn Rovers,2,1,H,2009-2010,1509.688338313109,1500.3381560227365,0.6,0.2,9.350182290372459,0.39999999999999997
Bolton Wanderers,West Ham United,3,1,H,2009-2010,1429.8930572950144,1478.00978481749,0.2,0.0,-48.116727522475685,0.2
Manchester United,Wolverhampton Wanderers,3,0,H,2009-2010,1750.0373842520537,1474.6885749383475,0.6,0.2,275.34880931370617,0.39999999999999997
Burnley,Arsenal,1,1,D,2009-2010,1476.3403778393138,1696.9709466053866,0.4,0.6,-220.63056876607288,-0.19999999999999996
Chelsea,Portsmouth,2,1,H,2009-2010,1754.9177906914676,1405.4376860355924,0.8,0.2,349.48010465587527,0.6000000000000001
Liverpool,Wigan Athletic,2,1,H,2009-2010,1666.2280006457802,1465.7457773076796,0.4,0.2,200.48222333810054,0.2
Tottenham Hotspur,Manchester City,3,0,H,2009-2010,1572.8569275903644,1577.4822703328366,0.6,0.0,-4.625342742472185,0.6
Portsmouth,Liverpool,2,0,H,2009-2010,1401.8985032626622,1673.420403126106,0.4,0.2,-271.5218998634439,0.2
Aston Villa,Stoke City,1,0,H,2009-2010,1616.0440450921396,1509.476258979105,0.6,0.2,106.56778611303457,0.39999999999999997
Blackburn Rovers,Tottenham Hotspur,0,2,A,2009-2010,1485.7417384144628,1588.0566078924178,0.6,0.2,-102.31486947795497,0.39999999999999997
Fulham,Manchester United,3,0,H,2009-2010,1546.4107150081772,1755.1398911201227,0.8,0.6,-208.72917611194543,0.20000000000000007
Manchester City,Sunderland,4,3,H,2009-2010,1562.2825900307832,1436.6552160717745,0.4,0.0,125.62737395900876,0.4
Arsenal,Hull City,3,0,H,2009-2010,1688.5483989397167,1419.284864076455,0.8,0.0,269.2635348632616,0.8
Wolverhampton Wanderers,Burnley,2,0,H,2009-2010,1469.5860680702785,1484.7629255049837,0.2,0.0,-15.176857434705198,0.2
Everton,Birmingham City,1,1,D,2009-2010,1550.5816666761636,1524.2847559213826,0.0,0.4,26.296910754781038,-0.4
West Ham United,Chelsea,1,1,D,2009-2010,1460.9455987348251,1758.4569734643978,0.4,0.4,-297.5113747295727,0.0
Birmingham City,Chelsea,0,0,D,2009-2010,1525.4179217683125,1748.0417260583658,0.8,0.4,-222.62380429005339,0.4
Fulham,Tottenham Hotspur,0,0,D,2009-2010,1569.4746830276779,1598.7627325295664,0.8,0.4,-29.28804950188851,0.4
West Ham United,Portsmouth,2,0,H,2009-2010,1471.3608461408571,1426.7020301038883,0.4,0.0,44.6588160369688,0.4
Burnley,Bolton Wanderers,1,1,D,2009-2010,1469.1081043468585,1446.9572433776793,0.2,0.2,22.15086096917912,0.0
Manchester City,Stoke City,2,0,H,2009-2010,1572.0834539633713,1498.9381045770529,0.4,0.2,73.14534938631846,0.2
Sunderland,Everton,1,1,D,2009-2010,1426.8543521391864,1549.4485008292338,0.4,0.2,-122.5941486900474,0.2
Wigan Athletic,Blackburn Rovers,1,1,D,2009-2010,1458.5533748273538,1475.0356137773142,0.4,0.2,-16.482238949960447,0.2
Liverpool,Wolverhampton Wanderers,2,0,H,2009-2010,1648.61687628488,1485.2408892284038,0.4,0.2,163.3759870564761,0.2
Arsenal,Aston Villa,3,0,H,2009-2010,1693.8009631377065,1626.5821994941919,0.8,0.4,67.21876364351465,0.4
Hull City,Manchester United,1,3,A,2009-2010,1414.0322998784652,1732.075923100622,0.4,0.4,-318.04362322215684,0.0
Tottenham Hotspur,West Ham United,2,0,H,2009-2010,1597.5012524486326,1484.4433189894232,0.6,0.0,113.05793345920938,0.6
Blackburn Rovers,Sunderland,2,2,D,2009-2010,1474.324551661315,1431.9379192034874,0.4,0.0,42.386632457827545,0.4
Chelsea,Fulham,2,1,H,2009-2010,1739.5604452294913,1570.7361631086117,0.8,0.0,168.82428212087962,0.8
Everton,Burnley,2,0,H,2009-2010,1544.3649337649329,1468.1530684443287,0.0,0.0,76.21186532060415,0.0
Stoke City,Birmingham City,0,1,A,2009-2010,1487.0501997732792,1533.899202597187,0.4,0.4,-46.84900282390777,0.0
Wolverhampton Wanderers,Manchester City,0,3,A,2009-2010,1476.8167133470445,1583.971358767145,0.4,0.0,-107.15464542010045,0.4
Aston Villa,Liverpool,0,1,A,2009-2010,1614.4485916731285,1657.0410521662393,0.8,0.2,-42.59246049311082,0.6000000000000001
Bolton Wanderers,Hull City,2,2,D,2009-2010,1447.912279280209,1409.8880323137842,0.4,0.0,38.024246966424926,0.4
Portsmouth,Arsenal,1,4,A,2009-2010,1413.6195572553222,1705.9345709587699,0.6,0.4,-292.3150137034477,0.19999999999999996
Manchester United,Wigan Athletic,5,0,H,2009-2010,1736.220190665303,1459.264436943353,0.8,0.2,276.95575372195003,0.6000000000000001
Stoke City,Fulham,3,2,H,2009-2010,1474.0606635152192,1562.500690380364,0.4,0.0,-88.44002686514477,0.4
Arsenal,Everton,2,2,D,2009-2010,1710.636717304606,1556.1263801124514,0.8,0.2,154.51033719215457,0.6000000000000001
Birmingham City,Manchester United,1,1,D,2009-2010,1546.888738855247,1741.2836451043174,0.6,0.6,-194.39490624907035,0.0
Manchester City,Blackburn Rovers,4,1,H,2009-2010,1594.4864298394793,1472.503598821262,0.6,0.2,121.98283101821744,0.39999999999999997
Stoke City,Liverpool,1,1,D,2009-2010,1492.7985396982524,1670.2113446055314,0.4,0.4,-177.412804907279,0.0
Chelsea,Sunderland,7,2,H,2009-2010,1747.795917957739,1433.7588720435404,0.8,0.0,314.03704591419864,0.8
Manchester United,Burnley,3,0,H,2009-2010,1733.6693992092223,1456.3916220968101,0.8,0.0,277.2777771124122,0.8
Tottenham Hotspur,Hull City,0,0,D,2009-2010,1607.785437763833,1411.5231479288964,0.8,0.0,196.2622898349366,0.8
Wolverhampton Wanderers,Wigan Athletic,0,2,A,2009-2010,1466.30164227471,1454.2009825043388,0.4,0.0,12.100659770371294,0.4
Everton,Manchester City,2,0,H,2009-2010,1562.3895745934083,1604.4262380284267,0.2,0.2,-42.036663435018454,0.0
Aston Villa,West Ham United,0,0,D,2009-2010,1601.2782992338364,1474.1591336742229,0.6,0.0,127.11916555961352,0.6
Blackburn Rovers,Fulham,2,0,H,2009-2010,1462.5637906323145,1543.7628141973307,0.2,0.0,-81.1990235650162,0.2
Bolton Wanderers,Arsenal,0,2,A,2009-2010,1446.2771636650969,1704.3735228236492,0.2,0.6,-258.09635915855233,-0.39999999999999997
Arsenal,Bolton Wanderers,4,2,H,2009-2010,1709.9104635016536,1440.7402229870925,0.6,0.0,269.1702405145611,0.6
Liverpool,Tottenham Hotspur,2,0,H,2009-2010,1663.1547462520416,1600.1115079288732,0.4,0.2,63.04323832316845,0.2
Manchester United,Hull City,4,0,H,2009-2010,1738.7250564537721,1419.1970777638562,0.8,0.0,319.5279786899159,0.8
Portsmouth,West Ham United,1,1,D,2009-2010,1408.917410909486,1479.4148534275928,0.6,0.0,-70.49744251810671,0.6
Wolverhampton Wanderers,Liverpool,0,0,D,2009-2010,1450.7794259337918,1675.4624345077193,0.4,0.4,-224.6830085739275,0.0
Bolton Wanderers,Burnley,1,0,H,2009-2010,1435.4853314099855,1451.3359648522603,0.2,0.0,-15.850633442274784,0.2
Tottenham Hotspur,Fulham,2,0,H,2009-2010,1587.8038196731954,1525.3196325098763,0.6,0.0,62.48418716331912,0.6
Aston Villa,Arsenal,0,0,D,2009-2010,1596.0225794804664,1715.1653550787605,0.4,0.6,-119.14277559829407,-0.19999999999999996
Chelsea,Birmingham City,3,0,H,2009-2010,1752.023253363928,1554.5029847503422,0.8,0.6,197.5202686135858,0.20000000000000007
Blackburn Rovers,Wigan Athletic,2,1,H,2009-2010,1481.006972319769,1469.723198845257,0.2,0.2,11.283773474511918,0.0
Everton,Sunderland,2,0,H,2009-2010,1579.1956389104819,1429.5315366373513,0.4,0.0,149.66410227313054,0.4
Birmingham City,Tottenham Hotspur,1,1,D,2009-2010,1547.2169366978974,1600.1348732706228,0.6,0.2,-52.917936572725466,0.39999999999999997
Fulham,Aston Villa,0,2,A,2009-2010,1512.988578912449,1600.9738120931984,0.6,0.4,-87.98523318074945,0.19999999999999996
Hull City,Wolverhampton Wanderers,2,2,D,2009-2010,1415.0832354112847,1459.3209849111975,0.4,0.2,-44.23774949991275,0.2
Liverpool,Bolton Wanderers,2,0,H,2009-2010,1666.9208755303137,1451.1691838860918,0.6,0.0,215.75169164422186,0.6
West Ham United,Blackburn Rovers,0,0,D,2009-2010,1476.412327810339,1495.5199838677686,0.4,0.0,-19.107656057429494,0.4
Wigan Athletic,Everton,0,1,A,2009-2010,1455.2101872972573,1588.1061959282506,0.2,0.0,-132.89600863099326,0.2
Burnley,Chelsea,1,2,A,2009-2010,1435.652112376154,1759.3093014163728,0.2,0.4,-323.6571890402188,-0.2
Manchester City,Portsmouth,2,0,H,2009-2010,1587.6201737113531,1411.9199365267398,0.8,0.0,175.70023718461334,0.8
Arsenal,Manchester United,1,3,A,2009-2010,1710.2141224660286,1742.8388988063436,0.8,0.6,-32.624776340315066,0.20000000000000007
Sunderland,Stoke City,0,0,D,2009-2010,1420.6209796195826,1499.8551380517422,0.2,0.0,-79.23415843215957,0.2
Hull City,Chelsea,1,1,D,2009-2010,1416.9828779734012,1763.3394936542616,0.2,0.4,-346.3566156808604,-0.2
Fulham,Portsmouth,1,0,H,2009-2010,1501.708033341892,1403.9188274182993,0.4,0.0,97.78920592359259,0.4
Liverpool,Everton,1,0,H,2009-2010,1673.6436913558223,1597.6329758599777,0.8,0.2,76.01071549584458,0.6000000000000001
Bolton Wanderers,Fulham,0,0,D,2009-2010,1444.4463680605832,1512.5941968289867,0.4,0.0,-68.14782876840354,0.4
Burnley,West Ham United,2,1,H,2009-2010,1431.6219201382653,1477.2364409352506,0.0,0.0,-45.61452079698529,0.0
Hull City,Manchester City,2,1,H,2009-2010,1428.387180384103,1595.6212828197936,0.2,0.2,-167.2341024356906,0.0
Manchester United,Portsmouth,5,0,H,2009-2010,1756.434499337053,1393.0326639312045,0.8,0.0,363.4018354058485,0.8
Stoke City,Blackburn Rovers,3,0,H,2009-2010,1496.4924202185266,1494.695870742857,0.4,0.0,1.796549475669508,0.4
Sunderland,Wigan Athletic,1,1,D,2009-2010,1423.9836974527982,1445.6834073655302,0.2,0.2,-21.699709912732033,0.0
Tottenham Hotspur,Aston Villa,0,0,D,2009-2010,1597.8677266023367,1612.2543576637554,0.6,0.6,-14.386631061418711,0.0
Birmingham City,Wolverhampton Wanderers,2,1,H,2009-2010,1549.4840833661835,1457.421342349081,0.4,0.2,92.06274101710255,0.2
Chelsea,Arsenal,2,0,H,2009-2010,1751.9351912435598,1696.6185219353192,0.8,0.6,55.316669308240535,0.20000000000000007
Manchester City,Bolton Wanderers,2,0,H,2009-2010,1573.9115596044148,1447.3513866647304,1.0,0.0,126.56017293968443,1.0
Portsmouth,Sunderland,1,1,D,2009-2010,1389.7360928597188,1424.9193329634154,0.4,0.0,-35.18324010369656,0.4
Wigan Athletic,Stoke City,1,1,D,2009-2010,1444.747771854913,1511.414857634038,0.2,0.0,-66.66708577912505,0.2
Fulham,Burnley,3,0,H,2009-2010,1509.6891782248395,1448.5800197301976,0.6,0.0,61.10915849464186,0.6
Arsenal,Liverpool,1,0,H,2009-2010,1683.9867573410204,1685.4134182587798,0.6,0.2,-1.4266609177593637,0.39999999999999997
Aston Villa,Manchester United,1,1,D,2009-2010,1611.6335916256087,1759.7310704085387,0.4,0.6,-148.09747878293,-0.19999999999999996
West Ham United,Birmingham City,2,0,H,2009-2010,1460.2783413433183,1560.5998997131917,0.4,0.6,-100.3215583698734,-0.19999999999999996
Wolverhampton Wanderers,Tottenham Hotspur,1,0,H,2009-2010,1446.3055260020728,1598.4884926404834,0.4,0.2,-152.18296663841056,0.2
Blackburn Rovers,Hull City,1,0,H,2009-2010,1479.7734333273456,1450.0969035994817,0.4,0.0,29.676529727863908,0.4
Everton,Chelsea,2,1,H,2009-2010,1585.8632489570202,1764.5669558378586,0.6,0.2,-178.70370688083835,0.39999999999999997
Stoke City,Manchester City,1,1,D,2009-2010,1508.571420505454,1583.6770226079468,0.4,0.2,-75.10560210249287,0.2
Wigan Athletic,Bolton Wanderers,0,0,D,2009-2010,1447.5912089834972,1437.5859236611984,0.2,0.0,10.005285322298732,0.2
Everton,Manchester United,3,1,H,2009-2010,1607.9631696915415,1753.698220307922,0.8,0.4,-145.73505061638048,0.4
Arsenal,Sunderland,2,0,H,2009-2010,1699.0483508978741,1423.405521413194,0.6,0.0,275.6428294846801,0.6
West Ham United,Hull City,3,0,H,2009-2010,1479.493081386828,1436.375035525511,0.4,0.0,43.11804586131689,0.4
Wolverhampton Wanderers,Chelsea,0,2,A,2009-2010,1467.485526660996,1742.4670351033374,0.4,0.2,-274.98150844234146,0.2
Portsmouth,Stoke City,1,2,A,2009-2010,1391.2499044099402,1511.7644081234912,0.4,0.0,-120.514503713551,0.4
Blackburn Rovers,Bolton Wanderers,3,0,H,2009-2010,1493.4953014013163,1438.0177671828553,0.6,0.0,55.47753421846096,0.6
Aston Villa,Burnley,5,2,H,2009-2010,1617.6664417262255,1436.1914405938007,0.2,0.0,181.47500113242472,0.2
Fulham,Birmingham City,2,1,H,2009-2010,1522.0777573612363,1541.385159669682,0.6,0.4,-19.307402308445717,0.19999999999999996
Manchester City,Liverpool,0,0,D,2009-2010,1580.4840349899096,1670.351824701926,1.0,0.2,-89.86778971201647,0.8
Wigan Athletic,Tottenham Hotspur,0,3,A,2009-2010,1447.1593654618403,1577.3084919815603,0.0,0.2,-130.14912651972008,-0.2
Manchester United,West Ham United,3,0,H,2009-2010,1732.7510992961113,1492.6410242529125,1.0,0.0,240.11007504319878,1.0
Chelsea,Manchester City,2,4,A,2009-2010,1747.5785017754358,1584.2796654608885,1.0,0.2,163.29883631454732,0.8
Birmingham City,Wigan Athletic,1,0,H,2009-2010,1525.5524491091587,1437.5294870305586,0.4,0.2,88.02296207860013,0.2
Bolton Wanderers,Wolverhampton Wanderers,1,0,H,2009-2010,1425.3927740702222,1462.3740599888974,0.4,0.2,-36.98128591867521,0.2
Burnley,Portsmouth,1,2,A,2009-2010,1428.3838510550129,1381.2538378149366,0.2,0.0,47.13001324007632,0.2
Stoke City,Arsenal,1,3,A,2009-2010,1521.7604747184948,1704.1436945466544,0.4,0.4,-182.38321982815955,0.0
Tottenham Hotspur,Everton,2,1,H,2009-2010,1586.938370412842,1628.910290703352,0.6,0.2,-41.97192029051007,0.39999999999999997
Liverpool,Blackburn Rovers,2,1,H,2009-2010,1666.556194230947,1506.1202945139494,1.0,0.0,160.4358997169977,1.0
Sunderland,Fulham,0,0,D,2009-2010,1418.3101777644138,1537.9104679217596,0.0,0.0,-119.60029015734585,0.0
Arsenal,Burnley,3,1,H,2009-2010,1711.9211261695139,1411.36147435842,0.6,0.0,300.5596518110938,0.6
West Ham United,Bolton Wanderers,1,2,A,2009-2010,1486.6212735503848,1441.9833820631227,0.6,0.0,44.637891487262095,0.6
Wolverhampton Wanderers,Manchester United,0,1,A,2009-2010,1445.783451995997,1738.770849998639,0.2,0.4,-292.98739800264207,-0.2
Everton,Hull City,5,1,H,2009-2010,1612.10698111194,1423.2270926594265,1.0,0.0,188.87988845251357,1.0
Wigan Athletic,Liverpool,1,0,H,2009-2010,1426.2504701525797,1675.0832885556804,0.0,0.2,-248.83281840310065,-0.2
Portsmouth,Birmingham City,1,2,A,2009-2010,1398.2762145115294,1536.8314659871376,0.2,0.2,-138.5552514756082,0.0
Sunderland,Bolton Wanderers,4,0,H,2009-2010,1423.2790030936758,1458.9000205852524,0.0,0.2,-35.621017491576595,-0.2
Burnley,Stoke City,1,1,D,2009-2010,1406.8444625716147,1513.9830430956354,0.2,0.2,-107.13858052402065,0.0
Tottenham Hotspur,Blackburn Rovers,3,1,H,2009-2010,1603.741680004254,1497.593200189216,0.6,0.0,106.14847981503794,0.6
Birmingham City,Everton,2,2,D,2009-2010,1546.147716238288,1619.6709054349942,0.4,0.2,-73.5231891967062,0.2
Bolton Wanderers,Wigan Athletic,4,0,H,2009-2010,1442.3675035547246,1450.468705074808,0.4,0.2,-8.10120152008335,0.2
Burnley,Wolverhampton Wanderers,1,2,A,2009-2010,1411.3287599177727,1441.096632561875,0.2,0.0,-29.767872644102226,0.2
Chelsea,West Ham United,4,1,H,2009-2010,1726.0053686440488,1469.704635028255,0.8,0.0,256.30073361579366,0.8
Stoke City,Aston Villa,0,0,D,2009-2010,1509.4987457494774,1625.4740312650133,0.4,0.6,-115.97528551553592,-0.19999999999999996
Hull City,Arsenal,1,2,A,2009-2010,1415.6631683363723,1716.4381379563192,0.2,0.6,-300.7749696199469,-0.39999999999999997
Manchester United,Fulham,3,0,H,2009-2010,1743.4576694327611,1532.9416425924976,1.0,0.0,210.51602684026352,1.0
Sunderland,Manchester City,1,1,D,2009-2010,1439.8115201242035,1605.8527985922756,0.2,0.4,-166.04127846807205,-0.2
Liverpool,Portsmouth,4,1,H,2009-2010,1650.8650536334521,1388.959964260379,1.0,0.2,261.9050893730732,0.8
Wigan Athletic,Aston Villa,1,2,A,2009-2010,1435.1190114625379,1620.6450149289703,0.2,0.4,-185.52600346643248,-0.2
Aston Villa,Wolverhampton Wanderers,2,2,D,2009-2010,1628.3186745697594,1454.8145857655304,0.2,0.2,173.504088804229,0.0
Everton,Bolton Wanderers,2,0,H,2009-2010,1616.5432032895046,1457.7171971669948,1.0,0.2,158.82600612250985,0.8
Portsmouth,Hull City,3,2,H,2009-2010,1383.5213306708913,1411.1509102067503,0.0,0.0,-27.629579535858966,0.0
Stoke City,Tottenham Hotspur,1,2,A,2009-2010,1514.3277620855204,1614.2963414815954,0.2,0.2,-99.96857939607503,0.0
Sunderland,Birmingham City,3,1,H,2009-2010,1446.4799861272631,1549.2754183837776,0.2,0.4,-102.79543225651446,-0.2
Wigan Athletic,Burnley,1,0,H,2009-2010,1427.4453518217488,1397.6108067141172,0.2,0.0,29.834545107631584,0.2
Arsenal,West Ham United,2,0,H,2009-2010,1720.9503960859413,1464.1208728527572,0.8,0.0,256.8295232331841,0.8
Manchester United,Liverpool,2,1,H,2009-2010,1750.3390042365866,1656.3036872229397,1.0,0.0,94.03531701364682,1.0
Fulham,Manchester City,1,2,A,2009-2010,1526.0603077886722,1599.184332589216,0.6,0.2,-73.1240248005438,0.39999999999999997
Blackburn Rovers,Chelsea,1,1,D,2009-2010,1487.0385387118747,1731.5891308195467,0.8,0.4,-244.55059210767195,0.4
West Ham United,Wolverhampton Wanderers,1,3,A,2009-2010,1458.5509306742977,1461.7390850269353,0.6,0.2,-3.188154352637639,0.39999999999999997
Aston Villa,Sunderland,1,1,D,2009-2010,1621.3941753083545,1465.7929013670553,0.2,0.0,155.60127394129927,0.2
Manchester City,Everton,0,2,A,2009-2010,1611.0731184308818,1625.1269723683017,0.8,0.2,-14.053853937419944,0.6000000000000001
Portsmouth,Chelsea,0,5,A,2009-2010,1399.7116872466183,1722.4868235110182,0.2,0.4,-322.77513626439986,-0.2
Blackburn Rovers,Birmingham City,2,1,H,2009-2010,1496.1408460204032,1529.9625031439855,0.8,0.2,-33.82165712358233,0.6000000000000001
Birmingham City,Arsenal,1,1,D,2009-2010,1513.5068998621443,1726.5203382644008,0.4,0.6,-213.0134384022565,-0.19999999999999996
Chelsea,Aston Villa,7,1,H,2009-2010,1726.534762941183,1615.0921439104911,0.8,0.4,111.44261903069196,0.4
Hull City,Fulham,2,0,H,2009-2010,1394.9605536310232,1514.1715219470063,0.2,0.0,-119.21096831598311,0.2
Tottenham Hotspur,Portsmouth,2,0,H,2009-2010,1625.0956416044507,1395.6637478164535,0.6,0.2,229.4318937879973,0.39999999999999997
West Ham United,Stoke City,0,1,A,2009-2010,1443.688570498941,1503.528461962665,0.4,0.2,-59.839891463723916,0.2
Wolverhampton Wanderers,Everton,0,0,D,2009-2010,1476.6014452022919,1639.5205494314923,0.2,0.4,-162.91910422920046,-0.2
Bolton Wanderers,Manchester United,0,4,A,2009-2010,1449.1334280881977,1761.3754855359214,0.6,0.4,-312.2420574477237,0.19999999999999996
Burnley,Blackburn Rovers,0,1,A,2009-2010,1383.8957109176463,1512.5964493022443,0.2,0.0,-128.70073838459803,0.2
Liverpool,Sunderland,3,0,H,2009-2010,1645.267205923605,1472.0949327649187,1.0,0.0,173.17227315868627,1.0
Manchester City,Wigan Athletic,3,0,H,2009-2010,1596.6795413676912,1441.1604476182197,0.6,0.2,155.5190937494715,0.39999999999999997
Manchester United,Chelsea,1,2,A,2009-2010,1765.640485480854,1736.8818855785091,1.0,0.4,28.75859990234494,0.6
Arsenal,Wolverhampton Wanderers,1,0,H,2009-2010,1718.3257338372423,1483.161325798291,0.8,0.4,235.16440803895125,0.4
Bolton Wanderers,Aston Villa,0,1,A,2009-2010,1444.868428143265,1604.745021273165,0.6,0.4,-159.87659312990013,0.19999999999999996
Portsmouth,Blackburn Rovers,0,0,D,2009-2010,1389.342772713998,1522.280926139008,0.2,0.2,-132.9381534250099,0.0
Stoke City,Hull City,2,0,H,2009-2010,1515.9702124515766,1414.9144094161024,0.2,0.0,101.05580303547413,0.2
Sunderland,Tottenham Hotspur,3,1,H,2009-2010,1464.0081542928078,1631.416616706906,0.4,0.4,-167.40846241409827,0.0
Burnley,Manchester City,1,6,A,2009-2010,1374.2112340808826,1605.380431992639,0.2,0.4,-231.16919791175633,-0.2
Birmingham City,Liverpool,1,1,D,2009-2010,1521.7015042893029,1653.3539843957158,0.4,0.0,-131.6524801064129,0.4
Fulham,Wigan Athletic,2,1,H,2009-2010,1494.2176661619271,1432.459556993272,0.6,0.0,61.75810916865521,0.6
Everton,West Ham United,2,2,D,2009-2010,1632.9606688354932,1431.2468200100295,1.0,0.0,201.71384882546363,1.0
Hull City,Burnley,1,4,A,2009-2010,1404.1583292330863,1367.940009757185,0.4,0.0,36.21831947590135,0.4
West Ham United,Sunderland,1,0,H,2009-2010,1439.0931133644008,1485.7238976545268,0.4,0.0,-46.63078429012603,0.4
Wolverhampton Wanderers,Stoke City,0,0,D,2009-2010,1477.0034161849303,1526.7262926345927,0.2,0.4,-49.72287644966241,-0.2
Blackburn Rovers,Manchester United,0,0,D,2009-2010,1516.806128853762,1749.4017048016462,0.8,0.6,-232.5955759478843,0.20000000000000007
Liverpool,Fulham,0,0,D,2009-2010,1647.9273645693831,1506.579085889032,1.0,0.0,141.3482786803511,1.0
Manchester City,Birmingham City,5,1,H,2009-2010,1611.6516563163366,1527.1281241156355,0.6,0.2,84.52353220070108,0.39999999999999997
Chelsea,Bolton Wanderers,1,0,H,2009-2010,1753.120666257717,1436.321669555056,0.8,0.2,316.79899670266104,0.6000000000000001
Aston Villa,Everton,2,2,D,2009-2010,1613.2917798613742,1625.114375481122,0.2,0.2,-11.822595619747744,0.0
Wigan Athletic,Portsmouth,0,0,D,2009-2010,1420.098137266167,1394.8175699992441,0.4,0.2,25.280567266922844,0.2
Tottenham Hotspur,Arsenal,2,1,H,2009-2010,1609.7008733451871,1724.483643450603,0.8,0.4,-114.78277010541592,0.4
Manchester City,Manchester United,0,1,A,2009-2010,1623.0728089626891,1740.6322980786035,0.6,0.4,-117.5594891159144,0.19999999999999996
Birmingham City,Hull City,0,0,D,2009-2010,1515.706971469283,1387.600298287132,0.4,0.0,128.10667318215087,0.4
Blackburn Rovers,Everton,2,3,A,2009-2010,1525.5755355768047,1624.6041499155647,0.6,0.2,-99.02861433876001,0.39999999999999997
Fulham,Wolverhampton Wanderers,0,0,D,2009-2010,1512.3657911983892,1479.135588395367,0.8,0.4,33.230202803022166,0.4
Stoke City,Bolton Wanderers,1,2,A,2009-2010,1524.594120424156,1432.1517451206778,0.2,0.2,92.44237530347823,0.0
Sunderland,Burnley,2,1,H,2009-2010,1468.7226866956632,1384.4980407031392,0.6,0.2,84.22464599252407,0.39999999999999997
Tottenham Hotspur,Chelsea,2,1,H,2009-2010,1629.4836897831437,1757.290590692095,0.8,0.6,-127.80690090895132,0.20000000000000007
Wigan Athletic,Arsenal,3,2,H,2009-2010,1419.0086095979534,1704.7008270126464,0.4,0.4,-285.692217414693,0.0
Portsmouth,Aston Villa,1,2,A,2009-2010,1395.9070976674577,1613.8020054269314,0.2,0.4,-217.89490775947365,-0.2
Liverpool,West Ham United,3,0,H,2009-2010,1642.140659260026,1456.0943243232643,0.8,0.0,186.0463349367617,0.8
Hull City,Aston Villa,0,2,A,2009-2010,1392.8933807950148,1620.4606854150322,0.4,0.6,-227.56730462001747,-0.19999999999999996
Manchester United,Tottenham Hotspur,3,1,H,2009-2010,1750.74206509873,1649.7654381815776,0.8,0.4,100.97662691715254,0.4
Bolton Wanderers,Portsmouth,2,2,D,2009-2010,1451.0512155676697,1389.2484176793569,0.4,0.2,61.80279788831285,0.2
Hull City,Sunderland,0,1,A,2009-2010,1386.5186886644772,1480.1560112332124,0.4,0.0,-93.63732256873527,0.4
West Ham United,Wigan Athletic,3,2,H,2009-2010,1448.437757620747,1444.1533110448997,0.4,0.0,4.284446575847369,0.4
Wolverhampton Wanderers,Blackburn Rovers,1,1,D,2009-2010,1480.5658928461012,1514.7388082892003,0.2,0.2,-34.1729154430991,0.0
Arsenal,Manchester City,0,0,D,2009-2010,1679.5561255657,1612.9630419425625,1.0,0.6,66.59308362313755,0.4
Aston Villa,Birmingham City,1,0,H,2009-2010,1626.8353775455698,1510.4138889614003,0.2,0.2,116.42148858416954,0.0
Burnley,Liverpool,0,4,A,2009-2010,1373.06471616559,1649.7972259625433,0.0,0.0,-276.7325097969533,0.0
Everton,Fulham,2,1,H,2009-2010,1635.440877203169,1510.935486747655,0.8,0.0,124.50539045551409,0.8
Chelsea,Stoke City,7,0,H,2009-2010,1737.0088422936612,1505.694649977164,0.8,0.4,231.31419231649716,0.4
Birmingham City,Burnley,2,1,H,2009-2010,1500.2601657175112,1367.9958506693706,0.2,0.2,132.2643150481406,0.0
Manchester City,Aston Villa,3,1,H,2009-2010,1615.803398823321,1636.989100789459,0.4,0.8,-21.185701966137913,-0.4
Portsmouth,Wolverhampton Wanderers,3,1,H,2009-2010,1391.8888675772457,1482.0365168836458,0.2,0.4,-90.14764930640013,-0.2
Stoke City,Everton,0,0,D,2009-2010,1499.4275647720754,1645.284409200139,0.2,0.4,-145.8568444280636,-0.2
Tottenham Hotspur,Bolton Wanderers,1,0,H,2009-2010,1639.0062131175846,1448.4107656697809,1.0,0.4,190.59544744780374,0.6
Liverpool,Chelsea,0,2,A,2009-2010,1654.8660914587626,1743.27592749875,0.8,0.6,-88.40983603998734,0.20000000000000007
Fulham,West Ham United,3,2,H,2009-2010,1501.091954750685,1463.2527925686488,0.6,0.0,37.83916218203626,0.6
Sunderland,Manchester United,0,1,A,2009-2010,1491.208480464596,1761.501290162723,0.8,0.6,-270.29280969812703,0.20000000000000007
Wigan Athletic,Hull City,2,2,D,2009-2010,1429.338276096998,1375.4662194330936,0.6,0.0,53.87205666390446,0.6
Blackburn Rovers,Arsenal,2,1,H,2009-2010,1513.2681842516556,1676.7157686849416,0.4,0.4,-163.447584433286,0.0
Fulham,Stoke City,0,1,A,2009-2010,1514.464735394284,1505.37911687161,0.6,0.4,9.08561852267394,0.19999999999999996
Manchester City,Tottenham Hotspur,0,1,A,2009-2010,1631.7169271442021,1646.5144100300436,0.6,0.4,-14.797482885841418,0.19999999999999996
Arsenal,Fulham,4,0,H,2009-2010,1655.137447746881,1499.072567101673,0.8,0.0,156.06488064520795,0.8
Aston Villa,Blackburn Rovers,0,1,A,2009-2010,1621.0755724685778,1534.8465051897163,0.4,0.2,86.22906727886152,0.2
Bolton Wanderers,Birmingham City,2,1,H,2009-2010,1440.902568757322,1509.8106027178173,0.4,0.2,-68.90803396049546,0.2
Burnley,Tottenham Hotspur,4,2,H,2009-2010,1358.4454136690645,1660.8759373467078,0.0,0.6,-302.43052367764335,-0.6
Chelsea,Wigan Athletic,8,0,H,2009-2010,1754.5392738456217,1427.0308945697418,0.8,0.0,327.50837927587986,0.8
Everton,Portsmouth,1,0,H,2009-2010,1639.3328571006043,1410.6958046047855,0.8,0.2,228.6370524958188,0.6000000000000001
Hull City,Liverpool,0,0,D,2009-2010,1377.7736009603498,1643.602745111891,0.2,0.2,-265.8291441515412,0.0
Manchester United,Stoke City,4,0,H,2009-2010,1766.7282313096193,1520.771285164221,0.8,0.4,245.95694614539843,0.4
West Ham United,Manchester City,1,1,D,2009-2010,1449.88001192505,1617.355399827538,0.4,0.6,-167.4753879024879,-0.19999999999999996
Wolverhampton Wanderers,Sunderland,2,1,H,2009-2010,1463.229579856106,1485.9815393176998,0.0,0.2,-22.751959461593742,-0.2
Tottenham Hotspur,Manchester City,0,0,D,2010-2011,1635.3517825724134,1610.6373464402955,1.0,0.4,24.714436132117953,0.6
Aston Villa,West Ham United,3,0,H,2010-2011,1602.4273646556228,1456.5980653122924,0.2,0.0,145.82929934333038,0.2
Blackburn Rovers,Everton,1,0,H,2010-2011,1553.4947130026712,1645.6766901515648,0.4,0.4,-92.18197714889357,0.0
Bolton Wanderers,Fulham,0,0,D,2010-2011,1458.8391636125991,1490.3910717516358,0.4,0.0,-31.55190813903664,0.4
Sunderland,Birmingham City,2,2,D,2010-2011,1470.0006599805893,1491.87400786254,0.6,0.0,-21.87334788195085,0.6
Wigan Athletic,Blackpool,0,4,A,2010-2011,1423.0774207947509,1500.0,0.4,0.0,-76.92257920524912,0.4
Wolverhampton Wanderers,Stoke City,2,1,H,2010-2011,1479.2104591932166,1514.911857502213,0.2,0.4,-35.70139830899643,-0.2
Chelsea,West Bromwich Albion,6,0,H,2010-2011,1758.4927476206126,1421.1588251793673,1.0,0.0,337.33392244124525,1.0
Liverpool,Arsenal,1,1,D,2010-2011,1633.9415218000756,1663.8189430969182,0.6,0.2,-29.877421296842613,0.39999999999999997
Manchester United,Newcastle United,3,0,H,2010-2011,1772.5876589716272,1419.5508252005093,0.8,0.0,353.0368337711179,0.8
Arsenal,Blackpool,6,0,H,2010-2011,1662.5322013818213,1511.7322056317514,0.8,1.0,150.7999957500699,-0.19999999999999996
Birmingham City,Blackburn Rovers,2,1,H,2010-2011,1490.9309051986331,1572.3836988893438,0.2,0.4,-81.45279369071068,-0.2
Everton,Wolverhampton Wanderers,1,1,D,2010-2011,1626.7877042648922,1495.7464102372728,0.8,0.2,131.04129402761941,0.6000000000000001
Stoke City,Tottenham Hotspur,1,2,A,2010-2011,1498.3759064581568,1634.2865706544565,0.2,0.4,-135.91066419629965,-0.2
West Bromwich Albion,Sunderland,1,0,H,2010-2011,1417.395483022013,1470.9437626444962,0.4,0.2,-53.54827962248328,0.2
West Ham United,Bolton Wanderers,1,3,A,2010-2011,1447.548615377713,1460.1976365399034,0.4,0.2,-12.649021162190365,0.2
Wigan Athletic,Chelsea,0,6,A,2010-2011,1411.3452151629995,1762.256089777967,0.4,0.6,-350.9108746149675,-0.19999999999999996
Newcastle United,Aston Villa,6,0,H,2010-2011,1416.075057533405,1611.4768145902021,0.2,0.6,-195.40175705679712,-0.39999999999999997
Fulham,Manchester United,2,2,D,2010-2011,1489.0325988243314,1776.0634266387315,0.4,0.8,-287.0308278144,-0.4
Manchester City,Liverpool,3,0,H,2010-2011,1611.7025583582524,1635.2282635151726,0.6,0.2,-23.52570515692014,0.39999999999999997
Blackburn Rovers,Arsenal,1,2,A,2010-2011,1553.9301400975883,1671.4018545262752,0.6,0.0,-117.47171442868694,0.6
Blackpool,Fulham,2,2,D,2010-2011,1502.8625524872975,1499.2085768138847,0.0,0.0,3.6539756734127877,0.0
Chelsea,Stoke City,2,0,H,2010-2011,1765.7696428395377,1488.9615923967278,1.0,0.2,276.8080504428099,0.8
Tottenham Hotspur,Wigan Athletic,0,1,A,2010-2011,1643.7008847158854,1407.8316621014287,0.8,0.0,235.8692226144567,0.8
Wolverhampton Wanderers,Newcastle United,1,1,D,2010-2011,1501.1500820162566,1438.7215242721952,0.4,0.0,62.428557744061436,0.4
Manchester United,West Ham United,3,0,H,2010-2011,1765.8874486491782,1433.0944763694058,0.8,0.0,332.79297227977236,0.8
Bolton Wanderers,Birmingham City,2,2,D,2010-2011,1474.6517755482107,1509.3844639903887,0.2,0.0,-34.73268844217796,0.2
Liverpool,West Bromwich Albion,1,0,H,2010-2011,1619.214126633975,1434.689214782795,0.4,0.0,184.52491185117992,0.4
Sunderland,Manchester City,1,0,H,2010-2011,1453.6500308837142,1627.71669523945,0.6,0.4,-174.06666435573584,0.19999999999999996
Aston Villa,Everton,1,0,H,2010-2011,1588.830347851412,1621.3840324859084,0.4,0.2,-32.55368463449645,0.2
Everton,Manchester United,3,3,D,2010-2011,1604.98267544542,1769.7376691371117,0.6,0.6,-164.75499369169165,0.0
Arsenal,Bolton Wanderers,4,1,H,2010-2011,1681.515008587863,1476.146330827653,0.8,0.4,205.36867776020995,0.4
Fulham,Wolverhampton Wanderers,2,1,H,2010-2011,1499.3663258087993,1498.4834613591165,0.4,0.2,0.8828644496827565,0.2
Manchester City,Blackburn Rovers,1,1,D,2010-2011,1605.7730979048208,1543.8169860360006,0.6,0.4,61.956111868820244,0.19999999999999996
Newcastle United,Blackpool,0,2,A,2010-2011,1441.3881449293353,1502.704803492383,0.4,0.5,-61.31665856304767,-0.09999999999999998
West Bromwich Albion,Tottenham Hotspur,1,1,D,2010-2011,1426.9825988181492,1619.838962291588,0.6,0.4,-192.8563634734387,0.19999999999999996
West Ham United,Chelsea,1,3,A,2010-2011,1429.2442558814723,1770.8366768420706,0.4,0.8,-341.59242096059825,-0.4
Wigan Athletic,Sunderland,1,1,D,2010-2011,1431.6935845257262,1475.5936282183434,0.2,0.2,-43.900043692617146,0.0
Birmingham City,Liverpool,0,0,D,2010-2011,1507.8899087109464,1626.9207425986208,0.4,0.2,-119.03083388767436,0.2
Stoke City,Aston Villa,2,1,H,2010-2011,1483.894558394195,1605.2317048919003,0.2,0.6,-121.33714649770536,-0.39999999999999997
Stoke City,West Ham United,1,1,D,2010-2011,1503.9300307007159,1425.560857047456,0.4,0.0,78.36917365325985,0.4
Aston Villa,Bolton Wanderers,1,1,D,2010-2011,1585.1962325853794,1469.1066095889935,0.6,0.4,116.08962299638597,0.19999999999999996
Blackburn Rovers,Fulham,1,1,D,2010-2011,1546.4638494288795,1514.3282095685715,0.4,0.0,32.13563986030795,0.4
Everton,Newcastle United,0,1,A,2010-2011,1611.6065102954321,1429.0082518639745,0.4,0.0,182.59825843145768,0.4
Tottenham Hotspur,Wolverhampton Wanderers,3,1,H,2010-2011,1612.2741355683283,1483.5215775993443,0.6,0.0,128.7525579689841,0.6
West Bromwich Albion,Birmingham City,3,1,H,2010-2011,1434.5474255414088,1512.8368345199335,0.6,0.0,-78.28940897852476,0.6
Sunderland,Arsenal,1,1,D,2010-2011,1473.708333510685,1688.5547298265224,0.6,0.2,-214.8463963158374,0.39999999999999997
Manchester United,Liverpool,3,2,H,2010-2011,1763.1138342870995,1621.9738167896337,0.8,0.2,141.1400174974658,0.6000000000000001
Wigan Athletic,Manchester City,0,2,A,2010-2011,1433.5788792333847,1603.126234511942,0.2,0.2,-169.54735527855723,0.0
Chelsea,Blackpool,4,0,H,2010-2011,1774.520075676087,1515.0846965577439,1.0,0.6666666666666666,259.435379118343,0.33333333333333337
Manchester City,Chelsea,1,0,H,2010-2011,1611.336861816046,1780.02229910275,0.4,0.8,-168.68543728670397,-0.4
Arsenal,West Bromwich Albion,2,3,A,2010-2011,1680.3047682948486,1452.8713816250822,0.8,0.0,227.43338666976638,0.8
Birmingham City,Wigan Athletic,0,0,D,2010-2011,1494.51287843626,1425.3682519292806,0.4,0.2,69.14462650697942,0.2
Blackpool,Blackburn Rovers,1,2,A,2010-2011,1509.5824731310809,1545.0803853078862,0.0,0.2,-35.49791217680536,-0.2
Fulham,Everton,0,0,D,2010-2011,1515.7116736895648,1589.37681253667,0.4,0.2,-73.66513884710525,0.2
Liverpool,Sunderland,2,2,D,2010-2011,1612.7528671238715,1481.9582950423587,0.4,0.2,130.7945720815128,0.2
West Ham United,Tottenham Hotspur,1,0,H,2010-2011,1428.8880875776495,1621.956656221612,0.4,0.4,-193.06856864396264,0.0
Bolton Wanderers,Manchester United,2,2,D,2010-2011,1473.940050190369,1772.3347839528617,0.2,0.4,-298.3947337624927,-0.2
Wolverhampton Wanderers,Aston Villa,1,2,A,2010-2011,1473.8390569460605,1580.362791984004,0.4,0.4,-106.52373503794342,0.0
Newcastle United,Stoke City,1,2,A,2010-2011,1451.2379496227366,1500.6028001705224,0.4,0.2,-49.36485054778586,0.2
Wigan Athletic,Wolverhampton Wanderers,2,0,H,2010-2011,1428.3146685023705,1463.2991689160112,0.0,0.0,-34.98450041364072,0.0
Birmingham City,Everton,0,2,A,2010-2011,1491.5664618631702,1586.2432488841562,0.4,0.2,-94.67678702098601,0.2
Stoke City,Blackburn Rovers,1,0,H,2010-2011,1513.4857750787137,1558.5531278730775,0.2,0.4,-45.06735279436384,-0.2
Sunderland,Manchester United,0,0,D,2010-2011,1487.3526949651177,1761.8998207204438,0.4,0.4,-274.5471257553261,0.0
Tottenham Hotspur,Aston Villa,2,1,H,2010-2011,1599.3850001432777,1590.9026800140532,0.6,0.4,8.48232012922449,0.19999999999999996
West Bromwich Albion,Bolton Wanderers,1,1,D,2010-2011,1476.4928186460447,1484.3750134227869,0.6,0.4,-7.882194776742153,0.19999999999999996
West Ham United,Fulham,1,1,D,2010-2011,1451.4597436559839,1518.8452373420787,0.4,0.0,-67.38549368609483,0.4
Manchester City,Newcastle United,2,1,H,2010-2011,1633.096612913216,1438.3549747145453,0.6,0.2,194.74163819867067,0.39999999999999997
Liverpool,Blackpool,1,2,A,2010-2011,1607.3584672011125,1496.1097305658895,0.4,0.5,111.24873663522294,-0.09999999999999998
Chelsea,Arsenal,2,0,H,2010-2011,1758.26254800558,1656.683331273886,1.0,0.2,101.5792167316938,0.8
Arsenal,Birmingham City,2,1,H,2010-2011,1645.9480309067726,1480.5557288329221,0.6,0.0,165.3923020738505,0.6
Bolton Wanderers,Stoke City,2,1,H,2010-2011,1484.0347700904451,1530.420649327969,0.2,0.4,-46.385879237523795,-0.2
Fulham,Tottenham Hotspur,1,2,A,2010-2011,1515.9719103420312,1614.0188616878493,0.4,0.4,-98.04695134581812,0.0
Manchester United,West Bromwich Albion,2,2,D,2010-2011,1752.0218996959943,1476.8330619783865,1.0,0.2,275.18883771760784,0.8
Newcastle United,Wigan Athletic,2,2,D,2010-2011,1430.9803273127225,1444.819986671252,0.4,0.2,-13.839659358529616,0.2
Wolverhampton Wanderers,West Ham United,1,1,D,2010-2011,1446.7938507471297,1454.3330706560314,0.4,0.0,-7.539219908901714,0.4
Aston Villa,Chelsea,0,0,D,2010-2011,1576.2688184694816,1768.9978483726934,0.6,0.6,-192.72902990321177,0.0
Everton,Liverpool,2,0,H,2010-2011,1597.2539819144042,1587.7131563151113,0.4,0.2,9.54082559929293,0.2
Blackpool,Manchester City,2,3,A,2010-2011,1515.7550414518907,1640.4712603150388,0.0,0.2,-124.71621886314801,-0.2
Blackburn Rovers,Sunderland,0,0,D,2010-2011,1541.6182536238223,1497.2306159895672,0.4,0.2,44.38763763425504,0.2
Tottenham Hotspur,Everton,1,1,D,2010-2011,1624.8947364941941,1611.8421748699286,0.6,0.2,13.052561624265536,0.39999999999999997
Birmingham City,Blackpool,2,0,H,2010-2011,1472.2016951340581,1505.9195343308027,0.4,0.6,-33.717839196744535,-0.19999999999999996
Chelsea,Wolverhampton Wanderers,2,0,H,2010-2011,1761.4371216197767,1447.119293956157,1.0,0.0,314.3178276636197,1.0
Sunderland,Aston Villa,1,0,H,2010-2011,1499.1366256067656,1583.8295452223983,0.2,0.2,-84.69291961563272,0.0
West Bromwich Albion,Fulham,2,1,H,2010-2011,1486.7266543571277,1505.0960355356863,0.4,0.0,-18.36938117855857,0.4
Wigan Athletic,Bolton Wanderers,1,1,D,2010-2011,1444.2227963722064,1501.0255948724916,0.2,0.2,-56.802798500285235,0.0
West Ham United,Newcastle United,1,2,A,2010-2011,1454.007627447004,1431.5775176117681,0.2,0.2,22.430109835235953,0.0
Stoke City,Manchester United,1,2,A,2010-2011,1513.4298245459224,1742.128307317253,0.4,0.2,-228.69848277133065,0.2
Liverpool,Blackburn Rovers,2,1,H,2010-2011,1573.124963359587,1539.712244006624,0.2,0.4,33.412719352962995,-0.2
Manchester City,Arsenal,0,3,A,2010-2011,1650.3067674361268,1654.3020646056366,0.6,0.2,-3.9952971695097403,0.39999999999999997
Arsenal,West Ham United,1,0,H,2010-2011,1669.1295813639376,1438.0405848913827,0.8,0.0,231.08899647255498,0.8
Blackburn Rovers,Chelsea,1,2,A,2010-2011,1526.1503562921314,1765.6585905504576,0.4,0.6,-239.50823425832618,-0.19999999999999996
Everton,Stoke City,1,0,H,2010-2011,1612.4054342886254,1507.0877602541655,0.4,0.2,105.31767403445997,0.2
Fulham,Wigan Athletic,2,0,H,2010-2011,1489.3037037506365,1446.6535511904115,0.2,0.2,42.650152560225024,0.0
Wolverhampton Wanderers,Manchester City,2,1,H,2010-2011,1442.897825025476,1635.4792506778258,0.4,0.4,-192.5814256523497,0.0
Manchester United,Tottenham Hotspur,2,0,H,2010-2011,1748.47037160901,1624.3314770754973,0.8,0.4,124.13889453351271,0.4
Aston Villa,Birmingham City,0,0,D,2010-2011,1565.2438019245888,1488.6528583148943,0.4,0.0,76.59094360969448,0.4
Newcastle United,Sunderland,5,1,H,2010-2011,1447.5445601673896,1517.7223689045752,0.2,0.0,-70.17780873718561,0.2
Bolton Wanderers,Liverpool,0,1,A,2010-2011,1498.5948400542866,1586.6868510740794,0.4,0.0,-88.09201101979284,0.4
Blackpool,West Bromwich Albion,2,1,H,2010-2011,1489.4683711499665,1502.5189861421775,0.0,0.2,-13.050614992210967,-0.2
Bolton Wanderers,Tottenham Hotspur,4,2,H,2010-2011,1487.3186206753617,1614.4739869776456,0.2,0.4,-127.15536630228394,-0.2
Birmingham City,West Ham United,2,2,D,2010-2011,1491.907011515408,1431.7670702137225,0.4,0.0,60.13994130168544,0.4
Blackburn Rovers,Wigan Athletic,2,1,H,2010-2011,1520.1139178141834,1433.4857124074306,0.2,0.2,86.62820540675284,0.0
Blackpool,Everton,2,2,D,2010-2011,1505.0315466442887,1622.9928374352533,0.25,0.2,-117.96129079096454,0.04999999999999999
Fulham,Aston Villa,1,1,D,2010-2011,1502.4715425336174,1561.989648724075,0.4,0.2,-59.51810619045773,0.2
Manchester United,Wolverhampton Wanderers,2,1,H,2010-2011,1758.3278617068618,1465.4537972232642,0.8,0.0,292.8740644835975,0.8
Sunderland,Stoke City,2,0,H,2010-2011,1499.7330925052659,1496.5003571075376,0.4,0.2,3.23273539772822,0.2
Arsenal,Newcastle United,0,1,A,2010-2011,1675.4030960415978,1465.533836566699,0.8,0.4,209.86925947489885,0.4
West Bromwich Albion,Manchester City,0,2,A,2010-2011,1486.9558106478553,1612.9232784800377,0.6,0.4,-125.96746783218236,0.19999999999999996
Liverpool,Chelsea,2,0,H,2010-2011,1597.9630704530043,1771.6950290284055,0.4,0.6,-173.73195857540122,-0.19999999999999996
Stoke City,Birmingham City,3,2,H,2010-2011,1481.6399214862804,1489.336186469241,0.4,0.0,-7.696264982960656,0.4
Tottenham Hotspur,Sunderland,1,1,D,2010-2011,1594.2168962367218,1514.593528126523,0.4,0.0,79.62336811019873,0.4
Aston Villa,Blackpool,3,2,H,2010-2011,1559.4448898293638,1509.9372771831638,0.4,0.4,49.50761264619996,0.0
Chelsea,Fulham,1,0,H,2010-2011,1749.7627906970774,1505.0163014283287,1.0,0.0,244.74648926874875,1.0
Newcastle United,Blackburn Rovers,1,2,A,2010-2011,1488.6327386533587,1531.4495016935577,0.4,0.2,-42.81676304019902,0.2
West Ham United,West Bromwich Albion,2,2,D,2010-2011,1434.3378952598894,1477.1678613742274,0.2,0.2,-42.82996611433805,0.0
Wigan Athletic,Liverpool,1,1,D,2010-2011,1422.1501285280563,1619.8953087843324,0.2,0.2,-197.74518025627617,0.0
Wolverhampton Wanderers,Arsenal,0,2,A,2010-2011,1460.7643972220562,1652.304193954938,0.4,0.4,-191.53979673288177,0.0
Everton,Bolton Wanderers,1,1,D,2010-2011,1618.0871068963781,1507.5757114162855,0.4,0.2,110.51139548009269,0.2
Manchester City,Manchester United,0,0,D,2010-2011,1622.7112277536655,1763.0172617080698,0.6,0.2,-140.30603395440426,0.39999999999999997
Aston Villa,Manchester United,2,2,D,2010-2011,1572.3218243249642,1757.2689011878742,0.4,0.2,-184.94707686291008,0.2
Manchester City,Birmingham City,0,0,D,2010-2011,1628.459588273861,1474.0039663378707,0.4,0.0,154.4556219359904,0.4
Newcastle United,Fulham,0,0,D,2010-2011,1475.4719852915443,1499.1239501322812,0.2,0.0,-23.65196484073681,0.2
Tottenham Hotspur,Blackburn Rovers,4,2,H,2010-2011,1590.838223383093,1544.6102550553721,0.4,0.4,46.22796832772087,0.0
West Ham United,Blackpool,0,0,D,2010-2011,1436.1777033478202,1497.0603426875634,0.2,0.4,-60.882639339743264,-0.2
Wigan Athletic,West Bromwich Albion,1,0,H,2010-2011,1429.871220283028,1475.3280532862966,0.2,0.2,-45.456833003268684,0.0
Wolverhampton Wanderers,Bolton Wanderers,2,3,A,2010-2011,1453.286759143911,1512.1922228810042,0.2,0.0,-58.905463737093214,0.2
Stoke City,Liverpool,2,0,H,2010-2011,1496.9721416176508,1612.1742170293608,0.6,0.2,-115.20207541170998,0.39999999999999997
Everton,Arsenal,1,2,A,2010-2011,1613.4705954316594,1659.7818320330832,0.4,0.6,-46.31123660142384,-0.19999999999999996
Chelsea,Sunderland,0,3,A,2010-2011,1755.655141993125,1517.972200980152,1.0,0.0,237.68294101297306,1.0
Arsenal,Tottenham Hotspur,2,3,A,2010-2011,1672.7941731570122,1603.8540964750164,0.6,0.2,68.94007668199583,0.39999999999999997
Birmingham City,Chelsea,1,0,H,2010-2011,1480.2652102889172,1731.7424035294896,0.2,0.4,-251.47719324057243,-0.2
Blackpool,Wolverhampton Wanderers,2,1,H,2010-2011,1494.4584061070038,1440.8058217404978,0.2,0.0,53.65258436650606,0.2
Bolton Wanderers,Newcastle United,5,1,H,2010-2011,1524.6731602844175,1476.491548191121,0.4,0.6,48.18161209329651,-0.19999999999999996
Manchester United,Wigan Athletic,2,0,H,2010-2011,1749.9616080319215,1446.8226275613856,0.8,0.2,303.1389804705359,0.6000000000000001
West Bromwich Albion,Stoke City,0,3,A,2010-2011,1458.376646007939,1516.7712141726688,0.4,0.2,-58.39456816472989,0.2
Liverpool,West Ham United,3,0,H,2010-2011,1592.3751444743427,1438.7796399283798,0.6,0.0,153.59550454596297,0.6
Blackburn Rovers,Aston Villa,2,0,H,2010-2011,1531.5943819634488,1579.6291174809169,0.2,0.2,-48.03473551746811,0.0
Fulham,Manchester City,1,4,A,2010-2011,1498.1043872327045,1622.1983443228146,0.4,0.6,-124.09395709011005,-0.19999999999999996
Sunderland,Everton,2,2,D,2010-2011,1541.8849394437873,1600.4582543077304,0.6,0.2,-58.5733148639431,0.39999999999999997
Aston Villa,Arsenal,2,4,A,2010-2011,1562.5684043550693,1654.8562479517548,0.2,0.6,-92.28784359668543,-0.39999999999999997
Bolton Wanderers,Blackpool,2,2,D,2010-2011,1537.6062260288636,1507.1602766493336,0.6,0.2,30.44594937953002,0.39999999999999997
Everton,West Bromwich Albion,1,4,A,2010-2011,1597.9531295325087,1445.874268267922,0.4,0.2,152.07886126458675,0.2
Fulham,Birmingham City,1,1,D,2010-2011,1488.245184984127,1504.5541624677837,0.2,0.0,-16.30897748365669,0.2
Manchester United,Blackburn Rovers,7,1,H,2010-2011,1754.421945365965,1548.6550950892963,0.8,0.4,205.76685027666872,0.4
Stoke City,Manchester City,1,1,D,2010-2011,1529.2735919126858,1632.057546571392,0.6,0.8,-102.7839546587063,-0.20000000000000007
West Ham United,Wigan Athletic,3,1,H,2010-2011,1430.0101881056826,1442.362290227342,0.2,0.0,-12.352102121659527,0.2
Wolverhampton Wanderers,Sunderland,3,2,H,2010-2011,1428.103951198168,1544.390064219009,0.2,0.2,-116.28611302084096,0.0
Newcastle United,Chelsea,1,1,D,2010-2011,1463.5584824466748,1707.453451350623,0.2,0.2,-243.8949689039482,0.0
Tottenham Hotspur,Liverpool,2,1,H,2010-2011,1621.7920216802738,1601.14459629704,0.6,0.2,20.647425383233895,0.39999999999999997
Arsenal,Fulham,2,1,H,2010-2011,1665.962999011379,1488.9487834348752,0.4,0.0,177.01421557650383,0.4
Birmingham City,Tottenham Hotspur,1,1,D,2010-2011,1503.8505640170356,1635.901648598459,0.4,0.4,-132.0510845814233,0.0
Blackburn Rovers,Wolverhampton Wanderers,3,0,H,2010-2011,1541.6277155255068,1447.9449927487253,0.4,0.0,93.68272277678147,0.4
Chelsea,Everton,1,1,D,2010-2011,1698.3690470742977,1576.7768609945986,0.8,0.2,121.5921860796991,0.6000000000000001
Manchester City,Bolton Wanderers,1,0,H,2010-2011,1627.745085897296,1536.2951230460933,0.4,0.2,91.4499628512026,0.2
Wigan Athletic,Stoke City,2,2,D,2010-2011,1426.82923168007,1533.5860525867818,0.4,0.4,-106.75682090671171,0.0
West Bromwich Albion,Newcastle United,3,1,H,2010-2011,1467.050536805832,1472.6428867230002,0.4,0.6,-5.5923499171681215,-0.19999999999999996
Sunderland,West Ham United,1,0,H,2010-2011,1524.5490226684517,1445.5432466529546,0.4,0.0,79.00577601549708,0.4
Liverpool,Aston Villa,3,0,H,2010-2011,1587.0349693788548,1551.461653295445,0.6,0.2,35.573316083409736,0.39999999999999997
Aston Villa,West Bromwich Albion,2,1,H,2010-2011,1537.9921323589817,1482.2919571109765,0.2,0.2,55.70017524800528,0.0
Everton,Wigan Athletic,0,0,D,2010-2011,1581.8221009771923,1431.2985152484275,0.4,0.0,150.52358572876483,0.4
Fulham,Sunderland,0,0,D,2010-2011,1480.9919745468521,1536.1956707364607,0.2,0.2,-55.203696189608536,0.0
Stoke City,Blackpool,0,1,A,2010-2011,1529.1167690184243,1508.471379632104,0.6,0.2,20.645389386320403,0.39999999999999997
West Ham United,Manchester City,1,3,A,2010-2011,1433.8965985849457,1638.8855953231614,0.2,0.6,-204.98899673821575,-0.39999999999999997
Newcastle United,Liverpool,3,1,H,2010-2011,1457.4014664178558,1600.5044903153182,0.2,0.2,-143.10302389746244,0.0
Bolton Wanderers,Blackburn Rovers,2,1,H,2010-2011,1525.1546136202278,1552.6783604861853,0.6,0.2,-27.52374686595749,0.39999999999999997
Wolverhampton Wanderers,Birmingham City,1,0,H,2010-2011,1436.8943477880468,1509.2921344224726,0.4,0.0,-72.39778663442576,0.4
Tottenham Hotspur,Chelsea,1,1,D,2010-2011,1630.460078193022,1693.3238070917039,0.6,0.2,-62.863728898681984,0.39999999999999997
Manchester United,Arsenal,1,0,H,2010-2011,1761.4493249297545,1673.919807899402,0.8,0.8,87.52951703035251,0.0
Sunderland,Bolton Wanderers,1,0,H,2010-2011,1533.832191437157,1541.3404296972235,0.6,0.2,-7.508238260066491,0.39999999999999997
Blackburn Rovers,West Ham United,1,1,D,2010-2011,1536.4925444091896,1426.8450948390494,0.6,0.0,109.64744957014022,0.6
Manchester City,Everton,1,2,A,2010-2011,1645.9370990690577,1575.7016976983593,0.4,0.2,70.23540137069836,0.2
Fulham,West Ham United,1,3,A,2010-2011,1483.3554538461558,1431.4278140109964,0.2,0.0,51.927639835159425,0.2
Blackburn Rovers,Stoke City,0,2,A,2010-2011,1531.9098252372426,1513.2264835279823,0.6,0.2,18.683341709260276,0.39999999999999997
Bolton Wanderers,West Bromwich Albion,2,0,H,2010-2011,1526.0163234464453,1469.6763342586942,0.6,0.2,56.339989187751144,0.39999999999999997
Manchester United,Sunderland,2,0,H,2010-2011,1772.74834161817,1549.1562976879352,1.0,0.2,223.5920439302347,0.8
Newcastle United,Manchester City,1,3,A,2010-2011,1478.252529363731,1627.9454350239678,0.4,0.6,-149.69290566023687,-0.19999999999999996
Wolverhampton Wanderers,Wigan Athletic,1,2,A,2010-2011,1454.975543633526,1437.4189185272605,0.6,0.0,17.55662510626553,0.6
Aston Villa,Tottenham Hotspur,1,2,A,2010-2011,1550.607755211264,1633.1448888710186,0.4,0.4,-82.53713365975455,0.0
Arsenal,Chelsea,3,1,H,2010-2011,1662.6207912109867,1690.6389964137072,0.6,0.2,-28.018205202720537,0.39999999999999997
Manchester City,Aston Villa,4,0,H,2010-2011,1636.8549534775332,1539.1056151350556,0.2,0.0,97.74933834247759,0.2
Stoke City,Fulham,0,2,A,2010-2011,1529.0323316097058,1466.1301029222882,0.4,0.0,62.90222868741762,0.4
Sunderland,Blackpool,0,2,A,2010-2011,1542.6659718543947,1524.361665122546,0.8,0.2,18.304306731848783,0.6000000000000001
Tottenham Hotspur,Newcastle United,2,0,H,2010-2011,1644.647028947227,1469.3430109101655,0.4,0.4,175.3040180370615,0.0
West Bromwich Albion,Blackburn Rovers,1,3,A,2010-2011,1457.0876285127974,1516.103977155519,0.4,0.2,-59.016348642721596,0.2
West Ham United,Everton,1,1,D,2010-2011,1448.653164934864,1593.6933617434493,0.2,0.2,-145.04019680858528,0.0
Birmingham City,Manchester United,1,1,D,2010-2011,1491.2109385769934,1779.2386674517104,0.4,0.2,-288.027728874717,0.2
Chelsea,Bolton Wanderers,1,0,H,2010-2011,1674.4319686682957,1538.605029192342,0.6,0.2,135.82693947595362,0.39999999999999997
Wigan Athletic,Arsenal,2,2,D,2010-2011,1453.1762544574062,1678.8278189563982,0.4,0.8,-225.651564498992,-0.4
Liverpool,Wolverhampton Wanderers,0,1,A,2010-2011,1579.653427369443,1439.2182077033804,0.8,0.0,140.43521966606272,0.8
West Bromwich Albion,Manchester United,1,2,A,2010-2011,1444.6113431302285,1769.0395028982769,0.4,0.2,-324.4281597680483,0.2
Liverpool,Bolton Wanderers,2,1,H,2010-2011,1558.9003092318726,1529.1876013995702,0.8,0.2,29.712707832302385,0.6000000000000001
Manchester City,Blackpool,1,0,H,2010-2011,1647.742708772742,1540.1511952291764,0.4,0.4,107.5915135435655,0.0
Stoke City,Everton,2,0,H,2010-2011,1511.3459120441958,1587.771544363663,0.4,0.2,-76.42563231946724,0.2
Sunderland,Blackburn Rovers,3,0,H,2010-2011,1526.8764417477641,1528.580262538088,0.6,0.4,-1.703820790323789,0.19999999999999996
Tottenham Hotspur,Fulham,1,0,H,2010-2011,1652.661527169836,1483.8165224877982,0.6,0.2,168.84500468203782,0.39999999999999997
West Ham United,Wolverhampton Wanderers,2,0,H,2010-2011,1454.5749823146502,1459.9713258409508,0.2,0.2,-5.396343526300598,0.0
Birmingham City,Arsenal,0,3,A,2010-2011,1501.410103130427,1670.2580480961954,0.4,0.6,-168.84794496576842,-0.19999999999999996
Chelsea,Aston Villa,3,3,D,2010-2011,1683.8493964610675,1528.2178598398468,0.6,0.0,155.63153662122068,0.6
Wigan Athletic,Newcastle United,0,1,A,2010-2011,1461.746025317609,1461.3285126875564,0.2,0.4,0.4175126300526699,-0.2
Blackpool,Birmingham City,1,2,A,2010-2011,1529.6532926572556,1493.175444217445,0.4,0.0,36.477848439810714,0.4
Fulham,West Bromwich Albion,3,0,H,2010-2011,1475.5817624549622,1440.5966091985183,0.0,0.2,34.98515325644394,-0.2
Manchester United,Stoke City,2,1,H,2010-2011,1773.054236829987,1529.5932633832829,1.0,0.4,243.4609734467042,0.6
Arsenal,Manchester City,0,0,D,2010-2011,1678.4927070091774,1658.2406113446627,0.6,0.8,20.252095664514627,-0.20000000000000007
Aston Villa,Sunderland,0,1,A,2010-2011,1534.5209671200762,1541.950001014704,0.4,0.2,-7.429033894627764,0.2
Newcastle United,West Ham United,5,0,H,2010-2011,1476.346538148094,1469.8079424598016,0.2,0.2,6.538595688292389,0.0
Wolverhampton Wanderers,Chelsea,1,0,H,2010-2011,1444.7383656957995,1677.5462891808381,0.4,0.0,-232.8079234850386,0.4
Blackburn Rovers,Liverpool,3,1,H,2010-2011,1513.5067032711481,1572.620626725767,0.6,0.2,-59.11392345461877,0.39999999999999997
Bolton Wanderers,Wigan Athletic,1,1,D,2010-2011,1515.467283905676,1446.7279998570716,0.8,0.2,68.7392840486043,0.6000000000000001
Everton,Tottenham Hotspur,2,1,H,2010-2011,1569.5241930245759,1660.896287202672,0.2,0.4,-91.37209417809618,-0.2
Blackpool,Liverpool,2,1,H,2010-2011,1513.0841786922156,1555.0928189070146,0.4,0.0,-42.008640214799016,0.4
Chelsea,Blackburn Rovers,2,0,H,2010-2011,1653.7708502789587,1531.0345110899004,0.4,0.2,122.7363391890583,0.2
Manchester City,Wolverhampton Wanderers,4,3,H,2010-2011,1659.1139756655596,1468.513804597679,0.6,0.2,190.60017106788064,0.39999999999999997
Stoke City,Bolton Wanderers,2,0,H,2010-2011,1523.6657940581201,1512.5376960028968,0.4,0.2,11.12809805522329,0.2
West Bromwich Albion,Blackpool,3,2,H,2010-2011,1427.101955269027,1529.8890506776097,0.2,0.4,-102.78709540858267,-0.2
Wigan Athletic,Fulham,1,1,D,2010-2011,1449.6575877598507,1489.0764163844535,0.2,0.2,-39.41882862460284,0.0
West Ham United,Arsenal,0,3,A,2010-2011,1455.0902030052077,1677.6193426882805,0.4,0.6,-222.5291396830728,-0.19999999999999996
Birmingham City,Aston Villa,1,1,D,2010-2011,1509.744558182485,1519.8416554232047,0.2,0.0,-10.097097240719677,0.2
Sunderland,Newcastle United,1,1,D,2010-2011,1556.6293127115755,1491.0642776026878,0.6,0.4,65.56503510888774,0.19999999999999996
Liverpool,Everton,2,2,D,2010-2011,1538.2879469216205,1588.3805441220204,0.8,0.2,-50.09259720039995,0.6000000000000001
Tottenham Hotspur,Manchester United,0,0,D,2010-2011,1642.0399361052275,1778.9817061551498,0.8,0.4,-136.9417700499223,0.4
Wolverhampton Wanderers,Liverpool,0,3,A,2010-2011,1461.0057607468664,1540.435756371594,0.6,0.0,-79.42999562472755,0.6
Arsenal,Wigan Athletic,3,0,H,2010-2011,1684.140842680404,1451.352170522393,0.4,0.2,232.78867215801097,0.2
Blackpool,Sunderland,1,2,A,2010-2011,1510.5764656145059,1553.831772665134,0.6,0.4,-43.25530705062806,0.19999999999999996
Everton,West Ham United,2,2,D,2010-2011,1586.232734672047,1448.5687030130844,0.2,0.2,137.66403165896259,0.0
Fulham,Stoke City,2,0,H,2010-2011,1487.3818336219113,1538.1855196672448,0.2,0.4,-50.80368604533351,-0.2
Manchester United,Birmingham City,5,0,H,2010-2011,1773.3577191596466,1510.1803622276843,1.0,0.2,263.1773569319623,0.8
Newcastle United,Tottenham Hotspur,1,1,D,2010-2011,1493.8618176491293,1647.6639231007307,0.4,0.4,-153.8021054516014,0.0
Aston Villa,Manchester City,1,0,H,2010-2011,1519.4058513780053,1666.6220195163721,0.2,0.6,-147.2161681383668,-0.39999999999999997
Blackburn Rovers,West Bromwich Albion,2,0,H,2010-2011,1521.1235111715855,1446.4145403321309,0.6,0.2,74.70897083945465,0.39999999999999997
Bolton Wanderers,Chelsea,0,4,A,2010-2011,1498.0179703937722,1663.6818501972737,0.6,0.0,-165.66387980350146,0.6
Blackpool,Manchester United,2,3,A,2010-2011,1497.4343581631142,1778.7638185030535,0.4,0.2,-281.32946033993926,0.2
Wigan Athletic,Aston Villa,1,2,A,2010-2011,1445.1270627275512,1540.4067744592123,0.2,0.0,-95.27971173166111,0.2
Liverpool,Fulham,1,0,H,2010-2011,1552.065009505774,1504.5597049598566,0.6,0.2,47.5053045459174,0.39999999999999997
Arsenal,Everton,2,1,H,2010-2011,1690.3659504752457,1580.5819695118366,0.6,0.2,109.78398096340902,0.39999999999999997
Sunderland,Chelsea,2,4,A,2010-2011,1566.9738801165256,1672.0264638869496,0.6,0.2,-105.05258377042401,0.39999999999999997
Manchester United,Aston Villa,3,1,H,2010-2011,1783.7221886200534,1551.3933294470996,1.0,0.2,232.3288591729538,0.8
West Bromwich Albion,Wigan Athletic,2,2,D,2010-2011,1434.591175953541,1434.140507739664,0.4,0.2,0.45066821387717937,0.2
Birmingham City,Manchester City,2,2,D,2010-2011,1504.7742628842775,1645.621096435165,0.2,0.4,-140.8468335508876,-0.2
Blackburn Rovers,Tottenham Hotspur,0,1,A,2010-2011,1532.9468755501753,1641.4259959998865,0.6,0.4,-108.47912044971122,0.19999999999999996
Blackpool,West Ham United,1,3,A,2010-2011,1492.4759880461143,1454.2194681732947,0.4,0.2,38.25651987281958,0.2
Bolton Wanderers,Wolverhampton Wanderers,1,0,H,2010-2011,1489.6733567040962,1449.3765076126863,0.4,0.2,40.29684909140997,0.2
Fulham,Newcastle United,1,0,H,2010-2011,1491.5979874336351,1500.0997447499735,0.4,0.2,-8.501757316338399,0.2
Liverpool,Stoke City,2,0,H,2010-2011,1565.0267270319955,1521.0076483292994,0.6,0.4,44.019078702696106,0.19999999999999996
Stoke City,Sunderland,3,2,H,2010-2011,1507.8980007899834,1556.3760201720802,0.4,0.4,-48.47801938209682,0.0
Aston Villa,Fulham,2,2,D,2010-2011,1545.155153408777,1506.964964558755,0.4,0.2,38.190188850022196,0.2
Everton,Blackpool,5,3,H,2010-2011,1570.17003238507,1475.830964286913,0.2,0.4,94.33906809815699,-0.2
Manchester City,West Bromwich Albion,3,0,H,2010-2011,1639.8528285418993,1434.5717190536193,0.8,0.2,205.28110948827998,0.6000000000000001
Newcastle United,Arsenal,4,4,D,2010-2011,1484.7327676248538,1700.7778876020122,0.4,0.6,-216.0451199771585,-0.19999999999999996
Tottenham Hotspur,Bolton Wanderers,2,1,H,2010-2011,1651.8890564053934,1502.9413613103327,0.6,0.0,148.94769509506068,0.6
Wigan Athletic,Blackburn Rovers,4,3,H,2010-2011,1434.1599646395857,1522.4838151446684,0.0,0.2,-88.32385050508265,-0.2
Wolverhampton Wanderers,Manchester United,2,1,H,2010-2011,1436.1085030064498,1789.960364658376,0.6,0.4,-353.85186165192613,0.19999999999999996
West Ham United,Birmingham City,0,1,A,2010-2011,1470.8644919324959,1510.5425307775433,0.4,0.2,-39.67803884504747,0.2
Chelsea,Liverpool,0,1,A,2010-2011,1682.624323831395,1578.1363745713115,0.4,0.2,104.4879492600835,0.2
Manchester United,Manchester City,2,1,H,2010-2011,1763.4217404409626,1646.8952660442253,1.0,0.4,116.52647439673729,0.6
Arsenal,Wolverhampton Wanderers,2,0,H,2010-2011,1692.4918966770208,1462.6471272238632,0.8,0.2,229.8447694531576,0.6000000000000001
Birmingham City,Stoke City,1,0,H,2010-2011,1523.8369007709598,1524.9774875147693,0.0,0.2,-1.1405867438095356,-0.2
Blackburn Rovers,Newcastle United,0,0,D,2010-2011,1503.7506436303095,1493.0187585498452,0.4,0.2,10.73188508046428,0.2
Blackpool,Aston Villa,1,1,D,2010-2011,1464.806678538107,1543.5129590066715,0.2,0.2,-78.7062804685645,0.0
Liverpool,Wigan Athletic,1,1,D,2010-2011,1597.5162263510974,1452.8931361539446,0.6,0.2,144.6230901971528,0.39999999999999997
West Bromwich Albion,West Ham United,3,3,D,2010-2011,1427.5292815512933,1457.5701219390794,0.4,0.4,-30.040840387786147,0.0
Sunderland,Tottenham Hotspur,1,2,A,2010-2011,1539.2965334472942,1660.8254674034697,0.4,0.4,-121.52893395617548,0.0
Bolton Wanderers,Everton,2,0,H,2010-2011,1494.0049503122564,1581.194318133876,0.6,0.2,-87.18936782161973,0.39999999999999997
Fulham,Chelsea,0,0,D,2010-2011,1508.6071589608605,1663.2444720516091,0.6,0.4,-154.63731309074865,0.19999999999999996
Birmingham City,Newcastle United,0,2,A,2010-2011,1538.886143682188,1493.4819439714395,0.2,0.2,45.40419971074857,0.0
West Bromwich Albion,Wolverhampton Wanderers,1,1,D,2010-2011,1428.8230264343626,1456.3380017000618,0.2,0.2,-27.51497526569915,0.0
Blackpool,Tottenham Hotspur,3,1,H,2010-2011,1468.1477440672693,1670.78264944351,0.2,0.6,-202.6349053762408,-0.39999999999999997
Arsenal,Stoke City,1,0,H,2010-2011,1698.8010222008222,1509.928244603541,0.8,0.2,188.87277759728113,0.6000000000000001
Aston Villa,Blackburn Rovers,4,1,H,2010-2011,1540.1718934775092,1503.2874582087152,0.4,0.2,36.88443526879405,0.2
Everton,Sunderland,2,0,H,2010-2011,1562.507129570617,1529.3393514072538,0.4,0.4,33.16777816336321,0.0
Newcastle United,Bolton Wanderers,1,1,D,2010-2011,1510.4311173022516,1512.6921388755154,0.4,0.0,-2.2610215732638608,0.4
Wigan Athletic,Manchester United,0,4,A,2010-2011,1458.799745064127,1773.5714046104547,0.2,0.4,-314.7716595463278,-0.2
Wolverhampton Wanderers,Blackpool,4,0,H,2010-2011,1455.1525619575164,1491.0228820385562,0.6,0.4,-35.870320081039836,0.19999999999999996
West Ham United,Liverpool,3,1,H,2010-2011,1456.27637705601,1591.6096174409151,0.2,0.4,-135.33324038490514,-0.2
Manchester City,Fulham,1,1,D,2010-2011,1636.7456018747332,1514.8748789841354,0.8,0.2,121.87072289059779,0.6000000000000001
Stoke City,West Bromwich Albion,1,1,D,2010-2011,1502.3640887251702,1430.008466176908,0.6,0.0,72.35562254826209,0.6
Chelsea,Manchester United,2,1,H,2010-2011,1656.9767520283342,1777.7834058623102,0.4,0.6,-120.80665383397604,-0.19999999999999996
Birmingham City,West Bromwich Albion,1,3,A,2010-2011,1521.936970351376,1433.0879184186426,0.2,0.0,88.84905193273335,0.2
Arsenal,Sunderland,0,0,D,2010-2011,1706.3651780791931,1515.7669852285153,0.8,0.4,190.59819285067783,0.4
Bolton Wanderers,Aston Villa,3,2,H,2010-2011,1512.5945241053514,1553.5854199674825,0.6,0.2,-40.99089586213108,0.39999999999999997
Fulham,Blackburn Rovers,3,2,H,2010-2011,1519.93078104612,1489.873931718742,0.6,0.2,30.05684932737813,0.39999999999999997
Newcastle United,Everton,1,2,A,2010-2011,1510.5287320724156,1576.0794957493556,0.2,0.0,-65.55076367694005,0.2
West Ham United,Stoke City,3,0,H,2010-2011,1476.8405771902915,1499.2846364834356,0.4,0.0,-22.444059293144164,0.4
Manchester City,Wigan Athletic,1,0,H,2010-2011,1631.6896998127486,1454.5877438122714,0.8,0.2,177.10195600047723,0.6000000000000001
Liverpool,Manchester United,3,1,H,2010-2011,1571.0454173066337,1757.7682661341344,0.6,0.4,-186.72284882750068,0.19999999999999996
Wolverhampton Wanderers,Tottenham Hotspur,3,3,D,2010-2011,1471.695729113757,1647.9075114722232,0.6,0.4,-176.21178235846628,0.19999999999999996
Blackpool,Chelsea,1,3,A,2010-2011,1474.4797148823156,1676.99189175651,0.2,0.4,-202.51217687419444,-0.2
Everton,Birmingham City,1,1,D,2010-2011,1588.2825504231148,1503.1825365662585,0.6,0.4,85.10001385685632,0.19999999999999996
Tottenham Hotspur,West Ham United,0,0,D,2010-2011,1640.8913554111139,1492.8082194877422,0.6,0.4,148.08313592337163,0.19999999999999996
Aston Villa,Wolverhampton Wanderers,0,1,A,2010-2011,1536.8238665229553,1478.7118851748662,0.4,0.0,58.1119813480891,0.4
Blackburn Rovers,Blackpool,2,2,D,2010-2011,1476.168362619013,1467.3510140085016,0.4,0.2,8.817348610511317,0.2
Manchester United,Bolton Wanderers,1,0,H,2010-2011,1735.4026467454808,1529.3560775498786,1.0,0.0,206.04656919560216,1.0
Stoke City,Newcastle United,4,0,H,2010-2011,1483.3169941859849,1498.3256773986564,0.6,0.4,-15.008683212671485,0.19999999999999996
West Bromwich Albion,Arsenal,2,2,D,2010-2011,1451.8423522037601,1698.8732860308398,0.2,0.4,-247.0309338270797,-0.2
Wigan Athletic,Birmingham City,2,1,H,2010-2011,1446.6338874660862,1506.7848465311597,0.2,0.4,-60.15095906507349,-0.2
Everton,Fulham,2,1,H,2010-2011,1584.6802404582136,1533.636350145849,0.6,0.0,51.04389031236451,0.6
Sunderland,Liverpool,0,2,A,2010-2011,1523.2588772768686,1593.4110366952873,0.2,0.4,-70.1521594184187,-0.2
Chelsea,Manchester City,2,0,H,2010-2011,1684.1205926303242,1639.6435561589337,0.6,0.2,44.47703647139042,0.39999999999999997
West Ham United,Manchester United,2,4,A,2010-2011,1498.8405505135468,1742.421365183662,0.6,0.4,-243.58081467011516,0.19999999999999996
Birmingham City,Bolton Wanderers,2,1,H,2010-2011,1489.2135597848817,1522.3373591116974,0.2,0.0,-33.12379932681574,0.2
Everton,Aston Villa,2,2,D,2010-2011,1597.4922183038098,1519.3381078690336,0.6,0.2,78.15411043477616,0.39999999999999997
Newcastle United,Wolverhampton Wanderers,4,1,H,2010-2011,1482.6781032209974,1496.197643828788,0.2,0.2,-13.519540607790532,0.0
Stoke City,Chelsea,1,1,D,2010-2011,1498.9645683636438,1697.210785797733,0.8,0.6,-198.2462174340892,0.20000000000000007
West Bromwich Albion,Liverpool,2,1,H,2010-2011,1461.01201950542,1605.4228237030243,0.2,0.6,-144.4108041976042,-0.39999999999999997
Wigan Athletic,Tottenham Hotspur,0,0,D,2010-2011,1464.2051742123642,1634.8590243853093,0.4,0.4,-170.6538501729451,0.0
Arsenal,Blackburn Rovers,0,0,D,2010-2011,1689.7036187291799,1475.7877687840653,0.8,0.0,213.9158499451146,0.8
Fulham,Blackpool,3,0,H,2010-2011,1520.824372300253,1467.7316078434492,0.8,0.0,53.09276445680371,0.8
Manchester City,Sunderland,5,0,H,2010-2011,1626.5533629915249,1511.2470902691316,0.8,0.4,115.30627272239326,0.4
Wolverhampton Wanderers,Everton,0,3,A,2010-2011,1480.614252763065,1594.173817167956,0.6,0.2,-113.55956440489103,0.39999999999999997
Blackburn Rovers,Birmingham City,1,1,D,2010-2011,1484.0096669259715,1505.6393120638256,0.4,0.4,-21.62964513785414,0.0
Bolton Wanderers,West Ham United,3,0,H,2010-2011,1505.9116068327535,1492.9163616965827,0.6,0.2,12.995245136170752,0.39999999999999997
Chelsea,Wigan Athletic,1,0,H,2010-2011,1689.4738057484958,1471.0324764743277,0.6,0.0,218.44132927416808,0.6
Manchester United,Fulham,2,0,H,2010-2011,1748.345554000626,1533.5498506936362,1.0,0.0,214.7957033069897,1.0
Sunderland,West Bromwich Albion,2,3,A,2010-2011,1501.0502005216274,1481.9108825544129,0.2,0.2,19.139317967214538,0.0
Tottenham Hotspur,Stoke City,3,2,H,2010-2011,1628.0317221233458,1506.701548412881,0.6,0.0,121.3301737104648,0.6
Blackpool,Arsenal,1,3,A,2010-2011,1455.0061294500658,1681.4817205872737,0.2,0.4,-226.47559113720786,-0.2
Aston Villa,Newcastle United,1,0,H,2010-2011,1522.6565090048873,1498.2614942867203,0.4,0.2,24.395014718166976,0.2
Liverpool,Manchester City,3,0,H,2010-2011,1584.5239606540315,1636.750252739029,0.6,0.0,-52.22629208499757,0.6
Birmingham City,Sunderland,2,0,H,2010-2011,1504.7066897613443,1485.2247245751669,0.4,0.2,19.481965186177376,0.2
Blackpool,Wigan Athletic,1,3,A,2010-2011,1448.599831738166,1464.3900780372676,0.2,0.0,-15.790246299101682,0.2
Everton,Blackburn Rovers,2,0,H,2010-2011,1604.438494786484,1484.9422892284529,0.6,0.0,119.49620555803108,0.6
West Bromwich Albion,Chelsea,1,3,A,2010-2011,1497.7363585008734,1696.116204185556,0.2,0.6,-198.37984568468255,-0.39999999999999997
West Ham United,Aston Villa,1,2,A,2010-2011,1478.4771500375275,1536.6050189641953,0.4,0.2,-58.127868926667816,0.2
Arsenal,Liverpool,1,1,D,2010-2011,1687.8880182991736,1601.7619200308811,0.6,0.6,86.12609826829248,0.0
Newcastle United,Manchester United,0,0,D,2010-2011,1484.3129843274123,1755.0971191413303,0.2,0.4,-270.78413481391794,-0.2
Chelsea,Birmingham City,3,1,H,2010-2011,1703.3749906654675,1518.8664661517596,0.8,0.2,184.50852451370793,0.6000000000000001
Tottenham Hotspur,Arsenal,3,3,D,2010-2011,1637.9965169329375,1684.2439933508256,0.6,0.6,-46.24747641788804,0.0
Manchester United,Everton,1,0,H,2010-2011,1745.3118639235465,1614.4736704550494,1.0,0.4,130.83819346849714,0.6
Aston Villa,Stoke City,1,1,D,2010-2011,1549.118593230352,1496.7367536032893,0.6,0.0,52.38183962706262,0.6
Blackpool,Newcastle United,1,1,D,2010-2011,1434.2810824899466,1494.098239545196,0.2,0.2,-59.81715705524948,0.0
Liverpool,Birmingham City,5,0,H,2010-2011,1605.4059449792292,1511.1593099399258,0.8,0.2,94.24663503930333,0.6000000000000001
Sunderland,Wigan Athletic,4,2,H,2010-2011,1471.0649481847515,1478.708827285487,0.0,0.2,-7.643879100735376,-0.2
Tottenham Hotspur,West Bromwich Albion,2,2,D,2010-2011,1639.981471330535,1490.4775720209618,0.4,0.4,149.50389930957317,0.0
Wolverhampton Wanderers,Fulham,1,1,D,2010-2011,1470.349575144537,1526.798285552932,0.4,0.0,-56.448710408394845,0.4
Chelsea,West Ham United,3,0,H,2010-2011,1711.0821468773013,1465.9635757713709,0.8,0.2,245.1185711059304,0.6000000000000001
Bolton Wanderers,Arsenal,2,1,H,2010-2011,1520.3508184918087,1682.2590389532281,0.8,0.4,-161.90822046141943,0.4
Blackburn Rovers,Manchester City,0,1,A,2010-2011,1474.9071135598874,1619.5122933621794,0.2,0.0,-144.605179802292,0.2
Stoke City,Wolverhampton Wanderers,3,0,H,2010-2011,1498.9812785818558,1472.7654417441415,0.6,0.2,26.215836837714278,0.39999999999999997
Fulham,Bolton Wanderers,3,0,H,2010-2011,1524.3824189533275,1541.8753578026037,0.8,0.0,-17.492938849276243,0.8
Blackburn Rovers,Bolton Wanderers,1,0,H,2010-2011,1465.8130691020344,1526.1207644455264,0.0,0.0,-60.307695343492014,0.0
Blackpool,Stoke City,0,0,D,2010-2011,1436.8383790169423,1512.851593062856,0.2,0.0,-76.01321404591363,0.2
Sunderland,Fulham,0,3,A,2010-2011,1486.3949077376813,1540.1370123104048,0.2,0.0,-53.74210457272352,0.2
West Bromwich Albion,Aston Villa,2,1,H,2010-2011,1496.5612372867538,1546.8740682517855,0.2,0.2,-50.31283096503171,0.0
Wigan Athletic,Everton,1,1,D,2010-2011,1463.3788677325572,1604.8697100224508,0.4,0.4,-141.49084228989364,0.0
Chelsea,Tottenham Hotspur,2,1,H,2010-2011,1716.9643629359516,1633.897806064743,1.0,0.4,83.0665568712086,0.6
Birmingham City,Wolverhampton Wanderers,1,1,D,2010-2011,1500.131313618154,1458.8951272631414,0.6,0.2,41.236186355012705,0.39999999999999997
Liverpool,Newcastle United,3,0,H,2010-2011,1616.433941301001,1491.5409430182003,0.8,0.2,124.89299828280059,0.6000000000000001
Arsenal,Manchester United,1,0,H,2010-2011,1660.734499642433,1754.915824356145,0.4,0.4,-94.181324713712,0.0
Manchester City,West Ham United,2,1,H,2010-2011,1628.6063378200324,1460.0813597127205,0.8,0.2,168.52497810731188,0.6000000000000001
Aston Villa,Wigan Athletic,1,1,D,2010-2011,1529.7169463363443,1469.1708111563266,0.4,0.2,60.5461351800177,0.2
Bolton Wanderers,Sunderland,1,2,A,2010-2011,1508.542910199043,1473.6968112239633,1.0,0.0,34.84609897507971,1.0
Everton,Manchester City,2,1,H,2010-2011,1599.0777665986811,1636.8521085604673,0.6,0.2,-37.77434196178615,0.39999999999999997
Newcastle United,Birmingham City,2,1,H,2010-2011,1481.7121621640056,1498.3593170511165,0.2,0.0,-16.6471548871109,0.2
West Ham United,Blackburn Rovers,1,1,D,2010-2011,1451.8355889722857,1483.3909233485178,0.4,0.0,-31.555334376232167,0.4
Tottenham Hotspur,Blackpool,1,1,D,2010-2011,1622.4172724143148,1440.0687549822433,0.4,0.0,182.3485174320715,0.4
Wolverhampton Wanderers,West Bromwich Albion,3,1,H,2010-2011,1460.667123830179,1513.718359202195,0.4,0.4,-53.05123537201598,0.0
Stoke City,Arsenal,3,1,H,2010-2011,1509.621217097555,1679.7038812299174,0.6,0.2,-170.08266413236242,0.39999999999999997
Manchester United,Chelsea,2,1,H,2010-2011,1735.9464427686607,1728.4448965863799,1.0,0.6,7.50154618228089,0.4
Fulham,Liverpool,2,5,A,2010-2011,1552.8351088241227,1626.2627221551957,0.8,0.4,-73.42761333107296,0.4
Manchester City,Tottenham Hotspur,1,0,H,2010-2011,1620.2276548404304,1615.1958549574567,0.8,0.2,5.031799882973701,0.6000000000000001
Blackburn Rovers,Manchester United,1,1,D,2010-2011,1482.032303712054,1750.6226253033385,0.2,0.2,-268.59032159128446,0.0
Blackpool,Bolton Wanderers,4,3,H,2010-2011,1447.2901724391013,1492.0435073595906,0.0,0.0,-44.75333492048935,0.0
Sunderland,Wolverhampton Wanderers,1,3,A,2010-2011,1490.1962140634157,1477.939893675932,0.2,0.2,12.256320387483811,0.0
West Bromwich Albion,Everton,1,0,H,2010-2011,1496.445589356442,1615.702220318718,0.4,0.4,-119.25663096227595,0.0
Chelsea,Newcastle United,2,2,D,2010-2011,1713.768714051702,1497.430328113262,1.0,0.2,216.33838593844007,0.8
Arsenal,Aston Villa,1,2,A,2010-2011,1657.896144976058,1527.1291030337957,0.4,0.2,130.76704194226227,0.2
Birmingham City,Fulham,0,2,A,2010-2011,1482.64115110186,1540.9588638060404,0.4,0.2,-58.317712704180394,0.2
Liverpool,Tottenham Hotspur,0,2,A,2010-2011,1638.138967173278,1600.4130800339278,0.8,0.0,37.72588713935011,0.8
Wigan Athletic,West Ham United,3,2,H,2010-2011,1471.7586544588753,1453.1942086087495,0.4,0.0,18.56444585012582,0.4
Manchester City,Stoke City,3,0,H,2010-2011,1635.0104297639593,1531.4289533514145,0.8,0.0,103.58147641254482,0.8
Aston Villa,Liverpool,1,0,H,2010-2011,1547.5224680749718,1621.5165809122961,0.4,0.4,-73.99411283732434,0.0
Bolton Wanderers,Manchester City,0,2,A,2010-2011,1475.121966325834,1645.666404144322,0.8,0.2,-170.54443781848818,0.6000000000000001
Everton,Chelsea,1,0,H,2010-2011,1595.746608216643,1705.4739294561207,0.6,0.4,-109.72732123947776,0.19999999999999996
Fulham,Arsenal,2,2,D,2010-2011,1553.464467787121,1637.5027799348818,0.6,0.2,-84.03831214776073,0.39999999999999997
Manchester United,Blackpool,4,2,H,2010-2011,1740.8920021187153,1464.211713472858,1.0,0.0,276.6802886458572,1.0
Newcastle United,West Bromwich Albion,3,3,D,2010-2011,1505.7251127088434,1516.401201458517,0.4,0.4,-10.676088749673681,0.0
Stoke City,Wigan Athletic,0,1,A,2010-2011,1520.7729789710518,1485.957924802718,0.6,0.2,34.815054168333745,0.39999999999999997
Tottenham Hotspur,Birmingham City,2,1,H,2010-2011,1617.0354662949096,1470.1355471207794,0.2,0.0,146.89991917413022,0.2
West Ham United,Sunderland,0,3,A,2010-2011,1438.9949382649068,1474.6672855640134,0.4,0.2,-35.672347299106605,0.2
Wolverhampton Wanderers,Blackburn Rovers,2,3,A,2010-2011,1493.4688221753343,1491.7629268966773,0.4,0.0,1.7058952786569535,0.4
Blackburn Rovers,Wolverhampton Wanderers,1,2,A,2011-2012,1506.8365757243214,1478.3951733476902,0.2,0.4,28.44140237663123,-0.2
Fulham,Aston Villa,0,0,D,2011-2012,1557.0235524380203,1565.6696121553784,0.6,0.4,-8.646059717358185,0.19999999999999996
Liverpool,Sunderland,1,1,D,2011-2012,1603.3694368318895,1488.1325756127517,0.8,0.4,115.23686121913784,0.4
Queens Park Rangers,Bolton Wanderers,0,4,A,2011-2012,1500.0,1466.9455229261391,0.0,0.0,33.05447707386088,0.0
Wigan Athletic,Norwich City,1,1,D,2011-2012,1502.4560007107248,1500.0,0.4,0.0,2.4560007107247657,0.4
Newcastle United,Arsenal,0,0,D,2011-2012,1506.1858914942238,1633.9436952839826,0.4,0.2,-127.75780378975878,0.2
Stoke City,Chelsea,0,0,D,2011-2012,1504.274903063045,1685.8880840315953,0.6,0.4,-181.6131809685503,0.19999999999999996
West Bromwich Albion,Manchester United,1,2,A,2011-2012,1515.9404226731367,1745.9621340324518,0.6,0.2,-230.02171135931508,0.39999999999999997
Manchester City,Swansea City,4,0,H,2011-2012,1653.8428475440169,1500.0,1.0,0.0,153.84284754401688,1.0
Sunderland,Newcastle United,0,1,A,2011-2012,1492.9329962212562,1511.4657829196544,0.2,0.0,-18.53278669839824,0.2
Arsenal,Liverpool,0,2,A,2011-2012,1628.663803858552,1598.569016223385,0.2,0.4,30.094787635166995,-0.2
Aston Villa,Blackburn Rovers,3,1,H,2011-2012,1565.2964087873754,1490.6113971835885,0.4,0.2,74.68501160378696,0.2
Everton,Queens Park Rangers,0,1,A,2011-2012,1615.3324536411683,1483.5772136202188,0.8,0.0,131.7552400209495,0.8
Swansea City,Wigan Athletic,0,0,D,2011-2012,1491.2393818080154,1502.3499684026428,0.0,0.4,-11.11058659462742,-0.4
Chelsea,West Bromwich Albion,2,1,H,2011-2012,1678.691080345274,1509.6363704107002,0.8,0.4,169.0547099345738,0.4
Norwich City,Stoke City,1,1,D,2011-2012,1500.106032308082,1511.4719067493663,0.0,0.0,-11.365874441284404,0.0
Wolverhampton Wanderers,Fulham,2,0,H,2011-2012,1494.620351888423,1557.3967558060233,0.2,0.4,-62.77640391760019,-0.2
Bolton Wanderers,Manchester City,2,3,A,2011-2012,1483.3683093059203,1662.6034657360015,0.6,0.4,-179.23515643008113,0.19999999999999996
Manchester United,Tottenham Hotspur,3,0,H,2011-2012,1752.2661862948883,1626.0460157109,1.0,0.2,126.22017058398819,0.8
Aston Villa,Wolverhampton Wanderers,0,0,D,2011-2012,1577.1207611918421,1512.3015130612825,0.6,0.4,64.81924813055957,0.19999999999999996
Wigan Athletic,Queens Park Rangers,2,0,H,2011-2012,1501.8704492684524,1504.0076888826445,0.4,1.0,-2.13723961419214,-0.6
Blackburn Rovers,Everton,0,1,A,2011-2012,1478.7870447791217,1594.9019783787426,0.2,0.4,-116.11493359962083,-0.2
Chelsea,Norwich City,3,1,H,2011-2012,1686.9186303012111,1500.5965615804048,0.8,0.0,186.32206872080633,0.8
Swansea City,Sunderland,0,0,D,2011-2012,1491.718900942206,1478.7323629303173,0.0,0.4,12.98653801188857,-0.4
Liverpool,Bolton Wanderers,3,1,H,2011-2012,1614.8650728392613,1475.4860211890912,0.6,0.2,139.37905165017014,0.39999999999999997
Newcastle United,Fulham,2,1,H,2011-2012,1525.6664162105933,1539.7155946331638,0.4,0.4,-14.049178422570549,0.0
Tottenham Hotspur,Manchester City,1,5,A,2011-2012,1616.267656836412,1670.4857538528306,0.4,0.6,-54.2180970164186,-0.19999999999999996
West Bromwich Albion,Stoke City,0,1,A,2011-2012,1501.4088204547631,1510.9813774770435,0.6,0.0,-9.572557022280307,0.6
Manchester United,Arsenal,8,2,H,2011-2012,1762.0445451693763,1612.3677472426757,1.0,0.0,149.6767979267006,1.0
Arsenal,Swansea City,1,0,H,2011-2012,1603.4576480009132,1491.1584879929653,0.2,0.0,112.29916000794788,0.2
Everton,Aston Villa,2,2,D,2011-2012,1605.067558515585,1574.354311798159,0.6,0.4,30.713246717426046,0.19999999999999996
Manchester City,Wigan Athletic,3,0,H,2011-2012,1683.1637883104538,1516.962720156015,1.0,0.4,166.20106815443887,0.6
Stoke City,Liverpool,1,0,H,2011-2012,1525.568201512901,1624.150890710607,0.4,0.4,-98.58268919770603,0.0
Sunderland,Chelsea,1,2,A,2011-2012,1479.292775879558,1694.566149274245,0.2,0.2,-215.27337339468704,0.0
Wolverhampton Wanderers,Tottenham Hotspur,0,2,A,2011-2012,1515.0679624549657,1603.5896223787888,0.4,0.2,-88.52165992382311,0.2
Bolton Wanderers,Manchester United,0,5,A,2011-2012,1466.2002033177455,1770.9546444111388,0.4,0.4,-304.7544410933933,0.0
Norwich City,West Bromwich Albion,0,1,A,2011-2012,1492.949042607371,1486.8219964189057,0.0,0.2,6.127046188465329,-0.2
Fulham,Blackburn Rovers,1,1,D,2011-2012,1524.1093732247416,1468.6214646422793,0.4,0.2,55.487908582462296,0.2
Queens Park Rangers,Newcastle United,0,0,D,2011-2012,1488.915417995082,1541.2726376190155,0.0,0.2,-52.35721962393359,-0.2
Blackburn Rovers,Arsenal,4,3,H,2011-2012,1470.9969081962781,1613.77137456071,0.2,0.0,-142.77446636443187,0.2
Aston Villa,Newcastle United,1,1,D,2011-2012,1575.6768659960387,1539.0291517827472,0.4,0.2,36.647714213291465,0.2
Bolton Wanderers,Norwich City,1,2,A,2011-2012,1461.7750620402712,1477.6845441782207,0.2,0.0,-15.909482137949453,0.2
Everton,Wigan Athletic,3,1,H,2011-2012,1603.7450043177053,1508.636720265506,0.6,0.2,95.10828405219922,0.39999999999999997
Swansea City,West Bromwich Albion,3,0,H,2011-2012,1480.8447614331685,1502.086494848056,0.0,0.2,-21.24173341488745,-0.2
Wolverhampton Wanderers,Queens Park Rangers,0,3,A,2011-2012,1503.8091439749548,1491.1589038313502,0.4,0.5,12.650240143604606,-0.09999999999999998
Tottenham Hotspur,Liverpool,4,0,H,2011-2012,1614.8484408587997,1605.0053933712347,0.2,0.4,9.843047487564945,-0.2
Fulham,Manchester City,2,2,D,2011-2012,1521.7339296707428,1691.4897882009627,0.2,0.8,-169.75585853021994,-0.6000000000000001
Sunderland,Stoke City,4,0,H,2011-2012,1472.5555865442818,1544.7136988522732,0.2,0.2,-72.15811230799136,0.0
Manchester United,Chelsea,3,1,H,2011-2012,1775.379785688613,1701.303338609521,1.0,0.4,74.07644707909208,0.6
Manchester City,Everton,2,0,H,2011-2012,1684.693259834503,1614.7384314937044,1.0,0.4,69.95482834079849,0.6
Arsenal,Bolton Wanderers,3,0,H,2011-2012,1592.9323427002892,1447.4614499184447,0.4,0.2,145.47089278184444,0.2
Chelsea,Swansea City,4,1,H,2011-2012,1689.4538806997105,1496.7606998300218,0.8,0.0,192.6931808696886,0.8
Liverpool,Wolverhampton Wanderers,2,1,H,2011-2012,1590.4302382344397,1488.2632304253048,0.6,0.4,102.16700780913493,0.19999999999999996
Newcastle United,Blackburn Rovers,3,1,H,2011-2012,1540.6055188204307,1491.835940056699,0.4,0.2,48.769578763731715,0.2
West Bromwich Albion,Fulham,0,0,D,2011-2012,1486.1705564512026,1528.5304580372026,0.4,0.4,-42.35990158599998,0.0
Wigan Athletic,Tottenham Hotspur,1,2,A,2011-2012,1497.6432930895069,1629.4235959955947,0.4,0.4,-131.78030290608785,0.0
Stoke City,Manchester United,1,1,D,2011-2012,1526.64241537139,1787.2292435984236,0.6,0.4,-260.5868282270337,0.19999999999999996
Queens Park Rangers,Aston Villa,1,1,D,2011-2012,1506.7048173810003,1574.1004989583553,0.0,0.4,-67.39568157735494,-0.4
Norwich City,Sunderland,2,1,H,2011-2012,1491.9981563000472,1490.626870025165,0.0,0.4,1.3712862748820953,-0.4
Everton,Liverpool,0,2,A,2011-2012,1602.7184621997105,1601.1422241816374,0.6,0.4,1.576238018073127,0.19999999999999996
Aston Villa,Wigan Athletic,2,0,H,2011-2012,1571.2267482535196,1488.074708557899,0.4,0.2,83.15203969562072,0.2
Blackburn Rovers,Manchester City,0,4,A,2011-2012,1478.9277710517422,1696.7132291284968,0.4,0.6,-217.7854580767546,-0.19999999999999996
Manchester United,Norwich City,2,0,H,2011-2012,1777.701748168287,1506.938953419938,1.0,0.3333333333333333,270.76279474834905,0.6666666666666667
Sunderland,West Bromwich Albion,2,2,D,2011-2012,1475.6860729052744,1487.9903722238073,0.2,0.2,-12.304299318532912,0.0
Wolverhampton Wanderers,Newcastle United,1,2,A,2011-2012,1477.551244478107,1553.5136878253875,0.4,0.2,-75.96244334728044,0.2
Bolton Wanderers,Chelsea,1,5,A,2011-2012,1438.3989561393041,1696.8943085109665,0.0,0.2,-258.4953523716624,-0.2
Fulham,Queens Park Rangers,6,0,H,2011-2012,1526.710642264598,1509.578568085836,0.0,0.6666666666666666,17.132074178761968,-0.6666666666666666
Swansea City,Stoke City,2,0,H,2011-2012,1489.3202720187658,1536.1699108015266,0.3333333333333333,0.2,-46.84963878276085,0.1333333333333333
Tottenham Hotspur,Arsenal,2,1,H,2011-2012,1638.9921805272027,1601.9948364794298,0.4,0.0,36.99734404777291,0.4
Liverpool,Manchester United,1,1,D,2011-2012,1616.2102753803176,1782.9170222165653,0.6,0.4,-166.7067468362477,0.19999999999999996
Manchester City,Aston Villa,4,1,H,2011-2012,1703.375173781256,1582.7037946885755,1.0,0.2,120.67137909268058,0.8
Norwich City,Swansea City,3,1,H,2011-2012,1501.7236793716595,1506.3307627240124,0.3333333333333333,0.0,-4.607083352352902,0.3333333333333333
Queens Park Rangers,Blackburn Rovers,1,1,D,2011-2012,1495.3176202842628,1472.2658263989829,0.0,0.2,23.05179388527995,-0.2
Stoke City,Fulham,2,0,H,2011-2012,1519.15942009628,1540.971590066171,0.4,0.4,-21.8121699698911,0.0
Wigan Athletic,Bolton Wanderers,1,3,A,2011-2012,1476.597662122843,1432.8723779929933,0.4,0.2,43.7252841298498,0.2
Chelsea,Everton,3,1,H,2011-2012,1702.4208866572774,1587.6504110010303,0.8,0.2,114.77047565624707,0.6000000000000001
West Bromwich Albion,Wolverhampton Wanderers,2,0,H,2011-2012,1487.4593748931313,1465.7795300912262,0.4,0.4,21.67984480190512,0.0
Arsenal,Sunderland,2,1,H,2011-2012,1588.5861299584224,1476.2170702359504,0.6,0.4,112.369059722472,0.19999999999999996
Newcastle United,Tottenham Hotspur,2,2,D,2011-2012,1565.2854022122683,1652.40088704821,0.6,0.6,-87.11548483594174,0.0
Wolverhampton Wanderers,Swansea City,2,2,D,2011-2012,1451.7143112898877,1491.131870604052,0.2,0.0,-39.41755931416424,0.2
Aston Villa,West Bromwich Albion,1,2,A,2011-2012,1572.7137463173349,1501.5245936944698,0.6,0.2,71.1891526228651,0.39999999999999997
Bolton Wanderers,Sunderland,0,2,A,2011-2012,1449.7502464433355,1465.9060667641045,0.0,0.2,-16.155820320768953,-0.2
Newcastle United,Wigan Athletic,1,0,H,2011-2012,1568.9695935729876,1459.7197936725008,0.4,0.2,109.24979990048678,0.2
Liverpool,Norwich City,1,1,D,2011-2012,1622.9017740817148,1516.92257149162,0.4,0.25,105.97920259009493,0.15000000000000002
Arsenal,Stoke City,3,1,H,2011-2012,1598.8971334302682,1535.0998919094254,0.6,0.2,63.79724152084282,0.39999999999999997
Fulham,Everton,1,3,A,2011-2012,1525.0311182530256,1577.4327506044149,0.2,0.2,-52.40163235138925,0.0
Manchester United,Manchester City,1,6,A,2011-2012,1776.225523515168,1713.3652221524967,1.0,0.8,62.86030136267141,0.19999999999999996
Blackburn Rovers,Tottenham Hotspur,1,2,A,2011-2012,1473.2595945444289,1648.7166956874908,0.2,0.6,-175.4571011430619,-0.39999999999999997
Queens Park Rangers,Chelsea,1,0,H,2011-2012,1494.3238521388168,1712.6385470538928,0.0,0.4,-218.31469491507596,-0.4
Everton,Manchester United,0,1,A,2011-2012,1590.1873902456277,1758.5408560753347,0.4,0.4,-168.35346582970692,0.0
Chelsea,Arsenal,3,5,A,2011-2012,1689.284716237607,1611.1733297844278,0.8,0.0,78.1113864531792,0.8
Manchester City,Wolverhampton Wanderers,3,1,H,2011-2012,1731.0498895923301,1453.4088399512746,1.0,0.4,277.6410496410556,0.6
Norwich City,Blackburn Rovers,3,3,D,2011-2012,1521.3612426302827,1465.2502710232202,0.5,0.2,56.11097160706254,0.3
Sunderland,Aston Villa,2,2,D,2011-2012,1480.2090662269998,1554.6825651849933,0.2,0.2,-74.47349895799357,0.0
Swansea City,Bolton Wanderers,3,1,H,2011-2012,1489.4373419426652,1435.4472469804402,0.5,0.4,53.99009496222493,0.09999999999999998
Wigan Athletic,Fulham,0,2,A,2011-2012,1449.2869419294766,1512.2764786118128,0.4,0.2,-62.989536682336166,0.2
West Bromwich Albion,Liverpool,0,2,A,2011-2012,1519.5557748268113,1618.463102943052,0.4,0.4,-98.9073281162407,0.0
Tottenham Hotspur,Queens Park Rangers,3,1,H,2011-2012,1656.7260192086994,1517.6776829551027,0.6,0.5,139.04833625359674,0.09999999999999998
Stoke City,Newcastle United,1,3,A,2011-2012,1522.8236955552659,1579.4024453160118,0.4,0.4,-56.57874976074595,0.0
Newcastle United,Everton,2,1,H,2011-2012,1591.9811104275948,1581.9357147604887,0.6,0.4,10.04539566710605,0.19999999999999996
Arsenal,West Bromwich Albion,3,0,H,2011-2012,1629.489976604265,1508.7142141051213,0.8,0.4,120.77576249914364,0.4
Aston Villa,Norwich City,3,2,H,2011-2012,1551.5156411536864,1518.9595813717654,0.4,0.2,32.55605978192102,0.2
Blackburn Rovers,Chelsea,0,1,A,2011-2012,1467.6519322817376,1670.9680694177698,0.2,0.4,-203.31613713603224,-0.2
Liverpool,Swansea City,0,0,D,2011-2012,1629.304663664742,1502.1249851384332,0.4,0.0,127.17967852630886,0.4
Manchester United,Sunderland,1,0,H,2011-2012,1766.7925315604737,1483.3759902583067,0.8,0.2,283.41654130216693,0.6000000000000001
Queens Park Rangers,Manchester City,2,3,A,2011-2012,1508.379654562991,1736.0967623663214,0.2,0.8,-227.71710780333046,-0.6000000000000001
Wolverhampton Wanderers,Wigan Athletic,3,1,H,2011-2012,1448.3619671772833,1436.9770098171198,0.2,0.0,11.384957360163526,0.2
Bolton Wanderers,Stoke City,5,0,H,2011-2012,1422.7596037846722,1510.245030443683,0.0,0.2,-87.48542665901073,-0.2
Fulham,Tottenham Hotspur,1,3,A,2011-2012,1524.5864107241696,1666.0240476008112,0.2,0.6,-141.4376368766416,-0.39999999999999997
Norwich City,Arsenal,1,2,A,2011-2012,1505.361040060547,1639.4760215113215,0.4,0.2,-134.1149814507744,0.2
Everton,Wolverhampton Wanderers,2,1,H,2011-2012,1567.3692885438718,1462.8706149116717,0.2,0.2,104.49867363220005,0.0
Manchester City,Newcastle United,3,1,H,2011-2012,1742.4671265244028,1606.5475366442117,1.0,0.6,135.9195898801911,0.4
Stoke City,Queens Park Rangers,2,3,A,2011-2012,1491.5458348413513,1502.0092904049095,0.4,0.4,-10.463455563558227,0.0
Sunderland,Fulham,0,0,D,2011-2012,1478.4671454393604,1515.376399452927,0.2,0.2,-36.909254013566624,0.0
West Bromwich Albion,Bolton Wanderers,2,1,H,2011-2012,1498.7281691980647,1441.4587993870039,0.2,0.4,57.26936981106087,-0.2
Wigan Athletic,Blackburn Rovers,3,3,D,2011-2012,1422.4683620827313,1460.548352727365,0.2,0.0,-38.079990644633654,0.2
Swansea City,Manchester United,0,1,A,2011-2012,1507.3829965710213,1771.70137637942,0.6,0.6,-264.31837980839873,0.0
Chelsea,Liverpool,1,2,A,2011-2012,1678.0716489721424,1624.046652232154,0.8,0.6,54.02499673998841,0.20000000000000007
Tottenham Hotspur,Aston Villa,2,0,H,2011-2012,1675.2340588720538,1565.1141824649046,0.8,0.0,110.11987640714915,0.8
Stoke City,Blackburn Rovers,3,1,H,2011-2012,1476.997442005507,1458.9108591032466,0.4,0.0,18.08658290226049,0.4
Bolton Wanderers,Everton,0,2,A,2011-2012,1428.9091644540506,1577.9890132348132,0.2,0.4,-149.07984878076263,-0.2
Chelsea,Wolverhampton Wanderers,3,0,H,2011-2012,1660.757821168781,1452.2508902207303,0.6,0.0,208.5069309480507,0.6
Manchester United,Newcastle United,1,1,D,2011-2012,1777.0784269766891,1597.133554496969,0.8,0.4,179.94487247972006,0.4
Norwich City,Queens Park Rangers,2,1,H,2011-2012,1495.8798221889467,1516.5576832407537,0.4,0.4,-20.677861051806985,0.0
Sunderland,Wigan Athletic,1,2,A,2011-2012,1480.05467846657,1424.1058557068498,0.2,0.0,55.948822759720315,0.2
West Bromwich Albion,Tottenham Hotspur,1,3,A,2011-2012,1511.277804131018,1685.6328548588922,0.4,0.8,-174.3550507278742,-0.4
Arsenal,Fulham,1,1,D,2011-2012,1648.957239382922,1513.7888664257173,1.0,0.2,135.1683729572046,0.8
Swansea City,Aston Villa,0,0,D,2011-2012,1502.0059459737522,1554.7153864780662,0.6,0.0,-52.70944050431399,0.6
Liverpool,Manchester City,1,1,D,2011-2012,1641.3604800355154,1751.8811086716455,0.4,0.8,-110.52062863613014,-0.4
Newcastle United,Chelsea,0,3,A,2011-2012,1604.2749850433538,1667.7006774976835,0.8,0.6,-63.42569245432969,0.20000000000000007
Blackburn Rovers,Swansea City,4,2,H,2011-2012,1444.691015050778,1504.2642959787718,0.2,0.0,-59.573280927993665,0.2
Manchester City,Norwich City,5,1,H,2011-2012,1747.2642363407906,1511.7715046475985,1.0,0.2,235.49273169319213,0.8
Queens Park Rangers,West Bromwich Albion,1,1,D,2011-2012,1500.666000782102,1503.2311803931989,0.2,0.4,-2.565179611096937,-0.2
Tottenham Hotspur,Bolton Wanderers,3,0,H,2011-2012,1693.6794785967113,1419.9775259175021,0.8,0.2,273.70195267920917,0.6000000000000001
Wigan Athletic,Arsenal,0,4,A,2011-2012,1441.5006953893655,1643.3991787947846,0.2,0.4,-201.89848340541903,-0.2
Aston Villa,Manchester United,0,1,A,2011-2012,1552.4570364730466,1769.9369964303044,0.4,0.6,-217.47995995725773,-0.19999999999999996
Everton,Stoke City,0,1,A,2011-2012,1586.9206517713617,1491.2172860579756,0.4,0.2,95.70336571338612,0.2
Wolverhampton Wanderers,Sunderland,2,1,H,2011-2012,1445.3080338918278,1462.6598387840543,0.2,0.2,-17.351804892226482,0.0
Fulham,Liverpool,1,0,H,2011-2012,1519.3469270138546,1645.9773523663703,0.2,0.6,-126.63042535251566,-0.39999999999999997
Arsenal,Everton,1,0,H,2011-2012,1650.5470968394516,1567.890231117665,0.8,0.4,82.65686572178652,0.4
Bolton Wanderers,Aston Villa,1,2,A,2011-2012,1414.8347485853878,1545.7859733732225,0.2,0.0,-130.9512247878347,0.2
Liverpool,Queens Park Rangers,1,0,H,2011-2012,1625.740151879427,1500.7767464760607,0.2,0.4,124.96340540336632,-0.2
Manchester United,Wolverhampton Wanderers,4,1,H,2011-2012,1776.6080595301285,1461.0565493025729,0.6,0.0,315.5515102275556,0.6
Norwich City,Newcastle United,4,2,H,2011-2012,1505.6228392967844,1591.9832735544526,0.6,0.4,-86.3604342576682,0.19999999999999996
Swansea City,Fulham,2,0,H,2011-2012,1486.7172236210617,1539.5841275007979,0.6,0.2,-52.86690387973613,0.39999999999999997
West Bromwich Albion,Wigan Athletic,1,2,A,2011-2012,1503.1204346992401,1434.3527773446986,0.4,0.2,68.7676573545416,0.2
Sunderland,Blackburn Rovers,2,1,H,2011-2012,1446.9113233733092,1462.2380874084881,0.2,0.0,-15.32676403517894,0.2
Stoke City,Tottenham Hotspur,2,1,H,2011-2012,1510.2477067116722,1698.8222559288256,0.4,0.8,-188.5745492171534,-0.4
Chelsea,Manchester City,2,1,H,2011-2012,1679.9923889865847,1753.4129016916047,0.6,0.6,-73.42051270501997,0.0
Blackburn Rovers,West Bromwich Albion,1,2,A,2011-2012,1446.5768067181452,1485.1896685670451,0.4,0.2,-38.61286184889991,0.2
Everton,Norwich City,1,1,D,2011-2012,1556.3929788043165,1524.2763826970418,0.4,0.2,32.116596107274745,0.2
Fulham,Bolton Wanderers,2,0,H,2011-2012,1522.319133806993,1405.2350360950818,0.4,0.2,117.08409771191123,0.2
Newcastle United,Swansea City,0,0,D,2011-2012,1573.3297301541952,1503.9822173148666,0.6,0.0,69.3475128393286,0.6
Wolverhampton Wanderers,Stoke City,1,2,A,2011-2012,1456.8607755194867,1532.6738352019609,0.4,0.2,-75.8130596824742,0.2
Wigan Athletic,Chelsea,1,1,D,2011-2012,1452.2835434768936,1698.115850703483,0.0,0.6,-245.83230722658936,-0.6
Queens Park Rangers,Manchester United,0,2,A,2011-2012,1490.9506438802923,1780.8038333132147,0.2,0.6,-289.85318943292236,-0.39999999999999997
Aston Villa,Liverpool,0,2,A,2011-2012,1555.3856858635286,1635.5662544751954,0.4,0.6,-80.18056861166679,-0.19999999999999996
Tottenham Hotspur,Sunderland,1,0,H,2011-2012,1676.396127438537,1462.572604063652,1.0,0.2,213.82352337488487,0.8
Manchester City,Arsenal,1,0,H,2011-2012,1735.2894399747065,1662.0443491528001,1.0,0.6,73.24509082190639,0.4
Wolverhampton Wanderers,Norwich City,2,2,D,2011-2012,1445.0829098843285,1525.6590316229592,0.4,0.0,-80.57612173863072,0.4
Blackburn Rovers,Bolton Wanderers,1,2,A,2011-2012,1433.237028250823,1395.1069180515944,0.2,0.2,38.13011019922851,0.0
Aston Villa,Arsenal,1,2,A,2011-2012,1543.787186229613,1650.160564927506,0.4,0.6,-106.3733786978928,-0.19999999999999996
Manchester City,Stoke City,3,0,H,2011-2012,1747.1732242000007,1544.451700837119,1.0,0.4,202.72152336288173,0.6
Newcastle United,West Bromwich Albion,2,3,A,2011-2012,1570.3748932087967,1498.5294470343674,0.4,0.4,71.8454461744293,0.0
Everton,Swansea City,1,0,H,2011-2012,1555.010329878399,1506.937054260265,0.2,0.0,48.07327561813395,0.2
Fulham,Manchester United,0,5,A,2011-2012,1532.4472518504804,1785.5624449780662,0.6,0.8,-253.11519312758583,-0.20000000000000007
Queens Park Rangers,Sunderland,2,3,A,2011-2012,1486.1920322154408,1455.7917133231385,0.2,0.2,30.400318892302266,0.0
Wigan Athletic,Liverpool,0,0,D,2011-2012,1461.420732161986,1647.1647541091108,0.0,0.8,-185.7440219471248,-0.8
Tottenham Hotspur,Chelsea,1,1,D,2011-2012,1683.1770181790505,1688.9786620183904,1.0,0.6,-5.801643839339931,0.4
Chelsea,Fulham,1,1,D,2011-2012,1688.7282081976105,1526.7796754250317,0.6,0.2,161.9485327725788,0.39999999999999997
Bolton Wanderers,Newcastle United,0,2,A,2011-2012,1411.7465496901368,1552.3165450699353,0.2,0.4,-140.56999537979846,-0.2
Liverpool,Blackburn Rovers,1,1,D,2011-2012,1639.8312487748556,1416.5973966122806,0.2,0.0,223.23385216257498,0.2
Manchester United,Wigan Athletic,5,0,H,2011-2012,1791.230021403515,1468.7542374962413,0.6,0.4,322.4757839072736,0.19999999999999996
Sunderland,Everton,1,1,D,2011-2012,1472.1008613079075,1567.9479842713486,0.2,0.4,-95.84712296344105,-0.2
West Bromwich Albion,Manchester City,0,0,D,2011-2012,1516.5877951732289,1754.2953777473047,0.4,0.6,-237.7075825740758,-0.19999999999999996
Stoke City,Aston Villa,0,0,D,2011-2012,1537.329547289815,1533.2413799485578,0.6,0.2,4.088167341257304,0.39999999999999997
Arsenal,Wolverhampton Wanderers,1,1,D,2011-2012,1660.7063712085612,1448.5006052900974,0.8,0.0,212.20576591846384,0.8
Swansea City,Queens Park Rangers,1,1,D,2011-2012,1493.9993998673156,1469.8828842306718,0.6,0.2,24.116515636643726,0.39999999999999997
Norwich City,Tottenham Hotspur,0,2,A,2011-2012,1522.2413362171903,1683.4274719998305,0.6,0.6,-161.18613578264012,0.0
Liverpool,Newcastle United,3,1,H,2011-2012,1631.3320680290128,1561.5584648939916,0.2,0.4,69.77360313502118,-0.2
Manchester United,Blackburn Rovers,2,3,A,2011-2012,1795.283998876176,1425.0965773581233,0.6,0.0,370.1874215180526,0.6
Arsenal,Queens Park Rangers,1,0,H,2011-2012,1652.5362608645669,1470.9224089135237,0.6,0.2,181.61385195104322,0.39999999999999997
Bolton Wanderers,Wolverhampton Wanderers,1,1,D,2011-2012,1402.5046298660804,1456.6707156340917,0.2,0.0,-54.16608576801127,0.2
Chelsea,Aston Villa,1,3,A,2011-2012,1682.2022578205817,1533.4178721753017,0.4,0.2,148.78438564528005,0.2
Norwich City,Fulham,1,1,D,2011-2012,1513.740576029669,1533.3056258020604,0.4,0.2,-19.565049772391376,0.2
Stoke City,Wigan Athletic,2,2,D,2011-2012,1537.1530550630712,1464.7002600235803,0.4,0.4,72.45279503949087,0.0
Swansea City,Tottenham Hotspur,1,1,D,2011-2012,1492.9598751844637,1691.9282321873518,0.4,0.8,-198.96835700288807,-0.4
West Bromwich Albion,Everton,0,1,A,2011-2012,1525.5012218700876,1563.9118058484069,0.2,0.4,-38.41058397831921,-0.2
Sunderland,Manchester City,1,0,H,2011-2012,1476.1370397308492,1745.3819510504459,0.2,0.4,-269.24491131959667,-0.2
Aston Villa,Swansea City,0,2,A,2011-2012,1554.475561561009,1500.7197133074287,0.2,0.0,53.755848253580325,0.2
Blackburn Rovers,Stoke City,1,2,A,2011-2012,1451.9128893870302,1534.069584595767,0.2,0.4,-82.15669520873689,-0.2
Queens Park Rangers,Norwich City,1,2,A,2011-2012,1463.1194348996457,1514.5843753862407,0.2,0.0,-51.46494048659497,0.2
Wolverhampton Wanderers,Chelsea,1,2,A,2011-2012,1454.3509418410315,1661.1445684348744,0.4,0.4,-206.79362659384287,0.0
Fulham,Arsenal,2,1,H,2011-2012,1532.4618264454887,1660.3392348784448,0.4,0.8,-127.87740843295614,-0.4
Tottenham Hotspur,West Bromwich Albion,1,0,H,2011-2012,1684.1683940643868,1512.1528167932045,0.8,0.6,172.01557727118234,0.20000000000000007
Wigan Athletic,Sunderland,1,4,A,2011-2012,1467.7837304908844,1500.8840110031797,0.0,0.4,-33.100280512295285,-0.4
Manchester City,Liverpool,3,0,H,2011-2012,1720.6349797781154,1643.3595534100186,1.0,0.6,77.27542636809676,0.4
Everton,Bolton Wanderers,1,2,A,2011-2012,1577.26021092529,1404.8244036591407,0.4,0.2,172.43580726614937,0.2
Newcastle United,Manchester United,3,0,H,2011-2012,1549.5309795129858,1768.467686847269,0.4,1.0,-218.93670733428326,-0.6
Tottenham Hotspur,Everton,2,0,H,2011-2012,1692.2945638705305,1555.3720558393313,0.8,0.4,136.9225080311992,0.4
Aston Villa,Everton,1,1,D,2011-2012,1537.1730786895544,1545.995328114567,0.2,0.4,-8.822249425012615,-0.2
Blackburn Rovers,Fulham,3,1,H,2011-2012,1440.3952136503967,1552.7462412874952,0.2,0.0,-112.35102763709847,0.2
Chelsea,Sunderland,1,0,H,2011-2012,1668.1401915936592,1514.4592649459908,0.4,0.4,153.68092664766846,0.0
Liverpool,Stoke City,0,0,D,2011-2012,1631.641855213099,1545.5872603324005,0.4,0.6,86.05459488069846,-0.19999999999999996
Manchester United,Bolton Wanderers,3,0,H,2011-2012,1745.0953492980677,1426.7125587450994,0.6,0.4,318.38279055296834,0.19999999999999996
Tottenham Hotspur,Wolverhampton Wanderers,1,1,D,2011-2012,1701.6712915952949,1447.3553186822467,0.8,0.0,254.3159729130482,0.8
West Bromwich Albion,Norwich City,1,2,A,2011-2012,1504.0266469870608,1527.3785649746558,0.2,0.2,-23.351917987595016,0.0
Newcastle United,Queens Park Rangers,1,0,H,2011-2012,1572.9033170621872,1450.3252453112307,0.4,0.2,122.5780717509565,0.2
Swansea City,Arsenal,3,2,H,2011-2012,1518.0221961788834,1640.0548200364383,0.2,0.6,-122.03262385755488,-0.39999999999999997
Wigan Athletic,Manchester City,0,1,A,2011-2012,1454.2084765480733,1732.352677975035,0.0,0.2,-278.1442014269617,-0.2
Norwich City,Chelsea,0,0,D,2011-2012,1541.371897044503,1676.906592052548,0.4,0.6,-135.534695008045,-0.19999999999999996
Everton,Blackburn Rovers,1,1,D,2011-2012,1545.6145228307403,1460.083507734144,0.4,0.2,85.53101509659632,0.2
Fulham,Newcastle United,5,2,H,2011-2012,1533.057947203748,1582.820364383375,0.6,0.2,-49.76241717962694,0.39999999999999997
Queens Park Rangers,Wigan Athletic,3,1,H,2011-2012,1440.408197990043,1449.1737506156817,0.0,0.4,-8.765552625638747,-0.4
Stoke City,West Bromwich Albion,1,2,A,2011-2012,1549.2283802758218,1490.0333149172136,0.4,0.4,59.19506535860819,0.0
Sunderland,Swansea City,2,0,H,2011-2012,1505.692864487102,1538.0842929830944,0.4,0.2,-32.391428495992386,0.2
Wolverhampton Wanderers,Aston Villa,2,3,A,2011-2012,1456.719448588025,1537.553883973381,0.4,0.4,-80.83443538535607,0.0
Bolton Wanderers,Liverpool,3,1,H,2011-2012,1422.5752597915864,1628.0007352696778,0.2,0.4,-205.42547547809136,-0.2
Manchester City,Tottenham Hotspur,3,2,H,2011-2012,1737.3874039074267,1692.3071616895165,1.0,0.6,45.080242217910154,0.4
Arsenal,Manchester United,1,2,A,2011-2012,1619.9927232322273,1749.2326482515807,0.6,0.8,-129.23992501935345,-0.20000000000000007
Swansea City,Chelsea,1,1,D,2011-2012,1521.6898802645992,1671.334892824672,0.4,0.4,-149.6450125600727,0.0
Tottenham Hotspur,Wigan Athletic,3,1,H,2011-2012,1679.2425831581008,1433.795391561955,0.6,0.4,245.44719159614579,0.19999999999999996
Wolverhampton Wanderers,Liverpool,0,3,A,2011-2012,1445.1477155377004,1605.0386950991056,0.2,0.2,-159.89097956140517,0.0
Everton,Manchester City,1,0,H,2011-2012,1541.9946834641187,1750.4519824388424,0.2,0.2,-208.4572989747237,0.0
Manchester United,Stoke City,2,0,H,2011-2012,1758.8967809820863,1531.6971689008103,0.6,0.6,227.19961208127597,0.0
Aston Villa,Queens Park Rangers,2,2,D,2011-2012,1549.1256170237057,1455.7865570437696,0.0,0.0,93.33905997993611,0.0
Blackburn Rovers,Newcastle United,0,2,A,2011-2012,1463.7033471007655,1565.6865195818862,0.4,0.2,-101.98317248112062,0.2
Bolton Wanderers,Arsenal,0,0,D,2011-2012,1445.5372999621586,1610.3285905017217,0.2,0.4,-164.79129053956308,-0.2
Fulham,West Bromwich Albion,1,1,D,2011-2012,1550.1917920052367,1507.564526292225,0.8,0.6,42.62726571301164,0.20000000000000007
Sunderland,Norwich City,3,0,H,2011-2012,1522.0872772055973,1546.943596272379,0.6,0.4,-24.85631906678168,0.19999999999999996
Arsenal,Blackburn Rovers,7,1,H,2011-2012,1603.7034942272007,1452.9840718408846,0.4,0.2,150.71942238631618,0.2
Norwich City,Bolton Wanderers,2,0,H,2011-2012,1530.8722898441417,1452.1623962366796,0.4,0.4,78.70989360746216,0.0
Queens Park Rangers,Wolverhampton Wanderers,1,2,A,2011-2012,1459.722099910431,1436.6014630935522,0.2,0.0,23.120636816878914,0.2
Stoke City,Sunderland,0,1,A,2011-2012,1525.3118446432068,1538.1585836338345,0.4,0.4,-12.846738990627728,0.0
West Bromwich Albion,Swansea City,1,2,A,2011-2012,1509.3957141384983,1527.7786348902116,0.0,0.2,-18.3829207517133,-0.2
Wigan Athletic,Everton,1,1,D,2011-2012,1427.9221159188687,1565.050302475267,0.0,0.2,-137.1281865563983,-0.2
Manchester City,Fulham,3,0,H,2011-2012,1727.396363427694,1548.3606041589635,1.0,0.0,179.03575926873054,1.0
Newcastle United,Aston Villa,2,1,H,2011-2012,1576.4057948417671,1545.1900741570441,0.4,0.6,31.21572068472301,-0.19999999999999996
Chelsea,Manchester United,3,3,D,2011-2012,1665.2461381990595,1765.2821052396898,0.6,0.8,-100.03596704063034,-0.20000000000000007
Liverpool,Tottenham Hotspur,0,0,D,2011-2012,1613.5849475432537,1685.1158588011872,0.4,0.4,-71.53091125793344,0.0
Manchester United,Liverpool,2,1,H,2011-2012,1761.0787243194507,1616.6302782361029,0.8,0.4,144.4484460833478,0.4
Blackburn Rovers,Queens Park Rangers,3,2,H,2011-2012,1444.111520816706,1443.7253726611896,0.2,0.0,0.3861481555163664,0.2
Bolton Wanderers,Wigan Athletic,1,2,A,2011-2012,1440.5036100181685,1433.553018392862,0.2,0.2,6.950591625306515,0.0
Everton,Chelsea,2,0,H,2011-2012,1559.4194000012737,1669.4495191192987,0.4,0.2,-110.03011911802491,0.2
Fulham,Stoke City,2,1,H,2011-2012,1540.4716439174254,1510.8662303179538,0.6,0.4,29.605413599471603,0.19999999999999996
Sunderland,Arsenal,1,2,A,2011-2012,1552.6041979590875,1612.5760452513794,0.8,0.2,-59.97184729229184,0.6000000000000001
Swansea City,Norwich City,2,3,A,2011-2012,1541.9857201869984,1542.5310760626528,0.4,0.4,-0.5453558756544226,0.0
Tottenham Hotspur,Newcastle United,5,0,H,2011-2012,1682.070528108338,1590.0617185038695,0.6,0.4,92.00880960446852,0.19999999999999996
Wolverhampton Wanderers,West Bromwich Albion,1,5,A,2011-2012,1452.5981903427937,1495.1886288417115,0.0,0.6,-42.59043849891782,-0.6
Aston Villa,Manchester City,0,1,A,2011-2012,1531.5341504949417,1735.2853236692322,0.0,0.2,-203.75117317429044,-0.2
Chelsea,Bolton Wanderers,3,0,H,2011-2012,1649.851825892353,1425.2035688817862,0.4,0.4,224.6482570105668,0.0
Newcastle United,Wolverhampton Wanderers,2,2,D,2011-2012,1578.943729789494,1439.42781190584,0.6,0.2,139.51591788365408,0.39999999999999997
Queens Park Rangers,Fulham,0,1,A,2011-2012,1428.7420440103235,1554.1965600823364,0.2,0.0,-125.4545160720129,0.2
West Bromwich Albion,Sunderland,4,0,H,2011-2012,1508.3590072786653,1540.1679783926777,0.0,0.6,-31.808971114012365,-0.6
Wigan Athletic,Aston Villa,0,0,D,2011-2012,1448.8530595292443,1524.4441390118477,0.0,0.6,-75.59107948260339,-0.6
Manchester City,Blackburn Rovers,3,0,H,2011-2012,1742.3753351523262,1459.094849467572,1.0,0.2,283.28048568475424,0.8
Arsenal,Tottenham Hotspur,5,2,H,2011-2012,1625.0122648177892,1693.1885168227136,0.6,0.2,-68.17625200492444,0.39999999999999997
Norwich City,Manchester United,1,2,A,2011-2012,1557.5075311761836,1770.1784875270564,0.4,0.6,-212.67095635087276,-0.19999999999999996
Stoke City,Swansea City,2,0,H,2011-2012,1497.1413141530427,1527.0092650734675,0.2,0.4,-29.867950920424846,-0.2
Liverpool,Arsenal,1,2,A,2011-2012,1607.5305150284971,1642.9184645067114,0.4,0.4,-35.387949478214296,0.0
Blackburn Rovers,Aston Villa,1,1,D,2011-2012,1454.182788283935,1521.2311473385973,0.4,0.4,-67.04835905466234,0.0
Manchester City,Bolton Wanderers,2,0,H,2011-2012,1747.2873963359632,1418.744113956112,1.0,0.4,328.54328237985123,0.6
Queens Park Rangers,Everton,1,1,D,2011-2012,1418.9346126445914,1579.0170932282194,0.2,0.2,-160.082480583628,0.0
Stoke City,Norwich City,1,0,H,2011-2012,1513.4276500069122,1550.69175682108,0.2,0.6,-37.26410681416769,-0.39999999999999997
West Bromwich Albion,Chelsea,1,0,H,2011-2012,1524.728486739005,1656.3112808180272,0.2,0.2,-131.58279407902228,0.0
Wigan Athletic,Swansea City,0,2,A,2011-2012,1452.0660512024947,1510.722929219598,0.0,0.4,-58.65687801710328,-0.4
Newcastle United,Sunderland,1,1,D,2011-2012,1573.2244969382057,1523.7984989323381,0.6,0.6,49.42599800586754,0.0
Fulham,Wolverhampton Wanderers,5,0,H,2011-2012,1564.0039914480685,1445.1470447571282,0.6,0.2,118.85694669094028,0.39999999999999997
Tottenham Hotspur,Manchester United,1,3,A,2011-2012,1675.2823171337914,1776.9942618821601,0.8,0.6,-101.71194474836875,0.20000000000000007
Bolton Wanderers,Queens Park Rangers,2,1,H,2011-2012,1414.8110439263933,1425.395095879707,0.2,0.0,-10.584051953313747,0.2
Aston Villa,Fulham,1,0,H,2011-2012,1518.3718441309243,1574.0637575255205,0.0,0.2,-55.69191339459621,-0.2
Chelsea,Stoke City,1,0,H,2011-2012,1635.887276002395,1530.0303300141386,0.4,0.2,105.85694598825648,0.2
Sunderland,Liverpool,1,0,H,2011-2012,1525.9181113224697,1594.0530740565086,0.6,0.2,-68.13496273403894,0.39999999999999997
Wolverhampton Wanderers,Blackburn Rovers,0,2,A,2011-2012,1435.0872786796763,1457.042091491608,0.0,0.2,-21.954812811931788,-0.2
Everton,Tottenham Hotspur,1,0,H,2011-2012,1572.5566099931038,1664.552283317759,0.6,0.2,-91.99567332465517,0.39999999999999997
Manchester United,West Bromwich Albion,2,0,H,2011-2012,1787.7242956981925,1545.152491554637,0.8,0.6,242.57180414355548,0.20000000000000007
Swansea City,Manchester City,1,0,H,2011-2012,1523.2142974994679,1751.220466365682,0.2,0.4,-228.006168866214,-0.2
Norwich City,Wigan Athletic,1,1,D,2011-2012,1534.0890768138536,1439.5746829226248,0.2,0.2,94.51439389122879,0.0
Arsenal,Newcastle United,2,1,H,2011-2012,1656.3959054787,1571.104884548074,0.6,0.4,85.29102093062579,0.19999999999999996
Liverpool,Everton,3,0,H,2011-2012,1576.1485900933428,1591.4380921204868,0.2,0.2,-15.289502027143953,0.0
Fulham,Swansea City,0,3,A,2011-2012,1556.6797280591577,1546.8522785539103,0.8,0.6,9.827449505247387,0.20000000000000007
Wigan Athletic,West Bromwich Albion,1,1,D,2011-2012,1443.557433901237,1539.2006395297544,0.0,0.4,-95.64320562851753,-0.4
Wolverhampton Wanderers,Manchester United,0,5,A,2011-2012,1421.0338845121594,1793.676147723075,0.0,0.6,-372.64226321091564,-0.6
Newcastle United,Norwich City,1,0,H,2011-2012,1559.7149643200196,1530.1063258352415,0.6,0.6,29.608638484778112,0.0
Blackburn Rovers,Sunderland,2,0,H,2011-2012,1471.095485659125,1543.8225952856355,0.4,0.4,-72.72710962651058,0.0
Manchester City,Chelsea,2,1,H,2011-2012,1727.5824853112395,1646.4534214252024,1.0,0.2,81.1290638860371,0.8
Tottenham Hotspur,Stoke City,1,1,D,2011-2012,1645.670801190376,1519.4641845913313,0.6,0.2,126.20661659904476,0.39999999999999997
Everton,Arsenal,0,1,A,2011-2012,1575.7784170413331,1667.7858257067544,0.6,0.4,-92.00740866542128,0.19999999999999996
Queens Park Rangers,Liverpool,3,2,H,2011-2012,1409.938286924885,1591.8082651724965,0.2,0.2,-181.86997824761147,0.0
Chelsea,Tottenham Hotspur,0,0,D,2011-2012,1634.8937417266486,1640.4496743331113,0.6,0.0,-5.5559326064626475,0.6
Arsenal,Aston Villa,3,0,H,2011-2012,1678.9038708535427,1535.755873597287,0.8,0.4,143.14799725625562,0.4
Bolton Wanderers,Blackburn Rovers,2,1,H,2011-2012,1430.2678528812153,1489.1902969435882,0.4,0.4,-58.92244406237296,0.0
Liverpool,Wigan Athletic,1,2,A,2011-2012,1569.6027299634814,1447.585444641476,0.4,0.2,122.01728532200536,0.2
Norwich City,Wolverhampton Wanderers,2,1,H,2011-2012,1516.3815478936467,1417.890188228645,0.2,0.2,98.49135966500171,0.0
Sunderland,Queens Park Rangers,3,1,H,2011-2012,1525.7277840011723,1432.1438221339001,0.8,0.0,93.58396186727214,0.8
Swansea City,Everton,0,2,A,2011-2012,1562.276450537442,1564.6603718945448,0.4,0.0,-2.383921357102736,0.4
Stoke City,Manchester City,1,1,D,2011-2012,1524.6853114485962,1739.1421650097932,0.4,0.4,-214.45685356119702,0.0
West Bromwich Albion,Newcastle United,1,3,A,2011-2012,1535.1726287895153,1573.4397422616144,0.4,0.2,-38.26711347209903,0.2
Manchester United,Fulham,1,0,H,2011-2012,1796.8198440065894,1541.255556075626,0.8,0.2,255.56428793096347,0.6000000000000001
Aston Villa,Chelsea,2,4,A,2011-2012,1526.608582682809,1635.1335901747348,0.2,0.0,-108.52500749192586,0.2
Everton,West Bromwich Albion,2,0,H,2011-2012,1579.5574513513316,1521.818104408896,0.6,0.4,57.73934694243553,0.19999999999999996
Fulham,Norwich City,2,1,H,2011-2012,1535.6525027360037,1527.2396926705087,0.6,0.4,8.412810065495023,0.19999999999999996
Manchester City,Sunderland,3,3,D,2011-2012,1730.903941252844,1536.782397532127,1.0,0.2,194.121543720717,0.8
Queens Park Rangers,Arsenal,2,1,H,2011-2012,1421.0892086029453,1688.0511617680208,0.4,0.6,-266.96195316507556,-0.19999999999999996
Wigan Athletic,Stoke City,2,0,H,2011-2012,1467.6469546378657,1532.9235352055452,0.0,0.0,-65.2765805676795,0.0
Wolverhampton Wanderers,Bolton Wanderers,2,3,A,2011-2012,1407.032043451783,1447.787627895915,0.0,0.2,-40.755584444131955,-0.2
Newcastle United,Liverpool,2,0,H,2011-2012,1586.7942666422337,1549.5412199670916,0.6,0.2,37.25304667514206,0.39999999999999997
Tottenham Hotspur,Swansea City,3,1,H,2011-2012,1640.209825885025,1547.3793710806553,0.4,0.6,92.83045480436977,-0.19999999999999996
Blackburn Rovers,Manchester United,0,2,A,2011-2012,1471.6705219288885,1802.4228973462116,0.6,0.8,-330.75237541732304,-0.20000000000000007
Swansea City,Newcastle United,0,2,A,2011-2012,1536.2944594121852,1600.192058690042,0.4,0.4,-63.89759927785667,0.0
Sunderland,Tottenham Hotspur,0,0,D,2011-2012,1544.387878995157,1651.2947375534952,0.8,0.0,-106.90685855833817,0.8
Bolton Wanderers,Fulham,0,3,A,2011-2012,1461.0360943473909,1550.2893634978454,0.6,0.2,-89.25326915045457,0.39999999999999997
Chelsea,Wigan Athletic,2,1,H,2011-2012,1645.5948507878036,1485.4324724179576,0.6,0.4,160.162378369846,0.19999999999999996
Liverpool,Aston Villa,1,1,D,2011-2012,1536.1434279192833,1516.14732206974,0.2,0.2,19.996105849543255,0.0
Norwich City,Everton,2,2,D,2011-2012,1512.602831908667,1592.087341583535,0.4,0.2,-79.48450967486792,0.2
West Bromwich Albion,Blackburn Rovers,3,0,H,2011-2012,1509.2882141766927,1467.7807064323626,0.4,0.2,41.50750774433004,0.2
Stoke City,Wolverhampton Wanderers,2,1,H,2011-2012,1515.1380174254534,1393.783577000307,0.4,0.2,121.35444042514632,0.2
Manchester United,Queens Park Rangers,2,0,H,2011-2012,1806.3127128427375,1445.7789903825908,1.0,0.0,360.5337224601467,1.0
Arsenal,Manchester City,1,0,H,2011-2012,1663.3613799883753,1723.2984597898142,0.8,0.4,-59.93707980143881,0.4
Everton,Sunderland,4,0,H,2011-2012,1588.71436008469,1548.8630643933855,0.8,0.2,39.851295691304585,0.6000000000000001
Newcastle United,Bolton Wanderers,2,0,H,2011-2012,1612.4640653400784,1449.8068815261354,0.6,0.2,162.657183813943,0.39999999999999997
Tottenham Hotspur,Norwich City,1,2,A,2011-2012,1646.8195521552668,1515.9758134075119,0.6,0.2,130.84373874775497,0.39999999999999997
Aston Villa,Stoke City,1,1,D,2011-2012,1517.009671418292,1525.1018826322977,0.2,0.0,-8.092211214005602,0.2
Fulham,Chelsea,1,1,D,2011-2012,1561.518576319101,1654.1315582472434,0.6,0.2,-92.61298192814252,0.39999999999999997
Blackburn Rovers,Liverpool,2,3,A,2011-2012,1454.5642523452643,1535.2810785707313,0.4,0.2,-80.716826225467,0.2
Manchester City,West Bromwich Albion,4,0,H,2011-2012,1705.7361365643983,1522.504668263791,0.8,0.2,183.23146830060728,0.6000000000000001
Wigan Athletic,Manchester United,1,0,H,2011-2012,1476.8957649585177,1809.6580431079044,0.2,0.8,-332.7622781493867,-0.6000000000000001
Wolverhampton Wanderers,Arsenal,0,3,A,2011-2012,1383.8197117934628,1680.9237032137912,0.0,0.6,-297.1039914203284,-0.6
Queens Park Rangers,Swansea City,3,0,H,2011-2012,1442.4336601174239,1524.0224527621488,0.4,0.6,-81.58879264472489,-0.19999999999999996
Norwich City,Manchester City,1,6,A,2011-2012,1536.372061400762,1713.4854700923418,0.4,0.2,-177.1134086915797,0.2
Sunderland,Wolverhampton Wanderers,0,0,D,2011-2012,1535.5760773649085,1379.2258432596855,0.6,0.2,156.35023410522308,0.39999999999999997
Swansea City,Blackburn Rovers,3,0,H,2011-2012,1505.5633341708726,1442.987706558536,0.2,0.2,62.575627612336575,0.0
West Bromwich Albion,Queens Park Rangers,1,0,H,2011-2012,1514.7553347358476,1460.8927787087,0.6,0.0,53.86255602714755,0.6
Manchester United,Aston Villa,4,0,H,2011-2012,1783.5088566193706,1517.3589770985666,1.0,0.0,266.149879520804,1.0
Arsenal,Wigan Athletic,1,2,A,2011-2012,1685.5175717475686,1503.0449514470515,1.0,0.4,182.47262030051706,0.6
Arsenal,Chelsea,0,0,D,2011-2012,1663.2920388742539,1650.2252207820973,0.8,0.2,13.066818092156609,0.6000000000000001
Aston Villa,Sunderland,0,0,D,2011-2012,1512.0282984406801,1529.2474425028358,0.2,0.0,-17.219144062155692,0.2
Blackburn Rovers,Norwich City,2,0,H,2011-2012,1430.6604756000916,1528.4185903959503,0.4,0.4,-97.75811479585877,0.0
Bolton Wanderers,Swansea City,1,1,D,2011-2012,1441.3576137913979,1517.890565129317,0.4,0.4,-76.53295133791926,0.0
Fulham,Wigan Athletic,2,1,H,2011-2012,1565.424913784247,1525.2704843203662,0.6,0.6,40.15442946388089,0.0
Newcastle United,Stoke City,3,0,H,2011-2012,1620.913333074816,1524.7525769520232,0.6,0.0,96.16075612279269,0.6
Queens Park Rangers,Tottenham Hotspur,1,0,H,2011-2012,1448.1997597644913,1626.4233041620166,0.6,0.0,-178.2235443975253,0.6
Manchester United,Everton,4,4,D,2011-2012,1788.839535277257,1602.001347113167,1.0,0.2,186.83818816409007,0.8
Liverpool,West Bromwich Albion,0,1,A,2011-2012,1546.8576243574596,1527.4483536800562,0.2,0.2,19.409270677403356,0.0
Wolverhampton Wanderers,Manchester City,0,2,A,2011-2012,1385.5544781217582,1721.4389410971535,0.0,0.4,-335.8844629753953,-0.4
Aston Villa,Bolton Wanderers,1,2,A,2011-2012,1512.7711005763526,1444.6093810145958,0.2,0.2,68.16171956175685,0.0
Everton,Fulham,4,0,H,2011-2012,1609.3707447964755,1578.698985448812,0.8,0.4,30.67175934766351,0.4
Stoke City,Arsenal,1,1,D,2011-2012,1513.8013125673062,1662.7281648231958,0.6,0.8,-148.92685225588957,-0.20000000000000007
Sunderland,Bolton Wanderers,2,2,D,2011-2012,1528.5046403671633,1462.5149768344118,0.4,0.4,65.98966353275159,0.0
Swansea City,Wolverhampton Wanderers,4,4,D,2011-2012,1514.6387979061192,1381.7635886294913,0.4,0.0,132.87520927662786,0.4
West Bromwich Albion,Aston Villa,0,0,D,2011-2012,1543.2854486262847,1494.8655047565367,0.8,0.0,48.41994386974807,0.8
Wigan Athletic,Newcastle United,4,0,H,2011-2012,1511.9964126558014,1631.864597459533,0.4,0.6,-119.86818480373154,-0.19999999999999996
Norwich City,Liverpool,0,3,A,2011-2012,1509.30599526176,1531.020529411231,0.2,0.2,-21.714534149471092,0.0
Chelsea,Queens Park Rangers,6,1,H,2011-2012,1650.7890948331553,1470.2835840995667,0.6,0.0,180.5055107335886,0.6
Tottenham Hotspur,Blackburn Rovers,2,0,H,2011-2012,1604.339479826941,1449.7730707342819,0.4,0.2,154.56640909265911,0.2
Manchester City,Manchester United,1,0,H,2011-2012,1725.2298305894203,1781.4701375939485,0.8,0.8,-56.24030700452818,0.0
Liverpool,Fulham,0,1,A,2011-2012,1545.084256378683,1565.0197623986803,0.2,0.4,-19.93550601999732,-0.2
Stoke City,Everton,1,1,D,2011-2012,1519.864148738466,1623.0499678466072,0.6,0.2,-103.18581910814123,0.39999999999999997
Chelsea,Newcastle United,0,2,A,2011-2012,1658.6289603748874,1611.8854779495189,0.8,0.4,46.743482425368484,0.4
Bolton Wanderers,Tottenham Hotspur,1,4,A,2011-2012,1465.3302078520899,1613.0742867195356,0.4,0.0,-147.74407886744575,0.4
Arsenal,Norwich City,3,3,D,2011-2012,1656.6653286520361,1495.2422682943081,0.6,0.2,161.423060357728,0.39999999999999997
Newcastle United,Manchester City,0,2,A,2011-2012,1628.8914676672334,1742.6369322366672,0.8,0.4,-113.7454645694338,0.4
Aston Villa,Tottenham Hotspur,1,1,D,2011-2012,1496.942532291039,1622.0542313450474,0.2,0.2,-125.11169905400834,0.0
Bolton Wanderers,West Bromwich Albion,2,2,D,2011-2012,1456.3502632265781,1541.2084210917824,0.4,0.2,-84.85815786520425,0.2
Fulham,Sunderland,2,1,H,2011-2012,1579.1600207340664,1525.6894093494852,0.6,0.0,53.47061138458116,0.6
Queens Park Rangers,Stoke City,1,0,H,2011-2012,1462.4437185578347,1524.192519947477,0.8,0.0,-61.74880138964227,0.8
Wolverhampton Wanderers,Everton,0,0,D,2011-2012,1387.2360302561026,1618.7215966375961,0.0,0.2,-231.48556638149353,-0.2
Manchester United,Swansea City,2,0,H,2011-2012,1764.0630359467016,1509.166356279508,0.8,0.4,254.89667966719367,0.4
Blackburn Rovers,Wigan Athletic,0,1,A,2011-2012,1441.0382638416872,1531.9755321658154,0.4,0.4,-90.93726832412813,0.0
Liverpool,Chelsea,4,1,H,2011-2012,1530.943998043297,1641.6229706571728,0.2,0.2,-110.67897261387589,0.0
Chelsea,Blackburn Rovers,2,1,H,2011-2012,1621.9999105727961,1429.877077167519,0.6,0.2,192.1228334052771,0.39999999999999997
Everton,Newcastle United,3,1,H,2011-2012,1609.9837922634665,1618.6340149241223,0.8,0.6,-8.6502226606558,0.20000000000000007
Manchester City,Queens Park Rangers,3,2,H,2011-2012,1752.8943849797784,1480.081909414066,0.8,0.0,272.81247556571225,0.8
Norwich City,Aston Villa,2,0,H,2011-2012,1501.7498142048514,1502.1220695009665,0.2,0.0,-0.37225529611509955,0.2
Stoke City,Bolton Wanderers,2,2,D,2011-2012,1506.5543290912456,1459.9427320029572,0.4,0.4,46.61159708828836,0.0
Sunderland,Manchester United,0,1,A,2011-2012,1512.9798661994967,1769.6836215885974,0.4,0.6,-256.7037553891007,-0.19999999999999996
Swansea City,Liverpool,1,0,H,2011-2012,1503.5457706376121,1550.5670581276736,0.4,0.4,-47.02128749006147,0.0
Tottenham Hotspur,Fulham,2,0,H,2011-2012,1616.8746941351199,1591.869563884055,0.4,0.4,25.005130251064884,0.0
West Bromwich Albion,Arsenal,2,3,A,2011-2012,1537.6159523154033,1650.1577827414928,0.6,0.6,-112.54183042608952,0.0
Wigan Athletic,Wolverhampton Wanderers,3,2,H,2011-2012,1543.1367188399836,1395.9738346302322,0.6,0.0,147.16288420975138,0.6
Arsenal,Sunderland,0,0,D,2012-2013,1660.462057043039,1507.4066394544845,0.4,0.0,153.05541758855452,0.4
Fulham,Norwich City,5,0,H,2012-2013,1577.9472620400659,1516.7658857517445,0.6,0.2,61.18137628832142,0.39999999999999997
Queens Park Rangers,Swansea City,0,5,A,2012-2013,1474.9172771299468,1520.5635383998165,1.0,0.2,-45.64626126986968,0.8
Reading,Stoke City,1,1,D,2012-2013,1414.1097548094294,1504.5539317719079,0.4,0.0,-90.44417696247842,0.4
West Bromwich Albion,Liverpool,3,0,H,2012-2013,1527.311678013857,1533.5492903654692,0.4,0.4,-6.2376123516121424,0.0
West Ham United,Aston Villa,1,0,H,2012-2013,1425.5296482161684,1487.1059979540735,0.2,0.0,-61.57634973790505,0.2
Newcastle United,Tottenham Hotspur,2,1,H,2012-2013,1603.26063193872,1630.796995979109,0.8,0.2,-27.53636404038889,0.6000000000000001
Wigan Athletic,Chelsea,0,2,A,2012-2013,1552.137728143841,1629.4587233056282,0.8,0.2,-77.3209951617871,0.6000000000000001
Manchester City,Southampton,3,2,H,2012-2013,1758.0590172638977,1500.0,0.8,0.0,258.05901726389766,0.8
Everton,Manchester United,1,0,H,2012-2013,1625.3571752488688,1775.2568483336095,0.8,0.6,-149.8996730847407,0.20000000000000007
Chelsea,Reading,4,2,H,2012-2013,1641.1745483951024,1417.9286667535785,0.6,0.2,223.24588164152397,0.39999999999999997
Swansea City,West Ham United,3,0,H,2012-2013,1533.6040918292222,1443.1606234175338,0.4,0.0,90.4434684116884,0.4
Aston Villa,Everton,1,3,A,2012-2013,1469.4750227527081,1646.4551101588854,0.0,0.2,-176.9800874061773,-0.2
Manchester United,Fulham,3,2,H,2012-2013,1754.1589134235928,1590.3328178932543,0.8,0.4,163.82609553033853,0.4
Norwich City,Queens Park Rangers,1,1,D,2012-2013,1504.380329898556,1461.876723700541,0.4,0.0,42.50360619801495,0.4
Southampton,Wigan Athletic,0,2,A,2012-2013,1494.462088720675,1540.4219030543668,0.0,0.6,-45.95981433369184,-0.6
Tottenham Hotspur,West Bromwich Albion,1,1,D,2012-2013,1614.6106385807861,1542.5809484568147,0.6,0.2,72.02969012397148,0.39999999999999997
Chelsea,Newcastle United,2,0,H,2012-2013,1647.6750150401306,1619.4469893370429,0.8,0.6,28.228025703087724,0.20000000000000007
Stoke City,Arsenal,0,0,D,2012-2013,1500.7350198277588,1654.2508157390562,0.2,0.6,-153.51579591129735,-0.39999999999999997
Liverpool,Manchester City,2,2,D,2012-2013,1518.2800199225117,1763.5969285432227,0.2,0.6,-245.31690862071105,-0.39999999999999997
West Ham United,Fulham,3,0,H,2012-2013,1431.9795067538978,1581.9243311694695,0.2,0.4,-149.9448244155717,-0.2
Swansea City,Sunderland,2,2,D,2012-2013,1544.7852084928581,1513.6178807584674,0.6,0.0,31.16732773439071,0.6
Tottenham Hotspur,Norwich City,1,1,D,2012-2013,1611.5446674912491,1502.5544015249636,0.6,0.2,108.9902659662855,0.39999999999999997
West Bromwich Albion,Everton,2,0,H,2012-2013,1545.6469195463517,1654.4130676788027,0.6,0.2,-108.76614813245101,0.39999999999999997
Wigan Athletic,Stoke City,2,2,D,2012-2013,1553.449151882115,1506.9627201699038,0.8,0.0,46.48643171221124,0.8
Manchester City,Queens Park Rangers,3,1,H,2012-2013,1754.4737474211374,1463.7026520741335,0.8,0.0,290.7710953470039,0.8
Liverpool,Arsenal,0,2,A,2012-2013,1527.403201044597,1648.0231153969112,0.2,0.4,-120.61991435231425,-0.2
Newcastle United,Aston Villa,1,1,D,2012-2013,1605.6630166666016,1461.5170652327909,0.8,0.0,144.14595143381075,0.8
Southampton,Manchester United,2,3,A,2012-2013,1481.4348398929267,1762.5674001473776,0.0,0.4,-281.13256025445094,-0.4
Norwich City,West Ham United,0,0,D,2012-2013,1507.1113812590127,1453.0790687583726,0.2,0.0,54.032312500640046,0.2
Arsenal,Southampton,6,1,H,2012-2013,1658.0151379144886,1476.4717768183052,0.2,0.0,181.5433610961834,0.2
Aston Villa,Swansea City,2,0,H,2012-2013,1467.4062591519678,1543.4432046973545,0.0,0.2,-76.03694554538674,-0.2
Fulham,West Bromwich Albion,3,0,H,2012-2013,1560.8247691649947,1565.1951146433676,0.8,0.2,-4.370345478372883,0.6000000000000001
Manchester United,Wigan Athletic,4,0,H,2012-2013,1767.530463221999,1551.4540625350826,0.8,0.6,216.0764006869165,0.20000000000000007
Queens Park Rangers,Chelsea,0,0,D,2012-2013,1458.965157905503,1661.4589877105718,0.8,0.4,-202.4938298050688,0.4
Stoke City,Manchester City,1,1,D,2012-2013,1508.9578095169363,1759.211241589768,0.2,0.6,-250.25343207283163,-0.39999999999999997
Sunderland,Liverpool,1,1,D,2012-2013,1514.959884553971,1517.4111785270195,0.2,0.4,-2.4512939730484504,-0.2
Reading,Tottenham Hotspur,1,3,A,2012-2013,1411.4282001085503,1606.9876877572,0.2,0.2,-195.5594876486498,0.0
Everton,Newcastle United,2,2,D,2012-2013,1634.8648725817868,1599.7738227474247,1.0,0.4,35.09104983436214,0.6
Swansea City,Everton,0,3,A,2012-2013,1525.2118516940677,1633.3550007727695,0.6,0.2,-108.14314907870175,0.39999999999999997
Chelsea,Stoke City,1,0,H,2012-2013,1653.5882625877,1518.2141177829162,0.8,0.0,135.37414480478378,0.8
Southampton,Aston Villa,4,1,H,2012-2013,1468.6664598467469,1485.6376121552546,0.0,0.0,-16.971152308507726,0.0
West Bromwich Albion,Reading,1,0,H,2012-2013,1550.0064416128148,1404.079705870629,0.6,0.2,145.92673574218588,0.39999999999999997
West Ham United,Sunderland,1,1,D,2012-2013,1455.3932048920417,1515.065713665987,0.4,0.0,-59.67250877394531,0.4
Wigan Athletic,Fulham,1,2,A,2012-2013,1544.7409918127335,1576.0134421955474,0.6,0.2,-31.272450382813986,0.39999999999999997
Liverpool,Manchester United,1,2,A,2012-2013,1517.3053494150035,1774.2435339443482,0.2,0.4,-256.93818452934465,-0.2
Newcastle United,Norwich City,1,0,H,2012-2013,1601.283694556442,1504.7972451253436,0.6,0.2,96.48644943109844,0.39999999999999997
Manchester City,Arsenal,1,1,D,2012-2013,1749.954933323788,1665.820454886047,1.0,0.6,84.13447843774111,0.4
Tottenham Hotspur,Queens Park Rangers,2,1,H,2012-2013,1614.3361819951215,1466.8358830283748,0.4,0.0,147.50029896674664,0.4
Arsenal,Chelsea,1,2,A,2012-2013,1669.3834573715437,1663.022539536348,0.2,0.2,6.360917835195778,0.0
Everton,Southampton,3,1,H,2012-2013,1643.8312431048212,1484.398581197407,0.8,0.0,159.43266190741406,0.8
Fulham,Manchester City,1,2,A,2012-2013,1589.666936340218,1746.3919308382913,0.8,0.6,-156.72499449807333,0.20000000000000007
Norwich City,Liverpool,2,5,A,2012-2013,1493.8590143198392,1511.7382438431473,0.2,0.4,-17.87922952330814,-0.2
Reading,Newcastle United,2,2,D,2012-2013,1395.0338001909909,1612.2219253619464,0.0,0.2,-217.18812517095557,-0.2
Stoke City,Swansea City,2,0,H,2012-2013,1508.7798408342683,1514.735609362016,0.0,0.2,-5.95576852774775,-0.2
Sunderland,Wigan Athletic,1,0,H,2012-2013,1512.514481023449,1531.087497668063,0.0,0.6,-18.573016644613972,-0.6
Manchester United,Tottenham Hotspur,2,3,A,2012-2013,1779.8106395162044,1623.3249586823704,0.8,0.4,156.48568083383407,0.4
Aston Villa,West Bromwich Albion,1,1,D,2012-2013,1469.9054908045944,1559.0523472924529,0.2,0.2,-89.14685648785849,0.0
Queens Park Rangers,West Ham United,1,2,A,2012-2013,1457.847106341126,1457.9444375345797,0.6,0.0,-0.09733119345378327,0.6
Manchester City,Sunderland,3,0,H,2012-2013,1755.0500024286255,1528.3155796556098,0.8,0.0,226.7344227730157,0.8
Chelsea,Norwich City,4,1,H,2012-2013,1678.2971317553206,1479.6302420426418,0.8,0.0,198.66688971267877,0.8
Swansea City,Reading,2,2,D,2012-2013,1499.4785033483342,1403.3540181449484,0.4,0.2,96.1244852033858,0.2
West Bromwich Albion,Queens Park Rangers,3,2,H,2012-2013,1555.2858643190016,1442.8513084664246,0.6,0.0,112.43455585257698,0.6
Wigan Athletic,Everton,2,2,D,2012-2013,1515.2863990359021,1652.3936289607548,0.4,0.4,-137.10722992485262,0.0
West Ham United,Arsenal,1,3,A,2012-2013,1472.940235409281,1654.108865152571,0.4,0.4,-181.16862974329,0.0
Southampton,Fulham,2,2,D,2012-2013,1475.8361953414735,1581.0088647498837,0.3333333333333333,0.4,-105.17266940841023,-0.06666666666666671
Liverpool,Stoke City,0,0,D,2012-2013,1525.9670161203446,1524.03694684795,0.2,0.0,1.9300692723945758,0.2
Tottenham Hotspur,Aston Villa,2,0,H,2012-2013,1644.6583995254193,1473.6719737780456,0.6,0.0,170.9864257473737,0.6
Newcastle United,Manchester United,0,3,A,2012-2013,1603.9017074079889,1758.4771986731555,0.6,0.6,-154.57549126516665,0.0
Tottenham Hotspur,Chelsea,2,4,A,2012-2013,1652.8197183450138,1685.546830087373,0.6,0.4,-32.727111742359284,0.19999999999999996
Fulham,Aston Villa,1,0,H,2012-2013,1576.6019871939736,1465.5106549584511,0.8,0.0,111.09133223552249,0.8
Liverpool,Reading,1,0,H,2012-2013,1525.8836891887192,1407.4013018637222,0.2,0.2,118.48238732499703,0.0
Manchester United,Stoke City,4,2,H,2012-2013,1767.2116818662068,1524.1202737795754,0.6,0.0,243.09140808663142,0.6
Swansea City,Wigan Athletic,2,1,H,2012-2013,1495.4312196295605,1520.9165242222953,0.4,0.4,-25.485304592734792,0.0
West Bromwich Albion,Manchester City,1,2,A,2012-2013,1565.5943165644421,1761.4487965416251,0.8,0.6,-195.85447997718302,0.20000000000000007
West Ham United,Southampton,4,1,H,2012-2013,1465.122455554449,1480.2430728973836,0.4,0.0,-15.120617342934565,0.4
Norwich City,Arsenal,1,0,H,2012-2013,1472.3805437105893,1661.926645007403,0.2,0.6,-189.54610129681373,-0.39999999999999997
Sunderland,Newcastle United,1,1,D,2012-2013,1521.9167855426101,1595.1672242149375,0.2,0.2,-73.25043867232739,0.0
Queens Park Rangers,Everton,1,1,D,2012-2013,1432.542856220984,1646.7635037743617,0.4,0.4,-214.2206475533776,0.0
Aston Villa,Norwich City,1,1,D,2012-2013,1455.149821038292,1494.838292852377,0.2,0.0,-39.688471814085005,0.2
Arsenal,Queens Park Rangers,1,0,H,2012-2013,1639.4688958656154,1440.7739555297894,0.2,0.0,198.694940335826,0.2
Reading,Fulham,3,3,D,2012-2013,1397.3271137263816,1586.9628211141328,0.0,0.2,-189.63570738775115,-0.2
Stoke City,Sunderland,0,0,D,2012-2013,1518.1826794295634,1525.0332222370682,0.2,0.0,-6.85054280750478,0.2
Wigan Athletic,West Ham United,2,1,H,2012-2013,1504.8182043451056,1480.7748532428086,0.2,0.2,24.043351102297038,0.0
Manchester City,Swansea City,1,0,H,2012-2013,1768.7878729149643,1511.52953950675,0.8,0.2,257.2583334082142,0.6000000000000001
Everton,Liverpool,2,2,D,2012-2013,1638.5324044655563,1535.9578773260598,0.8,0.4,102.57452713949647,0.4
Newcastle United,West Bromwich Albion,2,1,H,2012-2013,1592.0507875204794,1558.255240191103,0.4,0.2,33.795547329376404,0.2
Southampton,Tottenham Hotspur,1,2,A,2012-2013,1464.590675209024,1639.2284971383895,0.25,0.6,-174.63782192936537,-0.35
Chelsea,Manchester United,2,3,A,2012-2013,1699.1380512939975,1773.1492762162188,1.0,0.8,-74.01122492222134,0.19999999999999996
Manchester United,Arsenal,2,1,H,2012-2013,1785.0014258765227,1646.717706498252,0.8,0.4,138.2837193782707,0.4
Fulham,Everton,2,2,D,2012-2013,1579.5021600252562,1634.228239600478,0.8,0.4,-54.726079575221775,0.4
Norwich City,Stoke City,1,0,H,2012-2013,1493.1322182437054,1518.4784028147672,0.4,0.0,-25.346184571061713,0.4
Sunderland,Aston Villa,0,1,A,2012-2013,1524.7374988518645,1456.8558956469635,0.2,0.0,67.88160320490101,0.2
Swansea City,Chelsea,1,1,D,2012-2013,1505.9707849466045,1687.2859016336936,0.4,0.6,-181.31511668708913,-0.19999999999999996
Tottenham Hotspur,Wigan Athletic,0,1,A,2012-2013,1647.2655396582768,1518.7818233042833,0.4,0.4,128.4837163539935,0.0
West Ham United,Manchester City,0,0,D,2012-2013,1466.811234283631,1774.34662747511,0.6,0.6,-307.535393191479,0.0
Queens Park Rangers,Reading,1,1,D,2012-2013,1433.5251448971528,1404.7877748152582,0.2,0.2,28.737370081894596,0.0
Liverpool,Newcastle United,1,1,D,2012-2013,1540.262042191138,1605.5963008821127,0.2,0.0,-65.3342586909746,0.2
West Bromwich Albion,Southampton,2,0,H,2012-2013,1544.7097268294697,1456.5536326891367,0.8,0.0,88.15609414033293,0.8
Arsenal,Fulham,3,3,D,2012-2013,1637.3914134525562,1581.8455265520477,0.4,0.2,55.54588690050855,0.2
Everton,Sunderland,2,1,H,2012-2013,1631.8848730736865,1506.8435446650376,0.6,0.0,125.04132840864895,0.6
Reading,Norwich City,0,0,D,2012-2013,1406.025645176136,1509.2245638538225,0.0,0.0,-103.19891867768638,0.0
Southampton,Swansea City,1,1,D,2012-2013,1445.2800093734324,1513.1578785148638,0.2,0.2,-67.87786914143135,0.0
Stoke City,Queens Park Rangers,1,0,H,2012-2013,1502.3860572046501,1432.287274536275,0.2,0.0,70.09878266837518,0.2
Wigan Athletic,West Bromwich Albion,1,2,A,2012-2013,1539.089151664343,1555.983350145174,0.2,0.0,-16.894198480830937,0.2
Aston Villa,Manchester United,2,3,A,2012-2013,1474.7498498337904,1794.3277189222185,0.2,0.8,-319.5778690884281,-0.6000000000000001
Manchester City,Tottenham Hotspur,2,1,H,2012-2013,1763.7117184334918,1626.958211298217,0.8,0.6,136.75350713527473,0.20000000000000007
Newcastle United,West Ham United,0,1,A,2012-2013,1602.808378884565,1477.446143325249,0.6,0.2,125.36223555931588,0.39999999999999997
Chelsea,Liverpool,1,1,D,2012-2013,1680.0988080654342,1543.0499641886859,0.8,0.2,137.04884387674838,0.6000000000000001
Arsenal,Tottenham Hotspur,5,2,H,2012-2013,1635.013529613265,1617.5752114947636,0.4,0.6,17.438318118501456,-0.19999999999999996
Liverpool,Wigan Athletic,3,0,H,2012-2013,1548.6779236338439,1524.817958530051,0.2,0.4,23.859965103792774,-0.2
Manchester City,Aston Villa,5,0,H,2012-2013,1773.0947182369453,1470.637026826677,0.8,0.2,302.45769141026835,0.6000000000000001
Newcastle United,Swansea City,1,2,A,2012-2013,1582.6193172135024,1510.264079540172,0.4,0.2,72.35523767333052,0.2
Queens Park Rangers,Southampton,1,3,A,2012-2013,1420.2732744567468,1448.1738083481243,0.0,0.0,-27.900533891377563,0.0
Reading,Everton,2,1,H,2012-2013,1410.3545348421087,1641.7080119462842,0.0,0.2,-231.35347710417545,-0.2
West Bromwich Albion,Chelsea,2,1,H,2012-2013,1570.254543279466,1674.4708486202762,0.8,0.6,-104.21630534081032,0.20000000000000007
Norwich City,Manchester United,1,0,H,2012-2013,1504.8956741878499,1798.440541929332,0.4,1.0,-293.5448677414822,-0.6
Fulham,Sunderland,1,3,A,2012-2013,1584.2234103913388,1497.02040579244,0.6,0.0,87.20300459889881,0.6
West Ham United,Stoke City,1,1,D,2012-2013,1497.6352049963116,1514.4000572841783,0.4,0.0,-16.764852287866688,0.4
Sunderland,West Bromwich Albion,2,4,A,2012-2013,1515.7081475230204,1589.6236646934083,0.2,0.2,-73.91551717038783,0.0
Everton,Norwich City,1,1,D,2012-2013,1617.9739760446882,1530.2215313151175,0.6,0.0,87.7524447295707,0.6
Manchester United,Queens Park Rangers,3,1,H,2012-2013,1773.1146848020644,1406.4752546816317,0.8,0.0,366.63943012043273,0.8
Stoke City,Fulham,1,0,H,2012-2013,1513.676821660071,1565.5356686607583,0.4,0.2,-51.85884700068732,0.2
Wigan Athletic,Reading,3,2,H,2012-2013,1510.8464596696917,1434.0885707437046,0.2,0.0,76.75788892598712,0.2
Aston Villa,Arsenal,0,0,D,2012-2013,1466.1617771128656,1649.2612884734297,0.2,0.4,-183.09951136056407,-0.2
Swansea City,Liverpool,0,0,D,2012-2013,1528.3435158658435,1562.6494224942032,0.2,0.2,-34.30590662835971,0.0
Southampton,Newcastle United,2,0,H,2012-2013,1461.9718281232394,1564.5398808878308,0.2,0.0,-102.56805276459136,0.2
Chelsea,Manchester City,0,0,D,2012-2013,1655.1017272063339,1777.5699679507566,0.6,0.4,-122.4682407444227,0.19999999999999996
Tottenham Hotspur,West Ham United,3,1,H,2012-2013,1603.327452634599,1498.3584406204188,0.4,0.4,104.96901201418018,0.0
Sunderland,Queens Park Rangers,0,0,D,2012-2013,1503.8520475728087,1403.2329746004743,0.2,0.0,100.61907297233438,0.2
Aston Villa,Reading,1,0,H,2012-2013,1473.4080768807253,1422.3495916139539,0.2,0.0,51.05848526677141,0.2
Chelsea,Fulham,0,0,D,2012-2013,1660.1804821419441,1548.3132224781643,0.4,0.2,111.8672596637798,0.2
Everton,Arsenal,1,1,D,2012-2013,1614.2639555150602,1642.01498870557,0.4,0.2,-27.751033190509816,0.2
Southampton,Norwich City,1,1,D,2012-2013,1481.2757364806648,1533.9315518447456,0.4,0.0,-52.65581536408081,0.4
Stoke City,Newcastle United,2,1,H,2012-2013,1530.899267842665,1545.2359725304054,0.6,0.0,-14.336704687740394,0.6
Swansea City,West Bromwich Albion,3,1,H,2012-2013,1529.8198261906978,1601.47976464362,0.2,0.4,-71.65993845292223,-0.2
Tottenham Hotspur,Liverpool,2,1,H,2012-2013,1613.9286101369698,1561.173112169349,0.6,0.2,52.75549796762084,0.39999999999999997
Manchester United,West Ham United,1,0,H,2012-2013,1776.3569648832217,1487.757283118048,0.8,0.4,288.5996817651737,0.4
Wigan Athletic,Manchester City,0,2,A,2012-2013,1522.5854387994425,1772.4912130151463,0.4,0.4,-249.9057742157038,0.0
West Ham United,Chelsea,3,1,H,2012-2013,1482.9697097447984,1655.5110418595489,0.2,0.4,-172.5413321147505,-0.2
Arsenal,Swansea City,0,2,A,2012-2013,1640.819421720503,1547.8704974257075,0.6,0.2,92.94892429479546,0.39999999999999997
Fulham,Tottenham Hotspur,0,3,A,2012-2013,1552.9826627605596,1626.668316783266,0.4,0.6,-73.68565402270633,-0.19999999999999996
Liverpool,Southampton,1,0,H,2012-2013,1548.433405523053,1483.5318237286913,0.4,0.2,64.90158179436162,0.2
Manchester City,Everton,1,1,D,2012-2013,1778.2442044809873,1615.4595225001272,0.8,0.2,162.7846819808601,0.6000000000000001
Queens Park Rangers,Aston Villa,1,1,D,2012-2013,1407.4595424248723,1486.2194380225453,0.0,0.2,-78.759895597673,-0.2
West Bromwich Albion,Stoke City,0,1,A,2012-2013,1583.4290934086102,1546.5178820648578,0.8,0.0,36.911211343752484,0.8
Reading,Manchester United,3,4,A,2012-2013,1409.5382304721338,1781.1445382564714,0.2,0.8,-371.60630778433756,-0.6000000000000001
Norwich City,Sunderland,2,1,H,2012-2013,1531.6754645967192,1499.6254797484107,0.6,0.2,32.04998484830844,0.39999999999999997
Newcastle United,Wigan Athletic,3,0,H,2012-2013,1529.6173583082127,1516.8324473336015,0.4,0.2,12.784910974611194,0.2
Arsenal,West Bromwich Albion,2,0,H,2012-2013,1621.8995675111257,1566.8414768232644,0.4,0.4,55.058090687861295,0.0
Aston Villa,Stoke City,0,0,D,2012-2013,1482.8761726574494,1563.1054986502036,0.2,0.2,-80.22932599275418,0.0
Southampton,Reading,1,0,H,2012-2013,1471.3017066936072,1406.377711872036,0.2,0.0,64.92399482157134,0.2
Sunderland,Chelsea,1,3,A,2012-2013,1486.0052772193867,1633.6192921171012,0.2,0.4,-147.61401489771447,-0.2
Swansea City,Norwich City,3,4,A,2012-2013,1566.7903516350848,1545.2956671257432,0.4,0.0,21.494684509341596,0.4
Wigan Athletic,Queens Park Rangers,2,2,D,2012-2013,1502.3841673070463,1410.8028077899683,0.4,0.0,91.581359517078,0.4
Manchester City,Manchester United,2,3,A,2012-2013,1771.689018219214,1784.3050568565693,0.8,0.8,-12.61603863735536,0.0
Everton,Tottenham Hotspur,2,1,H,2012-2013,1622.0147087619005,1638.5339060831861,0.4,0.6,-16.519197321285674,-0.19999999999999996
West Ham United,Liverpool,2,3,A,2012-2013,1504.861459487246,1560.663522558137,0.4,0.2,-55.80206307089088,0.2
Fulham,Newcastle United,2,1,H,2012-2013,1541.1170734606394,1544.065638334768,0.2,0.0,-2.9485648741285786,0.2
Sunderland,Reading,3,0,H,2012-2013,1477.0206210396238,1394.1485294782512,0.0,0.0,82.8720915613726,0.0
Newcastle United,Manchester City,1,3,A,2012-2013,1528.9383416122698,1757.2334571216782,0.4,0.6,-228.29511550940833,-0.19999999999999996
Liverpool,Aston Villa,1,3,A,2012-2013,1573.2748579087647,1486.2796697383353,0.6,0.2,86.9951881704294,0.39999999999999997
Manchester United,Sunderland,3,1,H,2012-2013,1798.760617954105,1488.5090892732699,0.8,0.2,310.25152868083524,0.6000000000000001
Norwich City,Wigan Athletic,2,1,H,2012-2013,1561.222485094014,1498.5193799580104,0.8,0.2,62.703105136003614,0.6000000000000001
Queens Park Rangers,Fulham,2,1,H,2012-2013,1414.667595139004,1556.2443701831376,0.0,0.0,-141.57677504413346,0.0
Stoke City,Everton,1,1,D,2012-2013,1559.7020015693176,1637.7273629054155,0.8,0.0,-78.02536133609783,0.8
Tottenham Hotspur,Swansea City,1,0,H,2012-2013,1622.8212519396711,1550.863533666814,0.6,0.4,71.95771827285716,0.19999999999999996
West Bromwich Albion,West Ham United,0,0,D,2012-2013,1554.1988254919743,1492.2501241366183,0.6,0.4,61.94870135535598,0.19999999999999996
Reading,Arsenal,2,5,A,2012-2013,1382.6600612446052,1634.5422188424159,0.2,0.2,-251.88215759781065,0.0
Wigan Athletic,Arsenal,0,1,A,2012-2013,1486.1974775586302,1640.2424955088893,0.4,0.2,-154.04501795025908,0.2
Manchester City,Reading,1,0,H,2012-2013,1763.5871421460085,1376.9597845781318,0.6,0.0,386.62735756787674,0.6
Newcastle United,Queens Park Rangers,1,0,H,2012-2013,1522.5846565879394,1435.4626951279042,0.4,0.0,87.12196146003521,0.4
Southampton,Sunderland,0,1,A,2012-2013,1483.5308890873919,1484.201994796128,0.4,0.2,-0.6711057087361496,0.2
Tottenham Hotspur,Stoke City,0,0,D,2012-2013,1634.7582584332613,1563.0151157688583,0.6,0.2,71.74314266440297,0.39999999999999997
West Bromwich Albion,Norwich City,2,1,H,2012-2013,1551.5522720758634,1573.5443874933942,0.4,0.2,-21.99211541753084,0.2
West Ham United,Everton,1,2,A,2012-2013,1494.8966775527292,1634.4142487058748,0.4,0.0,-139.51757115314558,0.4
Liverpool,Fulham,4,0,H,2012-2013,1554.5955472787987,1535.4492701942374,0.6,0.0,19.146277084561234,0.6
Swansea City,Manchester United,1,1,D,2012-2013,1538.9265271732238,1803.067712431247,0.4,0.8,-264.14118525802314,-0.4
Chelsea,Aston Villa,8,0,H,2012-2013,1642.603948296864,1504.9589803683014,0.2,0.4,137.64496792856266,-0.2
Everton,Wigan Athletic,2,1,H,2012-2013,1643.6949548538814,1477.444075814822,0.4,0.2,166.25087903905933,0.2
Fulham,Southampton,1,1,D,2012-2013,1521.275045679707,1468.5598630138716,0.4,0.2,52.71518266583553,0.2
Manchester United,Newcastle United,4,3,H,2012-2013,1793.449266123209,1533.9002024782355,1.0,0.0,259.54906364497356,1.0
Norwich City,Chelsea,0,1,A,2012-2013,1557.5961776025927,1651.953889394887,1.0,0.4,-94.35771179229437,0.6
Queens Park Rangers,West Bromwich Albion,1,2,A,2012-2013,1424.1471492376081,1567.500481966665,0.2,0.4,-143.35333272905677,-0.2
Reading,Swansea City,0,0,D,2012-2013,1374.0355491449823,1548.5449734812616,0.2,0.4,-174.50942433627938,-0.2
Sunderland,Manchester City,1,0,H,2012-2013,1499.1730208696483,1766.511377579158,0.2,0.6,-267.33835670950975,-0.39999999999999997
Aston Villa,Tottenham Hotspur,0,4,A,2012-2013,1495.6090392702783,1631.7041437349562,0.2,0.4,-136.0951044646779,-0.2
Stoke City,Liverpool,3,1,H,2012-2013,1566.0692304671634,1568.769771793329,0.6,0.2,-2.7005413261656486,0.39999999999999997
Sunderland,Tottenham Hotspur,1,2,A,2012-2013,1523.8722653208113,1641.111600414612,0.4,0.4,-117.23933509380072,0.0
Aston Villa,Wigan Athletic,0,3,A,2012-2013,1486.2015825906226,1469.1198005961205,0.2,0.2,17.08178199450208,0.0
Fulham,Swansea City,1,2,A,2012-2013,1519.0164533856805,1541.586365637013,0.2,0.4,-22.569912251332426,-0.2
Manchester United,West Bromwich Albion,2,0,H,2012-2013,1798.9485497977932,1576.640259192153,1.0,0.6,222.3082906056402,0.4
Norwich City,Manchester City,3,4,A,2012-2013,1546.5726402107916,1741.8121331279951,0.8,0.4,-195.2394929172035,0.4
Reading,West Ham United,1,0,H,2012-2013,1380.994156989231,1485.6159714047226,0.2,0.2,-104.6218144154916,0.0
Stoke City,Southampton,3,3,D,2012-2013,1581.185819860474,1470.8184553078981,0.8,0.2,110.36736455257596,0.6000000000000001
Arsenal,Newcastle United,7,3,H,2012-2013,1648.9958972526974,1528.4009188036514,0.6,0.0,120.59497844904604,0.6
Everton,Chelsea,1,2,A,2012-2013,1652.019230072583,1662.977426786688,0.6,0.4,-10.958196714105043,0.19999999999999996
Queens Park Rangers,Liverpool,0,3,A,2012-2013,1415.00737201212,1553.6531824000183,0.2,0.2,-138.64581038789834,0.0
West Bromwich Albion,Fulham,1,2,A,2012-2013,1570.1122683154588,1504.9895064540297,0.6,0.0,65.12276186142913,0.6
Manchester City,Stoke City,3,0,H,2012-2013,1749.1708526802531,1576.574938425028,0.6,0.2,172.59591425522513,0.39999999999999997
Swansea City,Aston Villa,2,2,D,2012-2013,1555.6133125686638,1470.4646964248573,0.2,0.4,85.14861614380652,-0.2
Tottenham Hotspur,Reading,3,1,H,2012-2013,1651.2337241997586,1400.3792948539951,0.6,0.0,250.8544293457635,0.6
West Ham United,Norwich City,2,1,H,2012-2013,1466.2308335399584,1539.2139206585337,0.2,0.2,-72.98308711857521,0.0
Wigan Athletic,Manchester United,0,4,A,2012-2013,1484.8566867618858,1805.4765406744875,0.2,0.6,-320.6198539126017,-0.39999999999999997
Southampton,Arsenal,1,1,D,2012-2013,1475.4293367433443,1658.98887636184,0.4,0.4,-183.55953961849582,0.0
Chelsea,Queens Park Rangers,0,1,A,2012-2013,1677.504480220635,1405.6944698204138,0.2,0.0,271.81001040022124,0.2
Liverpool,Sunderland,3,0,H,2012-2013,1562.9660845917244,1513.7501415356646,0.6,0.4,49.215943056059814,0.19999999999999996
Newcastle United,Everton,1,2,A,2012-2013,1518.4079396945087,1637.492176638636,0.4,0.2,-119.08423694412727,0.2
Queens Park Rangers,Tottenham Hotspur,0,0,D,2012-2013,1430.5051183062924,1656.961366526418,0.2,0.6,-226.45624822012564,-0.39999999999999997
Aston Villa,Southampton,0,1,A,2012-2013,1474.0689836337926,1482.6908527665385,0.2,0.2,-8.621869132745815,0.0
Everton,Swansea City,0,0,D,2012-2013,1647.5431961060983,1552.0090253597284,0.4,0.6,95.53417074636991,-0.19999999999999996
Fulham,Wigan Athletic,1,1,D,2012-2013,1522.7686118305087,1480.7651047529585,0.2,0.2,42.00350707755024,0.0
Norwich City,Newcastle United,0,0,D,2012-2013,1521.1085299878014,1508.3569202270464,0.6,0.0,12.751609760754945,0.6
Reading,West Bromwich Albion,3,2,H,2012-2013,1394.6516525273357,1552.3331629389797,0.4,0.4,-157.681510411644,0.0
Stoke City,Chelsea,0,4,A,2012-2013,1568.4685470899378,1652.6938317347565,0.6,0.6,-84.22528464481866,0.0
Sunderland,West Ham United,3,0,H,2012-2013,1500.8608654504117,1484.3362242106907,0.4,0.2,16.52464123972095,0.2
Manchester United,Liverpool,2,1,H,2012-2013,1809.568122683415,1575.8553606769774,1.0,0.4,233.71276200643752,0.6
Arsenal,Manchester City,0,2,A,2012-2013,1651.727360338646,1757.2772440153433,0.6,0.6,-105.54988367669739,0.0
Chelsea,Southampton,2,2,D,2012-2013,1664.1271302584091,1497.3186931453279,0.2,0.4,166.80843711308125,-0.2
Liverpool,Norwich City,5,0,H,2012-2013,1569.656455087423,1520.5582458033325,0.8,0.2,49.098209284090444,0.6000000000000001
Manchester City,Fulham,2,0,H,2012-2013,1767.8554912346967,1520.9639582522925,0.6,0.2,246.89153298240421,0.39999999999999997
Newcastle United,Reading,1,2,A,2012-2013,1508.9072044115153,1416.0274556136842,0.4,0.0,92.8797487978311,0.4
Swansea City,Stoke City,3,1,H,2012-2013,1556.0326677718742,1557.0352485662852,0.2,0.2,-1.0025807944109602,0.0
West Ham United,Queens Park Rangers,1,1,D,2012-2013,1470.0491128563608,1439.0982595806793,0.4,0.2,30.95085327568154,0.2
Wigan Athletic,Sunderland,2,3,A,2012-2013,1482.5697583311746,1515.1479768047416,0.2,0.4,-32.57821847356695,-0.2
West Bromwich Albion,Aston Villa,2,2,D,2012-2013,1530.9573598526313,1459.4411432550032,0.4,0.2,71.51621659762804,0.2
Chelsea,Arsenal,2,1,H,2012-2013,1657.432115390691,1641.1491131192925,0.2,0.4,16.283002271398573,-0.2
Tottenham Hotspur,Manchester United,1,1,D,2012-2013,1648.3682252520312,1815.7670282729694,0.8,0.6,-167.3988030209382,0.20000000000000007
Southampton,Everton,0,0,D,2012-2013,1504.013708013046,1643.5195536939525,0.4,0.4,-139.50584568090653,0.0
Arsenal,West Ham United,5,1,H,2012-2013,1626.8515925934796,1468.716380722054,0.6,0.0,158.13521187142555,0.6
Aston Villa,Newcastle United,1,2,A,2012-2013,1462.4858656726178,1489.9901329418267,0.2,0.0,-27.504267269208867,0.2
Queens Park Rangers,Manchester City,0,0,D,2012-2013,1440.430991714986,1773.6895941849536,0.2,0.8,-333.2586024699676,-0.6000000000000001
Stoke City,Wigan Athletic,2,2,D,2012-2013,1541.9919637940848,1468.9721653309111,0.4,0.2,73.01979846317363,0.2
Sunderland,Swansea City,0,0,D,2012-2013,1528.745569805005,1571.0759525440747,0.6,0.4,-42.33038273906959,0.19999999999999996
Arsenal,Liverpool,2,2,D,2012-2013,1635.4597495026858,1582.5507137391737,0.6,0.4,52.909035763512065,0.19999999999999996
Everton,West Bromwich Albion,2,1,H,2012-2013,1637.8006924816361,1527.9126374350167,0.4,0.2,109.88805504661946,0.2
Norwich City,Tottenham Hotspur,1,1,D,2012-2013,1507.6639871515818,1655.0836351735663,0.4,0.6,-147.41964802198459,-0.19999999999999996
Fulham,West Ham United,3,1,H,2012-2013,1515.1298553020356,1460.1082238128479,0.2,0.0,55.02163148918771,0.2
Manchester United,Southampton,2,1,H,2012-2013,1809.0516183514342,1509.7325692253623,1.0,0.2,299.31904912607183,0.8
Reading,Chelsea,2,2,D,2012-2013,1434.9445270833726,1671.7296359165039,0.4,0.8,-236.7851088331313,-0.4
Queens Park Rangers,Norwich City,0,0,D,2012-2013,1451.5897578500303,1513.6722874144518,0.2,0.2,-62.08252956442152,0.0
Arsenal,Stoke City,1,0,H,2012-2013,1633.1929783361197,1538.8850561312668,0.6,0.2,94.30792220485296,0.39999999999999997
Everton,Aston Villa,3,3,D,2012-2013,1648.208557116213,1448.6708460000384,0.6,0.2,199.53771111617448,0.39999999999999997
Newcastle United,Chelsea,3,2,H,2012-2013,1503.805152614406,1662.8420132678298,0.4,0.8,-159.03686065342367,-0.4
Reading,Sunderland,2,1,H,2012-2013,1443.8321497320467,1530.5641298916953,0.4,0.4,-86.73198015964863,0.0
West Ham United,Swansea City,1,0,H,2012-2013,1447.46403726279,1569.2573924573844,0.4,0.2,-121.79335519459437,0.2
Wigan Athletic,Southampton,2,2,D,2012-2013,1472.0790729937291,1505.188087859186,0.0,0.2,-33.10901486545686,-0.2
Fulham,Manchester United,0,1,A,2012-2013,1527.7740418520934,1813.5960997176105,0.4,0.6,-285.8220578655171,-0.19999999999999996
West Bromwich Albion,Tottenham Hotspur,0,1,A,2012-2013,1517.50477280044,1649.0753349106963,0.2,0.4,-131.57056211025633,-0.2
Manchester City,Liverpool,2,2,D,2012-2013,1762.5308280499094,1584.8174849057398,0.6,0.4,177.71334314416958,0.19999999999999996
Tottenham Hotspur,Newcastle United,2,1,H,2012-2013,1658.651789146297,1525.2288193008071,0.6,0.2,133.4229698454899,0.39999999999999997
Chelsea,Wigan Athletic,4,1,H,2012-2013,1641.4183465814288,1473.5041927403186,0.4,0.2,167.9141538411102,0.2
Norwich City,Fulham,0,0,D,2012-2013,1511.0201364144666,1522.9217841638183,0.2,0.2,-11.901647749351696,0.0
Stoke City,Reading,2,1,H,2012-2013,1527.8595201402845,1462.5007784772058,0.2,0.2,65.35874166307872,0.0
Sunderland,Arsenal,0,1,A,2012-2013,1511.8955011465362,1644.218514327102,0.6,0.4,-132.3230131805658,0.19999999999999996
Swansea City,Queens Park Rangers,4,1,H,2012-2013,1549.204451367332,1454.2419088500155,0.4,0.2,94.96254251731648,0.2
Southampton,Manchester City,3,1,H,2012-2013,1503.7629681125966,1755.4641301369559,0.2,0.6,-251.7011620243593,-0.39999999999999997
Aston Villa,West Ham United,2,1,H,2012-2013,1456.4486714215636,1467.5169783528424,0.0,0.0,-11.068306931278812,0.0
Manchester United,Everton,2,0,H,2012-2013,1818.4483574058856,1640.4307316946877,1.0,0.4,178.01762571119798,0.6
Liverpool,West Bromwich Albion,0,2,A,2012-2013,1591.8841828186933,1507.9283185648392,0.8,0.2,83.95586425385409,0.6000000000000001
Liverpool,Swansea City,5,0,H,2012-2013,1573.3284575218602,1560.2037224508845,0.6,0.2,13.124735070975703,0.39999999999999997
Fulham,Stoke City,1,0,H,2012-2013,1522.408149618785,1540.0705776552643,0.2,0.0,-17.66242803647924,0.2
Arsenal,Aston Villa,2,1,H,2012-2013,1653.7667517495347,1471.9263670542964,0.6,0.2,181.8403846952383,0.39999999999999997
Norwich City,Everton,2,1,H,2012-2013,1511.5337709594999,1632.5076466123173,0.0,0.4,-120.97387565281747,-0.4
Queens Park Rangers,Manchester United,0,2,A,2012-2013,1443.242637766463,1826.371442488256,0.0,0.6,-383.1288047217929,-0.6
Reading,Wigan Athletic,0,3,A,2012-2013,1450.289720962226,1465.2373808643526,0.6,0.2,-14.947659902126588,0.39999999999999997
West Bromwich Albion,Sunderland,2,1,H,2012-2013,1526.4840438616723,1502.3472637241034,0.2,0.4,24.13678013756885,-0.2
Manchester City,Chelsea,2,0,H,2012-2013,1731.1692189617902,1649.6851584573947,0.6,0.6,81.48406050439553,0.0
Newcastle United,Southampton,4,2,H,2012-2013,1515.7217501925145,1528.0578792877623,0.4,0.2,-12.33612909524777,0.2
West Ham United,Tottenham Hotspur,2,3,A,2012-2013,1452.0392827201097,1668.1588582545896,0.4,0.6,-216.11957553447996,-0.19999999999999996
Chelsea,West Bromwich Albion,1,0,H,2012-2013,1638.139995562576,1540.4436484953524,0.6,0.4,97.69634706722354,0.19999999999999996
Everton,Reading,3,1,H,2012-2013,1612.4860954071376,1435.9346654421886,0.4,0.2,176.55142996494897,0.2
Manchester United,Norwich City,4,0,H,2012-2013,1829.3492620455456,1531.5553221646796,1.0,0.2,297.793939880866,0.8
Southampton,Queens Park Rangers,1,2,A,2012-2013,1512.525509481693,1440.2648182091734,0.4,0.2,72.26069127251958,0.2
Stoke City,West Ham United,0,1,A,2012-2013,1524.308685559815,1445.3275069951278,0.4,0.0,78.9811785646873,0.4
Sunderland,Fulham,2,2,D,2012-2013,1488.3876590904233,1538.1700417142342,0.4,0.2,-49.78238262381092,0.2
Swansea City,Newcastle United,1,0,H,2012-2013,1545.770093429753,1531.2541199985837,0.4,0.2,14.515973431169186,0.2
Wigan Athletic,Liverpool,0,4,A,2012-2013,1479.59243638439,1587.7620865429917,0.0,0.2,-108.1696501586016,-0.2
Tottenham Hotspur,Arsenal,2,1,H,2012-2013,1674.8706339795715,1661.5621994122796,0.6,0.6,13.308434567291897,0.0
Aston Villa,Manchester City,0,1,A,2012-2013,1464.1309193915515,1742.714381856609,0.2,0.4,-278.58346246505744,-0.2
Norwich City,Southampton,0,0,D,2012-2013,1526.9768837660508,1494.4499832335966,0.2,0.2,32.52690053245419,0.0
Queens Park Rangers,Sunderland,3,1,H,2012-2013,1458.3403444572698,1490.5223484188039,0.0,0.4,-32.182003961534065,-0.4
Reading,Aston Villa,1,2,A,2012-2013,1427.9622718294504,1459.1067787901163,0.6,0.0,-31.14450696066592,0.6
West Bromwich Albion,Swansea City,2,1,H,2012-2013,1529.5537772422613,1560.143752882578,0.4,0.2,-30.589975640316652,0.2
Newcastle United,Stoke City,2,1,H,2012-2013,1516.8804605457588,1505.956342526986,0.6,0.0,10.924118018772788,0.6
Liverpool,Tottenham Hotspur,3,2,H,2012-2013,1598.2372888184602,1689.296343521682,0.8,0.6,-91.05905470322182,0.20000000000000007
Everton,Manchester City,2,0,H,2012-2013,1620.4584890198757,1747.7385224580441,0.4,0.6,-127.2800334381684,-0.19999999999999996
Aston Villa,Queens Park Rangers,3,2,H,2012-2013,1472.765752366074,1474.7257932254336,0.2,0.4,-1.9600408593596512,-0.2
Southampton,Liverpool,3,1,H,2012-2013,1495.8501939959335,1617.0810152725319,0.2,0.4,-121.23082127659836,-0.2
Stoke City,West Bromwich Albion,0,0,D,2012-2013,1491.4278192556044,1545.871050608483,0.2,0.2,-54.44323135287868,0.0
Swansea City,Arsenal,0,2,A,2012-2013,1543.8264795163561,1647.136489870169,0.6,0.4,-103.31001035381291,0.19999999999999996
Manchester United,Reading,1,0,H,2012-2013,1833.9277004441744,1414.3032982534928,1.0,0.2,419.6244021906816,0.8
Sunderland,Norwich City,1,1,D,2012-2013,1474.13689965064,1525.576673003714,0.2,0.0,-51.43977335307386,0.2
Tottenham Hotspur,Fulham,0,1,A,2012-2013,1670.4526170676104,1536.0353523858537,0.6,0.2,134.4172646817567,0.39999999999999997
Chelsea,West Ham United,2,0,H,2012-2013,1649.029866815667,1463.679850027957,0.6,0.2,185.35001678771005,0.39999999999999997
Wigan Athletic,Newcastle United,2,1,H,2012-2013,1469.1172341089216,1531.4089838171403,0.0,0.2,-62.29174970821873,-0.2
Sunderland,Manchester United,0,1,A,2012-2013,1476.3416469949814,1836.3875331345296,0.2,0.6,-360.0458861395482,-0.39999999999999997
Arsenal,Reading,4,1,H,2012-2013,1657.803203852869,1411.8434655631377,0.6,0.2,245.95973828973138,0.39999999999999997
Manchester City,Newcastle United,4,0,H,2012-2013,1727.4767111136075,1513.748083370405,0.8,0.2,213.72862774320242,0.6000000000000001
Southampton,Chelsea,2,1,H,2012-2013,1515.8815927656397,1656.709313299891,0.4,0.4,-140.82772053425128,0.0
Swansea City,Tottenham Hotspur,1,2,A,2012-2013,1533.1597655336561,1649.9225545236786,0.6,0.4,-116.7627889900225,0.19999999999999996
West Ham United,West Bromwich Albion,3,1,H,2012-2013,1456.000403543733,1543.5395990980896,0.4,0.2,-87.53919555435664,0.2
Wigan Athletic,Norwich City,1,0,H,2012-2013,1486.7781345556568,1523.3719256593727,0.2,0.0,-36.59379110371583,0.2
Everton,Stoke City,1,0,H,2012-2013,1640.7203003643124,1493.7592707659978,0.6,0.0,146.96102959831455,0.6
Aston Villa,Liverpool,1,2,A,2012-2013,1487.85037323457,1597.0496165028258,0.4,0.2,-109.19924326825571,0.2
Fulham,Queens Park Rangers,3,2,H,2012-2013,1556.5654149297854,1459.6411723569374,0.4,0.4,96.92424257284802,0.0
Reading,Southampton,0,2,A,2012-2013,1405.98411368433,1536.6491574953748,0.4,0.0,-130.66504381104482,0.4
Norwich City,Swansea City,2,2,D,2012-2013,1506.7978609957024,1523.019235110414,0.2,0.0,-16.22137411471158,0.2
Stoke City,Aston Villa,1,3,A,2012-2013,1484.7509388906055,1477.4155410483543,0.2,0.2,7.335397842251268,0.0
West Bromwich Albion,Arsenal,1,2,A,2012-2013,1524.8382233714308,1663.6625557316768,0.4,0.4,-138.824332360246,0.0
Liverpool,West Ham United,0,0,D,2012-2013,1607.4844486890415,1474.7017792703919,0.8,0.2,132.78266941864968,0.6000000000000001
Tottenham Hotspur,Everton,2,2,D,2012-2013,1660.0630849469208,1649.7286322397047,0.6,0.4,10.334452707216087,0.19999999999999996
Chelsea,Sunderland,2,1,H,2012-2013,1635.9417485701558,1472.987960802568,0.8,0.2,162.95378776758776,0.6000000000000001
Newcastle United,Fulham,1,0,H,2012-2013,1506.9643252980595,1567.48613657586,0.6,0.4,-60.52181127780045,0.19999999999999996
Queens Park Rangers,Wigan Athletic,1,1,D,2012-2013,1448.720450710863,1503.352199219327,0.2,0.4,-54.63174850846417,-0.2
Manchester United,Manchester City,1,2,A,2012-2013,1839.7412193269429,1734.260469185953,1.0,0.4,105.48075014098981,0.6
Arsenal,Norwich City,3,1,H,2012-2013,1672.9688597140055,1507.4976855819968,0.8,0.0,165.47117413200863,0.8
Aston Villa,Fulham,1,1,D,2012-2013,1492.7321885827064,1549.8993121761537,0.4,0.2,-57.167123593447286,0.2
Everton,Queens Park Rangers,2,0,H,2012-2013,1650.174674889319,1451.0598438658562,0.8,0.2,199.11483102346278,0.6000000000000001
Reading,Liverpool,0,0,D,2012-2013,1396.37364401422,1602.0154708936675,0.2,0.4,-205.64182687944754,-0.2
Southampton,West Ham United,1,1,D,2012-2013,1546.2596271654847,1480.1707570657659,0.6,0.2,66.08887009971886,0.39999999999999997
Newcastle United,Sunderland,0,3,A,2012-2013,1524.5511496977658,1464.5490523697854,0.8,0.2,60.00209732798044,0.6000000000000001
Stoke City,Manchester United,0,2,A,2012-2013,1469.4342913562534,1820.3221920753429,0.2,0.8,-350.88790071908943,-0.6000000000000001
Arsenal,Everton,0,0,D,2012-2013,1681.3201569653074,1657.4102063743735,0.8,0.2,23.90995059093393,0.6000000000000001
Manchester City,Wigan Athletic,1,0,H,2012-2013,1753.679496437553,1501.0128060643337,0.8,0.2,252.66669037321935,0.6000000000000001
West Ham United,Manchester United,2,2,D,2012-2013,1482.9901200836694,1823.8361553989218,0.6,0.8,-340.8460353152525,-0.20000000000000007
Fulham,Chelsea,0,3,A,2012-2013,1547.4532438401498,1644.3806570029385,0.6,0.2,-96.92741316278875,0.39999999999999997
Fulham,Arsenal,0,1,A,2012-2013,1536.5326489553868,1680.2895079457537,0.6,0.6,-143.75685899036694,0.0
Norwich City,Reading,2,1,H,2012-2013,1499.146388330695,1404.342390868559,0.2,0.2,94.80399746213584,0.0
Queens Park Rangers,Stoke City,0,2,A,2012-2013,1443.8243123808018,1465.9203280326744,0.2,0.0,-22.096015651872676,0.2
Sunderland,Everton,1,0,H,2012-2013,1482.1141006311173,1658.4408553939272,0.0,0.0,-176.32675476280997,0.0
Swansea City,Southampton,0,0,D,2012-2013,1522.3194105241196,1543.4402641475813,0.6,0.2,-21.1208536234617,0.39999999999999997
West Bromwich Albion,Newcastle United,1,1,D,2012-2013,1515.531919389102,1506.986101436434,0.4,0.2,8.54581795266813,0.2
West Ham United,Wigan Athletic,2,0,H,2012-2013,1494.2928159597739,1495.333351975573,0.4,0.2,-1.0405360157990344,0.2
Tottenham Hotspur,Manchester City,3,1,H,2012-2013,1659.6170422973064,1759.358950526314,0.4,0.4,-99.74190822900755,0.0
Liverpool,Chelsea,2,2,D,2012-2013,1594.0467240393284,1655.3012518877015,0.6,0.2,-61.25452784837307,0.39999999999999997
Manchester United,Aston Villa,3,0,H,2012-2013,1812.5334595228173,1495.1782569187103,0.8,0.4,317.35520260410703,0.4
Manchester City,West Ham United,2,1,H,2012-2013,1740.1672709845925,1509.337739376437,0.8,0.2,230.82953160815555,0.6000000000000001
Everton,Fulham,1,0,H,2012-2013,1636.420822167156,1527.4076275579378,0.8,0.2,109.01319460921832,0.6000000000000001
Southampton,West Bromwich Albion,0,3,A,2012-2013,1542.5295252020812,1515.1630411578874,0.6,0.2,27.36648404419384,0.39999999999999997
Stoke City,Norwich City,1,0,H,2012-2013,1479.9676504177942,1510.1520181992714,0.2,0.0,-30.18436778147725,0.2
Wigan Athletic,Tottenham Hotspur,2,2,D,2012-2013,1480.2884285589098,1678.8087218390278,0.4,0.6,-198.52029328011804,-0.19999999999999996
Newcastle United,Liverpool,0,6,A,2012-2013,1507.3549796676486,1596.6642303366725,0.8,0.4,-89.30925066902387,0.4
Reading,Queens Park Rangers,0,0,D,2012-2013,1393.3367609999827,1429.776989995682,0.2,0.2,-36.44022899569927,0.0
Chelsea,Swansea City,2,0,H,2012-2013,1652.6837455903574,1523.2301494696196,1.0,0.0,129.45359612073776,1.0
Arsenal,Manchester United,1,1,D,2012-2013,1689.4145293432027,1816.6919018436627,0.8,0.8,-127.27737250045993,0.0
Aston Villa,Sunderland,6,1,H,2012-2013,1491.019814597865,1504.1341338578884,0.4,0.2,-13.114319260023422,0.2
Fulham,Reading,2,4,A,2012-2013,1516.9655058207677,1394.904268557671,0.4,0.0,122.0612372630967,0.4
Norwich City,Aston Villa,1,2,A,2012-2013,1493.8521230563395,1506.585736530624,0.4,0.4,-12.733613474284539,0.0
Swansea City,Manchester City,0,0,D,2012-2013,1513.5740725778082,1746.4481995494084,0.4,0.4,-232.87412697160016,0.0
Tottenham Hotspur,Southampton,1,0,H,2012-2013,1671.063060615815,1526.350456515699,0.6,0.2,144.71260410011587,0.39999999999999997
West Bromwich Albion,Wigan Athletic,2,3,A,2012-2013,1531.3421098442695,1488.0340897821227,0.4,0.2,43.30802006214685,0.2
West Ham United,Newcastle United,0,0,D,2012-2013,1503.056810811621,1496.1280309344913,0.6,0.0,6.9287798771297275,0.6
Queens Park Rangers,Arsenal,0,1,A,2012-2013,1428.2094824379938,1694.6762399418815,0.2,0.8,-266.4667575038877,-0.6000000000000001
Liverpool,Everton,0,0,D,2012-2013,1607.8911790698298,1646.8629439043261,0.4,0.0,-38.9717648344963,0.4
Manchester United,Chelsea,0,1,A,2012-2013,1811.430191244984,1662.3398224821688,0.8,0.2,149.09036876281516,0.6000000000000001
Sunderland,Stoke City,1,1,D,2012-2013,1488.5682119251294,1496.2675455607261,0.2,0.2,-7.6993336355967585,0.0
Manchester City,West Bromwich Albion,1,0,H,2012-2013,1737.6708808799049,1514.4819764476465,0.8,0.4,223.18890443225837,0.4
Wigan Athletic,Swansea City,2,3,A,2012-2013,1504.8942231787457,1522.3513912473118,0.4,0.0,-17.457168068566034,0.4
Chelsea,Tottenham Hotspur,2,2,D,2012-2013,1683.4085637902767,1680.1531866518958,1.0,0.6,3.2553771383809362,0.4
Aston Villa,Chelsea,1,2,A,2012-2013,1521.0362282641097,1683.2680219742301,0.4,0.4,-162.23179371012043,0.0
Stoke City,Tottenham Hotspur,1,2,A,2012-2013,1495.9351930099856,1680.2937284679424,0.2,0.4,-184.3585354579568,-0.2
Everton,West Ham United,2,0,H,2012-2013,1645.1874188600657,1502.757710988507,1.0,0.2,142.42970787155878,0.8
Fulham,Liverpool,1,3,A,2012-2013,1496.9023143974982,1609.5667041140903,0.4,0.6,-112.66438971659204,-0.19999999999999996
Norwich City,West Bromwich Albion,4,0,H,2012-2013,1479.4016313228537,1507.9798395592982,0.4,0.2,-28.578208236444425,0.2
Queens Park Rangers,Newcastle United,1,2,A,2012-2013,1422.8867949586686,1496.4271307576055,0.2,0.0,-73.5403357989369,0.2
Sunderland,Southampton,1,1,D,2012-2013,1488.90056447587,1517.2603304796182,0.2,0.2,-28.35976600374829,0.0
Manchester United,Swansea City,2,1,H,2012-2013,1790.361449936876,1536.598338338645,0.6,0.2,253.76311159823103,0.39999999999999997
Arsenal,Wigan Athletic,4,1,H,2012-2013,1699.9989274212066,1490.6472760874126,0.6,0.4,209.35165133379405,0.19999999999999996
Reading,Manchester City,0,2,A,2012-2013,1414.9674599809405,1744.1730177682532,0.0,0.4,-329.2055577873127,-0.4
Chelsea,Everton,2,1,H,2012-2013,1691.7321605315237,1654.3610208570842,0.8,0.0,37.37113967443952,0.8
Liverpool,Queens Park Rangers,1,0,H,2012-2013,1619.8662061775208,1411.0152051894718,0.4,0.2,208.851000988049,0.2
Manchester City,Norwich City,2,3,A,2012-2013,1748.0930776043535,1495.6326766545678,1.0,0.0,252.4604009497857,1.0
Newcastle United,Arsenal,0,1,A,2012-2013,1508.2987205268023,1706.915870406856,0.6,0.8,-198.6171498800536,-0.20000000000000007
Southampton,Stoke City,1,1,D,2012-2013,1516.0386530180692,1488.2230909043776,0.4,0.2,27.815562113691612,0.2
Swansea City,Fulham,0,3,A,2012-2013,1530.9478870266903,1486.6028123340677,0.2,0.2,44.345074692622575,0.0
Tottenham Hotspur,Sunderland,1,0,H,2012-2013,1688.0058305735504,1490.122241937419,0.6,0.2,197.88358863613144,0.39999999999999997
West Bromwich Albion,Manchester United,5,5,D,2012-2013,1491.748794227584,1796.0119012488306,0.4,0.6,-304.26310702124647,-0.19999999999999996
West Ham United,Reading,4,2,H,2012-2013,1493.5841089914884,1411.0474001448401,0.4,0.2,82.53670884664825,0.2
Wigan Athletic,Aston Villa,2,2,D,2012-2013,1483.7303331017633,1512.572089706816,0.4,0.6,-28.84175660505275,-0.19999999999999996
Liverpool,Stoke City,1,0,H,2013-2014,1626.7984993457524,1489.4214260874855,0.4,0.2,137.37707325826682,0.2
Arsenal,Aston Villa,1,3,A,2013-2014,1714.1671430044178,1511.329743420857,0.6,0.6,202.83739958356068,0.0
Norwich City,Everton,2,2,D,2013-2014,1519.9477530167367,1640.968268941078,0.4,0.0,-121.02051592434123,0.4
Sunderland,Fulham,0,1,A,2013-2014,1482.8477250944268,1503.5070140031387,0.2,0.4,-20.659288908711915,-0.2
West Bromwich Albion,Southampton,0,1,A,2013-2014,1502.3129726214563,1514.8403178349613,0.2,0.2,-12.527345213504987,0.0
West Ham United,Cardiff City,2,0,H,2013-2014,1505.0862664110318,1500.0,0.6,0.0,5.086266411031829,0.6
Swansea City,Manchester United,1,4,A,2013-2014,1514.0436853576193,1785.4477228549583,0.0,0.4,-271.404037497339,-0.4
Crystal Palace,Tottenham Hotspur,0,1,A,2013-2014,1500.0,1695.2803474165426,0.0,0.4,-195.28034741654255,-0.4
Chelsea,Hull City,2,0,H,2013-2014,1705.12491244753,1387.434824272165,0.8,0.0,317.69008817536496,0.8
Manchester City,Newcastle United,4,0,H,2013-2014,1723.7780012421847,1501.0474479292404,0.8,0.2,222.73055331294427,0.6000000000000001
Chelsea,Aston Villa,2,1,H,2013-2014,1709.276454314401,1534.2112121296946,0.8,0.6,175.06524218470645,0.20000000000000007
Fulham,Arsenal,1,3,A,2013-2014,1517.6161305374383,1691.2856742955803,0.2,1.0,-173.66954375814203,-0.8
Everton,West Bromwich Albion,0,0,D,2013-2014,1635.9449298625575,1487.8535873302226,1.0,0.2,148.09134253233492,0.8
Hull City,Norwich City,1,0,H,2013-2014,1383.2832824052941,1524.971092095257,0.2,0.2,-141.68780968996293,0.0
Newcastle United,West Ham United,0,0,D,2013-2014,1494.5318635372764,1519.8666903240312,0.4,0.0,-25.334826786754775,0.4
Southampton,Sunderland,1,1,D,2013-2014,1529.299703126195,1468.7386085601272,0.4,0.2,60.56109456606782,0.2
Stoke City,Crystal Palace,2,1,H,2013-2014,1480.0615571498322,1492.6425864729367,0.2,0.0,-12.58102932310453,0.2
Aston Villa,Liverpool,0,1,A,2013-2014,1526.1886382751482,1636.1583682834057,0.4,0.6,-109.96973000825756,-0.19999999999999996
Cardiff City,Manchester City,3,2,H,2013-2014,1485.2195760870006,1730.2935856341487,0.0,0.4,-245.07400954714808,-0.4
Tottenham Hotspur,Swansea City,1,0,H,2013-2014,1702.6377609436058,1508.8442965984036,0.6,0.2,193.7934643452022,0.39999999999999997
Manchester United,Chelsea,0,0,D,2013-2014,1790.647111614174,1717.2990281689474,0.6,0.6,73.34808344522662,0.0
Manchester City,Hull City,2,0,H,2013-2014,1706.1770148219732,1404.0824601330514,0.8,0.0,302.0945546889218,0.8
Cardiff City,Everton,0,0,D,2013-2014,1509.3361468991761,1629.9123018336172,1.0,0.0,-120.57615493444109,1.0
Newcastle United,Fulham,1,0,H,2013-2014,1495.623721391715,1509.5462495600918,0.2,0.4,-13.922528168376857,-0.2
Norwich City,Southampton,1,0,H,2013-2014,1504.1719143674998,1526.711233202822,0.4,0.4,-22.53931883532232,0.0
West Ham United,Stoke City,0,1,A,2013-2014,1518.7748324695926,1495.6044865643917,0.6,0.2,23.170345905200975,0.39999999999999997
Crystal Palace,Sunderland,3,1,H,2013-2014,1477.0996570583773,1471.3270784835001,0.0,0.2,5.772578574877116,-0.2
Liverpool,Manchester United,1,0,H,2013-2014,1646.5630374422215,1787.5266414617272,0.4,0.4,-140.96360401950574,0.0
West Bromwich Albion,Swansea City,0,2,A,2013-2014,1493.8862153591629,1501.4392500853503,0.0,0.2,-7.553034726187434,-0.2
Arsenal,Tottenham Hotspur,1,0,H,2013-2014,1699.3555552729267,1710.0428074566591,0.4,0.6,-10.687252183732426,-0.19999999999999996
Manchester United,Crystal Palace,2,0,H,2013-2014,1766.7540782556905,1491.8504577378487,0.4,0.0,274.9036205178418,0.4
Aston Villa,Newcastle United,1,2,A,2013-2014,1515.7839691163324,1511.2244837200024,0.2,0.2,4.559485396330047,0.0
Fulham,West Bromwich Albion,1,1,D,2013-2014,1493.9454872318045,1479.2122547205254,0.0,0.2,14.733232511279084,-0.2
Hull City,Cardiff City,1,1,D,2013-2014,1399.599245124724,1514.342445651671,0.2,0.0,-114.74320052694702,0.2
Stoke City,Manchester City,0,0,D,2013-2014,1511.6033504312104,1710.6602298303008,0.4,0.4,-199.05687939909035,0.0
Sunderland,Arsenal,1,3,A,2013-2014,1456.5762778040287,1714.816815567226,0.2,1.0,-258.2405377631974,-0.8
Tottenham Hotspur,Norwich City,2,0,H,2013-2014,1694.5815471623598,1520.1436521626124,0.8,0.2,174.4378949997474,0.6000000000000001
Everton,Chelsea,1,0,H,2013-2014,1624.9060030811224,1720.4194983213943,0.8,0.6,-95.51349524027182,0.20000000000000007
Southampton,West Ham United,0,0,D,2013-2014,1510.7394954077095,1502.775968602774,0.2,0.0,7.9635268049355545,0.2
Swansea City,Liverpool,2,2,D,2013-2014,1516.1132107239878,1667.3356006482582,0.0,0.8,-151.22238992427037,-0.8
Norwich City,Aston Villa,0,1,A,2013-2014,1512.0998362103348,1500.5871316077496,0.6,0.4,11.512704602585245,0.19999999999999996
Liverpool,Southampton,0,1,A,2013-2014,1661.1900710693308,1510.3957425148033,0.6,0.2,150.7943285545275,0.39999999999999997
Newcastle United,Hull City,2,3,A,2013-2014,1526.4213212285852,1404.3805268363178,0.2,0.0,122.04079439226734,0.2
West Bromwich Albion,Sunderland,3,0,H,2013-2014,1479.847958496126,1451.043083422918,0.0,0.2,28.804875073207995,-0.2
West Ham United,Everton,2,3,A,2013-2014,1503.11972149568,1643.9288170754244,0.6,0.0,-140.80909557974428,0.6
Chelsea,Fulham,2,0,H,2013-2014,1701.3966843270923,1493.3097834562038,0.8,0.4,208.08690087088848,0.4
Arsenal,Stoke City,3,1,H,2013-2014,1720.3500099483367,1519.3659871990933,0.4,0.4,200.98402274924342,0.0
Crystal Palace,Swansea City,0,2,A,2013-2014,1486.7370894901665,1522.2587403029152,0.5,0.4,-35.5216508127487,0.09999999999999998
Cardiff City,Tottenham Hotspur,0,1,A,2013-2014,1509.561163940077,1702.6253631146374,0.5,0.4,-193.06419917456037,0.09999999999999998
Manchester City,Manchester United,4,1,H,2013-2014,1702.8975930624179,1771.8674465033728,0.8,0.2,-68.96985344095492,0.6000000000000001
Tottenham Hotspur,Chelsea,1,1,D,2013-2014,1710.0538476155878,1708.3524510773625,1.0,0.4,1.7013965382252536,0.6
Aston Villa,Manchester City,3,2,H,2013-2014,1516.0839931806006,1720.836754496321,0.2,0.2,-204.75276131572036,0.0
Fulham,Cardiff City,1,2,A,2013-2014,1486.3540167059336,1502.1326794391266,0.0,0.0,-15.77866273319296,0.0
Hull City,West Ham United,1,0,H,2013-2014,1424.4429362143192,1493.8866009889614,0.2,0.0,-69.44366477464223,0.2
Manchester United,West Bromwich Albion,1,2,A,2013-2014,1753.9282850694697,1493.6071936051237,0.6,0.2,260.32109146434595,0.39999999999999997
Southampton,Crystal Palace,2,0,H,2013-2014,1531.5258855634893,1473.2653611725646,0.0,0.0,58.26052439092473,0.0
Swansea City,Arsenal,1,2,A,2013-2014,1535.730468620517,1727.5266293599886,0.0,1.0,-191.7961607394716,-1.0
Stoke City,Norwich City,0,1,A,2013-2014,1512.1893677874414,1496.6029746374838,0.4,0.2,15.58639314995753,0.2
Sunderland,Liverpool,1,3,A,2013-2014,1437.2838483139203,1640.0599280206447,0.2,0.6,-202.77607970672443,-0.39999999999999997
Everton,Newcastle United,3,2,H,2013-2014,1653.161937582143,1506.3589118505838,0.8,0.4,146.80302573155927,0.4
Manchester City,Everton,3,1,H,2013-2014,1697.8955961436336,1662.1760036512017,0.8,0.2,35.71959249243196,0.6000000000000001
Cardiff City,Newcastle United,1,2,A,2013-2014,1516.4519277592913,1497.3448457815252,0.3333333333333333,0.4,19.10708197776603,-0.06666666666666671
Fulham,Stoke City,1,0,H,2013-2014,1472.034768385769,1496.5169001628926,0.0,0.2,-24.48213177712364,-0.2
Hull City,Aston Villa,0,0,D,2013-2014,1442.4017630682065,1539.025151533288,0.4,0.6,-96.62338846508146,-0.19999999999999996
Liverpool,Crystal Palace,3,1,H,2013-2014,1647.1803759947763,1460.7573563845385,0.6,0.0,186.42301961023782,0.6
Sunderland,Manchester United,1,2,A,2013-2014,1430.1634003397887,1729.407637207579,0.0,0.2,-299.2442368677903,-0.2
Norwich City,Chelsea,1,3,A,2013-2014,1512.2754422620326,1708.4259056834394,0.4,0.4,-196.1504634214068,0.0
Southampton,Swansea City,2,0,H,2013-2014,1544.0338903515153,1528.2611120444083,0.2,0.6,15.772778307107046,-0.39999999999999997
Tottenham Hotspur,West Ham United,0,3,A,2013-2014,1709.9803930095109,1475.927774135074,0.8,0.0,234.0526188744368,0.8
West Bromwich Albion,Arsenal,1,1,D,2013-2014,1518.1278414670144,1734.9959859360974,0.2,1.0,-216.86814446908306,-0.8
Newcastle United,Liverpool,2,2,D,2013-2014,1513.1689341962367,1654.824584197673,0.2,0.8,-141.65565000143624,-0.6000000000000001
Arsenal,Norwich City,4,1,H,2013-2014,1726.6853371664497,1504.945807189911,0.6,0.4,221.73952997653873,0.19999999999999996
Chelsea,Cardiff City,4,1,H,2013-2014,1715.755540755561,1500.6278393445798,0.8,0.3333333333333333,215.12770141098122,0.46666666666666673
Everton,Hull City,2,1,H,2013-2014,1648.7127319610283,1446.4690103080245,0.8,0.2,202.24372165300383,0.6000000000000001
Manchester United,Southampton,1,1,D,2013-2014,1733.9537794553241,1558.3533921997127,0.4,0.4,175.6003872556114,0.0
Stoke City,West Bromwich Albion,0,0,D,2013-2014,1480.461667524246,1526.4384902366621,0.4,0.2,-45.97682271241615,0.2
Swansea City,Sunderland,4,0,H,2013-2014,1513.9416101962108,1425.6172580920436,0.0,0.0,88.32435210416725,0.0
West Ham United,Manchester City,1,3,A,2013-2014,1499.7384845158838,1711.358867833807,0.4,0.2,-211.62038331792314,0.2
Aston Villa,Tottenham Hotspur,0,2,A,2013-2014,1534.95790429347,1686.1696826287011,0.4,0.6,-151.2117783352312,-0.19999999999999996
Crystal Palace,Fulham,1,4,A,2013-2014,1453.113148181642,1488.0900010244156,0.3333333333333333,0.4,-34.976852842773724,-0.06666666666666671
Crystal Palace,Arsenal,0,2,A,2013-2014,1439.6181395028018,1733.2300657175563,0.25,0.8,-293.6119262147545,-0.55
Aston Villa,Everton,0,2,A,2013-2014,1526.1030526297668,1655.8498348519888,0.2,0.2,-129.746782222222,0.0
Liverpool,West Bromwich Albion,4,1,H,2013-2014,1649.0265874283846,1524.4650174594387,0.8,0.2,124.56156996894583,0.6000000000000001
Manchester United,Stoke City,3,2,H,2013-2014,1726.9582613701396,1482.4351403014693,0.4,0.2,244.5231210686702,0.2
Norwich City,Cardiff City,0,0,D,2013-2014,1498.4010786388044,1493.8862682178235,0.4,0.25,4.5148104209808935,0.15000000000000002
Southampton,Fulham,2,0,H,2013-2014,1565.3489102848973,1501.5850097032558,0.4,0.6,63.763900581641565,-0.19999999999999996
Sunderland,Newcastle United,2,1,H,2013-2014,1414.3504499208032,1518.966930965525,0.0,0.6,-104.61648104472192,-0.6
Chelsea,Manchester City,2,1,H,2013-2014,1722.4971118823173,1718.2065490636214,1.0,0.4,4.290562818695889,0.6
Swansea City,West Ham United,0,0,D,2013-2014,1525.2084183674513,1492.8908032860693,0.2,0.2,32.31761508138197,0.0
Tottenham Hotspur,Hull City,1,0,H,2013-2014,1695.0245342924043,1439.331907417064,0.6,0.2,255.69262687534024,0.39999999999999997
Newcastle United,Chelsea,2,0,H,2013-2014,1499.5820036828452,1737.3118828109973,0.2,0.4,-237.7298791281521,-0.2
Fulham,Manchester United,1,3,A,2013-2014,1489.3074213447378,1732.8567033881666,0.2,0.4,-243.54928204342878,-0.2
Hull City,Sunderland,1,0,H,2013-2014,1433.7322196009725,1433.735377203483,0.4,0.0,-0.00315760251055508,0.4
Manchester City,Norwich City,7,0,H,2013-2014,1703.3917781349414,1498.2061695750601,0.8,0.4,205.1856085598813,0.4
Stoke City,Southampton,1,1,D,2013-2014,1476.5366982834423,1577.6264986434153,0.2,0.4,-101.08980035997297,-0.2
West Bromwich Albion,Crystal Palace,2,0,H,2013-2014,1514.6236241811514,1434.9455196182587,0.2,0.0,79.67810456289271,0.2
West Ham United,Aston Villa,0,0,D,2013-2014,1494.282056700208,1516.4580237107307,0.4,0.4,-22.175967010522754,0.0
Arsenal,Liverpool,2,0,H,2013-2014,1737.9026856020994,1658.867980706672,0.8,0.6,79.03470489542747,0.20000000000000007
Everton,Tottenham Hotspur,0,0,D,2013-2014,1665.494863771025,1700.6242221084958,0.8,0.8,-35.129358337470876,0.0
Cardiff City,Swansea City,1,0,H,2013-2014,1494.0811772815678,1523.8171649533126,0.25,0.4,-29.73598767174485,-0.15000000000000002
Aston Villa,Cardiff City,2,0,H,2013-2014,1515.5019082921535,1510.361857538353,0.2,0.2,5.140050753800551,0.0
Chelsea,West Bromwich Albion,2,2,D,2013-2014,1713.3978334264216,1526.2427081401538,1.0,0.2,187.15512528626778,0.8
Crystal Palace,Everton,0,0,D,2013-2014,1423.3264356592563,1667.0063727153731,0.2,0.4,-243.67993705611684,-0.2
Liverpool,Fulham,4,0,H,2013-2014,1647.2225191566367,1483.382369493068,0.8,0.4,163.8401496635688,0.4
Southampton,Hull City,4,1,H,2013-2014,1573.3812285747454,1448.7323559256313,0.6,0.2,124.64887264911408,0.39999999999999997
Norwich City,West Ham United,3,1,H,2013-2014,1491.1607689193265,1495.238172118785,0.2,0.2,-4.0774031994585584,0.0
Tottenham Hotspur,Newcastle United,0,1,A,2013-2014,1699.1127131641476,1523.496053067421,0.6,0.4,175.61666009672672,0.19999999999999996
Sunderland,Manchester City,1,0,H,2013-2014,1418.7352408788242,1710.437178790675,0.2,0.2,-291.7019379118508,0.0
Manchester United,Arsenal,1,0,H,2013-2014,1738.7817552398365,1749.5481471521346,0.4,0.8,-10.766391912298104,-0.4
Swansea City,Stoke City,3,3,D,2013-2014,1507.5364846965274,1480.7819683521122,0.2,0.2,26.75451634441515,0.0
Everton,Liverpool,3,3,D,2013-2014,1657.927849211643,1655.6305162913518,0.6,0.4,2.2973329202911827,0.19999999999999996
Arsenal,Southampton,2,0,H,2013-2014,1734.0834733759502,1583.2192987670292,0.8,0.4,150.86417460892108,0.4
Fulham,Swansea City,1,2,A,2013-2014,1474.9743723583529,1506.3836771428705,0.2,0.4,-31.409304784517644,-0.2
Hull City,Crystal Palace,0,1,A,2013-2014,1438.8942857333475,1432.4049591629864,0.6,0.0,6.489326570361072,0.6
Newcastle United,Norwich City,2,1,H,2013-2014,1545.4921208906126,1506.3367964848806,0.4,0.2,39.15532440573202,0.2
Stoke City,Sunderland,2,0,H,2013-2014,1481.9347759057691,1444.019084007998,0.2,0.0,37.91569189777124,0.2
West Ham United,Chelsea,0,3,A,2013-2014,1480.062144553231,1706.0180598389857,0.2,0.2,-225.9559152857546,0.0
Manchester City,Tottenham Hotspur,6,0,H,2013-2014,1685.1533356615014,1677.116645340956,1.0,0.6,8.036690320545404,0.4
Cardiff City,Manchester United,2,2,D,2013-2014,1495.5837551792326,1754.2464290160208,0.4,0.6,-258.66267383678814,-0.19999999999999996
West Bromwich Albion,Aston Villa,2,2,D,2013-2014,1533.6224817275897,1530.2800106512739,0.4,0.4,3.34247107631586,0.0
Aston Villa,Sunderland,0,0,D,2013-2014,1530.4243122758799,1430.6495684570207,0.4,0.0,99.77474381885918,0.4
Cardiff City,Arsenal,0,3,A,2013-2014,1505.0615181850715,1742.9508186739765,0.2,0.6,-237.88930048890506,-0.39999999999999997
Everton,Stoke City,4,0,H,2013-2014,1657.8286668220721,1495.3042914567463,0.6,0.2,162.5243753653258,0.39999999999999997
Norwich City,Crystal Palace,1,0,H,2013-2014,1493.020147089212,1447.6850933371222,0.4,0.2,45.335053752089834,0.2
West Ham United,Fulham,3,0,H,2013-2014,1473.6407619499196,1461.326738874362,0.0,0.2,12.314023075557543,-0.2
Newcastle United,West Bromwich Albion,2,1,H,2013-2014,1558.808770286281,1533.4781801029837,0.6,0.2,25.330590183297318,0.39999999999999997
Tottenham Hotspur,Manchester United,2,2,D,2013-2014,1662.4635552825566,1744.768666010182,0.4,0.4,-82.30511072762533,0.0
Hull City,Liverpool,3,1,H,2013-2014,1423.6141515592117,1655.7296986809226,0.4,0.2,-232.11554712171096,0.2
Chelsea,Southampton,3,1,H,2013-2014,1712.4394424422971,1574.3519534690029,0.8,0.2,138.08748897329428,0.6000000000000001
Manchester City,Swansea City,3,0,H,2013-2014,1699.8064257199007,1520.0313106268613,1.0,0.6,179.7751150930394,0.4
Crystal Palace,West Ham United,1,0,H,2013-2014,1434.6313317293789,1488.109345337404,0.2,0.2,-53.478013608025094,0.0
Arsenal,Hull City,2,0,H,2013-2014,1749.0323184280921,1447.369906160046,1.0,0.2,301.6624122680462,0.8
Liverpool,Norwich City,5,1,H,2013-2014,1631.9739440800884,1506.0739086969554,0.8,0.2,125.90003538313294,0.6000000000000001
Manchester United,Everton,0,1,A,2013-2014,1741.2802800795048,1666.2825755799515,0.6,0.4,74.99770449955327,0.19999999999999996
Southampton,Aston Villa,2,3,A,2013-2014,1565.0183990143023,1526.2313258442932,0.8,0.2,38.78707317000908,0.6000000000000001
Stoke City,Cardiff City,0,0,D,2013-2014,1486.850382698867,1498.9800184309559,0.2,0.2,-12.1296357320889,0.0
Sunderland,Chelsea,3,4,A,2013-2014,1434.8425548886073,1721.7729968969977,0.4,0.4,-286.9304420083904,0.0
Swansea City,Newcastle United,3,0,H,2013-2014,1512.167072083929,1572.717094371743,0.2,0.6,-60.550022287814045,-0.39999999999999997
Fulham,Tottenham Hotspur,1,2,A,2013-2014,1446.8581554868776,1665.9519412132338,0.2,0.4,-219.09378572635615,-0.2
West Bromwich Albion,Manchester City,2,3,A,2013-2014,1519.5698560175217,1707.670664262833,0.4,0.2,-188.10080824531133,0.2
Manchester United,Newcastle United,0,1,A,2013-2014,1723.0917399924112,1555.1290882445921,0.4,0.4,167.9626517478191,0.0
Crystal Palace,Cardiff City,2,0,H,2013-2014,1451.922100706599,1498.4565526170986,0.2,0.2,-46.53445191049968,0.0
Liverpool,West Ham United,4,1,H,2013-2014,1641.7644533229684,1470.818576360184,0.8,0.2,170.9458769627845,0.6000000000000001
Southampton,Manchester City,1,1,D,2013-2014,1548.3507487260704,1715.2599862046488,0.8,0.4,-166.90923747857846,0.4
Stoke City,Chelsea,3,2,H,2013-2014,1487.3738485127242,1726.5993587546966,0.2,0.6,-239.22551024197242,-0.39999999999999997
West Bromwich Albion,Norwich City,0,2,A,2013-2014,1511.980534075706,1496.2833994540754,0.4,0.2,15.69713462163054,0.2
Sunderland,Tottenham Hotspur,1,2,A,2013-2014,1430.0161930309084,1672.5749359546066,0.4,0.6,-242.55874292369822,-0.19999999999999996
Fulham,Aston Villa,2,0,H,2013-2014,1440.2351607455048,1542.8989761325251,0.2,0.4,-102.66381538702035,-0.2
Arsenal,Everton,1,1,D,2013-2014,1753.5250275743106,1684.471115667045,1.0,0.6,69.0539119072655,0.4
Swansea City,Hull City,1,1,D,2013-2014,1529.75507821108,1442.8771970138275,0.4,0.2,86.87788119725246,0.2
Manchester City,Arsenal,6,3,H,2013-2014,1708.561486847801,1750.582376546013,1.0,0.6,-42.02088969821193,0.4
Cardiff City,West Bromwich Albion,1,0,H,2013-2014,1481.4594267849975,1496.303295035046,0.2,0.2,-14.843868250048445,0.0
Chelsea,Crystal Palace,2,1,H,2013-2014,1702.6436485119514,1468.9192265387,0.8,0.2,233.7244219732513,0.6000000000000001
Everton,Fulham,4,1,H,2013-2014,1687.4137666953427,1459.5428628334628,0.6,0.2,227.87090386187992,0.39999999999999997
Newcastle United,Southampton,1,1,D,2013-2014,1576.863948197095,1555.0492480829182,0.6,0.2,21.81470011417673,0.39999999999999997
West Ham United,Sunderland,0,0,D,2013-2014,1462.6558707140541,1424.0639822809042,0.2,0.0,38.59188843314996,0.2
Hull City,Stoke City,0,0,D,2013-2014,1446.5517474137362,1511.3295587554694,0.6,0.0,-64.77781134173324,0.6
Aston Villa,Manchester United,0,3,A,2013-2014,1523.5912740445672,1701.3568800399084,0.4,0.4,-177.76560599534128,0.0
Norwich City,Swansea City,1,1,D,2013-2014,1511.9606384947353,1526.0805278111714,0.4,0.4,-14.119889316436002,0.0
Tottenham Hotspur,Liverpool,0,5,A,2013-2014,1678.527146704611,1649.9271589690982,0.2,0.2,28.59998773551274,0.0
Liverpool,Cardiff City,3,1,H,2013-2014,1666.1591382592612,1497.0998984458406,1.0,0.0,169.05923981342062,1.0
Crystal Palace,Newcastle United,0,3,A,2013-2014,1462.7206510412634,1575.9233675782987,0.4,0.6,-113.20271653703526,-0.19999999999999996
Fulham,Manchester City,2,4,A,2013-2014,1453.1769397730227,1725.3668800269347,0.4,0.4,-272.189940253912,0.0
Manchester United,West Ham United,3,1,H,2013-2014,1709.2884266784122,1460.9965435898375,0.4,0.2,248.29188308857465,0.2
Stoke City,Aston Villa,2,1,H,2013-2014,1508.564837519012,1515.6597274060634,0.4,0.2,-7.094889887051522,0.2
Sunderland,Norwich City,0,0,D,2013-2014,1425.7233094051207,1512.5699077263798,0.4,0.2,-86.84659832125908,0.2
West Bromwich Albion,Hull City,1,1,D,2013-2014,1480.6628233742028,1449.3164686501937,0.2,0.0,31.34635472400919,0.2
Southampton,Tottenham Hotspur,2,3,A,2013-2014,1555.9898287017145,1662.2951674144479,0.6,0.6,-106.30533871273337,0.0
Swansea City,Everton,1,2,A,2013-2014,1525.4712585795269,1693.7796897557828,0.4,0.4,-168.3084311762559,0.0
Arsenal,Chelsea,0,0,D,2013-2014,1733.7769833668792,1708.842224009388,0.8,0.6,24.934759357491203,0.20000000000000007
Hull City,Manchester United,2,3,A,2013-2014,1450.6661394408225,1715.0847395820354,0.4,0.6,-264.4186001412129,-0.19999999999999996
Aston Villa,Crystal Palace,0,1,A,2013-2014,1500.3534589576536,1452.4420979504623,0.2,0.2,47.91136100719132,0.0
Cardiff City,Southampton,0,3,A,2013-2014,1488.872504192661,1545.4413437647524,0.4,0.0,-56.56883957209152,0.4
Chelsea,Swansea City,1,0,H,2013-2014,1709.9168996484937,1517.218032227454,0.8,0.2,192.69886742103972,0.6000000000000001
Everton,Sunderland,0,1,A,2013-2014,1702.0329161078557,1429.3965902360558,0.6,0.0,272.63632587179995,0.6
Newcastle United,Stoke City,5,1,H,2013-2014,1586.2019206690998,1523.8711059674217,0.6,0.0,62.33081470167804,0.6
Norwich City,Fulham,1,2,A,2013-2014,1508.8966268954448,1447.9969677309473,0.4,0.2,60.89965916449751,0.2
Tottenham Hotspur,West Bromwich Albion,1,1,D,2013-2014,1672.84365235141,1479.313152583574,0.2,0.0,193.53049976783586,0.2
West Ham United,Arsenal,1,3,A,2013-2014,1455.2002306862144,1732.7023077277736,0.2,0.4,-277.50207704155923,-0.2
Manchester City,Liverpool,2,1,H,2013-2014,1730.5468520690101,1674.386532512441,1.0,0.2,56.16031955656922,0.8
West Ham United,West Bromwich Albion,3,3,D,2013-2014,1450.149998786789,1486.899660338089,0.2,0.0,-36.74966155130005,0.2
Aston Villa,Swansea City,1,1,D,2013-2014,1483.2979720624894,1509.777787566902,0.2,0.2,-26.4798155044125,0.0
Hull City,Fulham,6,0,H,2013-2014,1445.2916344666723,1465.5996170006474,0.4,0.2,-20.307982533975064,0.2
Manchester City,Crystal Palace,1,0,H,2013-2014,1743.1431149523742,1469.4975848456265,1.0,0.4,273.64553010674763,0.6
Norwich City,Manchester United,0,1,A,2013-2014,1491.2939776257447,1720.4592445561855,0.4,0.6,-229.1652669304408,-0.19999999999999996
Cardiff City,Sunderland,2,2,D,2013-2014,1476.2934223706695,1454.2276211389242,0.4,0.2,22.065801231745354,0.2
Everton,Southampton,2,1,H,2013-2014,1677.2018852049873,1558.0204255867438,0.4,0.2,119.18145961824348,0.2
Newcastle United,Arsenal,0,1,A,2013-2014,1598.5393867573202,1737.752539627199,0.8,0.6,-139.21315286987874,0.20000000000000007
Chelsea,Liverpool,2,1,H,2013-2014,1717.3571443090457,1661.7902696290769,0.8,0.2,55.566874679968805,0.6000000000000001
Tottenham Hotspur,Stoke City,3,0,H,2013-2014,1665.257144596895,1511.5336398792012,0.2,0.0,153.7235047176937,0.2
Swansea City,Manchester City,2,3,A,2013-2014,1508.636770465855,1748.2872764371605,0.2,0.4,-239.6505059713054,-0.2
Arsenal,Cardiff City,2,0,H,2013-2014,1747.04448163078,1475.3420439624615,0.6,0.0,271.70243766831845,0.6
Crystal Palace,Norwich City,1,1,D,2013-2014,1464.3534233608402,1484.9653416368153,0.4,0.2,-20.611918275975086,0.2
Fulham,West Ham United,2,1,H,2013-2014,1449.7238480518402,1451.7307185005816,0.2,0.0,-2.006870448741438,0.2
Liverpool,Hull City,2,0,H,2013-2014,1649.16903680418,1461.1674034154796,1.0,0.0,188.00163338870038,1.0
Southampton,Chelsea,0,3,A,2013-2014,1547.9731463011449,1729.9783771339426,0.4,0.4,-182.00523083279768,0.0
Stoke City,Everton,1,1,D,2013-2014,1502.7687601191828,1687.2491644905863,0.6,0.6,-184.48040437140344,0.0
Sunderland,Aston Villa,0,1,A,2013-2014,1455.1789995471322,1484.4389891635362,0.4,0.2,-29.259989616404027,0.2
West Bromwich Albion,Newcastle United,1,0,H,2013-2014,1485.3189406242964,1589.2474447537393,0.2,0.6,-103.9285041294429,-0.39999999999999997
Manchester United,Tottenham Hotspur,1,2,A,2013-2014,1726.7878805451148,1674.0220243569133,0.6,0.6,52.7658561882015,0.0
Hull City,Chelsea,0,2,A,2013-2014,1453.5748443802258,1737.7683508910195,0.4,0.6,-284.19350651079367,-0.19999999999999996
Cardiff City,West Ham United,0,2,A,2013-2014,1470.1500343209673,1436.6440759020838,0.2,0.0,33.50595841888344,0.2
Everton,Norwich City,2,0,H,2013-2014,1679.957247806901,1484.0764961280656,0.6,0.2,195.8807516788354,0.39999999999999997
Fulham,Sunderland,1,4,A,2013-2014,1464.810490650338,1441.4392767452935,0.4,0.2,23.371213905044442,0.2
Southampton,West Bromwich Albion,1,0,H,2013-2014,1540.183172544068,1504.67668810068,0.2,0.0,35.50648444338799,0.2
Tottenham Hotspur,Crystal Palace,2,0,H,2013-2014,1691.2827547547024,1465.24226886959,0.2,0.4,226.0404858851125,-0.2
Manchester United,Swansea City,2,0,H,2013-2014,1709.5271501473258,1502.6042800035368,0.4,0.2,206.92287014378894,0.2
Newcastle United,Manchester City,0,2,A,2013-2014,1569.8896972773557,1754.3197668994787,0.6,0.6,-184.43006962212303,0.0
Stoke City,Liverpool,3,5,A,2013-2014,1510.060676802868,1656.7615958394338,0.6,0.2,-146.70091903656567,0.39999999999999997
Aston Villa,Arsenal,1,2,A,2013-2014,1498.178711965375,1752.2364912722742,0.2,0.6,-254.0577793068992,-0.39999999999999997
Sunderland,Southampton,2,2,D,2013-2014,1457.4467739919949,1553.6555488523525,0.2,0.2,-96.20877486035761,0.0
Arsenal,Fulham,2,0,H,2013-2014,1757.8791673870003,1448.8029934036365,0.6,0.2,309.0761739833638,0.39999999999999997
Crystal Palace,Stoke City,1,0,H,2013-2014,1458.8233428992194,1501.0429040236863,0.4,0.0,-42.21956112446696,0.4
Manchester City,Cardiff City,4,2,H,2013-2014,1762.0295099049183,1453.7079336854931,1.0,0.0,308.3215762194252,1.0
Norwich City,Hull City,1,0,H,2013-2014,1476.7382581037984,1448.684334622714,0.4,0.0,28.05392348108444,0.4
West Ham United,Newcastle United,1,3,A,2013-2014,1453.086176537558,1562.1799542719161,0.2,0.6,-109.09377773435813,-0.39999999999999997
Liverpool,Aston Villa,2,2,D,2013-2014,1665.7793686186155,1492.536035850649,1.0,0.4,173.24333276796665,0.6
Swansea City,Tottenham Hotspur,1,3,A,2013-2014,1495.6126470384656,1697.701680725073,0.2,0.8,-202.0890336866073,-0.6000000000000001
Chelsea,Manchester United,3,1,H,2013-2014,1742.6588606485313,1716.518783112397,0.8,0.6,26.140077536134413,0.20000000000000007
West Bromwich Albion,Everton,1,1,D,2013-2014,1491.2043117923954,1687.2954858311682,0.2,0.4,-196.0911740387728,-0.2
Manchester United,Cardiff City,2,0,H,2013-2014,1702.645216337845,1449.3596960776863,0.4,0.0,253.28552026015882,0.4
Norwich City,Newcastle United,0,0,D,2013-2014,1490.5296982742916,1572.6189183995484,0.4,0.6,-82.08922012525682,-0.19999999999999996
Southampton,Arsenal,2,2,D,2013-2014,1549.6048912104645,1762.2112795964986,0.2,0.8,-212.60638838603404,-0.6000000000000001
Swansea City,Fulham,2,0,H,2013-2014,1488.470699685731,1444.4708811941382,0.2,0.2,43.999818491592805,0.0
Crystal Palace,Hull City,1,0,H,2013-2014,1475.6371885757762,1434.8928944522208,0.6,0.0,40.74429412355539,0.6
Liverpool,Everton,4,0,H,2013-2014,1658.863731084264,1679.6270114618294,0.8,0.4,-20.76328037756548,0.4
Aston Villa,West Bromwich Albion,4,3,H,2013-2014,1499.4516733850005,1498.8727861617342,0.0,0.0,0.5788872232662925,0.0
Chelsea,West Ham United,0,0,D,2013-2014,1756.5324274230832,1442.6472124099257,1.0,0.2,313.88521501315745,0.8
Sunderland,Stoke City,1,0,H,2013-2014,1461.4974316338828,1484.2290583471295,0.0,0.0,-22.73162671324667,0.0
Tottenham Hotspur,Manchester City,1,5,A,2013-2014,1704.8436280778076,1766.3777475127251,0.4,0.8,-61.53411943491756,-0.4
Newcastle United,Sunderland,0,3,A,2013-2014,1569.1393503879278,1477.4774368860571,0.4,0.4,91.66191350187069,0.0
West Ham United,Swansea City,2,0,H,2013-2014,1453.4167019071826,1501.581165554622,0.2,0.0,-48.164463647439334,0.2
Cardiff City,Norwich City,2,1,H,2013-2014,1443.6966254173985,1494.0092662859122,0.2,0.2,-50.312640868513654,0.0
Everton,Aston Villa,2,1,H,2013-2014,1663.731654240217,1514.4266808376751,0.8,0.4,149.30497340254192,0.4
Fulham,Southampton,0,3,A,2013-2014,1431.3604153252472,1557.7871588973526,0.4,0.2,-126.42674357210535,0.2
Hull City,Tottenham Hotspur,1,1,D,2013-2014,1421.6439472028633,1692.472836103633,0.4,1.0,-270.8288889007697,-0.6
Stoke City,Manchester United,2,1,H,2013-2014,1468.2490530949551,1708.3082869981329,0.4,0.6,-240.05923390317776,-0.19999999999999996
West Bromwich Albion,Liverpool,1,1,D,2013-2014,1483.8977787090596,1674.7590883058763,0.2,0.4,-190.86130959681668,-0.2
Arsenal,Crystal Palace,2,0,H,2013-2014,1754.0290119096105,1488.8861358251338,0.6,0.2,265.1428760844767,0.39999999999999997
Manchester City,Chelsea,0,1,A,2013-2014,1778.7485394868997,1745.7629379258262,1.0,0.6,32.98560156107351,0.4
Liverpool,Arsenal,5,1,H,2013-2014,1667.258673598587,1759.3851480855965,0.8,0.6,-92.12647448700955,0.20000000000000007
Aston Villa,West Ham United,0,2,A,2013-2014,1505.5031688368322,1470.4829098575199,0.2,0.2,35.0202589793123,0.0
Chelsea,Newcastle United,3,0,H,2013-2014,1762.1827774086967,1550.2713163105666,0.8,0.6,211.91146109813008,0.20000000000000007
Crystal Palace,West Bromwich Albion,3,1,H,2013-2014,1483.5299996491478,1491.398193416349,0.6,0.0,-7.868193767201092,0.6
Norwich City,Manchester City,0,0,D,2013-2014,1476.8521524078683,1762.3287000040293,0.2,0.8,-285.476547596161,-0.6000000000000001
Southampton,Stoke City,2,2,D,2013-2014,1567.557681663788,1492.2278940120405,0.2,0.0,75.32978765174744,0.2
Sunderland,Hull City,0,2,A,2013-2014,1496.3454709634184,1431.4303122522858,0.2,0.0,64.91515871113256,0.2
Swansea City,Cardiff City,3,0,H,2013-2014,1484.5149576042847,1460.8537392954424,0.2,0.0,23.661218308842308,0.2
Tottenham Hotspur,Everton,1,0,H,2013-2014,1682.6864710542104,1672.65516624106,0.4,0.2,10.031304813150427,0.2
Manchester United,Fulham,2,2,D,2013-2014,1684.3294460810475,1421.589892558812,0.6,0.2,262.7395535222356,0.39999999999999997
Cardiff City,Aston Villa,0,0,D,2013-2014,1446.8736998529062,1488.9963224102396,0.4,0.2,-42.12262255733344,0.2
Hull City,Southampton,0,1,A,2013-2014,1449.2007613882333,1564.355455015431,0.2,0.4,-115.15469362719773,-0.2
West Ham United,Norwich City,2,0,H,2013-2014,1486.9897562841124,1486.9917994671707,0.2,0.2,-0.0020431830582765542,0.0
West Bromwich Albion,Chelsea,1,1,D,2013-2014,1476.0585542457225,1769.0216078141566,0.2,0.6,-292.96305356843413,-0.39999999999999997
Arsenal,Manchester United,0,0,D,2013-2014,1740.4983974616714,1674.7467237035853,0.6,0.6,65.7516737580861,0.0
Newcastle United,Tottenham Hotspur,0,4,A,2013-2014,1543.4324859051067,1697.2535051143332,0.2,0.8,-153.8210192092265,-0.6000000000000001
Stoke City,Swansea City,1,1,D,2013-2014,1495.4301206603973,1498.494997046821,0.6,0.0,-3.064876386423748,0.6
Fulham,Liverpool,2,3,A,2013-2014,1431.1726149362742,1686.145424222512,0.4,0.4,-254.97280928623786,0.0
Chelsea,Everton,1,0,H,2013-2014,1758.7089814654655,1658.0881321809372,0.8,0.2,100.62084928452828,0.6000000000000001
Arsenal,Sunderland,4,1,H,2013-2014,1737.6930806346654,1478.575021827471,0.6,0.6,259.11805880719453,0.0
Cardiff City,Hull City,0,4,A,2013-2014,1448.683421413281,1438.9979976192592,0.2,0.2,9.685423794021744,0.0
Manchester City,Stoke City,1,0,H,2013-2014,1752.1890529447269,1495.562438578434,0.8,0.0,256.62661436629287,0.8
West Bromwich Albion,Fulham,1,1,D,2013-2014,1486.3711805944135,1425.5540306922355,0.2,0.2,60.817149902178016,0.0
West Ham United,Southampton,3,1,H,2013-2014,1501.989844495416,1574.5582187844052,0.4,0.6,-72.56837428898916,-0.19999999999999996
Crystal Palace,Manchester United,0,2,A,2013-2014,1498.8696388197743,1677.5520405305913,0.6,0.4,-178.68240171081698,0.19999999999999996
Liverpool,Swansea City,4,3,H,2013-2014,1691.7640084665506,1498.3626791287843,0.8,0.0,193.40132933776636,0.8
Newcastle United,Aston Villa,1,0,H,2013-2014,1534.671088344309,1487.1866008498648,0.2,0.2,47.48448749444424,0.0
Norwich City,Tottenham Hotspur,1,0,H,2013-2014,1471.9917112558674,1706.0149026751308,0.2,0.8,-234.0231914192634,-0.6000000000000001
Everton,West Ham United,1,0,H,2013-2014,1647.3147706060277,1520.0780937332179,0.8,0.4,127.23667687280977,0.4
Fulham,Chelsea,1,3,A,2013-2014,1428.1532248513029,1769.482343040375,0.2,0.6,-341.32911818907223,-0.39999999999999997
Hull City,Newcastle United,1,4,A,2013-2014,1454.4160426927197,1547.633688026873,0.2,0.4,-93.2176453341533,-0.2
Stoke City,Arsenal,1,0,H,2013-2014,1489.9871964705876,1743.2035160494052,0.4,0.6,-253.21631957881755,-0.19999999999999996
Southampton,Liverpool,0,3,A,2013-2014,1556.4699695466034,1699.181651696646,0.2,0.4,-142.71168215004263,-0.2
Aston Villa,Norwich City,4,1,H,2013-2014,1474.224001167301,1495.8015894477874,0.2,0.0,-21.577588280486452,0.2
Swansea City,Crystal Palace,1,1,D,2013-2014,1490.945035898689,1490.9688457909906,0.4,0.2,-0.02380989230164232,0.2
Tottenham Hotspur,Cardiff City,1,0,H,2013-2014,1682.2050244832108,1433.2653763398205,0.6,0.0,248.9396481433903,0.6
West Bromwich Albion,Manchester United,0,3,A,2013-2014,1483.7719864353462,1685.452833559375,0.2,0.4,-201.6808471240288,-0.2
Cardiff City,Fulham,3,1,H,2013-2014,1427.4864810345741,1424.4649257844785,0.2,0.0,3.0215552500956164,0.2
Crystal Palace,Southampton,0,1,A,2013-2014,1490.9678178353095,1547.3067013724485,0.6,0.4,-56.338883537139054,0.19999999999999996
Norwich City,Stoke City,1,1,D,2013-2014,1479.8712059532575,1514.322295535012,0.4,0.0,-34.45108958175456,0.4
Chelsea,Tottenham Hotspur,4,0,H,2013-2014,1773.1706421071995,1687.9839197884571,0.8,0.6,85.18672231874234,0.20000000000000007
Hull City,Manchester City,0,2,A,2013-2014,1443.3467040604964,1757.7642950525733,0.2,0.8,-314.41759099207684,-0.6000000000000001
Everton,Cardiff City,2,1,H,2013-2014,1657.0546008518784,1442.3560332968493,0.8,0.0,214.69856755502906,0.8
Fulham,Newcastle United,1,0,H,2013-2014,1409.5953735222033,1558.7030266590962,0.2,0.4,-149.10765313689285,-0.2
Southampton,Norwich City,4,2,H,2013-2014,1559.8954536196045,1481.3537233581142,0.2,0.0,78.54173026149033,0.2
Stoke City,West Ham United,3,1,H,2013-2014,1512.8397781301553,1510.3382634873672,0.4,0.4,2.501514642788152,0.0
Sunderland,Crystal Palace,0,0,D,2013-2014,1473.0645864127312,1478.3790655881535,0.2,0.2,-5.314479175422321,0.0
Swansea City,West Bromwich Albion,1,2,A,2013-2014,1490.94606385437,1476.617244792393,0.4,0.0,14.328819061977129,0.4
Aston Villa,Chelsea,1,0,H,2013-2014,1490.1543846618308,1784.5648047512682,0.4,0.8,-294.41042008943737,-0.4
Manchester United,Liverpool,0,3,A,2013-2014,1692.6075752023282,1708.3449198708008,0.6,0.6,-15.737344668472588,0.0
Tottenham Hotspur,Arsenal,0,1,A,2013-2014,1676.5897571443884,1718.8684169849807,0.8,0.4,-42.278659840592354,0.4
Chelsea,Arsenal,6,0,H,2013-2014,1759.2193208527567,1732.0520571724455,0.8,0.4,27.16726368031118,0.4
Cardiff City,Liverpool,3,6,A,2013-2014,1435.6015421280365,1722.6659483707056,0.4,0.8,-287.06440624266907,-0.4
Everton,Swansea City,3,2,H,2013-2014,1663.8090920206912,1475.3277895032843,1.0,0.0,188.4813025174069,1.0
Hull City,West Bromwich Albion,2,0,H,2013-2014,1439.127317881649,1492.2355191434788,0.0,0.2,-53.10820126182966,-0.2
Manchester City,Fulham,5,0,H,2013-2014,1761.9836812314206,1430.6647388964484,0.8,0.0,331.31894233497223,0.8
Newcastle United,Crystal Palace,1,0,H,2013-2014,1537.633661284851,1478.1496389715082,0.2,0.0,59.48402231334285,0.2
Norwich City,Sunderland,2,0,H,2013-2014,1469.688036426284,1473.2940130293764,0.4,0.6,-3.6059766030923583,-0.19999999999999996
West Ham United,Manchester United,0,2,A,2013-2014,1495.446260689834,1678.2865467024235,0.6,0.4,-182.84028601258956,0.19999999999999996
Tottenham Hotspur,Southampton,3,2,H,2013-2014,1663.4061169569236,1571.5611405514346,0.6,0.6,91.84497640548898,0.0
Aston Villa,Stoke City,1,4,A,2013-2014,1515.4998685603423,1527.7317809276885,0.6,0.0,-12.23191236734624,0.6
Arsenal,Swansea City,2,2,D,2013-2014,1718.2225775830132,1467.7508785236491,0.8,0.0,250.47169905936403,0.8
Manchester United,Manchester City,0,3,A,2013-2014,1686.0488298569126,1765.8624686462583,0.4,0.8,-79.81363878934576,-0.4
Newcastle United,Everton,0,3,A,2013-2014,1550.0903315809119,1671.3860030003264,0.4,0.0,-121.29567141941448,0.4
West Ham United,Hull City,2,1,H,2013-2014,1487.6839775353449,1456.40249062033,0.6,0.4,31.281486915014966,0.19999999999999996
Liverpool,Sunderland,2,1,H,2013-2014,1727.4891879214813,1458.138336094713,0.8,0.4,269.35085182676835,0.4
Manchester United,Aston Villa,4,1,H,2013-2014,1674.4352996214761,1501.0277445884724,0.4,0.2,173.40755503300375,0.2
Crystal Palace,Chelsea,1,0,H,2013-2014,1465.6929686754474,1773.048800442189,0.6,0.6,-307.35583176674163,0.0
Southampton,Newcastle United,4,0,H,2013-2014,1560.4365515350655,1540.124214991832,0.4,0.4,20.312336543233414,0.0
Stoke City,Hull City,1,0,H,2013-2014,1542.2039048995584,1442.7493834694278,0.6,0.4,99.45452143013063,0.19999999999999996
Swansea City,Norwich City,3,0,H,2013-2014,1477.0130194935966,1484.8437133609475,0.4,0.0,-7.830693867350874,0.4
West Bromwich Albion,Cardiff City,3,3,D,2013-2014,1474.960346404798,1430.7783025772608,0.0,0.0,44.1820438275372,0.0
Arsenal,Manchester City,1,1,D,2013-2014,1708.9604366130657,1777.4759988816947,0.6,0.8,-68.51556226862908,-0.20000000000000007
Fulham,Everton,1,3,A,2013-2014,1426.7859514816107,1681.3521195894061,0.2,0.2,-254.56616810779542,0.0
Liverpool,Tottenham Hotspur,4,0,H,2013-2014,1732.7395745916479,1674.5307059732927,0.8,0.4,58.208868618355154,0.4
Sunderland,West Ham United,1,2,A,2013-2014,1452.8879494245464,1501.337084686247,0.2,0.4,-48.449135261700576,-0.2
Manchester City,Southampton,4,1,H,2013-2014,1774.5557025611554,1574.5605952494761,0.8,0.6,199.99510731167925,0.20000000000000007
Aston Villa,Fulham,1,2,A,2013-2014,1492.9489638898103,1421.1566705468538,0.6,0.0,71.79229334295655,0.6
Cardiff City,Crystal Palace,0,3,A,2013-2014,1432.6755786566307,1491.3240208764728,0.4,0.0,-58.64844221984208,0.4
Hull City,Swansea City,1,0,H,2013-2014,1431.9296217802012,1492.351040489497,0.2,0.0,-60.42141870929595,0.2
Newcastle United,Manchester United,0,4,A,2013-2014,1526.0001712774215,1682.5140803201382,0.4,0.6,-156.5139090427167,-0.19999999999999996
Norwich City,West Bromwich Albion,0,1,A,2013-2014,1469.505692365047,1473.063070325428,0.4,0.2,-3.557377960381018,0.2
Chelsea,Stoke City,3,0,H,2013-2014,1747.4177482411637,1553.023666588785,0.8,0.2,194.39408165237865,0.6000000000000001
Everton,Arsenal,3,0,H,2013-2014,1686.981400524163,1711.880732933605,1.0,0.2,-24.899332409441968,0.8
West Ham United,Liverpool,1,2,A,2013-2014,1514.2588210367035,1745.2497480394115,0.8,0.8,-230.99092700270808,0.0
Tottenham Hotspur,Sunderland,5,1,H,2013-2014,1662.020532525529,1439.9662130740899,0.6,0.4,222.05431945143914,0.19999999999999996
Crystal Palace,Aston Villa,1,0,H,2013-2014,1503.8157431737038,1474.8928152147457,0.6,0.0,28.9229279589581,0.6
Fulham,Norwich City,1,0,H,2013-2014,1439.2128192219184,1454.6592713506109,0.2,0.0,-15.4464521286925,0.2
Southampton,Cardiff City,0,1,A,2013-2014,1567.3528488200777,1420.1838563593997,0.4,0.0,147.16899246067806,0.4
Stoke City,Newcastle United,1,0,H,2013-2014,1545.6378860565367,1517.3346135271402,0.8,0.2,28.30327252939651,0.6000000000000001
Sunderland,Everton,0,1,A,2013-2014,1433.430752071814,1703.0545544988254,0.2,0.4,-269.62380242701147,-0.2
West Bromwich Albion,Tottenham Hotspur,3,3,D,2013-2014,1487.9094913398642,1668.555993527805,0.0,0.2,-180.64650218794077,-0.2
Liverpool,Manchester City,3,2,H,2013-2014,1751.52606417374,1781.7634489905538,1.0,0.6,-30.2373848168138,0.4
Swansea City,Chelsea,0,1,A,2013-2014,1474.7684216897965,1754.8035287734122,0.6,0.4,-280.0351070836157,0.19999999999999996
Arsenal,West Ham United,3,1,H,2013-2014,1695.8075789589427,1507.982504902375,0.4,0.4,187.8250740565677,0.0
Everton,Crystal Palace,2,3,A,2013-2014,1708.2981388591973,1517.5699165454412,1.0,0.2,190.72822231375608,0.8
Manchester City,Sunderland,2,2,D,2013-2014,1765.4612821378992,1428.187167711442,0.8,0.2,337.2741144264571,0.6000000000000001
Tottenham Hotspur,Fulham,3,1,H,2013-2014,1661.3911598677275,1454.8792571412562,0.8,0.2,206.51190272647136,0.6000000000000001
Aston Villa,Southampton,0,0,D,2013-2014,1461.1386418430084,1546.3536365912098,0.4,0.4,-85.21499474820143,0.0
Cardiff City,Stoke City,1,1,D,2013-2014,1441.1830685882676,1559.4186314676176,0.2,0.2,-118.23556287935003,0.0
Newcastle United,Swansea City,1,2,A,2013-2014,1503.5538681160592,1469.7791364302118,0.4,0.0,33.77473168584743,0.4
West Ham United,Crystal Palace,0,1,A,2013-2014,1500.3841806652044,1540.0660212063456,0.6,0.4,-39.68184054114113,0.19999999999999996
Chelsea,Sunderland,1,2,A,2013-2014,1759.7928140329968,1439.422692287591,1.0,0.0,320.37012174540587,1.0
Norwich City,Liverpool,2,3,A,2013-2014,1438.992833431273,1767.8282310263946,0.4,1.0,-328.83539759512155,-0.6
Hull City,Arsenal,0,3,A,2013-2014,1449.5122405799018,1703.4059031961133,0.4,0.2,-253.8936626162115,0.2
Everton,Manchester United,2,0,H,2013-2014,1685.8020341982929,1691.1796380704195,0.8,0.8,-5.377603872126656,0.0
Manchester City,West Bromwich Albion,3,1,H,2013-2014,1754.2257575617502,1495.0743249999416,0.6,0.4,259.15143256180863,0.19999999999999996
Southampton,Everton,2,0,H,2013-2014,1542.7466491747186,1701.0341854820067,0.4,0.6,-158.28753630728806,-0.19999999999999996
Fulham,Hull City,2,2,D,2013-2014,1447.8749307050239,1443.8652350438842,0.4,0.4,4.009695661139631,0.0
Stoke City,Tottenham Hotspur,0,1,A,2013-2014,1554.5023289356795,1668.3954863039598,0.8,0.2,-113.8931573682803,0.6000000000000001
Swansea City,Aston Villa,4,1,H,2013-2014,1486.232732829584,1464.7456292594995,0.4,0.0,21.4871035700844,0.4
West Bromwich Albion,West Ham United,1,0,H,2013-2014,1489.5647537172235,1487.089972681824,0.0,0.4,2.4747810353994737,-0.4
Manchester United,Norwich City,4,0,H,2013-2014,1675.9474867867057,1435.0655064273271,0.4,0.0,240.88198035937853,0.4
Sunderland,Cardiff City,4,0,H,2013-2014,1465.32602788754,1446.0993711202057,0.2,0.2,19.22665676733436,0.0
Liverpool,Chelsea,0,2,A,2013-2014,1771.7555580303406,1733.8894784330478,1.0,0.4,37.86607959729281,0.6
Crystal Palace,Manchester City,0,2,A,2013-2014,1553.360229189726,1759.7353288444683,0.6,0.4,-206.37509965474237,0.19999999999999996
Arsenal,Newcastle United,3,0,H,2013-2014,1709.0529087321308,1487.100271716687,0.4,0.2,221.95263701544377,0.2
West Ham United,Tottenham Hotspur,2,0,H,2013-2014,1472.1968157608737,1678.6472008153476,0.4,0.2,-206.45038505447383,0.2
Aston Villa,Hull City,3,1,H,2013-2014,1450.6721211814024,1444.0383398359454,0.4,0.4,6.63378134545701,0.0
Manchester United,Sunderland,0,1,A,2013-2014,1681.945884794754,1479.496792693644,0.4,0.2,202.44909210110995,0.2
Newcastle United,Cardiff City,3,0,H,2013-2014,1480.561818171708,1431.9286063141017,0.4,0.2,48.633211857606284,0.2
Stoke City,Fulham,4,1,H,2013-2014,1544.2506144242918,1447.7018259129627,0.8,0.2,96.54878851132912,0.6000000000000001
Swansea City,Southampton,0,1,A,2013-2014,1500.306240907681,1564.1438734916592,0.4,0.2,-63.83763258397812,0.2
Everton,Manchester City,2,3,A,2013-2014,1679.6369611650662,1766.7438842442766,0.8,0.6,-87.10692307921045,0.20000000000000007
Arsenal,West Bromwich Albion,1,0,H,2013-2014,1715.59136227711,1504.4579106381739,0.6,0.4,211.1334516389361,0.19999999999999996
Chelsea,Norwich City,0,0,D,2013-2014,1750.5178462219994,1429.0671084192788,0.8,0.0,321.4507378027206,0.8
Crystal Palace,Liverpool,3,3,D,2013-2014,1546.3516737899176,1755.127190241389,0.4,1.0,-208.77551645147128,-0.6
Manchester United,Hull City,3,1,H,2013-2014,1659.0765594615054,1429.3247084000866,0.4,0.2,229.75185106141885,0.2
Manchester City,Aston Villa,4,0,H,2013-2014,1778.0600402276011,1465.3857526172612,0.8,0.0,312.6742876103399,0.8
Sunderland,West Bromwich Albion,2,0,H,2013-2014,1502.3661180268925,1497.595405212498,0.2,0.4,4.770712814394528,-0.2
Cardiff City,Chelsea,1,2,A,2013-2014,1419.0146640585028,1739.592556817655,0.2,0.6,-320.57789275915206,-0.39999999999999997
Fulham,Crystal Palace,2,2,D,2013-2014,1436.7660890360714,1554.4170641631815,0.4,0.6,-117.65097512711009,-0.19999999999999996
Hull City,Everton,0,2,A,2013-2014,1423.0129175297818,1668.3208051817417,0.4,0.6,-245.30788765195985,-0.19999999999999996
Liverpool,Newcastle United,2,1,H,2013-2014,1747.061799868125,1493.4757604273068,0.8,0.2,253.58603944081824,0.6000000000000001
Manchester City,West Ham United,2,0,H,2013-2014,1782.315945103525,1495.1905878618345,0.8,0.2,287.1253572416906,0.6000000000000001
Norwich City,Arsenal,0,2,A,2013-2014,1439.9923978236234,1722.4538677027858,0.4,0.4,-282.46146987916245,0.0
Southampton,Manchester United,1,1,D,2013-2014,1576.4183835595122,1665.3883503318102,0.6,0.8,-88.969966772298,-0.20000000000000007
Sunderland,Swansea City,1,3,A,2013-2014,1517.1601627418377,1488.031730839828,0.4,0.2,29.128431902009652,0.2
Tottenham Hotspur,Aston Villa,3,0,H,2013-2014,1655.6534287143868,1461.1298477413372,0.8,0.0,194.52358097304955,0.8
West Bromwich Albion,Stoke City,1,2,A,2013-2014,1482.8013604975529,1555.186351301183,0.2,0.2,-72.38499080363022,0.0
Manchester United,Swansea City,1,2,A,2014-2015,1661.629023701398,1504.2863681500578,0.6,0.4,157.34265555134016,0.19999999999999996
Leicester City,Everton,2,2,D,2014-2015,1500.0,1674.1978694578509,0.0,0.8,-174.19786945785086,-0.8
Queens Park Rangers,Hull City,0,1,A,2014-2015,1404.0829120212402,1417.1358532536726,0.2,0.0,-13.052941232432431,0.2
Stoke City,Aston Villa,0,1,A,2014-2015,1567.1056845901694,1453.7482167280357,0.8,0.0,113.35746786213372,0.8
West Bromwich Albion,Sunderland,2,2,D,2014-2015,1470.8820272085666,1500.9055254316079,0.2,0.4,-30.023498223041315,-0.2
West Ham United,Tottenham Hotspur,0,1,A,2014-2015,1490.368768356556,1663.0350597276883,0.4,0.2,-172.66629137113227,0.2
Arsenal,Crystal Palace,2,1,H,2014-2015,1727.3853262957693,1549.523301523399,0.6,0.6,177.86202477237043,0.0
Liverpool,Southampton,2,1,H,2014-2015,1752.7169274193088,1580.1777101899245,0.8,0.4,172.53921722938435,0.4
Newcastle United,Manchester City,0,2,A,2014-2015,1487.820632876123,1787.1377646088035,0.4,0.6,-299.31713173268054,-0.19999999999999996
Burnley,Chelsea,1,3,A,2014-2015,1383.9695684433589,1743.684992422166,0.2,0.6,-359.71542397880717,-0.39999999999999997
Aston Villa,Newcastle United,0,0,D,2014-2015,1473.4756820042053,1483.276108948771,0.4,0.0,-9.800426944565743,0.4
Chelsea,Leicester City,2,0,H,2014-2015,1747.0443493116968,1506.948047316303,0.6,0.0,240.0963019953938,0.6
Crystal Palace,West Ham United,1,3,A,2014-2015,1541.594992826701,1482.2647734826053,0.4,0.2,59.33021934409567,0.2
Southampton,West Bromwich Albion,0,0,D,2014-2015,1572.0693878996035,1472.1750289367408,0.6,0.2,99.89435896286273,0.39999999999999997
Swansea City,Burnley,1,0,H,2014-2015,1525.6501798553234,1380.610211553828,0.4,0.2,145.03996830149526,0.2
Everton,Arsenal,2,2,D,2014-2015,1667.2498221415478,1735.3136349924673,0.6,0.6,-68.06381285091948,0.0
Hull City,Stoke City,1,1,D,2014-2015,1431.5725774690839,1547.3782193139996,0.4,0.4,-115.80564184491573,0.0
Tottenham Hotspur,Queens Park Rangers,4,0,H,2014-2015,1671.1390546016391,1389.646187805829,0.8,0.0,281.4928667958102,0.8
Sunderland,Manchester United,1,1,D,2014-2015,1499.6125237034337,1640.2652119961324,0.4,0.6,-140.6526882926987,-0.19999999999999996
Manchester City,Liverpool,3,1,H,2014-2015,1791.6822885361555,1760.8252497096298,0.8,0.8,30.857038826525695,0.0
Burnley,Manchester United,0,0,D,2014-2015,1371.5320206057706,1634.5040880460065,0.2,0.4,-262.97206744023583,-0.2
Manchester City,Stoke City,0,1,A,2014-2015,1805.3535748200286,1542.5557690322473,0.8,0.4,262.7978057877813,0.4
Newcastle United,Crystal Palace,3,3,D,2014-2015,1482.853102692606,1524.0581129150414,0.2,0.6,-41.205010222435476,-0.39999999999999997
Queens Park Rangers,Sunderland,1,0,H,2014-2015,1384.691709649453,1505.3736476535596,0.0,0.4,-120.68193800410654,-0.4
Swansea City,West Bromwich Albion,3,0,H,2014-2015,1534.7283708033808,1476.3727755886332,0.6,0.2,58.35559521474761,0.39999999999999997
West Ham United,Southampton,1,3,A,2014-2015,1499.8016533942648,1567.871641247711,0.4,0.2,-68.06998785344626,0.2
Everton,Chelsea,3,6,A,2014-2015,1670.1513493720497,1753.064481525172,0.4,0.8,-82.9131321531222,-0.4
Aston Villa,Hull City,2,1,H,2014-2015,1473.8986882603704,1436.395027750836,0.2,0.2,37.50366050953426,0.0
Tottenham Hotspur,Liverpool,0,3,A,2014-2015,1676.093532758015,1747.1539634257567,1.0,0.6,-71.06043066774168,0.4
Leicester City,Arsenal,1,1,D,2014-2015,1500.927915102828,1732.4121077619654,0.0,0.4,-231.48419265913753,-0.4
Arsenal,Manchester City,2,2,D,2014-2015,1723.674342571188,1780.769364069464,0.8,0.6,-57.09502149827608,0.20000000000000007
Chelsea,Swansea City,4,2,H,2014-2015,1764.5512750452856,1547.2323845214978,0.6,0.6,217.3188905237878,0.0
Crystal Palace,Burnley,0,0,D,2014-2015,1522.2874435601532,1381.1206819208676,0.4,0.2,141.1667616392856,0.2
Southampton,Newcastle United,4,0,H,2014-2015,1579.9698573970772,1484.6237720474942,0.4,0.0,95.34608534958306,0.4
Stoke City,Leicester City,0,1,A,2014-2015,1567.139979782812,1509.6656802936054,0.6,0.0,57.47429948920649,0.6
Sunderland,Tottenham Hotspur,2,2,D,2014-2015,1485.3632910175377,1664.1193830578522,0.4,0.4,-178.75609204031457,0.0
West Bromwich Albion,Everton,0,2,A,2014-2015,1463.8687618705162,1658.664555851936,0.2,0.6,-194.79579398141982,-0.39999999999999997
Liverpool,Aston Villa,0,1,A,2014-2015,1759.1281131259195,1487.2857847111825,0.8,0.2,271.84232841473704,0.6000000000000001
Manchester United,Queens Park Rangers,4,0,H,2014-2015,1624.9154267309095,1404.702066285475,0.6,0.0,220.21336044543455,0.6
Hull City,West Ham United,2,2,D,2014-2015,1423.007931300024,1487.7034372448986,0.4,0.4,-64.69550594487464,0.0
Queens Park Rangers,Stoke City,2,2,D,2014-2015,1398.1122723369947,1549.6810041236797,0.2,0.4,-151.56873178668502,-0.2
Aston Villa,Arsenal,0,3,A,2014-2015,1512.0972315664883,1726.1173806858803,0.4,0.4,-214.02014911939204,0.0
Burnley,Sunderland,0,0,D,2014-2015,1386.900715477078,1492.4649665773359,0.2,0.4,-105.56425110025793,-0.2
Newcastle United,Hull City,2,2,D,2014-2015,1473.6398773563135,1425.769219693206,0.2,0.2,47.87065766310752,0.0
Swansea City,Southampton,0,1,A,2014-2015,1540.5565102666724,1590.953752088258,0.6,0.4,-50.39724182158557,0.19999999999999996
West Ham United,Liverpool,3,1,H,2014-2015,1484.9421488517166,1734.3166662706137,0.2,0.6,-249.37451741889709,-0.39999999999999997
Leicester City,Manchester United,5,3,H,2014-2015,1527.1246559527376,1631.5052206793898,0.0,0.2,-104.38056472665221,-0.2
Tottenham Hotspur,West Bromwich Albion,0,1,A,2014-2015,1657.017707498054,1456.4958481987621,0.8,0.0,200.52185929929192,0.8
Everton,Crystal Palace,2,3,A,2014-2015,1666.03746952369,1516.5074100039428,0.2,0.4,149.53005951974728,-0.2
Manchester City,Chelsea,1,1,D,2014-2015,1778.3263259547716,1771.227149300111,0.8,1.0,7.099176654660596,-0.19999999999999996
Liverpool,Everton,1,1,D,2014-2015,1710.0838908550943,1644.9528606427912,0.6,0.6,65.13103021230313,0.0
Chelsea,Aston Villa,3,0,H,2014-2015,1771.5336027459532,1505.3222792666884,0.6,0.4,266.2113234792648,0.19999999999999996
Crystal Palace,Leicester City,2,0,H,2014-2015,1537.5920188848418,1546.5002664579556,0.2,0.5,-8.90824757311384,-0.3
Hull City,Manchester City,2,4,A,2014-2015,1427.822982254553,1778.0198725089294,0.2,0.6,-350.1968902543765,-0.39999999999999997
Manchester United,West Ham United,2,1,H,2014-2015,1612.1296101741718,1509.174924267236,0.6,0.2,102.95468590693577,0.39999999999999997
Southampton,Queens Park Rangers,2,1,H,2014-2015,1603.793061355109,1404.2702397027651,0.4,0.0,199.52282165234396,0.4
Sunderland,Swansea City,0,0,D,2014-2015,1488.0426474137307,1527.7172009998212,0.4,0.6,-39.6745535860905,-0.19999999999999996
Arsenal,Tottenham Hotspur,1,1,D,2014-2015,1732.8923329856802,1634.2088624467367,0.8,0.4,98.68347053894354,0.4
West Bromwich Albion,Burnley,4,0,H,2014-2015,1479.3046932500795,1391.323034640683,0.2,0.2,87.98165860939639,0.0
Stoke City,Newcastle United,1,0,H,2014-2015,1543.5230367579093,1471.5861147949665,0.4,0.0,71.93692196294273,0.4
Hull City,Crystal Palace,2,0,H,2014-2015,1424.2966596099625,1552.9765345908595,0.0,0.4,-128.679874980897,-0.4
Leicester City,Burnley,2,2,D,2014-2015,1531.1157507519379,1380.0423442320282,0.3333333333333333,0.0,151.07340651990967,0.3333333333333333
Liverpool,West Bromwich Albion,2,1,H,2014-2015,1707.3044407603236,1490.5853836587344,0.4,0.2,216.71905710158921,0.2
Sunderland,Stoke City,3,1,H,2014-2015,1489.7481288949557,1555.4609036728673,0.2,0.4,-65.71277477791159,-0.2
Swansea City,Newcastle United,2,2,D,2014-2015,1526.0117195185962,1459.6482478800085,0.6,0.0,66.36347163858773,0.6
Aston Villa,Manchester City,0,2,A,2014-2015,1499.993150866238,1781.5461951535199,0.4,0.8,-281.55304428728186,-0.4
Manchester United,Everton,2,1,H,2014-2015,1622.810388648376,1647.7323107375619,0.6,0.4,-24.921922089185955,0.19999999999999996
Chelsea,Arsenal,2,0,H,2014-2015,1776.8627311464036,1728.7428172170078,0.6,0.6,48.11991392939581,0.0
Tottenham Hotspur,Southampton,1,0,H,2014-2015,1638.3583782154092,1611.0157059395756,0.6,0.6,27.342672275833593,0.0
West Ham United,Queens Park Rangers,2,0,H,2014-2015,1498.494145793032,1397.0475951182987,0.4,0.0,101.44655067473332,0.4
Manchester City,Tottenham Hotspur,4,1,H,2014-2015,1786.4992406399579,1652.1803312192988,0.6,0.4,134.3189094206591,0.19999999999999996
Arsenal,Hull City,2,2,D,2014-2015,1715.8071382625938,1444.611395123664,0.6,0.2,271.19574313892986,0.39999999999999997
Burnley,West Ham United,1,3,A,2014-2015,1386.1825204099896,1509.234711396075,0.2,0.2,-123.0521909860854,0.0
Crystal Palace,Chelsea,1,2,A,2014-2015,1532.661799077158,1789.7984101008176,0.2,0.8,-257.1366110236595,-0.6000000000000001
Everton,Aston Villa,3,0,H,2014-2015,1631.6581864844736,1495.0401053798,0.2,0.4,136.6180811046736,-0.2
Newcastle United,Leicester City,1,0,H,2014-2015,1462.4790458666732,1524.9755745739765,0.2,0.3333333333333333,-62.49652870730324,-0.1333333333333333
Southampton,Sunderland,8,0,H,2014-2015,1597.193752935686,1507.551825024405,0.6,0.4,89.64192791128107,0.19999999999999996
Queens Park Rangers,Liverpool,2,3,A,2014-2015,1386.3070295152556,1713.9982538604013,0.2,0.4,-327.69122434514566,-0.2
Stoke City,Swansea City,2,1,H,2014-2015,1537.657207543418,1523.1809215319315,0.4,0.6,14.476286011486536,-0.19999999999999996
West Bromwich Albion,Manchester United,2,2,D,2014-2015,1483.8915705586567,1638.8845129014642,0.4,0.0,-154.9929423428075,0.4
West Ham United,Manchester City,2,1,H,2014-2015,1519.1336481973515,1795.9728476623206,0.6,0.8,-276.83919946496917,-0.20000000000000007
Liverpool,Hull City,0,0,D,2014-2015,1717.9481162150134,1454.4068505565847,0.6,0.2,263.54126565842876,0.39999999999999997
Southampton,Stoke City,1,0,H,2014-2015,1608.407250828425,1552.0325774605337,0.6,0.4,56.37467336789132,0.19999999999999996
Sunderland,Arsenal,0,2,A,2014-2015,1496.338327131666,1706.011682829673,0.2,0.4,-209.67335569800707,-0.2
West Bromwich Albion,Crystal Palace,2,2,D,2014-2015,1490.1719581907764,1527.0998705567465,0.2,0.2,-36.92791236597009,0.0
Swansea City,Leicester City,2,0,H,2014-2015,1508.8055516148158,1507.306112216159,0.4,0.25,1.499439398656932,0.15000000000000002
Burnley,Everton,1,3,A,2014-2015,1376.2835836087131,1641.046213962364,0.2,0.4,-264.7626303536508,-0.2
Tottenham Hotspur,Newcastle United,1,2,A,2014-2015,1642.706724196936,1480.1485082244908,0.6,0.0,162.55821597244517,0.6
Manchester United,Chelsea,1,1,D,2014-2015,1632.6041252693444,1795.3603386212292,0.8,0.8,-162.75621335188475,0.0
Queens Park Rangers,Aston Villa,2,0,H,2014-2015,1382.3571671606435,1485.6520779019097,0.2,0.4,-103.29491074126622,-0.2
Newcastle United,Liverpool,1,0,H,2014-2015,1501.695782181811,1708.344937708439,0.4,0.4,-206.64915552662796,0.0
Arsenal,Burnley,3,0,H,2014-2015,1712.9187747738108,1370.917809925419,0.4,0.0,342.00096484839173,0.4
Chelsea,Queens Park Rangers,2,1,H,2014-2015,1788.80614675324,1401.6898556722822,0.8,0.0,387.1162910809578,0.8
Everton,Swansea City,0,0,D,2014-2015,1646.411987645658,1523.7408160140926,0.2,0.4,122.67117163156536,-0.2
Hull City,Southampton,0,1,A,2014-2015,1464.0100290631592,1620.994497857328,0.2,0.6,-156.98446879416883,-0.39999999999999997
Leicester City,West Bromwich Albion,0,1,A,2014-2015,1492.3708478168821,1491.760287736237,0.25,0.2,0.6105600806452003,0.04999999999999999
Stoke City,West Ham United,2,2,D,2014-2015,1539.4453304316307,1544.067369253734,0.6,0.4,-4.62203882210315,0.19999999999999996
Manchester City,Manchester United,1,0,H,2014-2015,1771.0391266059382,1639.1583171373336,0.6,0.0,131.88080946860464,0.6
Aston Villa,Tottenham Hotspur,1,2,A,2014-2015,1466.319389390271,1621.1594502396158,0.4,0.2,-154.8400608493448,0.2
Crystal Palace,Sunderland,1,3,A,2014-2015,1525.511541011286,1489.431235187528,0.2,0.2,36.08030582375795,0.0
Liverpool,Chelsea,1,2,A,2014-2015,1685.3450230623353,1791.722962504517,0.4,0.6,-106.37793944218174,-0.19999999999999996
Burnley,Hull City,1,0,H,2014-2015,1367.2420032696973,1455.361154477912,0.0,0.2,-88.11915120821459,-0.2
Manchester United,Crystal Palace,1,0,H,2014-2015,1629.593502502985,1508.9594045517165,0.6,0.2,120.63409795126859,0.39999999999999997
Southampton,Leicester City,2,0,H,2014-2015,1629.6433724425754,1477.3444878463908,0.8,0.2,152.2988845961845,0.6000000000000001
West Ham United,Aston Villa,0,0,D,2014-2015,1543.8678315681295,1457.5943326720408,0.6,0.4,86.27349889608877,0.19999999999999996
Queens Park Rangers,Manchester City,2,2,D,2014-2015,1398.7730399210052,1780.6039412402868,0.4,0.6,-381.83090131928157,-0.19999999999999996
Sunderland,Everton,1,1,D,2014-2015,1505.9833716470976,1641.3254773917731,0.2,0.4,-135.34210574467556,-0.2
Tottenham Hotspur,Stoke City,1,2,A,2014-2015,1629.884506957846,1539.644868117235,0.4,0.2,90.23963884061095,0.2
West Bromwich Albion,Newcastle United,0,2,A,2014-2015,1506.7866477067282,1524.6956968279146,0.2,0.2,-17.9090491211864,0.0
Swansea City,Arsenal,2,1,H,2014-2015,1528.8273262679775,1716.5945814295326,0.6,0.4,-187.7672551615551,0.19999999999999996
Chelsea,West Bromwich Albion,2,0,H,2014-2015,1802.2685892454576,1492.5591594360808,1.0,0.4,309.70942980937684,0.6
Everton,West Ham United,2,1,H,2014-2015,1635.7609471789901,1540.2178190154166,0.2,0.4,95.54312816357356,-0.2
Leicester City,Sunderland,0,0,D,2014-2015,1468.5286430169153,1511.5479018598805,0.2,0.2,-43.0192588429652,0.0
Manchester City,Swansea City,2,1,H,2014-2015,1768.6018607860233,1551.2271134384853,0.6,0.2,217.374747347538,0.39999999999999997
Newcastle United,Queens Park Rangers,1,0,H,2014-2015,1538.923185098562,1410.7751203752687,0.4,0.0,128.14806472329337,0.4
Stoke City,Burnley,1,2,A,2014-2015,1558.4555205884985,1385.9668833925575,0.4,0.0,172.488637195941,0.4
Arsenal,Manchester United,1,2,A,2014-2015,1694.1947942590248,1639.58498092954,0.4,0.0,54.60981332948472,0.4
Crystal Palace,Liverpool,3,1,H,2014-2015,1498.9679261251615,1674.7993963213946,0.2,0.4,-175.8314701962331,-0.2
Hull City,Tottenham Hotspur,1,2,A,2014-2015,1436.6362743550517,1611.0738544865826,0.2,0.4,-174.43758013153092,-0.2
Aston Villa,Southampton,1,1,D,2014-2015,1461.2443452247537,1638.4592172720509,0.2,0.6,-177.21487204729715,-0.39999999999999997
West Bromwich Albion,Arsenal,0,1,A,2014-2015,1488.2405412168196,1676.8563250962575,0.2,0.4,-188.6157838794379,-0.2
Burnley,Aston Villa,1,1,D,2014-2015,1407.8568382316773,1468.294287571351,0.2,0.2,-60.437449339673776,0.0
Liverpool,Stoke City,1,0,H,2014-2015,1652.7960739175028,1536.5655657493787,0.2,0.4,116.23050816812406,-0.2
Manchester United,Hull City,3,0,H,2014-2015,1656.9234500923073,1428.5924477323315,0.8,0.0,228.33100235997586,0.8
Queens Park Rangers,Leicester City,3,2,H,2014-2015,1401.0697673167688,1470.376500044489,0.4,0.2,-69.30673272772015,0.2
Swansea City,Crystal Palace,1,1,D,2014-2015,1544.5529079112723,1520.9712485290534,0.6,0.2,23.58165938221896,0.39999999999999997
West Ham United,Newcastle United,1,0,H,2014-2015,1529.2418203215332,1548.628538157062,0.6,0.4,-19.38671783552877,0.19999999999999996
Sunderland,Chelsea,0,0,D,2014-2015,1509.700044832307,1806.5872074647189,0.2,0.6,-296.8871626324119,-0.39999999999999997
Southampton,Manchester City,0,3,A,2014-2015,1631.4092749254535,1775.2760663132362,1.0,0.4,-143.86679138778277,0.6
Tottenham Hotspur,Everton,2,1,H,2014-2015,1619.1176811093028,1646.7369458728735,0.2,0.4,-27.619264763570754,-0.2
Burnley,Newcastle United,1,1,D,2014-2015,1410.4401286073773,1532.792413866411,0.2,0.4,-122.35228525903358,-0.2
Leicester City,Liverpool,1,3,A,2014-2015,1452.423355436837,1662.9571830836933,0.2,0.4,-210.53382764685625,-0.2
Manchester United,Stoke City,2,1,H,2014-2015,1663.2761006104745,1526.4044565831882,0.8,0.2,136.87164402728627,0.6000000000000001
Swansea City,Queens Park Rangers,2,0,H,2014-2015,1543.5363663605076,1419.0229119244207,0.4,0.0,124.51345443608693,0.4
Crystal Palace,Aston Villa,0,1,A,2014-2015,1521.987790079818,1465.710997195651,0.4,0.0,56.27679288416698,0.4
West Bromwich Albion,West Ham United,1,2,A,2014-2015,1480.6680135348572,1545.0779446121842,0.2,0.2,-64.40993107732697,0.0
Arsenal,Southampton,1,0,H,2014-2015,1684.4288527782198,1622.288271123795,0.2,0.6,62.14058165442475,-0.39999999999999997
Chelsea,Tottenham Hotspur,3,0,H,2014-2015,1796.185933987212,1635.3075951639237,1.0,0.4,160.87833882328823,0.6
Everton,Hull City,1,1,D,2014-2015,1630.5470318182527,1422.2397972141644,0.4,0.0,208.3072346040883,0.4
Sunderland,Manchester City,1,4,A,2014-2015,1520.101318309814,1784.3970701148946,0.2,0.6,-264.2957518050807,-0.39999999999999997
Newcastle United,Chelsea,2,1,H,2014-2015,1527.7180917269477,1804.697492247722,0.6,0.4,-276.97940052077433,0.19999999999999996
Hull City,West Bromwich Albion,0,0,D,2014-2015,1430.290804928434,1468.4173886791807,0.2,0.4,-38.126583750746704,-0.2
Liverpool,Sunderland,0,0,D,2014-2015,1669.8379745151815,1514.7236928248435,0.4,0.2,155.11428169033798,0.2
Queens Park Rangers,Burnley,2,0,H,2014-2015,1409.1796869327284,1415.5144507468406,0.4,0.2,-6.334763814112193,0.2
Stoke City,Arsenal,3,2,H,2014-2015,1517.0258413986687,1696.774273891556,0.4,0.6,-179.74843249288733,-0.19999999999999996
Tottenham Hotspur,Crystal Palace,0,0,D,2014-2015,1626.7960369034136,1504.5791538010772,0.4,0.2,122.2168831023364,0.2
Manchester City,Everton,1,0,H,2014-2015,1789.774695599865,1622.496024103983,0.6,0.2,167.278671495882,0.39999999999999997
West Ham United,Swansea City,3,1,H,2014-2015,1557.3285694678607,1553.3795913522,0.8,0.0,3.9489781156607933,0.8
Aston Villa,Leicester City,2,1,H,2014-2015,1483.119633474392,1445.5425640053488,0.2,0.0,37.57706946904318,0.2
Southampton,Manchester United,1,2,A,2014-2015,1609.9428500104589,1672.654715794994,0.8,0.2,-62.71186578453512,0.6000000000000001
Burnley,Southampton,1,0,H,2014-2015,1400.2409873108802,1597.6213137804687,0.2,0.4,-197.38032646958845,-0.2
Chelsea,Hull City,2,0,H,2014-2015,1779.7603737978257,1431.9302861369235,1.0,0.0,347.8300876609021,1.0
Crystal Palace,Stoke City,1,1,D,2014-2015,1509.64829846176,1539.1607115440488,0.4,0.2,-29.51241308228873,0.2
Leicester City,Manchester City,0,1,A,2014-2015,1432.158600159084,1798.0634332863444,0.2,0.6,-365.9048331272604,-0.39999999999999997
Sunderland,West Ham United,1,1,D,2014-2015,1521.008400114263,1572.1580857191036,0.2,0.4,-51.14968560484067,-0.2
West Bromwich Albion,Aston Villa,1,0,H,2014-2015,1466.7779074706912,1496.5035973206568,0.0,0.2,-29.725689849965647,-0.2
Arsenal,Newcastle United,4,1,H,2014-2015,1674.639403746176,1552.655210176844,0.4,0.4,121.98419356933186,0.0
Manchester United,Liverpool,3,0,H,2014-2015,1684.9762520249842,1663.553267225762,0.8,0.4,21.42298479922215,0.4
Swansea City,Tottenham Hotspur,1,2,A,2014-2015,1538.550075100957,1621.7268922427306,0.6,0.4,-83.17681714177365,0.19999999999999996
Everton,Queens Park Rangers,3,1,H,2014-2015,1614.2072864175036,1424.4531503686887,0.4,0.0,189.75413604881487,0.4
Manchester City,Crystal Palace,3,0,H,2014-2015,1801.3179624323857,1510.9193960644673,0.8,0.0,290.3985663679184,0.8
Aston Villa,Manchester United,1,1,D,2014-2015,1480.223358416826,1699.0525178033986,0.2,0.4,-218.82915938657266,-0.2
Hull City,Swansea City,0,1,A,2014-2015,1428.3613453069368,1527.0740393701365,0.2,0.0,-98.7126940631997,0.2
Queens Park Rangers,West Bromwich Albion,3,2,H,2014-2015,1416.9176589114466,1483.058146374522,0.6,0.4,-66.14048746307549,0.19999999999999996
Southampton,Everton,3,0,H,2014-2015,1574.9118066883896,1621.7427778747458,0.6,0.2,-46.83097118635624,0.39999999999999997
Tottenham Hotspur,Burnley,2,1,H,2014-2015,1633.2029279735511,1422.9504944029593,0.4,0.2,210.25243357059185,0.2
West Ham United,Leicester City,2,0,H,2014-2015,1569.9655933995664,1428.9040710130428,0.8,0.0,141.06152238652362,0.8
Newcastle United,Sunderland,0,1,A,2014-2015,1542.715454119341,1523.2008924338002,0.8,0.2,19.51456168554091,0.6000000000000001
Liverpool,Arsenal,2,2,D,2014-2015,1649.4770014473477,1684.579159803679,0.4,0.4,-35.1021583563313,0.0
Stoke City,Chelsea,0,2,A,2014-2015,1537.8896139413416,1783.3293146278124,0.6,0.4,-245.43970068647081,0.19999999999999996
Chelsea,West Ham United,2,0,H,2014-2015,1789.2027939532718,1579.1894291973497,1.0,0.4,210.0133647559221,0.6
Burnley,Liverpool,0,1,A,2014-2015,1416.061109847282,1650.9873479890143,0.4,0.4,-234.92623814173226,0.0
Crystal Palace,Southampton,1,3,A,2014-2015,1506.173340626493,1591.9215059216285,0.2,0.2,-85.74816529513555,0.0
Everton,Stoke City,0,1,A,2014-2015,1604.7330786415068,1532.0161346158823,0.6,0.2,72.71694402562457,0.39999999999999997
Leicester City,Tottenham Hotspur,1,2,A,2014-2015,1419.6802352152595,1640.0923125292284,0.0,0.6,-220.4120773139689,-0.6
Manchester United,Newcastle United,3,1,H,2014-2015,1690.68337748604,1526.873827628785,0.8,0.4,163.80954985725498,0.4
Sunderland,Hull City,1,3,A,2014-2015,1539.0425189243563,1417.5120261773263,0.0,0.0,121.53049274702994,0.0
Swansea City,Aston Villa,1,0,H,2014-2015,1537.9233584997469,1488.5924987341846,0.6,0.2,49.33085976556231,0.39999999999999997
West Bromwich Albion,Manchester City,1,3,A,2014-2015,1465.2366336445004,1806.06401787036,0.2,0.6,-340.82738422585953,-0.39999999999999997
Arsenal,Queens Park Rangers,2,1,H,2014-2015,1683.0688132620123,1434.7391716414681,0.6,0.0,248.32964162054418,0.6
Tottenham Hotspur,Manchester United,0,0,D,2014-2015,1646.67622607657,1699.0924406163576,0.4,0.4,-52.41621453978769,0.0
Southampton,Chelsea,1,1,D,2014-2015,1603.2928387356017,1796.0994850335946,0.6,0.4,-192.80664629799298,0.19999999999999996
Aston Villa,Sunderland,0,0,D,2014-2015,1475.7080855373704,1518.9996412722955,0.2,0.4,-43.29155573492517,-0.2
Hull City,Leicester City,0,1,A,2014-2015,1437.554903829387,1413.096321667918,0.2,0.0,24.458582161469167,0.2
Manchester City,Burnley,2,2,D,2014-2015,1809.7616700442668,1409.8964878867191,1.0,0.2,399.8651821575477,0.8
Queens Park Rangers,Crystal Palace,0,0,D,2014-2015,1428.943875112753,1494.8020078125198,0.8,0.0,-65.85813269976688,0.8
Stoke City,West Bromwich Albion,2,0,H,2014-2015,1550.1105256960757,1461.5389814705936,0.4,0.2,88.57154422548206,0.2
West Ham United,Arsenal,1,2,A,2014-2015,1572.2927381170268,1688.8641097907275,0.8,0.4,-116.5713716737007,0.4
Newcastle United,Everton,3,2,H,2014-2015,1518.4647644984673,1586.6386875613134,0.8,0.2,-68.17392306284614,0.6000000000000001
Liverpool,Swansea City,4,1,H,2014-2015,1657.1519699495773,1550.807771696561,0.2,0.2,106.3441982530162,0.0
Stoke City,Manchester United,1,1,D,2014-2015,1561.3673245425719,1696.8464648045808,0.4,0.4,-135.47914026200897,0.0
Aston Villa,Crystal Palace,0,0,D,2014-2015,1477.5675190389047,1491.992255798734,0.2,0.0,-14.42473675982933,0.2
Hull City,Everton,2,0,H,2014-2015,1421.5006828824999,1568.7325846466626,0.0,0.0,-147.23190176416279,0.0
Liverpool,Leicester City,2,2,D,2014-2015,1667.6989249930193,1429.150542614805,0.4,0.2,238.54838237821423,0.2
Manchester City,Sunderland,3,2,H,2014-2015,1797.4908675326553,1517.1402077707612,0.8,0.4,280.3506597618941,0.4
Newcastle United,Burnley,3,3,D,2014-2015,1536.370867413118,1422.1672903983306,0.8,0.2,114.20357701478747,0.6000000000000001
Queens Park Rangers,Swansea City,1,1,D,2014-2015,1431.7536271265387,1540.260816653119,0.6,0.2,-108.5071895265803,0.39999999999999997
Southampton,Arsenal,2,0,H,2014-2015,1610.856064812738,1699.0120383355027,0.4,0.4,-88.15597352276473,0.0
West Ham United,West Bromwich Albion,1,1,D,2014-2015,1562.1448095722517,1450.2821826240975,0.6,0.2,111.86262694815423,0.39999999999999997
Tottenham Hotspur,Chelsea,5,3,H,2014-2015,1648.9222018883468,1788.5362589564584,0.4,0.4,-139.6140570681116,0.0
Sunderland,Liverpool,0,1,A,2014-2015,1512.1584735633232,1658.7620497034864,0.0,0.4,-146.6035761401631,-0.4
Burnley,Queens Park Rangers,2,1,H,2014-2015,1426.9276314254569,1436.2916676700938,0.4,0.0,-9.364036244636964,0.4
Chelsea,Newcastle United,2,0,H,2014-2015,1767.8134054459329,1531.6105263859918,1.0,0.2,236.2028790599411,0.8
Everton,Manchester City,1,1,D,2014-2015,1547.731091018044,1802.4726017400933,0.4,0.8,-254.74151072204927,-0.4
Leicester City,Aston Villa,1,0,H,2014-2015,1438.087417904338,1478.1899274072305,0.0,0.2,-40.10250950289242,-0.2
Swansea City,West Ham United,1,1,D,2014-2015,1535.722776109564,1557.4755499189662,0.6,0.2,-21.752773809402242,0.39999999999999997
West Bromwich Albion,Hull City,1,0,H,2014-2015,1454.951442277383,1442.5021765111185,0.2,0.2,12.449265766264489,0.0
Crystal Palace,Tottenham Hotspur,2,1,H,2014-2015,1491.3698474304083,1669.6450553988723,0.2,0.8,-178.27520796846397,-0.6000000000000001
Arsenal,Stoke City,3,0,H,2014-2015,1680.2856665373067,1566.9369560825048,0.8,0.4,113.3487104548019,0.4
Manchester United,Southampton,0,1,A,2014-2015,1691.2768332646478,1629.5824366109339,1.0,0.4,61.694396653713966,0.6
Aston Villa,Liverpool,0,2,A,2014-2015,1461.4662109981039,1667.7833570649786,0.2,0.6,-206.31714606687478,-0.39999999999999997
Burnley,Crystal Palace,2,3,A,2014-2015,1442.3318115068425,1513.4554046837131,0.4,0.0,-71.1235931768706,0.4
Leicester City,Stoke City,0,1,A,2014-2015,1454.8111343134647,1556.6640808232091,0.2,0.2,-101.85294650974447,0.0
Queens Park Rangers,Manchester United,0,2,A,2014-2015,1420.8874875887082,1673.640918654327,0.6,0.4,-252.75343106561877,0.19999999999999996
Swansea City,Chelsea,0,5,A,2014-2015,1536.6606936375272,1773.9421111723198,0.4,0.2,-237.28141753479258,0.2
Tottenham Hotspur,Sunderland,2,1,H,2014-2015,1647.5594981455674,1503.137166201831,0.6,0.2,144.42233194373648,0.39999999999999997
Newcastle United,Southampton,1,2,A,2014-2015,1525.4818206596049,1647.2183512212548,0.6,0.4,-121.73653056164994,0.19999999999999996
West Ham United,Hull City,3,0,H,2014-2015,1556.537632391003,1428.0394246106791,0.6,0.2,128.4982077803238,0.39999999999999997
Manchester City,Arsenal,0,2,A,2014-2015,1793.0972683703835,1690.5585417966024,0.8,0.4,102.5387265737811,0.4
Everton,West Bromwich Albion,0,0,D,2014-2015,1557.1064243877538,1469.4141941778223,0.4,0.0,87.6922302099315,0.4
Hull City,Newcastle United,0,3,A,2014-2015,1418.3473002833537,1515.5325867070235,0.2,0.0,-97.18528642366982,0.2
Crystal Palace,Everton,0,1,A,2014-2015,1525.4269385007954,1553.3988445991308,0.4,0.0,-27.971906098335467,0.4
Liverpool,West Ham United,2,0,H,2014-2015,1674.7937045065771,1566.2297567183284,0.4,0.2,108.5639477882487,0.2
Manchester United,Leicester City,3,1,H,2014-2015,1679.3180741088925,1444.086694090006,0.8,0.2,235.2313800188865,0.6000000000000001
Stoke City,Queens Park Rangers,3,1,H,2014-2015,1567.3885210466678,1415.2103321341426,0.4,0.0,152.17818891252523,0.4
Sunderland,Burnley,2,0,H,2014-2015,1494.0364499692073,1430.3602776897603,0.0,0.2,63.67617227944697,-0.2
West Bromwich Albion,Tottenham Hotspur,0,3,A,2014-2015,1473.1217739664453,1656.660214378191,0.4,0.6,-183.5384404117458,-0.19999999999999996
Chelsea,Manchester City,1,1,D,2014-2015,1780.0405953425523,1773.7945219189148,1.0,0.8,6.2460734236374265,0.19999999999999996
Arsenal,Aston Villa,5,0,H,2014-2015,1709.861288248071,1454.4558635565054,0.8,0.2,255.4054246915657,0.6000000000000001
Southampton,Swansea City,0,1,A,2014-2015,1657.1675851738362,1530.5622094672947,0.4,0.2,126.60537570654151,0.2
Tottenham Hotspur,Arsenal,2,1,H,2014-2015,1664.3993958224755,1715.4685097294455,0.6,0.4,-51.06911390696996,0.19999999999999996
Aston Villa,Chelsea,1,2,A,2014-2015,1448.848642075131,1779.7709597236274,0.2,0.4,-330.92231764849635,-0.2
Leicester City,Crystal Palace,0,1,A,2014-2015,1437.930670972568,1511.631980275102,0.2,0.2,-73.70130930253413,0.0
Manchester City,Hull City,1,1,D,2014-2015,1774.0641575378397,1407.4370131549767,0.6,0.2,366.627144382863,0.39999999999999997
Queens Park Rangers,Southampton,0,1,A,2014-2015,1406.3901615343614,1636.9313343548222,0.4,0.6,-230.54117282046082,-0.19999999999999996
Swansea City,Sunderland,1,1,D,2014-2015,1550.7984602863087,1506.3177012689428,0.4,0.2,44.480759017365926,0.2
Everton,Liverpool,0,0,D,2014-2015,1567.1938028248242,1685.2534379069475,0.2,0.8,-118.05963508212335,-0.6000000000000001
Burnley,West Bromwich Albion,2,2,D,2014-2015,1418.0790263900249,1465.3825925221608,0.4,0.0,-47.303566132135984,0.4
Newcastle United,Stoke City,1,1,D,2014-2015,1526.4428738354004,1576.208691646449,0.4,0.4,-49.76581781104869,0.0
West Ham United,Manchester United,1,1,D,2014-2015,1555.770023317958,1685.4740972263305,0.6,0.4,-129.7040739083725,0.19999999999999996
Arsenal,Leicester City,2,1,H,2014-2015,1698.2794217672167,1426.0657280467494,1.0,0.2,272.2136937204673,0.8
Hull City,Aston Villa,2,0,H,2014-2015,1419.1945285483744,1444.9621372597423,0.2,0.2,-25.767608711367984,0.0
Sunderland,Queens Park Rangers,0,2,A,2014-2015,1508.2276662112731,1400.1009859193105,0.2,0.0,108.12668029196266,0.2
Liverpool,Tottenham Hotspur,3,2,H,2014-2015,1680.3439159960787,1681.5884837847043,0.4,0.6,-1.2445677886255453,-0.19999999999999996
Chelsea,Everton,1,0,H,2014-2015,1783.657464539016,1572.103324735693,0.8,0.2,211.5541398033231,0.6000000000000001
Manchester United,Burnley,3,1,H,2014-2015,1680.120735085737,1420.1087592670726,0.8,0.0,260.01197581866427,0.8
Southampton,West Ham United,0,0,D,2014-2015,1643.220509969873,1561.1233854585516,0.4,0.2,82.09712451132145,0.2
Stoke City,Manchester City,1,4,A,2014-2015,1574.0747029992165,1762.306642144442,0.6,0.6,-188.23193914522562,0.0
Crystal Palace,Newcastle United,1,1,D,2014-2015,1523.4969232009205,1528.576862482633,0.2,0.2,-5.079939281712541,0.0
West Bromwich Albion,Swansea City,2,0,H,2014-2015,1463.352859645113,1548.8884953439783,0.4,0.4,-85.53563569886524,0.0
Aston Villa,Stoke City,1,2,A,2014-2015,1428.8516954024276,1566.4896598029795,0.0,0.4,-137.63796440055194,-0.4
Chelsea,Burnley,1,1,D,2014-2015,1790.5071611668968,1414.621433394201,0.8,0.0,375.8857277726959,0.8
Crystal Palace,Arsenal,1,2,A,2014-2015,1523.7162261822518,1703.4588078442798,0.2,0.4,-179.742581662028,-0.2
Hull City,Queens Park Rangers,2,1,H,2014-2015,1435.3049704056891,1419.6240972321277,0.4,0.2,15.680873173561395,0.2
Sunderland,West Bromwich Albion,0,0,D,2014-2015,1488.7045548984559,1481.9728868810957,0.2,0.0,6.731668017360107,0.2
Swansea City,Manchester United,2,1,H,2014-2015,1530.2684681079957,1685.6080609586086,0.2,0.2,-155.33959285061292,0.0
Manchester City,Newcastle United,5,0,H,2014-2015,1769.891685340679,1528.3575595013017,0.4,0.2,241.53412583937734,0.2
Tottenham Hotspur,West Ham United,2,2,D,2014-2015,1666.5347517038315,1564.6032763648402,0.8,0.0,101.93147533899128,0.8
Everton,Leicester City,2,2,D,2014-2015,1565.2536281078121,1420.8863419696863,0.2,0.2,144.3672861381258,0.0
Southampton,Liverpool,0,2,A,2014-2015,1639.7406190635845,1695.3976480769516,0.4,0.6,-55.65702901336704,-0.19999999999999996
West Ham United,Crystal Palace,1,3,A,2014-2015,1568.881950848471,1515.8509008764322,0.4,0.4,53.03104997203877,0.0
Burnley,Swansea City,0,1,A,2014-2015,1426.5298956040422,1551.561193078186,0.4,0.4,-125.03129747414391,0.0
Manchester United,Sunderland,2,0,H,2014-2015,1664.3153359884182,1488.4139617901203,0.8,0.2,175.90137419829784,0.6000000000000001
Newcastle United,Aston Villa,1,0,H,2014-2015,1522.377157038484,1419.5014948358216,0.2,0.0,102.8756622026624,0.2
Stoke City,Hull City,1,0,H,2014-2015,1575.8398603695855,1449.6284319985323,0.4,0.2,126.21142837105322,0.2
West Bromwich Albion,Southampton,1,0,H,2014-2015,1482.2634799894313,1627.123180470943,0.6,0.8,-144.8597004815117,-0.20000000000000007
Liverpool,Manchester City,2,1,H,2014-2015,1708.015086669593,1775.8720878034967,0.6,0.6,-67.85700113390362,0.0
Arsenal,Everton,2,0,H,2014-2015,1711.3241331500994,1559.3563533995182,1.0,0.2,151.96777975058126,0.8
Aston Villa,West Bromwich Albion,2,1,H,2014-2015,1408.8175873095267,1503.1787179103587,0.0,0.0,-94.36113060083198,0.0
Hull City,Sunderland,1,1,D,2014-2015,1439.8497414266972,1480.4196440936375,0.6,0.0,-40.56990266694038,0.6
Southampton,Crystal Palace,1,0,H,2014-2015,1606.2079425500156,1533.1228192479548,0.2,0.6,73.08512330206077,-0.39999999999999997
Manchester City,Leicester City,2,0,H,2014-2015,1757.9791562517266,1426.7836166779803,0.4,0.2,331.1955395737464,0.2
Newcastle United,Manchester United,0,1,A,2014-2015,1533.061064564779,1672.309653684901,0.4,0.2,-139.248589120122,0.2
Queens Park Rangers,Arsenal,1,2,A,2014-2015,1405.3006356392846,1720.1518478396981,0.2,0.6,-314.85121220041356,-0.39999999999999997
Stoke City,Everton,2,0,H,2014-2015,1585.6185509414206,1550.5286387099195,0.6,0.2,35.0899122315011,0.39999999999999997
Tottenham Hotspur,Swansea City,3,2,H,2014-2015,1662.2560772202007,1561.38471344157,0.6,0.4,100.87136377863067,0.19999999999999996
West Ham United,Chelsea,0,1,A,2014-2015,1551.6100324769484,1778.5986989570556,0.2,0.6,-226.9886664801072,-0.39999999999999997
Liverpool,Burnley,2,0,H,2014-2015,1725.9080182213631,1416.7063752406582,0.8,0.0,309.20164298070495,0.8
Queens Park Rangers,Tottenham Hotspur,1,2,A,2014-2015,1401.090292155339,1673.01948397095,0.0,0.6,-271.9291918156109,-0.6
Crystal Palace,Queens Park Rangers,3,1,H,2014-2015,1521.232426110054,1395.9038843628787,0.2,0.2,125.32854174717522,0.0
Arsenal,West Ham United,3,0,H,2014-2015,1724.3621913236436,1545.218602718892,1.0,0.0,179.14358860475159,1.0
Leicester City,Hull City,0,0,D,2014-2015,1422.902429529754,1441.593367260917,0.2,0.2,-18.690937731162876,0.0
Sunderland,Aston Villa,0,4,A,2014-2015,1478.6760182594178,1427.7941871462297,0.2,0.0,50.88183111318813,0.2
West Bromwich Albion,Stoke City,1,0,H,2014-2015,1484.2021180736558,1599.1087277490542,0.6,0.6,-114.90660967539839,0.0
Burnley,Manchester City,1,0,H,2014-2015,1412.3769394196527,1761.8603433999529,0.2,0.4,-349.4834039803002,-0.2
Chelsea,Southampton,1,1,D,2014-2015,1784.990128715112,1618.0983356879165,0.6,0.8,166.8917930271955,-0.20000000000000007
Everton,Newcastle United,3,0,H,2014-2015,1537.038461902286,1523.7704308728476,0.0,0.2,13.268031029438362,-0.2
Manchester United,Tottenham Hotspur,3,0,H,2014-2015,1681.6002873768323,1678.2058917634104,0.8,0.6,3.3943956134219206,0.20000000000000007
Swansea City,Liverpool,0,1,A,2014-2015,1550.6213066908208,1730.2374540423687,0.4,0.8,-179.61614735154785,-0.4
Manchester City,West Bromwich Albion,3,0,H,2014-2015,1735.3994668854623,1503.9897369723294,0.6,0.0,231.40972991313288,0.6
Aston Villa,Swansea City,0,1,A,2014-2015,1444.975361048625,1542.7517569913628,0.2,0.4,-97.77639594273774,-0.2
Newcastle United,Arsenal,1,2,A,2014-2015,1509.34297951896,1732.2475429846731,0.2,0.6,-222.90456346571318,-0.39999999999999997
Southampton,Burnley,2,0,H,2014-2015,1624.7962320857378,1438.8378159341432,0.4,0.0,185.95841615159452,0.4
Stoke City,Crystal Palace,1,2,A,2014-2015,1579.3211088503806,1531.044645075392,0.6,0.6,48.27646377498854,0.0
Tottenham Hotspur,Leicester City,4,3,H,2014-2015,1663.3524349397803,1423.708604611207,0.8,0.0,239.64383032857336,0.8
West Ham United,Sunderland,1,0,H,2014-2015,1537.3332510578625,1461.4948443570224,0.2,0.0,75.8384067008401,0.2
Liverpool,Manchester United,1,2,A,2014-2015,1738.1070037418267,1696.4537442004623,0.8,0.4,41.65325954136438,0.4
Hull City,Chelsea,2,3,A,2014-2015,1440.787192179464,1778.2922323172907,0.6,0.6,-337.50504013782665,0.0
Queens Park Rangers,Everton,1,2,A,2014-2015,1386.0916653975405,1551.4659132561735,0.0,0.2,-165.374247858633,-0.2
Arsenal,Liverpool,4,1,H,2014-2015,1738.7580197503587,1721.3172544923493,1.0,0.8,17.440765258009378,0.19999999999999996
Everton,Southampton,1,0,H,2014-2015,1559.8205734192368,1632.4556851708394,0.2,0.6,-72.63511175160261,-0.39999999999999997
Leicester City,West Ham United,2,1,H,2014-2015,1417.6759289441604,1549.1100728856586,0.2,0.0,-131.43414394149818,0.2
Manchester United,Aston Villa,3,1,H,2014-2015,1713.2434934499397,1434.0886861034621,0.8,0.2,279.1548073464776,0.6000000000000001
Swansea City,Hull City,3,1,H,2014-2015,1553.6384319365256,1437.0270908155208,0.2,0.0,116.6113411210049,0.2
West Bromwich Albion,Queens Park Rangers,1,4,A,2014-2015,1497.7253779558673,1377.7370052344772,0.8,0.2,119.98837272139008,0.6000000000000001
Chelsea,Stoke City,2,1,H,2014-2015,1782.052333681234,1562.2501574255691,0.4,0.4,219.8021762556648,0.0
Burnley,Tottenham Hotspur,0,0,D,2014-2015,1431.1783628490416,1669.3851106068269,0.4,0.4,-238.20674775778525,0.0
Sunderland,Newcastle United,1,0,H,2014-2015,1449.7180225292263,1502.8325027532744,0.2,0.2,-53.114480224048066,0.0
Crystal Palace,Manchester City,2,1,H,2014-2015,1548.1155965002035,1741.6638259019244,0.4,0.2,-193.54822940172085,0.2
Aston Villa,Queens Park Rangers,3,3,D,2014-2015,1429.0782871844108,1397.720741401363,0.2,0.4,31.357545783047726,-0.2
Swansea City,Everton,1,1,D,2014-2015,1563.7848154771414,1577.9115817039476,0.4,0.4,-14.12676622680624,0.0
Southampton,Hull City,2,0,H,2014-2015,1614.3646768861286,1426.880707274905,0.4,0.0,187.48396961122353,0.4
Sunderland,Crystal Palace,1,4,A,2014-2015,1466.9934601151256,1570.7026738874365,0.4,0.8,-103.70921377231093,-0.4
Tottenham Hotspur,Aston Villa,0,1,A,2014-2015,1660.4577548282693,1427.728137149976,0.8,0.2,232.72961767829338,0.6000000000000001
West Bromwich Albion,Leicester City,2,3,A,2014-2015,1477.7416417889815,1438.0943543051703,0.6,0.0,39.64728748381117,0.6
West Ham United,Stoke City,1,1,D,2014-2015,1528.6916475246487,1555.6481837938675,0.4,0.4,-26.95653626921876,0.0
Burnley,Arsenal,0,1,A,2014-2015,1440.1057186275991,1753.005673224765,0.2,0.8,-312.8999545971658,-0.6000000000000001
Queens Park Rangers,Chelsea,0,1,A,2014-2015,1399.0708914357979,1788.6543073129355,0.0,0.8,-389.58341587713767,-0.8
Manchester United,Manchester City,4,2,H,2014-2015,1718.253892368991,1719.0767485146914,1.0,0.2,-0.8228561457003707,0.8
Liverpool,Newcastle United,2,0,H,2014-2015,1707.0696010179431,1485.5570651673752,0.8,0.2,221.51253585056793,0.6000000000000001
Crystal Palace,West Bromwich Albion,0,2,A,2014-2015,1581.3535964678279,1461.0373222725968,0.4,0.0,120.31627419523102,0.4
Everton,Burnley,1,0,H,2014-2015,1577.3020160622855,1435.8545558434382,0.4,0.0,141.44746021884725,0.4
Leicester City,Swansea City,2,0,H,2014-2015,1454.798673821555,1564.3943811188035,0.4,0.6,-109.59570729724851,-0.19999999999999996
Stoke City,Southampton,2,1,H,2014-2015,1554.4867062433818,1621.9741474163648,0.6,0.4,-67.48744117298293,0.19999999999999996
Chelsea,Manchester United,1,0,H,2014-2015,1791.5339395977408,1733.289417858095,0.4,0.6,58.244521739645734,-0.19999999999999996
Manchester City,West Ham United,2,0,H,2014-2015,1704.0412230255874,1529.8531250751344,0.6,0.0,174.18809795045308,0.6
Newcastle United,Tottenham Hotspur,1,3,A,2014-2015,1479.0056479262025,1636.6845398657865,0.2,0.4,-157.678891939584,-0.2
Southampton,Tottenham Hotspur,2,2,D,2014-2015,1604.0965807311038,1645.3088294037261,0.6,0.4,-41.21224867262231,0.19999999999999996
Burnley,Leicester City,0,1,A,2014-2015,1426.6449054859154,1474.3793675176496,0.2,0.2,-47.73446203173421,0.0
Crystal Palace,Hull City,0,2,A,2014-2015,1561.3572703520972,1419.2712367446688,0.4,0.0,142.08603360742836,0.4
Newcastle United,Swansea City,2,3,A,2014-2015,1470.381358388263,1544.8136874227089,0.2,0.4,-74.43232903444596,-0.2
Queens Park Rangers,West Ham United,0,0,D,2014-2015,1396.1912591509927,1521.8008410324398,0.0,0.0,-125.60958188144718,0.0
Stoke City,Sunderland,1,1,D,2014-2015,1572.3642729286428,1456.3425375347342,0.6,0.0,116.02173539390856,0.6
West Bromwich Albion,Liverpool,0,0,D,2014-2015,1481.0336483883275,1713.6210182591158,0.6,0.6,-232.58736987078828,0.0
Manchester City,Aston Villa,3,2,H,2014-2015,1712.093507068282,1451.5013521124588,0.8,0.4,260.59215495582316,0.4
Everton,Manchester United,3,0,H,2014-2015,1586.5116664198083,1720.780741243623,0.6,0.4,-134.26907482381466,0.19999999999999996
Arsenal,Chelsea,0,0,D,2014-2015,1757.2568360089258,1804.0426162122128,1.0,1.0,-46.785780203287004,0.0
Hull City,Liverpool,1,0,H,2014-2015,1440.0850309254663,1704.8518447335118,0.4,0.4,-264.7668138080455,0.0
Leicester City,Chelsea,1,3,A,2014-2015,1487.3313750742104,1802.0348330413296,0.4,0.8,-314.7034579671192,-0.4
Leicester City,Newcastle United,3,0,H,2014-2015,1483.1179521604784,1458.5465841586365,0.4,0.0,24.571368001841847,0.4
Aston Villa,Everton,3,2,H,2014-2015,1446.0289847350211,1607.0361998111161,0.2,0.2,-161.007215076095,0.0
Liverpool,Queens Park Rangers,2,1,H,2014-2015,1680.2175123114268,1401.3897193440487,0.8,0.4,278.8277929673782,0.4
Sunderland,Southampton,2,1,H,2014-2015,1461.1733513523907,1605.8675582395824,0.2,0.2,-144.69420688719174,0.0
Swansea City,Stoke City,2,0,H,2014-2015,1556.6484616523353,1567.5334591109863,0.4,0.2,-10.884997458651014,0.2
West Ham United,Burnley,1,0,H,2014-2015,1516.6023808393838,1413.6928979293546,0.2,0.0,102.90948291002928,0.2
Manchester United,West Bromwich Albion,0,1,A,2014-2015,1700.2562078523151,1489.8028219139314,1.0,0.2,210.4533859383837,0.8
Chelsea,Crystal Palace,1,0,H,2014-2015,1806.2482559550617,1540.5434761712997,0.6,0.8,265.704779783762,-0.20000000000000007
Tottenham Hotspur,Manchester City,0,1,A,2014-2015,1643.5378518952475,1717.5658744457196,0.6,0.2,-74.02802255047209,0.39999999999999997
Hull City,Arsenal,1,3,A,2014-2015,1464.7193633475513,1759.264619179809,0.6,0.8,-294.5452558322577,-0.20000000000000007
Everton,Sunderland,0,2,A,2014-2015,1585.5432358520675,1482.082554325059,0.8,0.0,103.46068152700855,0.8
Aston Villa,West Ham United,1,0,H,2014-2015,1467.5219486940698,1527.2849491381746,0.4,0.0,-59.76300044410482,0.4
Hull City,Burnley,0,1,A,2014-2015,1460.067898640482,1403.0103296305638,0.4,0.0,57.057569009918325,0.4
Leicester City,Southampton,2,0,H,2014-2015,1497.0588860202147,1584.9583552669142,0.6,0.0,-87.89946924669948,0.6
Newcastle United,West Bromwich Albion,1,1,D,2014-2015,1444.6056502989002,1512.9195747473987,0.2,0.4,-68.31392444849848,-0.2
Stoke City,Tottenham Hotspur,3,0,H,2014-2015,1552.0636696900506,1631.6863955016076,0.6,0.4,-79.62272581155707,0.19999999999999996
Crystal Palace,Manchester United,1,2,A,2014-2015,1535.201556899084,1677.139455018848,0.4,0.4,-141.937898119764,0.0
Manchester City,Queens Park Rangers,6,0,H,2014-2015,1729.4173308393595,1396.3714589306583,1.0,0.2,333.0458719087012,0.8
Chelsea,Liverpool,1,1,D,2014-2015,1811.5901752272775,1685.2357727248173,0.6,0.4,126.35440250246029,0.19999999999999996
Arsenal,Swansea City,0,1,A,2014-2015,1763.9160838868781,1572.118251073271,0.8,0.6,191.7978328136071,0.20000000000000007
Southampton,Aston Villa,6,1,H,2014-2015,1566.2423761110877,1485.0769749910755,0.6,0.4,81.16540112001212,0.19999999999999996
Burnley,Stoke City,0,0,D,2014-2015,1420.451793655657,1570.4423162203086,0.2,0.2,-149.99052256465166,0.0
Queens Park Rangers,Newcastle United,2,1,H,2014-2015,1392.5261216062997,1447.5175702286963,0.0,0.0,-54.99144862239655,0.0
Sunderland,Leicester City,0,0,D,2014-2015,1501.4218017182425,1515.7748651760412,0.4,0.4,-14.353063457798726,0.0
Tottenham Hotspur,Hull City,2,0,H,2014-2015,1613.3077489713496,1442.626434615389,0.4,0.2,170.6813143559607,0.2
West Ham United,Everton,1,2,A,2014-2015,1509.729922841169,1566.203988458884,0.4,0.2,-56.47406561771504,0.2
Liverpool,Crystal Palace,1,3,A,2014-2015,1690.462506152707,1526.009915414294,0.8,0.6,164.45259073841294,0.20000000000000007
Swansea City,Manchester City,2,4,A,2014-2015,1594.648948491188,1733.262668163718,0.6,0.2,-138.6137196725299,0.39999999999999997
Manchester United,Arsenal,1,1,D,2014-2015,1686.3310965036378,1741.385386468961,0.8,1.0,-55.05428996532328,-0.19999999999999996
West Bromwich Albion,Chelsea,3,0,H,2014-2015,1510.0076548176025,1806.3634417993878,0.4,0.8,-296.3557869817853,-0.4
Arsenal,Sunderland,0,0,D,2014-2015,1739.0281978381734,1502.0411210027155,0.6,0.2,236.98707683545786,0.39999999999999997
Arsenal,West Bromwich Albion,4,1,H,2014-2015,1730.134918654319,1535.3970051822814,0.4,0.4,194.7379134720377,0.0
Aston Villa,Burnley,0,1,A,2014-2015,1473.518781536643,1426.5530022848927,0.6,0.2,46.96577925175029,0.39999999999999997
Chelsea,Sunderland,3,1,H,2014-2015,1780.974091434709,1510.9344001865697,0.6,0.2,270.0396912481392,0.39999999999999997
Crystal Palace,Swansea City,1,0,H,2014-2015,1547.6232363299084,1585.3348599472315,0.4,0.6,-37.711623617323085,-0.19999999999999996
Everton,Tottenham Hotspur,0,1,A,2014-2015,1578.7870555948032,1621.4795066592847,0.8,0.2,-42.692451064481475,0.6000000000000001
Hull City,Manchester United,0,0,D,2014-2015,1434.4546769274539,1688.6882851344255,0.2,0.6,-254.23360820697167,-0.39999999999999997
Leicester City,Queens Park Rangers,5,1,H,2014-2015,1515.1555458915682,1409.8806640820787,0.8,0.2,105.27488180948944,0.6000000000000001
Manchester City,Southampton,2,0,H,2014-2015,1742.5767567076746,1577.8005695655202,1.0,0.0,164.7761871421544,1.0
Newcastle United,West Ham United,2,0,H,2014-2015,1430.1630277529173,1497.1468557052497,0.0,0.0,-66.98382795233238,0.0
Stoke City,Liverpool,6,1,H,2014-2015,1564.3411075910728,1668.8491852370926,0.6,0.2,-104.50807764601973,0.39999999999999997
Manchester United,Tottenham Hotspur,1,0,H,2015-2016,1679.326325688443,1634.6455465408,0.6,0.4,44.68077914764285,0.19999999999999996
AFC Bournemouth,Aston Villa,0,1,A,2015-2016,1500.0,1456.50336694379,0.0,0.4,43.49663305620993,-0.4
Everton,Watford,2,2,D,2015-2016,1565.6210157132878,1393.8294593267553,0.6,0.2,171.79155638653242,0.39999999999999997
Leicester City,Sunderland,4,2,H,2015-2016,1525.7446367105267,1505.7011669977628,0.8,0.2,20.04346971276391,0.6000000000000001
Norwich City,Crystal Palace,1,3,A,2015-2016,1435.0609392306399,1564.245013986375,0.2,0.6,-129.18407475573508,-0.39999999999999997
Chelsea,Swansea City,2,2,D,2015-2016,1786.207324623516,1568.713082290765,0.8,0.6,217.4942423327509,0.20000000000000007
Arsenal,West Ham United,0,2,A,2015-2016,1737.5096853087348,1479.290237390817,0.4,0.0,258.2194479179177,0.4
Newcastle United,Southampton,2,2,D,2015-2016,1448.0196460673499,1569.4251409657468,0.2,0.0,-121.40549489839691,0.2
Stoke City,Liverpool,0,1,A,2015-2016,1583.7217542792393,1649.468538548926,0.6,0.0,-65.74678426968671,0.6
West Bromwich Albion,Manchester City,0,3,A,2015-2016,1528.0222385278657,1750.952185307448,0.4,0.4,-222.92994677958222,0.0
Aston Villa,Manchester United,0,1,A,2015-2016,1473.3715176515063,1692.407865816542,0.4,0.4,-219.03634816503563,0.0
Southampton,Everton,0,3,A,2015-2016,1564.387050533986,1558.7548284860427,0.8,0.4,5.632222047943287,0.4
Sunderland,Norwich City,1,3,A,2015-2016,1491.5655544342158,1425.3947002493217,0.4,0.0,66.1708541848941,0.4
Swansea City,Newcastle United,2,0,H,2015-2016,1577.0424456869514,1453.0577364991107,0.4,0.0,123.98470918784074,0.4
Tottenham Hotspur,Stoke City,2,2,D,2015-2016,1621.564006412701,1571.5268673930161,0.6,0.0,50.0371390196849,0.6
Watford,West Bromwich Albion,0,0,D,2015-2016,1400.6956465540004,1521.5125065829861,0.2,0.4,-120.81686002898573,-0.2
West Ham United,Leicester City,1,2,A,2015-2016,1503.7564951395138,1539.8802492740738,0.4,0.4,-36.12375413455993,0.0
Crystal Palace,Arsenal,1,2,A,2015-2016,1573.9112529676931,1713.043427560038,0.4,0.8,-139.13217459234488,-0.4
Manchester City,Chelsea,3,0,H,2015-2016,1757.4619172523276,1777.8779612273295,1.0,0.6,-20.416043975001912,0.4
Liverpool,AFC Bournemouth,1,0,H,2015-2016,1661.6634254351493,1483.1318492922837,0.6,0.0,178.53157614286556,0.6
Manchester United,Newcastle United,0,0,D,2015-2016,1699.032567087469,1443.1943711894487,0.6,0.0,255.83819589802033,0.6
Crystal Palace,Aston Villa,2,1,H,2015-2016,1564.616320852818,1466.7468163805793,0.2,0.4,97.86950447223876,-0.2
Leicester City,Tottenham Hotspur,1,1,D,2015-2016,1553.3262571089454,1619.4185422486062,0.8,0.4,-66.09228513966082,0.4
Norwich City,Stoke City,1,1,D,2015-2016,1443.217477608307,1573.672331557111,0.2,0.0,-130.45485394880393,0.2
Sunderland,Swansea City,1,1,D,2015-2016,1473.7427770752304,1586.9058109966134,0.4,0.4,-113.16303392138298,0.0
West Ham United,AFC Bournemouth,3,4,A,2015-2016,1490.3104873046423,1475.2260021382906,0.4,0.0,15.08448516635167,0.4
West Bromwich Albion,Chelsea,2,3,A,2015-2016,1516.4969754783895,1761.9975428788568,0.2,0.4,-245.5005674004674,-0.2
Everton,Manchester City,0,2,A,2015-2016,1573.9979697603478,1773.3423356008002,0.4,0.6,-199.34436584045238,-0.19999999999999996
Watford,Southampton,0,0,D,2015-2016,1405.711177658597,1549.1439092596809,0.2,0.0,-143.4327316010838,0.2
Arsenal,Liverpool,0,0,D,2015-2016,1722.3383596749131,1669.5692725891424,0.2,0.2,52.76908708577071,0.0
Newcastle United,Arsenal,0,1,A,2015-2016,1452.598498847934,1720.077492956765,0.2,0.8,-267.4789941088309,-0.6000000000000001
Aston Villa,Sunderland,2,2,D,2015-2016,1455.8638587001149,1478.4626804330037,0.4,0.2,-22.598821732888837,0.2
AFC Bournemouth,Leicester City,1,1,D,2015-2016,1490.876842819046,1556.1457623569775,0.0,0.6,-65.26891953793142,-0.6
Chelsea,Crystal Palace,1,2,A,2015-2016,1767.8693673561786,1575.4992785332824,0.6,0.8,192.37008882289615,-0.20000000000000007
Liverpool,West Ham United,0,3,A,2015-2016,1671.8301393072907,1474.6596466238868,0.6,0.2,197.17049268340384,0.39999999999999997
Manchester City,Watford,2,0,H,2015-2016,1780.570615008788,1411.574304887408,1.0,0.2,368.99631012138,0.8
Stoke City,West Bromwich Albion,0,1,A,2015-2016,1568.2907060548084,1510.6251510010677,0.6,0.4,57.66555505374072,0.19999999999999996
Tottenham Hotspur,Everton,0,0,D,2015-2016,1616.599037000574,1566.76969035236,0.4,0.6,49.82934664821414,-0.19999999999999996
Southampton,Norwich City,3,0,H,2015-2016,1543.28078203087,1448.5991031106096,0.6,0.2,94.68167892026031,0.39999999999999997
Swansea City,Manchester United,2,1,H,2015-2016,1582.18590763884,1689.6284394289837,0.6,0.4,-107.44253179014368,0.19999999999999996
Everton,Chelsea,3,1,H,2015-2016,1568.9063661776936,1745.3202061791742,0.2,0.4,-176.4138400014806,-0.2
Arsenal,Stoke City,2,0,H,2015-2016,1725.3747163239307,1550.823695854895,0.2,0.0,174.55102046903562,0.2
Crystal Palace,Manchester City,0,1,A,2015-2016,1598.0484397102869,1783.7738683977957,0.4,0.8,-185.72542868750884,-0.4
Norwich City,AFC Bournemouth,3,1,H,2015-2016,1437.5885663416996,1493.6620412505908,0.0,0.5,-56.073474908891285,-0.5
Watford,Swansea City,1,0,H,2015-2016,1408.3710514984004,1601.6821516797022,0.2,0.4,-193.31110018130175,-0.2
West Bromwich Albion,Southampton,0,0,D,2015-2016,1528.092161200981,1554.29131879978,0.2,0.0,-26.19915759879882,0.2
Manchester United,Liverpool,3,1,H,2015-2016,1670.1321953881215,1649.1273004247307,0.4,0.2,21.004894963390825,0.2
Sunderland,Tottenham Hotspur,0,1,A,2015-2016,1477.4883845009963,1614.4623611752404,0.2,0.2,-136.9739766742441,0.0
Leicester City,Aston Villa,3,2,H,2015-2016,1553.3605639254326,1456.8381546321223,0.8,0.4,96.52240929331037,0.4
West Ham United,Newcastle United,2,0,H,2015-2016,1497.3624855064468,1447.3012754807683,0.2,0.0,50.06121002567852,0.2
Chelsea,Arsenal,2,0,H,2015-2016,1723.297237012978,1733.4146991930882,0.4,0.8,-10.117462180110124,-0.4
Aston Villa,West Bromwich Albion,0,1,A,2015-2016,1445.9013624614736,1529.2211307011403,0.4,0.4,-83.3197682396667,0.0
AFC Bournemouth,Sunderland,2,0,H,2015-2016,1476.2619573816414,1468.1135664620415,0.0,0.2,8.148390919599933,-0.2
Newcastle United,Watford,1,2,A,2015-2016,1434.4477576032518,1430.9505077637507,0.2,0.2,3.497249839501137,0.0
Stoke City,Leicester City,2,2,D,2015-2016,1542.7837129857376,1564.2973560960813,0.4,0.6,-21.513643110343764,-0.19999999999999996
Swansea City,Everton,0,0,D,2015-2016,1579.102695414352,1590.9293353438898,0.6,0.4,-11.826639929537805,0.19999999999999996
Manchester City,West Ham United,1,2,A,2015-2016,1791.4409739423622,1510.2160033839632,1.0,0.4,281.22497055839904,0.6
Tottenham Hotspur,Crystal Palace,1,0,H,2015-2016,1623.8371792141952,1590.3813341657203,0.2,0.8,33.455845048474885,-0.6000000000000001
Liverpool,Norwich City,1,1,D,2015-2016,1635.0330513870333,1454.988650210649,0.6,0.2,180.04440117638433,0.39999999999999997
Southampton,Manchester United,2,3,A,2015-2016,1553.1623492996207,1684.226444425819,0.6,0.4,-131.06409512619825,0.19999999999999996
Tottenham Hotspur,Manchester City,4,1,H,2015-2016,1637.3972221788897,1766.401834047228,0.4,1.0,-129.00461186833832,-0.6
Leicester City,Arsenal,2,5,A,2015-2016,1563.3697227468128,1717.9780166664405,0.8,0.6,-154.6082939196276,0.20000000000000007
Liverpool,Aston Villa,3,2,H,2015-2016,1627.8882982817136,1434.4311572301494,0.4,0.2,193.45714105156412,0.2
Manchester United,Sunderland,3,0,H,2015-2016,1693.8219160166586,1453.4652962907273,0.4,0.0,240.3566197259313,0.4
Southampton,Swansea City,3,1,H,2015-2016,1543.566877708781,1579.6130953847055,0.4,0.2,-36.04621767592448,0.2
Stoke City,AFC Bournemouth,2,1,H,2015-2016,1543.711346335006,1490.9102275529556,0.4,0.3333333333333333,52.80111878205048,0.06666666666666671
West Ham United,Norwich City,2,2,D,2015-2016,1535.2551432790974,1462.1334033159687,0.4,0.2,73.12173996312868,0.2
Newcastle United,Chelsea,2,2,D,2015-2016,1419.2967742897845,1738.7339195396257,0.2,0.4,-319.43714524984125,-0.2
Watford,Crystal Palace,0,1,A,2015-2016,1446.101491077218,1576.8212912010258,0.2,0.6,-130.71980012380777,-0.39999999999999997
West Bromwich Albion,Everton,2,3,A,2015-2016,1540.6913359324644,1590.4189353735362,0.2,0.4,-49.72759944107179,-0.2
Crystal Palace,West Bromwich Albion,2,0,H,2015-2016,1586.4297021578034,1527.8237079304554,0.4,0.4,58.60599422734799,0.0
Aston Villa,Stoke City,0,1,A,2015-2016,1427.01530774107,1556.4491281331182,0.2,0.0,-129.43382039204812,0.2
AFC Bournemouth,Watford,1,1,D,2015-2016,1478.1724457548435,1436.4930801204405,0.3333333333333333,0.4,41.679365634402984,-0.06666666666666671
Manchester City,Newcastle United,6,1,H,2015-2016,1746.074842645148,1430.1810755103602,0.8,0.0,315.8937671347878,0.8
Norwich City,Leicester City,1,2,A,2015-2016,1465.2445230735611,1554.6364086209157,0.2,0.4,-89.3918855473546,-0.2
Sunderland,West Ham United,2,2,D,2015-2016,1447.4523717683637,1532.144023521505,0.2,0.6,-84.69165175314129,-0.39999999999999997
Chelsea,Southampton,1,3,A,2015-2016,1727.84961831905,1560.117558207804,0.4,0.0,167.73206011124603,0.4
Everton,Liverpool,1,1,D,2015-2016,1603.2865633755453,1635.304147770793,0.2,0.2,-32.017584395247695,0.0
Arsenal,Manchester United,3,0,H,2015-2016,1726.7113307923375,1699.8348405390223,0.4,0.6,26.876490253315296,-0.19999999999999996
Swansea City,Tottenham Hotspur,2,2,D,2015-2016,1563.0624148856825,1657.7242135809697,0.6,0.4,-94.66179869528719,0.19999999999999996
Tottenham Hotspur,Liverpool,0,0,D,2015-2016,1653.735547946907,1633.9257373154085,0.6,0.2,19.80981063149852,0.39999999999999997
Chelsea,Aston Villa,2,0,H,2015-2016,1706.122709232465,1417.3584854118812,0.4,0.2,288.76422382058377,0.2
Crystal Palace,West Ham United,1,3,A,2015-2016,1598.9232058745936,1528.558331833777,0.6,0.6,70.36487404081663,0.0
Everton,Manchester United,0,3,A,2015-2016,1604.6649738309297,1685.9928828842692,0.2,0.4,-81.32790905333945,-0.2
Manchester City,AFC Bournemouth,5,1,H,2015-2016,1750.263511145127,1476.3815854704667,0.8,0.25,273.88192567466035,0.55
Southampton,Leicester City,2,2,D,2015-2016,1581.844467294389,1565.8600156464397,0.6,0.4,15.9844516479493,0.19999999999999996
West Bromwich Albion,Sunderland,1,0,H,2015-2016,1515.3302042136652,1451.0380634560918,0.2,0.0,64.2921407575734,0.2
Watford,Arsenal,0,3,A,2015-2016,1438.2839404048173,1740.5532884470906,0.2,0.6,-302.26934804227335,-0.39999999999999997
Newcastle United,Norwich City,6,2,H,2015-2016,1425.9924070103812,1454.0209160480372,0.2,0.2,-28.028509037656022,0.0
Swansea City,Stoke City,0,1,A,2015-2016,1567.0510805197453,1566.105950462307,0.4,0.2,0.9451300574382913,0.2
Aston Villa,Swansea City,1,2,A,2015-2016,1412.5747218318988,1552.0102760757493,0.0,0.0,-139.43555424385045,0.0
Leicester City,Crystal Palace,1,0,H,2015-2016,1566.549633409274,1580.9261747946864,0.6,0.8,-14.376541385412338,-0.20000000000000007
Norwich City,West Bromwich Albion,0,1,A,2015-2016,1437.8134463318668,1527.5857439426177,0.2,0.4,-89.77229761075091,-0.2
Stoke City,Watford,0,2,A,2015-2016,1581.146754906303,1433.8045608937803,0.4,0.4,147.34219401252267,0.0
West Ham United,Chelsea,2,1,H,2015-2016,1546.5553629136841,1710.9064728124474,0.2,0.2,-164.3511098987633,0.0
Arsenal,Everton,2,1,H,2015-2016,1745.0326679581276,1593.1134263069432,0.6,0.6,151.9192416511844,0.0
Sunderland,Newcastle United,3,0,H,2015-2016,1438.7825237271393,1442.1998767265516,0.0,0.0,-3.4173529994122873,0.0
AFC Bournemouth,Tottenham Hotspur,1,5,A,2015-2016,1471.2432212433619,1652.8812152728926,0.25,0.4,-181.63799402953077,-0.15000000000000002
Manchester United,Manchester City,0,0,D,2015-2016,1697.5444304082557,1755.4018753722319,0.6,0.8,-57.85744496397615,-0.20000000000000007
Liverpool,Southampton,1,1,D,2015-2016,1634.7800699894228,1581.1548495315546,0.4,0.2,53.62522045786818,0.2
Chelsea,Liverpool,1,3,A,2015-2016,1689.29668198815,1632.4830942098274,0.4,0.2,56.8135877783227,0.2
Crystal Palace,Manchester United,0,0,D,2015-2016,1565.3058436173421,1700.019500335521,0.4,0.6,-134.71365671817875,-0.19999999999999996
Manchester City,Norwich City,2,1,H,2015-2016,1752.9268054449667,1426.6052177883594,0.8,0.2,326.32158765660733,0.6000000000000001
Newcastle United,Stoke City,0,0,D,2015-2016,1427.0523424953956,1560.1412623378208,0.2,0.4,-133.08891984242518,-0.2
Swansea City,Arsenal,0,3,A,2015-2016,1561.294008669534,1753.8621234850896,0.4,0.8,-192.56811481555565,-0.4
Watford,West Ham United,2,0,H,2015-2016,1454.8100534622624,1568.1651537379814,0.2,0.8,-113.355100275719,-0.6000000000000001
West Bromwich Albion,Leicester City,2,3,A,2015-2016,1538.793972486125,1582.1699645866183,0.2,0.4,-43.37599210049325,-0.2
Everton,Sunderland,6,2,H,2015-2016,1584.2839707799812,1453.9300579582953,0.2,0.0,130.35391282168598,0.2
Southampton,AFC Bournemouth,2,0,H,2015-2016,1583.45182531115,1463.4410495530924,0.4,0.2,120.01077575805766,0.2
Tottenham Hotspur,Aston Villa,3,1,H,2015-2016,1660.683386963162,1403.2909892381142,0.4,0.2,257.3923977250479,0.2
AFC Bournemouth,Newcastle United,0,1,A,2015-2016,1453.425646147851,1432.5327808844138,0.2,0.0,20.892865263437216,0.2
Leicester City,Watford,2,1,H,2015-2016,1595.3069418000493,1474.5374266743727,0.6,0.4,120.76951512567666,0.19999999999999996
Manchester United,West Bromwich Albion,2,0,H,2015-2016,1694.4783842440409,1525.656995272694,0.6,0.6,168.82138897134678,0.0
Norwich City,Swansea City,1,0,H,2015-2016,1422.6282352511655,1553.849552005171,0.2,0.2,-131.22131675400556,0.0
Sunderland,Southampton,0,1,A,2015-2016,1444.3078860430617,1593.4672287163914,0.2,0.2,-149.15934267332977,0.0
West Ham United,Everton,1,1,D,2015-2016,1548.4377805258712,1593.9061426952148,0.4,0.4,-45.46836216934366,0.0
Stoke City,Chelsea,1,0,H,2015-2016,1554.6608239488025,1671.8654735939792,0.2,0.2,-117.20464964517669,0.0
Aston Villa,Manchester City,0,0,D,2015-2016,1397.7357288395676,1756.9037879821606,0.0,0.6,-359.16805914259294,-0.6
Arsenal,Tottenham Hotspur,1,1,D,2015-2016,1761.3065801494524,1666.2386473617087,0.6,0.4,95.06793278774376,0.19999999999999996
Liverpool,Crystal Palace,1,2,A,2015-2016,1649.9143026039983,1570.8469597088222,0.4,0.6,79.06734289517613,-0.19999999999999996
Watford,Manchester United,1,2,A,2015-2016,1464.5511421815804,1702.7139564772478,0.4,0.4,-238.16281429566743,0.0
Chelsea,Norwich City,1,0,H,2015-2016,1651.9889365545866,1443.0386693250002,0.4,0.0,208.95026722958642,0.4
Everton,Aston Villa,4,0,H,2015-2016,1591.9542460890489,1409.366960790746,0.4,0.0,182.58728529830296,0.4
Newcastle United,Leicester City,0,3,A,2015-2016,1448.4337126775029,1605.2932262928416,0.2,0.4,-156.85951361533876,-0.2
Southampton,Stoke City,0,1,A,2015-2016,1602.3959972000482,1574.5373609881951,0.6,0.4,27.85863621185308,0.19999999999999996
Swansea City,AFC Bournemouth,2,2,D,2015-2016,1533.4391179313363,1437.524714354762,0.2,0.2,95.91440357657439,0.0
West Bromwich Albion,Arsenal,2,1,H,2015-2016,1517.421423039487,1757.3016251893334,0.2,0.8,-239.88020214984635,-0.6000000000000001
Manchester City,Liverpool,1,4,A,2015-2016,1745.2725560309823,1631.5584255595643,0.8,0.2,113.714130471418,0.6000000000000001
Tottenham Hotspur,West Ham United,4,1,H,2015-2016,1670.2436023218277,1550.3896771320371,0.6,0.6,119.85392518979052,0.0
Crystal Palace,Sunderland,0,1,A,2015-2016,1589.2028367532562,1435.379117559405,0.4,0.0,153.82371919385128,0.4
Aston Villa,Watford,2,3,A,2015-2016,1401.5962948496156,1458.4772729629285,0.0,0.4,-56.88097811331295,-0.4
AFC Bournemouth,Everton,3,3,D,2015-2016,1441.5635870623403,1599.7249120301792,0.2,0.2,-158.16132496783894,0.0
Crystal Palace,Newcastle United,5,1,H,2015-2016,1567.9641379103648,1439.7804098110234,0.2,0.2,128.18372809934135,0.0
Manchester City,Southampton,3,1,H,2015-2016,1725.5312263799656,1586.195814245757,0.6,0.4,139.33541213420858,0.19999999999999996
Sunderland,Stoke City,2,0,H,2015-2016,1456.6178164022963,1590.7375439424864,0.2,0.6,-134.11972754019007,-0.39999999999999997
Leicester City,Manchester United,1,1,D,2015-2016,1613.946529159321,1708.7878256958998,0.6,0.6,-94.84129653657874,0.0
Tottenham Hotspur,Chelsea,0,0,D,2015-2016,1680.2650306223163,1658.9181842787955,0.8,0.2,21.346846343520838,0.6000000000000001
West Ham United,West Bromwich Albion,1,1,D,2015-2016,1540.3682488315485,1541.3953025280837,0.4,0.6,-1.0270536965351766,-0.19999999999999996
Liverpool,Swansea City,1,0,H,2015-2016,1651.2997552105808,1529.400245223758,0.2,0.2,121.89950998682275,0.0
Norwich City,Arsenal,1,1,D,2015-2016,1436.1094216007914,1733.3277457007368,0.4,0.6,-297.21832409994545,-0.19999999999999996
Stoke City,Manchester City,2,0,H,2015-2016,1570.218584646658,1734.8186549826105,0.4,0.4,-164.60007033595252,0.0
Arsenal,Sunderland,3,1,H,2015-2016,1722.919054335829,1477.1367756981247,0.6,0.2,245.7822786377044,0.39999999999999997
Manchester United,West Ham United,0,0,D,2015-2016,1704.7919594670345,1540.412590174852,0.6,0.4,164.37936929218245,0.19999999999999996
Southampton,Aston Villa,1,1,D,2015-2016,1576.908385643112,1389.0303361971155,0.4,0.0,187.87804944599657,0.4
Swansea City,Leicester City,0,3,A,2015-2016,1519.457248895479,1617.9423953881862,0.0,0.6,-98.48514649270714,-0.6
Watford,Norwich City,2,0,H,2015-2016,1471.0432316154286,1446.5181129656992,0.4,0.0,24.525118649729393,0.4
West Bromwich Albion,Tottenham Hotspur,1,1,D,2015-2016,1541.35096118478,1679.3445711400864,0.4,0.4,-137.99360995530628,0.0
Chelsea,AFC Bournemouth,0,1,A,2015-2016,1659.8386437610254,1447.9563528037675,0.6,0.0,211.88229095725796,0.6
Newcastle United,Liverpool,2,0,H,2015-2016,1430.0764045790459,1661.2427515388597,0.2,0.4,-231.16634695981384,-0.2
Everton,Crystal Palace,1,1,D,2015-2016,1593.332146288752,1577.6681431423424,0.6,0.6,15.664003146409641,0.0
Norwich City,Everton,1,1,D,2015-2016,1432.575192296002,1592.6563347391918,0.4,0.2,-160.08114244318995,0.2
Crystal Palace,Southampton,1,0,H,2015-2016,1578.3439546919026,1569.5049797681493,0.4,0.4,8.838974923753312,0.0
Manchester City,Swansea City,2,1,H,2015-2016,1713.2002054931004,1508.5988563252715,0.8,0.2,204.60134916782886,0.6000000000000001
Sunderland,Watford,0,1,A,2015-2016,1471.27260580893,1484.9861522851259,0.4,0.6,-13.713546476195916,-0.19999999999999996
West Ham United,Stoke City,0,0,D,2015-2016,1547.0233641158263,1591.837034136168,0.4,0.6,-44.81367002034176,-0.19999999999999996
AFC Bournemouth,Manchester United,2,1,H,2015-2016,1471.116635783199,1698.1811855260603,0.2,0.4,-227.06454974286135,-0.2
Aston Villa,Arsenal,0,2,A,2015-2016,1396.4337420720783,1728.7832242250238,0.0,0.6,-332.3494821529455,-0.6
Liverpool,West Bromwich Albion,2,2,D,2015-2016,1637.5140572681196,1547.0139316872937,0.4,0.4,90.50012558082585,0.0
Tottenham Hotspur,Newcastle United,1,2,A,2015-2016,1673.6816006375727,1453.805098849786,0.6,0.2,219.87650178778676,0.39999999999999997
Leicester City,Chelsea,2,1,H,2015-2016,1628.8007879583938,1636.678360781594,0.6,0.0,-7.877572823200126,0.6
Chelsea,Sunderland,3,1,H,2015-2016,1621.3383168924183,1456.864359929021,0.4,0.2,164.4739569633973,0.2
Everton,Leicester City,2,3,A,2015-2016,1586.1958985594958,1644.1408318475694,0.4,0.8,-57.94493328807357,-0.4
Manchester United,Norwich City,1,2,A,2015-2016,1674.570418468006,1439.0356284756979,0.6,0.0,235.5347899923081,0.6
Southampton,Tottenham Hotspur,0,2,A,2015-2016,1554.8865066835274,1650.2813714774186,0.4,0.4,-95.3948647938912,0.0
Stoke City,Crystal Palace,1,2,A,2015-2016,1589.912931030599,1592.9624277765245,0.6,0.4,-3.049496745925353,0.19999999999999996
West Bromwich Albion,AFC Bournemouth,1,2,A,2015-2016,1550.8351024668048,1494.7274028412533,0.4,0.2,56.107699625551504,0.2
Newcastle United,Aston Villa,1,1,D,2015-2016,1477.20532800994,1392.5749455982489,0.4,0.0,84.63038241169124,0.4
Watford,Liverpool,3,0,H,2015-2016,1499.3943981650348,1633.6928864886086,0.4,0.4,-134.2984883235738,0.0
Swansea City,West Ham United,0,0,D,2015-2016,1501.5353087624226,1548.9474672213953,0.0,0.2,-47.412158458972726,-0.2
Arsenal,Manchester City,2,1,H,2015-2016,1732.6420206988532,1720.2637530559493,0.8,0.2,12.378267642903893,0.6000000000000001
Stoke City,Manchester United,2,0,H,2015-2016,1575.0445850075894,1650.7179003722185,0.6,0.4,-75.67331536462916,0.19999999999999996
Aston Villa,West Ham United,1,1,D,2015-2016,1396.1581431261131,1546.9131320758029,0.0,0.2,-150.75498894968973,-0.2
AFC Bournemouth,Crystal Palace,0,0,D,2015-2016,1512.1289264581017,1607.8307737995342,0.2,0.6,-95.70184734143254,-0.39999999999999997
Chelsea,Watford,2,2,D,2015-2016,1629.7242528515999,1519.920029149777,0.6,0.6,109.80422370182282,0.0
Liverpool,Leicester City,1,0,H,2015-2016,1613.1672555038663,1656.6620877378543,0.4,0.8,-43.49483223398806,-0.4
Manchester City,Sunderland,4,1,H,2015-2016,1705.7979398299217,1448.4784239698395,0.8,0.2,257.3195158600822,0.6000000000000001
Swansea City,West Bromwich Albion,1,0,H,2015-2016,1503.569643908015,1533.4335788499563,0.0,0.2,-29.863934941941352,-0.2
Tottenham Hotspur,Norwich City,3,0,H,2015-2016,1661.2633112310086,1462.8881465714853,0.4,0.2,198.3751646595233,0.2
Newcastle United,Everton,0,1,A,2015-2016,1473.6221304820758,1573.674642669211,0.4,0.2,-100.05251218713511,0.2
Southampton,Arsenal,4,0,H,2015-2016,1543.9045669299373,1747.1078339248809,0.2,0.6,-203.20326699494353,-0.39999999999999997
Crystal Palace,Swansea City,0,0,D,2015-2016,1603.8004139665477,1519.8558076530571,0.4,0.2,83.94460631349057,0.2
Everton,Stoke City,3,4,A,2015-2016,1584.470603538572,1593.2609640197486,0.4,0.4,-8.790360481176549,0.0
Norwich City,Aston Villa,2,0,H,2015-2016,1455.6292118206152,1402.2868713470018,0.2,0.0,53.342340473613376,0.2
Watford,Tottenham Hotspur,1,2,A,2015-2016,1524.508884194106,1668.5222459818788,0.6,0.4,-144.01336178777274,0.19999999999999996
West Bromwich Albion,Newcastle United,1,0,H,2015-2016,1517.1474151049142,1462.8261696127147,0.4,0.4,54.32124549219952,0.0
Arsenal,AFC Bournemouth,2,0,H,2015-2016,1724.2149366412618,1516.1592862910882,0.8,0.4,208.05565035017366,0.4
Manchester United,Chelsea,0,0,D,2015-2016,1632.5015213600593,1625.135397807271,0.4,0.0,7.366123552788395,0.4
West Ham United,Southampton,2,1,H,2015-2016,1540.7844038549142,1566.7974642135564,0.2,0.4,-26.01306035864218,-0.2
Leicester City,Manchester City,0,0,D,2015-2016,1639.794013571983,1711.3550995614773,0.6,0.0,-71.56108598949436,0.6
Sunderland,Liverpool,0,1,A,2015-2016,1442.9212642382838,1630.0353296697376,0.4,0.4,-187.1140654314538,0.0
West Ham United,Liverpool,2,0,H,2015-2016,1556.9053840833997,1637.656899777192,0.4,0.6,-80.75151569379227,-0.19999999999999996
Arsenal,Newcastle United,1,0,H,2015-2016,1731.1716646051648,1450.1524815219889,0.8,0.4,281.0191830831759,0.4
Leicester City,AFC Bournemouth,0,0,D,2015-2016,1642.8405932940896,1509.2025583271852,0.6,0.4,133.63803496690434,0.19999999999999996
Manchester United,Swansea City,2,1,H,2015-2016,1632.1835478837663,1523.411074213777,0.2,0.2,108.77247366998927,0.0
Norwich City,Southampton,1,0,H,2015-2016,1468.3441640517194,1550.676483985071,0.4,0.2,-82.33231993335153,0.2
Sunderland,Aston Villa,3,1,H,2015-2016,1435.2996941308295,1389.5719191158976,0.4,0.0,45.72777501493192,0.4
West Bromwich Albion,Stoke City,2,1,H,2015-2016,1529.82110319564,1607.8815346081792,0.4,0.4,-78.06043141253917,0.0
Watford,Manchester City,1,2,A,2015-2016,1515.3932354129827,1708.3085198393708,0.6,0.0,-192.9152844263881,0.6
Crystal Palace,Chelsea,0,3,A,2015-2016,1600.2451474058278,1625.453371283564,0.4,0.0,-25.208223877736145,0.4
Everton,Tottenham Hotspur,1,1,D,2015-2016,1569.8500329501414,1677.6378947630021,0.4,0.6,-107.78786181286068,-0.19999999999999996
Aston Villa,Crystal Palace,1,0,H,2015-2016,1376.534824759038,1586.3315681901206,0.0,0.4,-209.79674343108263,-0.4
AFC Bournemouth,West Ham United,1,3,A,2015-2016,1514.7035273792048,1575.3302579171043,0.2,0.0,-60.62673053789945,0.2
Newcastle United,Manchester United,3,3,D,2015-2016,1445.1867145769477,1642.6351048005918,0.2,0.2,-197.44839022364408,0.0
Chelsea,West Bromwich Albion,2,2,D,2015-2016,1639.366950499271,1548.1356575940815,0.4,0.2,91.23129290518955,0.2
Manchester City,Everton,0,0,D,2015-2016,1715.7417964531837,1574.3598424608654,0.8,0.2,141.38195399231836,0.6000000000000001
Southampton,Watford,2,0,H,2015-2016,1532.1869868917922,1507.9599587991697,0.4,0.6,24.227028092622504,-0.19999999999999996
Stoke City,Norwich City,3,1,H,2015-2016,1589.5669802097377,1486.8336611449981,0.6,0.2,102.73331906473959,0.39999999999999997
Swansea City,Sunderland,2,4,A,2015-2016,1512.9595172969516,1448.336788487689,0.2,0.2,64.62272880926253,0.0
Liverpool,Arsenal,3,3,D,2015-2016,1619.2320259434873,1736.137431550206,0.4,0.4,-116.90540560671866,0.0
Tottenham Hotspur,Leicester City,0,1,A,2015-2016,1673.1280852522782,1637.33962424207,0.6,0.8,35.788461010208266,-0.20000000000000007
Tottenham Hotspur,Sunderland,4,1,H,2015-2016,1656.5884149161236,1466.0950411986375,0.4,0.4,190.49337371748607,0.0
AFC Bournemouth,Norwich City,3,0,H,2015-2016,1502.2947465611262,1476.1441163134718,0.2,0.2,26.150630247654362,0.0
Chelsea,Everton,3,3,D,2015-2016,1635.5162770872578,1580.1477852281773,0.4,0.2,55.36849185908045,0.2
Manchester City,Crystal Palace,4,0,H,2015-2016,1709.9538536858718,1563.2348844378444,0.6,0.4,146.7189692480274,0.19999999999999996
Newcastle United,West Ham United,2,1,H,2015-2016,1452.8983837462908,1587.739038735183,0.2,0.2,-134.84065498889208,0.0
Southampton,West Bromwich Albion,3,0,H,2015-2016,1546.1427140222681,1551.9863310060948,0.4,0.0,-5.843616983826678,0.4
Aston Villa,Leicester City,1,1,D,2015-2016,1399.6315085113142,1653.8792945782245,0.2,0.8,-254.2477860669103,-0.6000000000000001
Liverpool,Manchester United,0,1,A,2015-2016,1624.097005818612,1634.9234356312486,0.4,0.2,-10.826429812636661,0.2
Stoke City,Arsenal,0,0,D,2015-2016,1600.256525041264,1731.2724516750814,0.8,0.2,-131.01592663381734,0.6000000000000001
Swansea City,Watford,1,0,H,2015-2016,1495.2012645860032,1494.0042316686938,0.2,0.4,1.1970329173093432,-0.2
Norwich City,Liverpool,4,5,A,2015-2016,1462.271002565798,1609.5642691379662,0.6,0.4,-147.29326657216825,0.19999999999999996
Crystal Palace,Tottenham Hotspur,1,3,A,2015-2016,1554.2177669864934,1664.099919878653,0.4,0.4,-109.88215289215964,0.0
Leicester City,Stoke City,3,0,H,2015-2016,1644.5169614740787,1605.6592437275585,0.4,0.4,38.857717746520166,0.0
Manchester United,Southampton,0,1,A,2015-2016,1649.4561723118943,1561.3949794605023,0.4,0.2,88.06119285139198,0.2
Sunderland,AFC Bournemouth,1,1,D,2015-2016,1458.583536236108,1516.1678603088,0.4,0.4,-57.58432407269197,0.0
Watford,Newcastle United,2,1,H,2015-2016,1479.0559115295432,1473.444233938827,0.4,0.4,5.611677590716226,0.0
West Bromwich Albion,Aston Villa,0,0,D,2015-2016,1536.7340655678606,1408.99384161546,0.6,0.0,127.74022395240058,0.6
West Ham United,Manchester City,2,2,D,2015-2016,1567.1931885426468,1718.9709711372227,0.4,0.2,-151.7777825945759,0.2
Everton,Swansea City,1,2,A,2015-2016,1582.5182021715598,1510.1495847251538,0.2,0.0,72.368617446406,0.2
Arsenal,Chelsea,0,1,A,2015-2016,1725.8697329887868,1633.1458601438753,0.8,0.2,92.72387284491151,0.6000000000000001
Arsenal,Southampton,0,0,D,2015-2016,1706.9589330397496,1580.11751152597,0.8,0.2,126.84142151377955,0.6000000000000001
Leicester City,Liverpool,2,0,H,2015-2016,1657.8462989808693,1618.5605504390298,0.4,0.4,39.28574854183944,0.0
Norwich City,Tottenham Hotspur,0,3,A,2015-2016,1453.2747212647344,1674.5080154487198,0.4,0.6,-221.23329418398544,-0.19999999999999996
Sunderland,Manchester City,0,1,A,2015-2016,1461.0471341447653,1712.8055012882312,0.4,0.2,-251.75836714346588,0.2
West Ham United,Aston Villa,2,0,H,2015-2016,1573.3586583916383,1414.2730680835698,0.4,0.0,159.0855903080685,0.4
Crystal Palace,AFC Bournemouth,1,2,A,2015-2016,1543.8096714164267,1513.7042624001429,0.4,0.4,30.10540901628383,0.0
Manchester United,Stoke City,3,0,H,2015-2016,1630.7336402464266,1592.329906220768,0.2,0.2,38.40373402565865,0.0
West Bromwich Albion,Swansea City,1,1,D,2015-2016,1531.4548390997509,1528.2295743517993,0.4,0.2,3.2252647479515417,0.2
Everton,Newcastle United,3,0,H,2015-2016,1564.4382125449142,1458.686488469814,0.0,0.2,105.75172407510013,-0.2
Watford,Chelsea,0,0,D,2015-2016,1493.813656998556,1652.0566600929126,0.6,0.4,-158.24300309435648,0.19999999999999996
Manchester City,Leicester City,1,3,A,2015-2016,1718.5090688554983,1671.1573886639899,0.8,0.6,47.35168019150842,0.20000000000000007
Aston Villa,Norwich City,2,0,H,2015-2016,1405.6984526670565,1446.715069033624,0.2,0.2,-41.01661636656763,0.0
Liverpool,Sunderland,2,2,D,2015-2016,1605.2494607559092,1455.3435665774982,0.4,0.2,149.90589417841102,0.2
Newcastle United,West Bromwich Albion,1,0,H,2015-2016,1448.1161968012939,1531.3155972270288,0.4,0.0,-83.1994004257349,0.4
Stoke City,Everton,0,3,A,2015-2016,1578.9812089923512,1575.0085042134344,0.6,0.2,3.97270477891675,0.39999999999999997
Swansea City,Crystal Palace,1,1,D,2015-2016,1528.3688162245214,1527.5131596633137,0.4,0.2,0.855656561207752,0.2
Tottenham Hotspur,Watford,1,0,H,2015-2016,1681.06766767983,1500.2093082809909,0.4,0.4,180.85835939883918,0.0
Southampton,West Ham United,1,0,H,2015-2016,1585.3627092813233,1581.9332738081516,0.6,0.2,3.4294354731716794,0.39999999999999997
AFC Bournemouth,Arsenal,0,2,A,2015-2016,1530.0007741532559,1701.7137352843963,0.4,0.2,-171.71296113114045,0.2
Chelsea,Manchester United,1,1,D,2015-2016,1645.6610088104778,1644.0823374748434,0.2,0.2,1.5786713356344535,0.0
Sunderland,Manchester United,2,1,H,2015-2016,1461.441725683967,1644.150493726122,0.2,0.2,-182.70876804215504,0.0
AFC Bournemouth,Stoke City,1,3,A,2015-2016,1521.8642788604818,1563.809701014318,0.4,0.2,-41.94542215383626,0.2
Crystal Palace,Watford,1,2,A,2015-2016,1527.5501012519248,1492.3811996519185,0.2,0.2,35.16890160000639,0.0
Everton,West Bromwich Albion,0,1,A,2015-2016,1590.1800121914675,1512.7907117858424,0.2,0.0,77.38930040562514,0.2
Norwich City,West Ham United,2,2,D,2015-2016,1429.9524204697773,1567.08132963099,0.4,0.2,-137.12890916121273,0.2
Swansea City,Southampton,0,1,A,2015-2016,1528.3318746359103,1600.214653458485,0.4,0.2,-71.88277882257466,0.2
Chelsea,Newcastle United,5,1,H,2015-2016,1645.5928525591992,1466.6410822424803,0.2,0.2,178.95177031671892,0.0
Arsenal,Leicester City,2,1,H,2015-2016,1709.8502305771704,1688.1891607186656,0.6,0.6,21.66106985850479,0.0
Aston Villa,Liverpool,0,6,A,2015-2016,1422.4611012309033,1599.1513016494405,0.4,0.4,-176.6902004185372,0.0
Manchester City,Tottenham Hotspur,1,2,A,2015-2016,1701.4772968008226,1688.8957763089024,0.6,0.8,12.581520491920173,-0.20000000000000007
West Ham United,Sunderland,1,0,H,2015-2016,1561.4504003560005,1483.6750856200824,0.6,0.2,77.77531473591807,0.39999999999999997
Leicester City,Norwich City,1,0,H,2015-2016,1674.1231344831315,1435.5833497447668,0.6,0.2,238.5397847383647,0.39999999999999997
Southampton,Chelsea,1,2,A,2015-2016,1612.1547605769263,1653.4846242827084,0.8,0.4,-41.329863705782145,0.4
Stoke City,Aston Villa,2,1,H,2015-2016,1577.0075189152903,1414.4933828828855,0.4,0.0,162.51413603240485,0.4
Watford,AFC Bournemouth,0,0,D,2015-2016,1508.8943984615757,1508.6664609595095,0.4,0.4,0.22793750206619734,0.0
West Bromwich Albion,Crystal Palace,3,2,H,2015-2016,1531.077694185192,1511.0369024422675,0.4,0.2,20.04079174292451,0.2
Manchester United,Arsenal,3,2,H,2015-2016,1621.9171337900066,1723.9162568127044,0.4,0.4,-101.99912302269786,0.0
Tottenham Hotspur,Swansea City,2,1,H,2015-2016,1704.438726901142,1516.391767517469,0.6,0.2,188.04695938367308,0.39999999999999997
Aston Villa,Everton,1,3,A,2015-2016,1406.0391162447472,1571.8930297921179,0.4,0.4,-165.85391354737067,0.0
AFC Bournemouth,Southampton,2,0,H,2015-2016,1508.6763018111176,1598.930744952176,0.2,0.4,-90.25444314105835,-0.2
Leicester City,West Bromwich Albion,2,2,D,2015-2016,1680.1864986266237,1545.2134219821078,0.6,0.2,134.9730766445159,0.39999999999999997
Norwich City,Chelsea,1,2,A,2015-2016,1429.5199856012746,1666.7086399074587,0.4,0.6,-237.18865430618416,-0.19999999999999996
Sunderland,Crystal Palace,2,2,D,2015-2016,1471.9779294667123,1496.9011746453518,0.4,0.0,-24.92324517863949,0.4
Arsenal,Swansea City,1,2,A,2015-2016,1704.6348995253477,1508.8006880478872,0.6,0.2,195.83421147746049,0.39999999999999997
Stoke City,Newcastle United,1,0,H,2015-2016,1585.4617855534286,1458.749310518971,0.6,0.0,126.71247503445761,0.6
West Ham United,Tottenham Hotspur,1,0,H,2015-2016,1573.1475565093706,1712.0298063707237,0.8,0.8,-138.8822498613531,0.0
Liverpool,Manchester City,3,0,H,2015-2016,1607.1190199974583,1685.934346208583,0.2,0.4,-78.81532621112478,-0.2
Manchester United,Watford,1,0,H,2015-2016,1641.1984910773633,1508.8845576099677,0.6,0.2,132.3139334673956,0.39999999999999997
Tottenham Hotspur,Arsenal,2,2,D,2015-2016,1691.3339702628723,1681.9746227254775,0.8,0.2,9.359347537394797,0.6000000000000001
Chelsea,Stoke City,1,1,D,2015-2016,1672.8097190124909,1595.2214747804264,0.2,0.4,77.58824423206443,-0.2
Everton,West Ham United,2,3,A,2015-2016,1580.2310558106285,1593.843392617222,0.2,0.2,-13.612336806593476,0.0
Manchester City,Aston Villa,4,0,H,2015-2016,1667.5888066770817,1397.7010902262366,0.4,0.0,269.8877164508451,0.4
Newcastle United,AFC Bournemouth,1,3,A,2015-2016,1448.9896212919732,1527.4875521792158,0.4,0.2,-78.49793088724255,0.2
Southampton,Sunderland,1,1,D,2015-2016,1580.1194945840778,1473.0521105492396,0.8,0.2,107.06738403483814,0.6000000000000001
Swansea City,Norwich City,1,0,H,2015-2016,1531.4609648477574,1423.4189064962425,0.4,0.0,108.04205835151492,0.4
Watford,Leicester City,0,1,A,2015-2016,1499.335979963768,1674.6357135286287,0.2,0.4,-175.29973356486062,-0.2
Crystal Palace,Liverpool,1,2,A,2015-2016,1495.8269935628246,1625.4645595289596,0.0,0.6,-129.63756596613507,-0.6
West Bromwich Albion,Manchester United,1,0,H,2015-2016,1550.7642070801028,1650.747068723563,0.6,0.2,-99.98286164346018,0.39999999999999997
Norwich City,Manchester City,0,0,D,2015-2016,1412.9386963364802,1672.8258205387458,0.2,0.4,-259.88712420226557,-0.2
AFC Bournemouth,Swansea City,3,2,H,2015-2016,1539.1550366962163,1541.9411750075196,0.4,0.4,-2.7861383113033753,0.0
Stoke City,Southampton,1,2,A,2015-2016,1598.5166328095097,1575.6379964942387,0.6,0.4,22.878636315271024,0.19999999999999996
Aston Villa,Tottenham Hotspur,0,2,A,2015-2016,1392.4640763645725,1690.929992462351,0.4,0.6,-298.4659160977785,-0.19999999999999996
Leicester City,Newcastle United,1,0,H,2015-2016,1682.6503566107388,1437.3221367749727,0.6,0.0,245.32821983576605,0.6
Everton,Arsenal,0,2,A,2015-2016,1565.8184471084924,1682.3786005259988,0.2,0.2,-116.5601534175064,0.0
Chelsea,West Ham United,2,2,D,2015-2016,1669.5145609834076,1608.2560013193581,0.2,0.4,61.25855966404947,-0.2
Crystal Palace,Leicester City,0,1,A,2015-2016,1486.1778498840918,1688.526867799642,0.0,0.6,-202.34901791555035,-0.6
Watford,Stoke City,1,2,A,2015-2016,1491.321336881658,1582.530307909444,0.2,0.2,-91.20897102778599,0.0
West Bromwich Albion,Norwich City,0,1,A,2015-2016,1569.9654752062265,1422.448147324712,0.6,0.0,147.51732788151457,0.6
Swansea City,Aston Villa,1,0,H,2015-2016,1526.8208903257078,1387.900625293857,0.4,0.0,138.9202650318507,0.4
Newcastle United,Sunderland,1,1,D,2015-2016,1431.4456255860694,1477.5336086390787,0.4,0.2,-46.08798305300934,0.2
Southampton,Liverpool,3,2,H,2015-2016,1591.6243213943044,1635.1137032076924,0.6,0.6,-43.489381813388036,0.0
Manchester City,Manchester United,0,1,A,2015-2016,1663.316369550514,1631.5458005974392,0.4,0.2,31.77056895307487,0.2
Tottenham Hotspur,AFC Bournemouth,3,0,H,2015-2016,1695.4934435330665,1554.2753213780281,0.6,0.4,141.21812215503837,0.19999999999999996
Aston Villa,Chelsea,0,4,A,2015-2016,1378.5978659402733,1666.8968859193537,0.2,0.8,-288.2990199790804,-0.6000000000000001
Arsenal,Watford,4,0,H,2015-2016,1692.5269627289738,1480.1711100753862,0.4,0.2,212.3558526535876,0.2
AFC Bournemouth,Manchester City,0,4,A,2015-2016,1545.0572429893305,1646.9485342415408,0.6,0.4,-101.8912912522103,0.19999999999999996
Norwich City,Newcastle United,3,2,H,2015-2016,1443.4599877506312,1433.4238142718518,0.0,0.0,10.036173478779347,0.0
Stoke City,Swansea City,2,2,D,2015-2016,1593.6805347157158,1536.1236496792915,0.4,0.4,57.55688503642432,0.0
Sunderland,West Bromwich Albion,0,0,D,2015-2016,1475.5554199532962,1548.9536347803073,0.4,0.2,-73.39821482701109,0.2
West Ham United,Crystal Palace,2,2,D,2015-2016,1610.873676383412,1479.0440433302153,0.8,0.0,131.82963305319663,0.8
Liverpool,Tottenham Hotspur,1,1,D,2015-2016,1618.2458607061844,1704.7115219217642,0.4,0.8,-86.46566121557976,-0.4
Leicester City,Southampton,1,0,H,2015-2016,1695.6606743535185,1608.4921638958124,0.8,0.6,87.16851045770613,0.20000000000000007
Manchester United,Everton,1,0,H,2015-2016,1647.9136359064125,1555.6700849055173,0.8,0.6,92.2435510008952,0.20000000000000007
West Ham United,Arsenal,3,3,D,2015-2016,1605.4404104934756,1699.3522960426956,0.6,0.4,-93.91188554921996,0.19999999999999996
Aston Villa,AFC Bournemouth,1,2,A,2015-2016,1373.8033247200087,1534.3343236924045,0.2,0.4,-160.53099897239576,-0.2
Crystal Palace,Norwich City,1,0,H,2015-2016,1484.4773092201517,1458.0268117887733,0.0,0.2,26.45049743137838,-0.2
Southampton,Newcastle United,3,1,H,2015-2016,1597.1785063725322,1418.8569902337097,0.6,0.0,178.32151613882252,0.6
Swansea City,Chelsea,1,0,H,2015-2016,1538.5860948898805,1671.6914271396183,0.6,0.8,-133.10533224973778,-0.20000000000000007
Watford,Everton,1,1,D,2015-2016,1473.3457767616644,1544.5615503437782,0.2,0.4,-71.2157735821138,-0.2
Manchester City,West Bromwich Albion,2,1,H,2015-2016,1657.6714535384667,1545.8310940107724,0.4,0.2,111.84035952769432,0.2
Sunderland,Leicester City,0,2,A,2015-2016,1478.6779607228311,1706.9743318767987,0.2,0.6,-228.29637115396758,-0.39999999999999997
Liverpool,Stoke City,4,1,H,2015-2016,1621.9036772846641,1591.2180895051267,0.2,0.4,30.6855877795374,-0.2
Tottenham Hotspur,Manchester United,3,0,H,2015-2016,1701.0537053432845,1659.0221704681517,0.8,0.4,42.03153487513282,0.4
Crystal Palace,Everton,0,0,D,2015-2016,1498.3375505660424,1541.5292668426982,0.2,0.4,-43.191716276655825,-0.2
Norwich City,Sunderland,0,3,A,2015-2016,1444.1665704428826,1472.3243118969035,0.2,0.0,-28.15774145402088,0.2
Everton,Southampton,1,1,D,2015-2016,1539.6740776715546,1605.0913960406708,0.2,0.4,-65.41731836911617,-0.2
Manchester United,Aston Villa,1,0,H,2015-2016,1645.828016577044,1365.2795712080485,0.8,0.0,280.54844536899554,0.8
Newcastle United,Swansea City,3,0,H,2015-2016,1410.944100565571,1559.067147260604,0.4,0.2,-148.12304669503305,0.2
West Bromwich Albion,Watford,0,1,A,2015-2016,1535.4994854386803,1476.3780602627444,0.4,0.2,59.12142517593588,0.2
Chelsea,Manchester City,0,3,A,2015-2016,1651.2103747688948,1668.0030621105589,0.2,0.4,-16.792687341664077,-0.2
AFC Bournemouth,Liverpool,1,2,A,2015-2016,1542.8580772043647,1635.5823079442546,0.4,0.6,-92.72423073988989,-0.19999999999999996
Leicester City,West Ham United,2,2,D,2015-2016,1713.3279807027263,1609.3989718321513,0.8,0.2,103.92900887057499,0.6000000000000001
Arsenal,Crystal Palace,1,1,D,2015-2016,1695.3937347040198,1500.192739737186,0.4,0.0,195.20099496683383,0.4
Stoke City,Tottenham Hotspur,0,4,A,2015-2016,1577.5394588455363,1714.247859234392,0.4,0.6,-136.7084003888558,-0.19999999999999996
Newcastle United,Manchester City,1,1,D,2015-2016,1431.9778759381645,1682.2786275489527,0.6,0.6,-250.3007516107882,0.0
West Ham United,Watford,3,1,H,2015-2016,1613.7567392607602,1493.906182757906,0.6,0.4,119.85055650285426,0.19999999999999996
Liverpool,Everton,4,0,H,2015-2016,1646.671493593972,1542.465461614132,0.4,0.4,104.20603197983996,0.0
Manchester United,Crystal Palace,2,0,H,2015-2016,1650.8050225201864,1507.8327893500327,1.0,0.0,142.9722331701537,1.0
Arsenal,West Bromwich Albion,2,0,H,2015-2016,1687.753685091173,1517.9713629435187,0.4,0.2,169.78232214765444,0.2
Manchester City,Stoke City,4,0,H,2015-2016,1673.021054388593,1568.1547846227143,0.4,0.4,104.86626976587877,0.0
Aston Villa,Southampton,2,4,A,2015-2016,1360.3025652649062,1602.3000120980935,0.0,0.4,-241.99744683318727,-0.4
AFC Bournemouth,Chelsea,1,4,A,2015-2016,1531.7688915546473,1636.934809330501,0.4,0.6,-105.16591777585359,-0.19999999999999996
Liverpool,Newcastle United,2,2,D,2015-2016,1657.3027780900857,1441.2354490985242,0.6,0.0,216.06732899156145,0.6
Sunderland,Arsenal,0,0,D,2015-2016,1486.1112990892161,1695.9562487919857,0.2,0.4,-209.84494970276955,-0.2
Leicester City,Swansea City,4,0,H,2015-2016,1708.9702132741174,1538.0333718880106,0.6,0.2,170.93684138610683,0.39999999999999997
Tottenham Hotspur,West Bromwich Albion,1,1,D,2015-2016,1723.632533457214,1509.768799242706,0.8,0.2,213.86373421450799,0.6000000000000001
Everton,AFC Bournemouth,2,1,H,2015-2016,1531.8341771180183,1521.1755027773133,0.2,0.6,10.65867434070492,-0.39999999999999997
Newcastle United,Crystal Palace,1,0,H,2015-2016,1449.5221062548285,1498.6790640770507,0.4,0.0,-49.15695782222224,0.4
Stoke City,Sunderland,1,1,D,2015-2016,1557.549572499367,1494.2094575726517,0.4,0.2,63.34011492671539,0.2
Watford,Aston Villa,3,2,H,2015-2016,1483.8846250406484,1354.3349231993352,0.0,0.0,129.5497018413132,0.0
West Bromwich Albion,West Ham United,0,3,A,2015-2016,1517.9891232394261,1623.7782969780178,0.4,0.2,-105.78917373859167,0.2
Arsenal,Norwich City,1,0,H,2015-2016,1687.8580903085501,1430.37958325057,0.6,0.2,257.4785070579801,0.39999999999999997
Swansea City,Liverpool,3,1,H,2015-2016,1529.8703571921067,1649.0161209337814,0.6,0.6,-119.14576374167473,0.0
Manchester United,Leicester City,1,1,D,2015-2016,1659.9587477931684,1717.1332279700214,1.0,0.8,-57.17448017685297,0.19999999999999996
Southampton,Manchester City,4,2,H,2015-2016,1608.2676541636645,1683.6262665119402,0.6,0.4,-75.35861234827576,0.19999999999999996
Chelsea,Tottenham Hotspur,2,2,D,2015-2016,1647.528198107835,1715.412209460494,0.2,0.6,-67.88401135265917,-0.39999999999999997
Norwich City,Manchester United,0,1,A,2015-2016,1424.8265662520819,1662.4051252914055,0.2,0.2,-237.57855903932364,0.0
Aston Villa,Newcastle United,0,0,D,2015-2016,1344.6824685397964,1466.630333937098,0.0,0.0,-121.94786539730148,0.0
AFC Bournemouth,West Bromwich Albion,1,1,D,2015-2016,1506.6355304305264,1507.4203073514784,0.4,0.0,-0.7847769209520266,0.4
Crystal Palace,Stoke City,2,1,H,2015-2016,1481.5708363947813,1554.8448583823363,0.2,0.4,-73.27402198755499,-0.2
Sunderland,Chelsea,3,2,H,2015-2016,1496.9141716896825,1650.4222523927142,0.2,0.8,-153.50808070303174,-0.6000000000000001
West Ham United,Swansea City,1,4,A,2015-2016,1634.3471128659655,1549.8217047570067,0.6,0.2,84.5254081089588,0.39999999999999997
Leicester City,Everton,3,1,H,2015-2016,1714.6868504717843,1546.3741494648052,0.6,0.2,168.31270100697907,0.39999999999999997
Tottenham Hotspur,Southampton,1,2,A,2015-2016,1712.5181551756148,1626.4710685374644,0.6,0.4,86.0470866381504,0.19999999999999996
Liverpool,Watford,2,0,H,2015-2016,1629.0647733688813,1493.5370797001872,0.6,0.4,135.52769366869416,0.19999999999999996
Manchester City,Arsenal,2,2,D,2015-2016,1665.4228521381403,1693.4111073070383,0.6,0.2,-27.988255168897922,0.39999999999999997
West Ham United,Manchester United,3,2,H,2015-2016,1615.7681891332807,1668.4953028359876,0.4,0.4,-52.7271137027069,0.0
Norwich City,Watford,4,2,H,2015-2016,1418.7363887074998,1484.1085183592613,0.2,0.2,-65.3721296517615,0.0
Sunderland,Everton,3,0,H,2015-2016,1518.1415963535749,1538.1210701614664,0.2,0.0,-19.97947380789151,0.2
Liverpool,Chelsea,1,1,D,2015-2016,1638.4933347098072,1629.1948277288218,0.6,0.6,9.298506980985394,0.0
Arsenal,Aston Villa,4,0,H,2015-2016,1692.2053642447222,1349.7413225128853,0.6,0.0,342.4640417318369,0.6
Chelsea,Leicester City,1,1,D,2015-2016,1629.5961807242331,1722.9399297751231,0.2,0.6,-93.34374905088998,-0.39999999999999997
Everton,Norwich City,3,0,H,2015-2016,1522.2594365045766,1436.5258892129189,0.2,0.2,85.73354729165771,0.0
Newcastle United,Tottenham Hotspur,5,1,H,2015-2016,1461.571479964009,1693.8773402902711,0.4,0.4,-232.30586032626206,0.0
Southampton,Crystal Palace,4,1,H,2015-2016,1645.111883422808,1499.688247299363,0.6,0.0,145.42363612344502,0.6
Stoke City,West Ham United,2,1,H,2015-2016,1536.7274474777546,1633.0272848504387,0.2,0.4,-96.29983737268412,-0.2
Swansea City,Manchester City,1,1,D,2015-2016,1568.4006284896916,1666.6285952004564,0.8,0.4,-98.2279667107648,0.4
Watford,Sunderland,2,2,D,2015-2016,1466.3190178538423,1534.0032300104647,0.2,0.2,-67.68421215662238,0.0
West Bromwich Albion,Liverpool,1,1,D,2015-2016,1507.386425865859,1638.0919817143958,0.4,0.6,-130.70555584853673,-0.19999999999999996
Manchester United,AFC Bournemouth,3,1,H,2015-2016,1651.2362071188295,1506.6694119161457,0.8,0.4,144.5667952026838,0.4
Hull City,Leicester City,2,1,H,2016-2017,1443.8166363734365,1719.004198401419,0.2,0.6,-275.1875620279825,-0.39999999999999997
Burnley,Swansea City,0,1,A,2016-2017,1443.5684168777457,1572.5319769461328,0.2,0.2,-128.9635600683871,0.0
Crystal Palace,West Bromwich Albion,0,1,A,2016-2017,1490.6240328663891,1512.777479379038,0.4,0.0,-22.15344651264877,0.4
Everton,Tottenham Hotspur,1,1,D,2016-2017,1533.6313635013523,1670.1161705047243,0.4,0.4,-136.484807003372,0.0
Middlesbrough,Stoke City,1,1,D,2016-2017,1399.5083561301226,1555.7817496479752,0.2,0.2,-156.27339351785258,0.0
Southampton,Watford,1,1,D,2016-2017,1654.1760978557818,1469.2047662942946,0.8,0.2,184.9713315614872,0.6000000000000001
Manchester City,Sunderland,2,1,H,2016-2017,1662.4972467440152,1531.1174815700124,0.6,0.2,131.37976517400284,0.39999999999999997
AFC Bournemouth,Manchester United,1,3,A,2016-2017,1497.5739671055603,1660.3316519294149,0.2,0.4,-162.75768482385456,-0.2
Arsenal,Liverpool,3,4,A,2016-2017,1695.8725815911566,1632.700928201217,0.8,0.4,63.17165338993959,0.4
Chelsea,West Ham United,2,1,H,2016-2017,1633.5319120979373,1613.9729826802181,0.0,0.4,19.558929417719128,-0.4
Manchester United,Southampton,2,0,H,2016-2017,1668.7774086619618,1646.8680060772006,0.8,0.6,21.90940258476121,0.20000000000000007
Stoke City,Manchester City,1,4,A,2016-2017,1549.455841980774,1672.08086287409,0.2,0.4,-122.62502089331588,-0.2
Burnley,Liverpool,2,0,H,2016-2017,1433.8938593934997,1650.3986051053805,0.0,0.4,-216.5047457118808,-0.4
Swansea City,Hull City,0,2,A,2016-2017,1582.2065344303787,1468.7101976361914,0.8,0.2,113.4963367941873,0.6000000000000001
Tottenham Hotspur,Crystal Palace,1,0,H,2016-2017,1664.5091471987819,1476.5791799432436,0.4,0.0,187.92996725553826,0.4
Watford,Chelsea,1,2,A,2016-2017,1476.5128580728758,1647.6883761424185,0.2,0.4,-171.1755180695427,-0.2
West Bromwich Albion,Everton,1,2,A,2016-2017,1526.8223323021834,1539.2383868072948,0.2,0.0,-12.416054505111333,0.2
Leicester City,Arsenal,0,0,D,2016-2017,1694.110637138664,1678.1749046869932,0.8,0.2,15.935732451670901,0.6000000000000001
Sunderland,Middlesbrough,1,2,A,2016-2017,1521.5338654399377,1405.8342637973237,0.4,0.0,115.69960164261397,0.4
West Ham United,AFC Bournemouth,1,0,H,2016-2017,1599.8165186357369,1489.1282103730134,0.4,0.4,110.68830826272347,0.0
Tottenham Hotspur,Liverpool,1,1,D,2016-2017,1672.1040460036022,1627.0988358079749,0.6,0.4,45.00521019562734,0.19999999999999996
Chelsea,Burnley,3,0,H,2016-2017,1655.8432296826034,1457.1936286909054,0.2,0.4,198.64960099169798,-0.2
Crystal Palace,AFC Bournemouth,1,1,D,2016-2017,1468.9842811384233,1478.751635220903,0.4,0.2,-9.767354082479642,0.2
Everton,Stoke City,1,0,H,2016-2017,1553.702570718664,1539.5405887823954,0.4,0.2,14.161981936268603,0.2
Leicester City,Swansea City,2,1,H,2016-2017,1693.4231183203149,1562.4736699007394,0.6,0.4,130.94944841957545,0.19999999999999996
Southampton,Sunderland,1,1,D,2016-2017,1632.8126591842456,1501.7155204890391,0.8,0.2,131.09713869520647,0.6000000000000001
Watford,Arsenal,1,3,A,2016-2017,1468.358004532691,1678.8624235053423,0.2,0.2,-210.50441897265137,0.0
Hull City,Manchester United,0,1,A,2016-2017,1488.4430621658307,1682.8327555549167,0.4,0.6,-194.389693389086,-0.19999999999999996
West Bromwich Albion,Middlesbrough,0,0,D,2016-2017,1512.3581483908142,1425.6526087482223,0.0,0.2,86.70553964259193,-0.2
Manchester City,West Ham United,3,1,H,2016-2017,1681.9961160724686,1610.1930937878474,0.6,0.2,71.80302228462119,0.39999999999999997
Manchester United,Manchester City,1,2,A,2016-2017,1690.2186767268568,1693.9395234228243,0.8,0.4,-3.720846695967566,0.4
Arsenal,Southampton,2,1,H,2016-2017,1685.7441126573312,1627.4068894103773,0.6,0.4,58.337223246953954,0.19999999999999996
AFC Bournemouth,West Bromwich Albion,1,0,H,2016-2017,1478.3300557032658,1508.6905929116188,0.0,0.2,-30.36053720835298,-0.2
Burnley,Hull City,1,1,D,2016-2017,1449.9433831973054,1481.0571409938907,0.2,0.4,-31.113757796585332,-0.2
Middlesbrough,Crystal Palace,1,2,A,2016-2017,1429.3201642274178,1469.4058606560604,0.2,0.0,-40.08569642864268,0.2
Stoke City,Tottenham Hotspur,0,4,A,2016-2017,1525.1516722913952,1670.171810086312,0.2,0.2,-145.02013779491676,0.0
West Ham United,Watford,2,4,A,2016-2017,1598.2496864374916,1461.476315380702,0.6,0.2,136.77337105678953,0.39999999999999997
Liverpool,Leicester City,4,1,H,2016-2017,1629.031071725265,1703.022897562387,0.6,0.4,-73.99182583712195,0.19999999999999996
Swansea City,Chelsea,2,2,D,2016-2017,1552.8738906586673,1663.0934751762034,0.6,0.4,-110.21958451753608,0.19999999999999996
Sunderland,Everton,0,3,A,2016-2017,1507.1212902629075,1568.0914872096641,0.4,0.2,-60.97019694675669,0.2
Chelsea,Liverpool,1,2,A,2016-2017,1658.4883718105723,1647.1781214142475,0.4,0.2,11.310250396324818,0.2
Hull City,Arsenal,1,4,A,2016-2017,1479.7174315177324,1698.2488976017105,0.2,0.2,-218.5314660839781,0.0
Leicester City,Burnley,3,0,H,2016-2017,1684.8758478734046,1451.2830926734637,0.6,0.4,233.59275519994094,0.19999999999999996
Manchester City,AFC Bournemouth,4,0,H,2016-2017,1708.7788876989744,1494.6374992402818,0.8,0.2,214.14138845869252,0.6000000000000001
West Bromwich Albion,West Ham United,4,2,H,2016-2017,1492.3831493746027,1577.6319489187333,0.0,0.2,-85.24879954413063,-0.2
Everton,Middlesbrough,3,1,H,2016-2017,1580.4858843659183,1416.0431643392621,0.6,0.2,164.44272002665616,0.39999999999999997
Watford,Manchester United,3,1,H,2016-2017,1482.0940528994604,1675.3793124507067,0.2,0.6,-193.28525955124633,-0.39999999999999997
Crystal Palace,Stoke City,4,1,H,2016-2017,1482.682860544216,1516.0727586125024,0.4,0.0,-33.38989806828636,0.4
Southampton,Swansea City,1,0,H,2016-2017,1614.902104465998,1557.4789940242983,0.6,0.4,57.42311044169969,0.19999999999999996
Tottenham Hotspur,Sunderland,1,0,H,2016-2017,1679.2507237652048,1494.7268931066533,0.4,0.2,184.52383065855156,0.2
Manchester United,Leicester City,4,1,H,2016-2017,1652.8006869979495,1691.078151595219,0.6,0.2,-38.2774645972695,0.39999999999999997
AFC Bournemouth,Everton,1,0,H,2016-2017,1487.8662067438331,1588.872906770917,0.2,0.4,-101.00670002708398,-0.2
Liverpool,Hull City,5,1,H,2016-2017,1662.6662517591556,1473.0777161198353,0.6,0.4,189.5885356393203,0.19999999999999996
Middlesbrough,Tottenham Hotspur,1,2,A,2016-2017,1407.6561419342634,1686.9573753731493,0.0,0.4,-279.3012334388859,-0.4
Stoke City,West Bromwich Albion,1,1,D,2016-2017,1499.6356225507075,1510.9915118371343,0.2,0.2,-11.355889286426873,0.0
Sunderland,Crystal Palace,2,3,A,2016-2017,1487.0202414987089,1499.119996606011,0.4,0.2,-12.099755107302144,0.2
Swansea City,Manchester City,1,3,A,2016-2017,1544.9358190135756,1715.5501801954229,0.4,0.4,-170.61436118184724,0.0
Arsenal,Chelsea,3,0,H,2016-2017,1704.8886129996076,1643.0002414656642,0.8,0.4,61.88837153394343,0.4
West Ham United,Southampton,0,3,A,2016-2017,1559.0235864562017,1627.4452794767208,0.6,0.4,-68.42169302051911,0.19999999999999996
Burnley,Watford,2,0,H,2016-2017,1445.0807889516493,1504.6726783522176,0.2,0.2,-59.591889400568334,0.0
Everton,Crystal Palace,1,1,D,2016-2017,1569.630937281128,1513.5978192752013,0.8,0.4,56.03311800592655,0.4
Swansea City,Liverpool,1,2,A,2016-2017,1536.761769519103,1670.2071235269334,0.2,0.4,-133.44535400783047,-0.2
Hull City,Chelsea,0,2,A,2016-2017,1465.5368443520574,1630.6442712393457,0.2,0.2,-165.10742688728828,0.0
Sunderland,West Bromwich Albion,1,1,D,2016-2017,1472.5424188295185,1510.5014131979856,0.4,0.2,-37.958994368467074,0.2
Watford,AFC Bournemouth,2,2,D,2016-2017,1487.1248257740187,1507.1081762336223,0.4,0.0,-19.98335045960357,0.4
West Ham United,Middlesbrough,1,1,D,2016-2017,1546.93998351774,1402.6492599364335,0.4,0.2,144.29072358130657,0.2
Manchester United,Stoke City,1,1,D,2016-2017,1669.446604132081,1500.1257211898562,0.6,0.0,169.32088294222467,0.6
Leicester City,Southampton,0,0,D,2016-2017,1674.4322344610875,1639.5288824151824,0.8,0.6,34.903352045905194,0.20000000000000007
Tottenham Hotspur,Manchester City,2,0,H,2016-2017,1691.964257370979,1723.7242296898955,0.4,0.6,-31.759972318916425,-0.19999999999999996
Burnley,Arsenal,0,1,A,2016-2017,1462.6286415298482,1717.2445832259261,0.4,0.4,-254.61594169607793,0.0
Chelsea,Leicester City,3,0,H,2016-2017,1639.0081932003222,1672.9303845466627,0.4,0.0,-33.92219134634047,0.4
Arsenal,Swansea City,3,2,H,2016-2017,1722.8725540264609,1527.2555371994376,0.8,0.4,195.61701682702324,0.4
AFC Bournemouth,Hull City,6,1,H,2016-2017,1506.2463757605822,1457.1729223910809,0.4,0.4,49.073453369501294,0.0
Manchester City,Everton,1,1,D,2016-2017,1707.3568480713977,1567.2325511840695,0.8,0.4,140.12429688732823,0.4
Stoke City,Sunderland,2,0,H,2016-2017,1506.9073171246007,1474.1747506822217,0.2,0.0,32.73256644237904,0.2
West Bromwich Albion,Tottenham Hotspur,1,1,D,2016-2017,1508.8690813452824,1708.331638989477,0.2,0.4,-199.46255764419448,-0.2
Crystal Palace,West Ham United,0,1,A,2016-2017,1515.9962053722597,1541.0455036020146,0.4,0.2,-25.049298229754868,0.2
Middlesbrough,Watford,0,1,A,2016-2017,1408.543739852159,1487.986626247059,0.0,0.2,-79.44288639489992,-0.2
Southampton,Burnley,3,1,H,2016-2017,1641.0307323296072,1457.0006707293135,0.6,0.4,184.03006160029372,0.19999999999999996
Liverpool,Manchester United,0,0,D,2016-2017,1679.7133558465987,1662.6650081973364,0.6,0.6,17.04834764926227,0.0
AFC Bournemouth,Tottenham Hotspur,0,0,D,2016-2017,1519.1416821584025,1700.5561861019298,0.6,0.4,-181.41450394352728,0.19999999999999996
Arsenal,Middlesbrough,0,0,D,2016-2017,1730.2192109589262,1396.9150151490235,0.8,0.2,333.3041958099027,0.6000000000000001
Burnley,Everton,2,1,H,2016-2017,1449.277729940056,1572.974216443898,0.4,0.4,-123.69648650384215,0.0
Hull City,Stoke City,0,2,A,2016-2017,1444.2776159932605,1520.4983049104992,0.2,0.0,-76.2206889172387,0.2
Leicester City,Crystal Palace,3,1,H,2016-2017,1656.4704818471707,1502.0758005526602,0.6,0.4,154.39468129451052,0.19999999999999996
Swansea City,Watford,0,0,D,2016-2017,1519.9088802669723,1499.6153509501944,0.0,0.4,20.29352931677795,-0.4
West Ham United,Sunderland,1,0,H,2016-2017,1554.9659084216141,1460.5837628963232,0.4,0.0,94.38214552529098,0.4
Liverpool,West Bromwich Albion,2,1,H,2016-2017,1678.9779096807558,1516.6445342328295,0.6,0.2,162.3333754479263,0.39999999999999997
Manchester City,Southampton,1,1,D,2016-2017,1701.6151828115692,1648.7536731188648,0.6,0.4,52.86150969270443,0.19999999999999996
Chelsea,Manchester United,4,0,H,2016-2017,1655.4680958998142,1663.4004543631793,0.6,0.4,-7.932358463365063,0.19999999999999996
Sunderland,Arsenal,1,4,A,2016-2017,1449.561206241178,1719.0595658388959,0.2,0.6,-269.4983595977178,-0.39999999999999997
Manchester United,Burnley,0,0,D,2016-2017,1648.0580464118002,1469.4033771553172,0.6,0.4,178.65466925648298,0.19999999999999996
Middlesbrough,AFC Bournemouth,2,0,H,2016-2017,1408.0746602690538,1526.3320810857679,0.0,0.0,-118.2574208167141,0.0
Tottenham Hotspur,Leicester City,1,1,D,2016-2017,1693.3657871745645,1665.2114106550573,0.6,0.0,28.154376519507196,0.6
Watford,Hull City,1,0,H,2016-2017,1500.4904980289973,1432.5165328315206,0.2,0.2,67.97396519747667,0.0
West Bromwich Albion,Manchester City,0,4,A,2016-2017,1508.183948221924,1699.3504166940734,0.2,0.6,-191.1664684721493,-0.39999999999999997
Crystal Palace,Liverpool,2,4,A,2016-2017,1493.3348717447736,1687.4384956916613,0.4,0.6,-194.10362394688764,-0.19999999999999996
Everton,West Ham United,2,0,H,2016-2017,1552.8485692286367,1565.9884650767592,0.6,0.2,-13.139895848122478,0.39999999999999997
Southampton,Chelsea,0,2,A,2016-2017,1651.0184392363606,1670.8105038511933,0.6,0.4,-19.792064614832725,0.19999999999999996
Stoke City,Swansea City,3,1,H,2016-2017,1532.259388072239,1519.0337331881694,0.4,0.4,13.225654884069627,0.0
AFC Bournemouth,Sunderland,1,2,A,2016-2017,1506.4149362608396,1444.3144965334625,0.6,0.0,62.10043972737708,0.6
Burnley,Crystal Palace,3,2,H,2016-2017,1476.5016549750396,1485.939778427355,0.6,0.4,-9.438123452315267,0.19999999999999996
Manchester City,Middlesbrough,1,1,D,2016-2017,1706.84012561534,1427.991805093982,0.6,0.2,278.8483205213579,0.39999999999999997
West Ham United,Stoke City,1,1,D,2016-2017,1550.421440488767,1546.688666294372,0.4,0.2,3.732774194395006,0.2
Chelsea,Everton,5,0,H,2016-2017,1684.9569348511666,1568.4155938166289,0.8,0.4,116.54134103453771,0.4
Arsenal,Tottenham Hotspur,1,1,D,2016-2017,1724.3062755466115,1692.1529186928512,0.6,0.4,32.153356853760215,0.19999999999999996
Hull City,Southampton,2,1,H,2016-2017,1420.414325982763,1636.8720082363873,0.2,0.2,-216.45768225362417,0.0
Liverpool,Watford,6,1,H,2016-2017,1694.83358900908,1512.5927048777548,0.6,0.4,182.24088413132517,0.19999999999999996
Swansea City,Manchester United,1,3,A,2016-2017,1504.6044549660364,1640.9597685920778,0.0,0.4,-136.35531362604138,-0.4
Leicester City,West Bromwich Albion,1,2,A,2016-2017,1666.4242791367706,1500.6942393006575,0.6,0.2,165.73003983611306,0.39999999999999997
Manchester United,Arsenal,1,1,D,2016-2017,1650.3575554624742,1722.922053031784,0.4,0.8,-72.56449756930965,-0.4
Crystal Palace,Manchester City,1,2,A,2016-2017,1470.532402084857,1696.8578922522022,0.2,0.8,-226.32549016734515,-0.6000000000000001
Everton,Swansea City,1,1,D,2016-2017,1558.266504372979,1495.20666809564,0.6,0.2,63.059836277338945,0.39999999999999997
Southampton,Liverpool,0,0,D,2016-2017,1613.5736488516288,1702.6157419621982,0.4,0.6,-89.04209311056934,-0.19999999999999996
Stoke City,AFC Bournemouth,0,1,A,2016-2017,1546.8498169104773,1488.7620361967863,0.4,0.0,58.08778071369102,0.4
Sunderland,Hull City,3,0,H,2016-2017,1461.9673965975157,1443.7126853675215,0.0,0.2,18.2547112299942,-0.2
Watford,Leicester City,2,1,H,2016-2017,1504.8105519246367,1644.7665989732102,0.4,0.0,-139.9560470485735,0.4
Tottenham Hotspur,West Ham United,3,2,H,2016-2017,1693.5371412076788,1550.2602898726618,0.6,0.2,143.276851335017,0.39999999999999997
Middlesbrough,Chelsea,0,1,A,2016-2017,1437.9740384571198,1695.1060242948165,0.2,0.6,-257.1319858376967,-0.39999999999999997
West Bromwich Albion,Burnley,4,0,H,2016-2017,1522.3519194642179,1491.9090313175375,0.2,0.2,30.44288814668039,0.0
Burnley,Manchester City,1,2,A,2016-2017,1478.2200031458888,1703.2685443672294,0.6,0.8,-225.04854122134066,-0.20000000000000007
Hull City,West Bromwich Albion,1,1,D,2016-2017,1429.5000801803644,1536.0409476358666,0.2,0.2,-106.54086745550217,0.0
Leicester City,Middlesbrough,2,2,D,2016-2017,1624.031134489849,1432.4119893055179,0.6,0.0,191.61914518433105,0.6
Liverpool,Sunderland,2,0,H,2016-2017,1698.8534971301312,1476.1800017846729,0.8,0.2,222.67349534545838,0.6000000000000001
Swansea City,Crystal Palace,5,4,H,2016-2017,1497.899673339778,1464.1217499698298,0.0,0.4,33.77792336994821,-0.4
Chelsea,Tottenham Hotspur,2,1,H,2016-2017,1700.6680734464185,1702.679716654961,0.8,0.4,-2.011643208542637,0.4
Watford,Stoke City,0,1,A,2016-2017,1525.546016407998,1529.3650744004499,0.6,0.2,-3.819057992451917,0.39999999999999997
Arsenal,AFC Bournemouth,3,1,H,2016-2017,1719.8339640712647,1506.2467787068138,0.6,0.2,213.587185364451,0.39999999999999997
Manchester United,West Ham United,1,1,D,2016-2017,1653.4456444229934,1541.1177144253795,0.2,0.2,112.32792999761386,0.0
Southampton,Everton,1,0,H,2016-2017,1617.3358936836958,1555.573499128841,0.4,0.2,61.762394554854836,0.2
Manchester City,Chelsea,1,3,A,2016-2017,1709.716327695379,1715.7549220946294,0.4,0.6,-6.038594399250314,-0.19999999999999996
Crystal Palace,Southampton,3,0,H,2016-2017,1450.5754828711367,1629.6971341210572,0.2,0.2,-179.12165124992043,0.0
Stoke City,Burnley,2,0,H,2016-2017,1544.200199053309,1471.7722198177391,0.4,0.0,72.42797923556986,0.4
Sunderland,Leicester City,2,1,H,2016-2017,1469.6627419707177,1616.5062086653681,0.2,0.0,-146.8434666946505,0.2
Tottenham Hotspur,Swansea City,5,0,H,2016-2017,1687.5928680067502,1511.445940438471,0.6,0.0,176.14692756827912,0.6
West Bromwich Albion,Watford,3,1,H,2016-2017,1531.5801614048894,1510.7108917551388,0.4,0.4,20.86926964975055,0.0
West Ham United,Arsenal,1,5,A,2016-2017,1545.8051087014976,1726.6219975076192,0.2,0.8,-180.8168888061216,-0.6000000000000001
AFC Bournemouth,Liverpool,4,3,H,2016-2017,1499.4587452704593,1705.3707569440865,0.6,0.6,-205.91201167362715,0.0
Everton,Manchester United,1,1,D,2016-2017,1543.2122586914795,1648.7582501468753,0.6,0.4,-105.54599145539578,0.19999999999999996
Middlesbrough,Hull City,1,0,H,2016-2017,1439.9369151299986,1433.9608664113416,0.2,0.0,5.976048718657012,0.2
Watford,Everton,3,2,H,2016-2017,1496.6108085144917,1547.6338580332051,0.6,0.0,-51.02304951871338,0.6
Arsenal,Stoke City,3,1,H,2016-2017,1734.4514873445953,1556.117754712124,0.6,0.4,178.3337326324713,0.19999999999999996
Burnley,AFC Bournemouth,3,2,H,2016-2017,1459.8546641589242,1522.4358613626703,0.6,0.2,-62.581197203746115,0.39999999999999997
Hull City,Crystal Palace,3,3,D,2016-2017,1419.2188477331351,1472.689397147989,0.2,0.2,-53.47054941485385,0.0
Swansea City,Sunderland,3,0,H,2016-2017,1503.4599088993953,1490.6501437621998,0.2,0.2,12.809765137195427,0.0
Leicester City,Manchester City,4,2,H,2016-2017,1595.518806873886,1694.9770085241357,0.4,0.8,-99.45820165024975,-0.4
Chelsea,West Bromwich Albion,1,0,H,2016-2017,1730.4942412658727,1545.6802446455365,0.8,0.2,184.81399662033618,0.6000000000000001
Manchester United,Tottenham Hotspur,1,0,H,2016-2017,1644.3366508051497,1695.578899545826,0.2,0.2,-51.24224874067636,0.0
Southampton,Middlesbrough,1,0,H,2016-2017,1607.583219844205,1454.678933808205,0.6,0.0,152.9042860359998,0.6
Liverpool,West Ham United,2,2,D,2016-2017,1682.3936408518755,1537.9756188645215,0.8,0.2,144.418021987354,0.6000000000000001
AFC Bournemouth,Leicester City,1,0,H,2016-2017,1504.7628594976902,1614.699191732239,0.6,0.0,-109.93633223454867,0.6
Everton,Arsenal,2,1,H,2016-2017,1530.4467165110384,1742.3639673298576,0.4,0.8,-211.91725081881918,-0.4
Middlesbrough,Liverpool,0,3,A,2016-2017,1445.884768049339,1676.4945143800405,0.4,0.6,-230.60974633070146,-0.19999999999999996
Sunderland,Chelsea,0,1,A,2016-2017,1476.202935321598,1738.1913309447878,0.4,0.8,-261.9883956231897,-0.4
West Ham United,Burnley,1,0,H,2016-2017,1543.8747453363565,1477.5276660239042,0.2,0.0,66.34707931245225,0.2
Crystal Palace,Manchester United,1,2,A,2016-2017,1470.398942911044,1661.5330538655908,0.4,0.2,-191.1341109545467,0.2
Manchester City,Watford,2,0,H,2016-2017,1675.7966236657828,1513.7979500366584,0.2,0.2,161.99867362912437,0.0
Stoke City,Southampton,0,0,D,2016-2017,1548.2052747268617,1616.377385603071,0.6,0.2,-68.17211087620922,0.39999999999999997
Tottenham Hotspur,Hull City,3,0,H,2016-2017,1678.382496485385,1421.50930197008,0.8,0.0,256.87319451530493,0.8
West Bromwich Albion,Swansea City,3,1,H,2016-2017,1537.9831549666214,1517.907117339997,0.6,0.0,20.076037626624384,0.6
Crystal Palace,Chelsea,0,1,A,2016-2017,1462.9081871603087,1743.6278295829738,0.2,1.0,-280.7196424226652,-0.8
Middlesbrough,Swansea City,3,0,H,2016-2017,1439.5975543548525,1503.772906169557,0.4,0.0,-64.17535181470453,0.4
Stoke City,Leicester City,2,2,D,2016-2017,1551.1113023397484,1595.105167499992,0.6,0.0,-43.99386516024356,0.6
Sunderland,Watford,1,0,H,2016-2017,1470.766436683412,1505.3256553132214,0.4,0.2,-34.55921862980949,0.2
West Ham United,Hull City,1,0,H,2016-2017,1556.0446298640238,1415.9404999659193,0.4,0.0,140.10412989810447,0.4
West Bromwich Albion,Manchester United,0,2,A,2016-2017,1552.1173661370615,1669.0238096163262,0.6,0.4,-116.90644347926468,0.19999999999999996
AFC Bournemouth,Southampton,1,3,A,2016-2017,1524.3568837299372,1613.4713579901843,0.6,0.0,-89.1144742602471,0.6
Manchester City,Arsenal,2,1,H,2016-2017,1684.2689183892198,1719.2026217686384,0.2,0.6,-34.9337033794186,-0.39999999999999997
Tottenham Hotspur,Burnley,2,1,H,2016-2017,1683.9512984895457,1465.3577814962368,0.8,0.0,218.59351699330887,0.8
Everton,Liverpool,0,1,A,2016-2017,1553.6080620722576,1682.7817280745273,0.4,0.6,-129.17366600226978,-0.19999999999999996
Watford,Crystal Palace,1,1,D,2016-2017,1488.838515345651,1457.935270952061,0.6,0.0,30.903244393590057,0.6
Arsenal,West Bromwich Albion,1,0,H,2016-2017,1702.6994746292264,1541.9823861072389,0.6,0.2,160.71708852198753,0.39999999999999997
Burnley,Middlesbrough,1,0,H,2016-2017,1458.7199126733508,1457.3371409336635,0.6,0.0,1.382771739687314,0.6
Chelsea,AFC Bournemouth,3,0,H,2016-2017,1748.6007457912215,1513.1220567677328,1.0,0.2,235.47868902348864,0.8
Leicester City,Everton,0,2,A,2016-2017,1593.215886316871,1543.9414305246214,0.4,0.0,49.27445579224968,0.4
Manchester United,Sunderland,3,1,H,2016-2017,1679.1587896461488,1487.2535766509823,0.2,0.2,191.9052129951665,0.0
Swansea City,West Ham United,1,4,A,2016-2017,1486.033319590746,1565.3037077288288,0.4,0.2,-79.27038813808281,0.2
Hull City,Manchester City,0,3,A,2016-2017,1406.6814221011143,1700.7720655286319,0.2,0.6,-294.09064342751753,-0.39999999999999997
Liverpool,Stoke City,4,1,H,2016-2017,1692.4483596221635,1553.0005835228692,0.6,0.4,139.4477760992943,0.19999999999999996
Southampton,Tottenham Hotspur,1,4,A,2016-2017,1624.7061849523886,1690.5891673124318,0.6,0.0,-65.88298236004312,0.6
Hull City,Everton,2,2,D,2016-2017,1402.0196627745038,1561.0546305580913,0.2,0.2,-159.0349677835875,0.0
Burnley,Sunderland,4,1,H,2016-2017,1473.6602139336549,1479.787741005253,0.8,0.2,-6.1275270715982515,0.6000000000000001
Chelsea,Stoke City,4,2,H,2016-2017,1754.7498063157273,1543.7173019533357,1.0,0.4,211.0325043623916,0.6
Leicester City,West Ham United,1,0,H,2016-2017,1576.1026862834012,1576.939504378624,0.4,0.2,-0.8368180952227249,0.2
Manchester United,Middlesbrough,2,1,H,2016-2017,1686.624625291878,1442.3968396733594,0.4,0.0,244.2277856185185,0.4
Southampton,West Bromwich Albion,1,2,A,2016-2017,1612.5169721548018,1533.4651675898258,0.4,0.2,79.05180456497601,0.2
Swansea City,AFC Bournemouth,0,3,A,2016-2017,1474.397522940951,1506.972996243227,0.4,0.2,-32.57547330227612,0.2
Liverpool,Manchester City,1,0,H,2016-2017,1701.731641191697,1705.4338248552424,0.8,0.8,-3.7021836635453838,0.0
Watford,Tottenham Hotspur,1,4,A,2016-2017,1487.5078224509489,1702.7783801100186,0.6,0.2,-215.2705576590697,0.39999999999999997
Arsenal,Crystal Palace,2,0,H,2016-2017,1711.2166931466395,1459.2659638467633,0.6,0.0,251.95072929987623,0.6
Middlesbrough,Leicester City,0,0,D,2016-2017,1436.4903372587764,1591.1388145548822,0.6,0.0,-154.64847729610574,0.6
Everton,Southampton,3,0,H,2016-2017,1554.6310306063824,1594.16173238269,0.4,0.2,-39.530701776307524,0.2
Manchester City,Burnley,2,1,H,2016-2017,1690.2739947873285,1488.9247331177432,0.4,0.0,201.3492616695853,0.4
Sunderland,Liverpool,2,2,D,2016-2017,1464.5232218211647,1716.8914712596109,0.6,0.6,-252.36824943844613,0.0
West Bromwich Albion,Hull City,3,1,H,2016-2017,1551.8204073619377,1408.4432627262127,0.6,0.0,143.37714463572502,0.6
West Ham United,Manchester United,0,2,A,2016-2017,1561.903376107143,1692.531127706461,0.6,0.6,-130.6277515993179,0.0
AFC Bournemouth,Arsenal,3,3,D,2016-2017,1520.5707067261674,1716.915147497936,0.4,0.4,-196.34444077176863,0.0
Crystal Palace,Swansea City,1,2,A,2016-2017,1453.5675094954668,1460.7998124580106,0.2,0.0,-7.232302962543827,0.2
Stoke City,Watford,2,0,H,2016-2017,1536.851720455437,1480.7705484379453,0.4,0.0,56.08117201749178,0.4
Tottenham Hotspur,Chelsea,2,0,H,2016-2017,1709.5156541230222,1761.6153878136258,0.8,1.0,-52.09973369060367,-0.19999999999999996
Tottenham Hotspur,West Bromwich Albion,4,0,H,2016-2017,1726.7482708715895,1560.9593134803577,1.0,0.4,165.78895739123186,0.6
Burnley,Southampton,1,0,H,2016-2017,1481.7595866050613,1577.4623814848478,0.8,0.2,-95.70279487978655,0.6000000000000001
Hull City,AFC Bournemouth,3,1,H,2016-2017,1399.3043566077927,1528.2472546976871,0.2,0.4,-128.94289808989447,-0.2
Sunderland,Stoke City,1,3,A,2016-2017,1473.8358535782693,1549.451312784498,0.6,0.2,-75.6154592062287,0.39999999999999997
Swansea City,Arsenal,0,4,A,2016-2017,1475.487613931682,1709.2385995264162,0.4,0.2,-233.75098559473417,0.2
Watford,Middlesbrough,0,0,D,2016-2017,1468.1709561088844,1442.758455118907,0.4,0.0,25.41250098997739,0.4
West Ham United,Crystal Palace,3,0,H,2016-2017,1552.291504200861,1438.8797080217953,0.4,0.0,113.41179617906573,0.4
Leicester City,Chelsea,0,3,A,2016-2017,1584.8706966947516,1744.3827710650585,0.4,0.8,-159.5120743703069,-0.4
Everton,Manchester City,4,0,H,2016-2017,1571.3303815042245,1697.4391413000105,0.4,0.6,-126.108759795786,-0.19999999999999996
Manchester United,Liverpool,1,1,D,2016-2017,1702.1429996127429,1707.5788395025063,0.6,0.4,-5.435839889763429,0.19999999999999996
Liverpool,Swansea City,2,3,A,2016-2017,1707.3441745765858,1469.2897903983117,0.8,0.2,238.05438417827418,0.6000000000000001
AFC Bournemouth,Watford,2,2,D,2016-2017,1507.922591808511,1467.0757626120635,0.4,0.0,40.846829196447516,0.4
Crystal Palace,Everton,0,1,A,2016-2017,1428.609285756501,1591.5477950429963,0.2,0.2,-162.93850928649522,0.0
Middlesbrough,West Ham United,1,3,A,2016-2017,1443.853648615728,1562.5619264661552,0.4,0.2,-118.7082778504273,0.2
Stoke City,Manchester United,1,1,D,2016-2017,1561.237316861869,1702.3776645386633,0.4,0.8,-141.14034767679436,-0.4
West Bromwich Albion,Sunderland,2,0,H,2016-2017,1552.6190360647936,1462.0498495008983,0.8,0.2,90.5691865638953,0.6000000000000001
Manchester City,Tottenham Hotspur,2,2,D,2016-2017,1677.2217277612388,1735.0885482871536,0.6,0.4,-57.86682052591482,0.19999999999999996
Southampton,Leicester City,3,0,H,2016-2017,1558.431983696747,1576.311107576572,0.4,0.0,-17.8791238798251,0.4
Arsenal,Burnley,2,1,H,2016-2017,1715.4364230597866,1500.789984393162,0.8,0.0,214.6464386666246,0.8
Chelsea,Hull City,2,0,H,2016-2017,1752.942360183238,1419.6290194969688,1.0,0.0,333.31334068626916,1.0
Arsenal,Watford,1,2,A,2016-2017,1722.1924848822189,1468.8311816809844,1.0,0.0,253.36130320123448,1.0
AFC Bournemouth,Crystal Palace,0,2,A,2016-2017,1506.1671727395901,1420.169843890575,0.4,0.0,85.99732884901505,0.4
Burnley,Leicester City,1,0,H,2016-2017,1494.0339225707298,1560.5398844027084,0.8,0.0,-66.50596183197854,0.8
Middlesbrough,West Bromwich Albion,1,1,D,2016-2017,1433.7881594069636,1563.795077314877,0.4,0.2,-130.00691790791348,0.2
Sunderland,Tottenham Hotspur,0,0,D,2016-2017,1450.8738082508148,1732.6130846067322,0.4,0.4,-281.73927635591735,0.0
Swansea City,Southampton,2,1,H,2016-2017,1493.2128970324502,1574.2032068706108,0.4,0.2,-80.99030983816056,0.2
Liverpool,Chelsea,1,1,D,2016-2017,1683.4210679424473,1756.7825387816079,0.6,0.8,-73.36147083916057,-0.20000000000000007
West Ham United,Manchester City,0,4,A,2016-2017,1572.6274156749196,1679.6971914416602,0.6,0.4,-107.06977576674058,0.19999999999999996
Manchester United,Hull City,0,0,D,2016-2017,1696.598602065353,1415.788840898599,0.6,0.0,280.809761166754,0.6
Stoke City,Everton,1,1,D,2016-2017,1567.0163793351794,1599.9872369089223,0.4,0.4,-32.97085757374293,0.0
Chelsea,Arsenal,3,1,H,2016-2017,1753.6615156666114,1697.8535516948903,1.0,0.4,55.807963971721165,0.6
Crystal Palace,Sunderland,0,4,A,2016-2017,1438.8086370481205,1460.9251943609488,0.2,0.0,-22.116557312828263,0.2
Everton,AFC Bournemouth,6,3,H,2016-2017,1598.5680282743656,1487.5283795820446,0.6,0.2,111.03964869232095,0.39999999999999997
Hull City,Liverpool,2,0,H,2016-2017,1425.8180764594038,1686.5420910574437,0.2,0.4,-260.72401459803996,-0.2
Southampton,West Ham United,1,3,A,2016-2017,1555.7685624611731,1562.1090078068517,0.6,0.4,-6.340445345678518,0.19999999999999996
Watford,Burnley,2,1,H,2016-2017,1493.170114868313,1511.870652796705,0.2,0.0,-18.700537928391896,0.2
West Bromwich Albion,Stoke City,1,0,H,2016-2017,1558.4303092532873,1568.4355879697362,0.8,0.4,-10.005278716448856,0.4
Tottenham Hotspur,Middlesbrough,1,0,H,2016-2017,1722.5616984965982,1439.1529274685533,1.0,0.0,283.40877102804484,1.0
Manchester City,Swansea City,2,1,H,2016-2017,1690.215599309728,1511.6475414418878,0.6,0.4,178.56805786784025,0.19999999999999996
Leicester City,Manchester United,0,3,A,2016-2017,1542.7031541767333,1686.569366504548,0.4,0.6,-143.86621232781476,-0.19999999999999996
Arsenal,Hull City,2,0,H,2016-2017,1685.2424646455033,1450.349104337868,0.8,0.0,234.89336030763525,0.8
Manchester United,Watford,2,0,H,2016-2017,1695.690391465956,1508.9767032257657,0.6,0.2,186.71368824019032,0.39999999999999997
Middlesbrough,Everton,0,0,D,2016-2017,1434.2438990053818,1608.9308802098265,0.2,0.4,-174.6869812044447,-0.2
Stoke City,Crystal Palace,1,0,H,2016-2017,1553.0037447330403,1424.7621979371222,0.2,0.2,128.2415467959181,0.0
Sunderland,Southampton,0,4,A,2016-2017,1474.9716334719471,1541.0422711069693,0.2,0.2,-66.0706376350222,0.0
West Ham United,West Bromwich Albion,2,2,D,2016-2017,1576.8352991610554,1573.8621524899831,0.6,0.2,2.9731466710723,0.39999999999999997
Liverpool,Tottenham Hotspur,2,0,H,2016-2017,1662.0110631789794,1727.4707269597698,0.4,0.4,-65.45966378079038,0.0
Burnley,Chelsea,1,1,D,2016-2017,1496.0640644392522,1766.2726027159983,1.0,0.6,-270.20853827674614,0.4
Swansea City,Leicester City,2,0,H,2016-2017,1503.74291697127,1533.5821292153253,0.4,0.0,-29.83921224405526,0.4
AFC Bournemouth,Manchester City,0,2,A,2016-2017,1477.1655276465838,1698.120223780346,0.2,0.4,-220.95469613376213,-0.2
Chelsea,Swansea City,3,1,H,2016-2017,1756.501638026635,1520.0280211925283,1.0,0.4,236.47361683410668,0.6
Crystal Palace,Middlesbrough,1,0,H,2016-2017,1415.0603776404555,1441.208521425056,0.0,0.0,-26.148143784600506,0.0
Everton,Sunderland,2,0,H,2016-2017,1601.9662577901522,1462.7902371323573,0.8,0.2,139.17602065779488,0.6000000000000001
Hull City,Burnley,1,1,D,2016-2017,1444.1835553546612,1505.8350291286156,0.4,0.0,-61.65147377395442,0.4
West Bromwich Albion,AFC Bournemouth,2,1,H,2016-2017,1573.990510416894,1470.597651980023,0.8,0.2,103.39285843687094,0.6000000000000001
Watford,West Ham United,1,1,D,2016-2017,1501.3420224783977,1576.7069412341446,0.4,0.6,-75.36491875574688,-0.19999999999999996
Tottenham Hotspur,Stoke City,4,0,H,2016-2017,1709.6775781699619,1562.705565029707,1.0,0.2,146.97201314025483,0.8
Leicester City,Liverpool,3,1,H,2016-2017,1517.297024994067,1679.8042119687873,0.4,0.4,-162.5071869747203,0.0
Manchester United,AFC Bournemouth,1,1,D,2016-2017,1703.3250722133241,1459.9342161057075,0.6,0.2,243.39085610761663,0.39999999999999997
Leicester City,Hull City,3,1,H,2016-2017,1538.8425154705499,1446.8176740213412,0.4,0.0,92.02484144920868,0.4
Stoke City,Middlesbrough,2,0,H,2016-2017,1553.6976316858575,1425.0817419161606,0.4,0.0,128.61588976969688,0.4
Swansea City,Burnley,3,2,H,2016-2017,1513.906912216254,1503.2009104619356,0.4,0.0,10.70600175431855,0.4
Watford,Southampton,3,4,A,2016-2017,1504.545696702943,1553.2236674465591,0.2,0.4,-48.67797074361624,-0.2
West Bromwich Albion,Crystal Palace,0,2,A,2016-2017,1584.6539462912096,1431.187157149351,0.8,0.2,153.46678914185873,0.6000000000000001
Liverpool,Arsenal,3,1,H,2016-2017,1658.2587214923044,1691.4080136287103,0.6,0.2,-33.14929213640585,0.39999999999999997
Tottenham Hotspur,Everton,3,2,H,2016-2017,1718.6855115138114,1611.2595708295153,1.0,0.4,107.42594068429617,0.6
Sunderland,Manchester City,0,2,A,2016-2017,1453.4969240929943,1704.6880994469066,0.2,0.6,-251.19117535391229,-0.39999999999999997
West Ham United,Chelsea,1,2,A,2016-2017,1573.5032670095993,1762.6227470029091,0.4,0.4,-189.11947999330982,0.0
Manchester City,Stoke City,0,0,D,2016-2017,1710.4067640859164,1563.3853119947717,0.8,0.2,147.02145209114474,0.6000000000000001
AFC Bournemouth,West Ham United,3,2,H,2016-2017,1469.0048267685481,1565.947141912139,0.0,0.6,-96.9423151435908,-0.6
Everton,West Bromwich Albion,3,0,H,2016-2017,1600.7551629244626,1563.4279971353815,0.8,0.2,37.327165789081164,0.6000000000000001
Hull City,Swansea City,2,1,H,2016-2017,1435.7003310908992,1528.444843204717,0.4,0.4,-92.74451211381779,0.0
Liverpool,Burnley,2,1,H,2016-2017,1674.6855644331793,1488.6629794734727,0.6,0.0,186.0225849597066,0.6
West Bromwich Albion,Arsenal,3,1,H,2016-2017,1550.033368485611,1674.9811706878354,0.8,0.2,-124.94780220222447,0.6000000000000001
Crystal Palace,Watford,1,0,H,2016-2017,1452.413106305179,1491.6336494361044,0.2,0.2,-39.22054313092531,0.0
Everton,Hull City,4,0,H,2016-2017,1614.1497915742332,1454.6119615256082,1.0,0.0,159.53783004862498,1.0
Stoke City,Chelsea,1,2,A,2016-2017,1569.3791723903753,1770.1788721003695,0.6,0.4,-200.79969970999423,0.19999999999999996
Sunderland,Burnley,0,0,D,2016-2017,1447.7782594539844,1481.0056331273008,0.0,0.0,-33.22737367331638,0.0
West Ham United,Leicester City,2,3,A,2016-2017,1546.867141018847,1549.9598584009918,0.2,0.0,-3.0927173821448832,0.2
AFC Bournemouth,Swansea City,2,0,H,2016-2017,1488.08482766184,1509.533212770008,0.2,0.4,-21.44838510816794,-0.2
Middlesbrough,Manchester United,1,3,A,2016-2017,1415.3940616072464,1694.2544615504835,0.2,0.8,-278.8603999432371,-0.6000000000000001
Tottenham Hotspur,Southampton,2,1,H,2016-2017,1729.189919418864,1566.1357147133976,1.0,0.4,163.05420470546642,0.6
Manchester City,Liverpool,1,1,D,2016-2017,1704.4129036903128,1682.342910779351,0.6,0.2,22.069992910961673,0.39999999999999997
Liverpool,Everton,3,1,H,2016-2017,1683.294469428764,1622.7084737501648,0.6,0.2,60.58599567859915,0.39999999999999997
Burnley,Tottenham Hotspur,0,2,A,2016-2017,1479.5754497094429,1737.625322403699,0.8,0.4,-258.04987269425624,0.4
Chelsea,Crystal Palace,1,2,A,2016-2017,1777.3612862539362,1469.0992371082157,1.0,0.4,308.26204914572054,0.6
Hull City,West Ham United,2,1,H,2016-2017,1446.0532793496766,1532.0006608349076,0.6,0.4,-85.94738148523106,0.19999999999999996
Leicester City,Stoke City,2,0,H,2016-2017,1564.8263385849311,1562.1967582368086,0.6,0.2,2.629580348122545,0.39999999999999997
Manchester United,West Bromwich Albion,0,0,D,2016-2017,1699.2719376431096,1570.20667238266,0.4,0.2,129.06526526044968,0.2
Watford,Sunderland,1,0,H,2016-2017,1474.9475186330678,1449.2084428718424,0.2,0.2,25.739075761225422,0.0
Southampton,AFC Bournemouth,0,0,D,2016-2017,1557.7003117285626,1504.0096543391992,0.4,0.2,53.69065738936342,0.2
Swansea City,Middlesbrough,0,0,D,2016-2017,1493.6083860926487,1410.3765855146203,0.6,0.0,83.23180057802847,0.6
Arsenal,Manchester City,2,2,D,2016-2017,1654.8078667907864,1703.4613450409,0.8,0.6,-48.653478250113494,0.20000000000000007
Burnley,Stoke City,1,0,H,2016-2017,1474.037300721758,1547.3102841786922,0.6,0.2,-73.2729834569343,0.39999999999999997
Leicester City,Sunderland,2,0,H,2016-2017,1579.7128126430475,1435.317659606303,0.6,0.2,144.39515303674443,0.39999999999999997
Watford,West Bromwich Albion,2,0,H,2016-2017,1488.8383018986071,1575.53595200215,0.4,0.0,-86.69765010354286,0.4
Manchester United,Everton,1,1,D,2016-2017,1693.9426580236195,1610.2979867141198,0.2,0.2,83.6446713094997,0.0
Arsenal,West Ham United,3,0,H,2016-2017,1656.894782576263,1513.3638972491265,0.6,0.4,143.5308853271365,0.19999999999999996
Hull City,Middlesbrough,4,2,H,2016-2017,1464.6900429354578,1413.90279250866,0.8,0.0,50.787250426797755,0.8
Southampton,Crystal Palace,3,1,H,2016-2017,1555.400577136744,1494.7497253159884,0.2,0.6,60.65085182075563,-0.39999999999999997
Swansea City,Tottenham Hotspur,1,3,A,2016-2017,1490.082179098609,1743.163471391384,0.6,0.4,-253.08129229277506,0.19999999999999996
Chelsea,Manchester City,2,1,H,2016-2017,1751.7107980461635,1701.3744292554234,0.8,0.6,50.33636879074015,0.20000000000000007
Liverpool,AFC Bournemouth,2,2,D,2016-2017,1695.704956464809,1506.3093889310178,0.8,0.0,189.3955675337911,0.8
Tottenham Hotspur,Watford,4,0,H,2016-2017,1748.8319449438852,1507.5055371201352,1.0,0.2,241.32640782375006,0.8
Manchester City,Hull City,3,1,H,2016-2017,1688.5325463547858,1477.512866226582,0.4,0.0,211.01968012820385,0.4
Middlesbrough,Burnley,0,0,D,2016-2017,1401.0799692175358,1492.1546687259504,0.0,0.0,-91.0746995084146,0.0
Stoke City,Liverpool,1,2,A,2016-2017,1529.1929161744997,1688.2521009301122,0.4,0.0,-159.05918475561248,0.4
West Bromwich Albion,Southampton,0,1,A,2016-2017,1556.868716780622,1567.8083476447378,0.8,0.4,-10.93963086411577,0.4
West Ham United,Swansea City,1,0,H,2016-2017,1504.23061427792,1484.4137055461078,0.2,0.2,19.81690873181219,0.0
AFC Bournemouth,Chelsea,1,3,A,2016-2017,1513.7622444657145,1764.552680946801,0.4,0.6,-250.79043648108654,-0.19999999999999996
Sunderland,Manchester United,0,3,A,2016-2017,1426.2159514305663,1690.3996157414942,0.0,0.8,-264.18366431092795,-0.8
Everton,Leicester City,4,2,H,2016-2017,1613.841028996245,1588.8145208187843,1.0,0.2,25.026508177460755,0.8
Crystal Palace,Arsenal,3,0,H,2016-2017,1482.3419548079946,1666.0280655474694,0.4,0.2,-183.68611073947477,0.2
Tottenham Hotspur,AFC Bournemouth,4,0,H,2016-2017,1754.8180748506777,1508.0328948647953,1.0,0.0,246.78517998588245,1.0
Crystal Palace,Leicester City,2,2,D,2016-2017,1504.607653977834,1574.8931371657623,0.6,0.2,-70.28548318792832,0.39999999999999997
Everton,Burnley,3,1,H,2016-2017,1627.7624126492672,1488.310311190252,1.0,0.0,139.45210145901524,1.0
Stoke City,Hull City,3,1,H,2016-2017,1520.6173698920984,1470.6468938783466,0.4,0.0,49.97047601375175,0.4
Sunderland,West Ham United,2,2,D,2016-2017,1420.8354775391358,1518.3759761487381,0.0,0.2,-97.54049860960231,-0.2
Watford,Swansea City,1,0,H,2016-2017,1501.5194072133427,1470.2683436752898,0.6,0.0,31.251063538052904,0.6
Southampton,Manchester City,0,3,A,2016-2017,1582.3362018353657,1695.3985187030212,0.4,0.6,-113.06231686765545,-0.19999999999999996
West Bromwich Albion,Liverpool,0,1,A,2016-2017,1542.340862589994,1696.8276472125135,0.6,0.2,-154.4867846225195,0.39999999999999997
Manchester United,Chelsea,2,0,H,2016-2017,1695.7800896329247,1770.2820305477203,0.2,0.6,-74.50194091479557,-0.39999999999999997
Middlesbrough,Arsenal,1,2,A,2016-2017,1404.9243267532345,1643.76236637763,0.0,0.2,-238.8380396243956,-0.2
AFC Bournemouth,Middlesbrough,4,0,H,2016-2017,1502.1959142351109,1398.8692644927278,0.4,0.0,103.3266497423831,0.4
Hull City,Watford,2,0,H,2016-2017,1457.7895387709807,1515.173817266961,0.8,0.2,-57.3842784959802,0.6000000000000001
Swansea City,Stoke City,2,0,H,2016-2017,1456.6139336216715,1533.4747249994643,0.6,0.0,-76.8607913777928,0.6
West Ham United,Everton,0,0,D,2016-2017,1514.272071503287,1637.0455346025517,0.2,0.0,-122.77346309926475,0.2
Burnley,Manchester United,0,2,A,2016-2017,1479.0271892369674,1713.9481868464204,0.6,0.8,-234.92099760945302,-0.20000000000000007
Liverpool,Crystal Palace,1,2,A,2016-2017,1705.5652923195348,1507.6013941608196,0.8,0.6,197.9638981587152,0.20000000000000007
Chelsea,Southampton,4,2,H,2016-2017,1752.1139333342246,1572.0521870613525,0.8,0.6,180.06174627287214,0.20000000000000007
Arsenal,Leicester City,1,0,H,2016-2017,1649.8174286381368,1571.8993969827766,0.6,0.2,77.91803165536021,0.39999999999999997
Middlesbrough,Sunderland,1,0,H,2016-2017,1388.203208928677,1424.939382184587,0.0,0.2,-36.73617325590999,-0.2
Crystal Palace,Tottenham Hotspur,0,1,A,2016-2017,1530.3294245413626,1760.655055480362,0.6,0.4,-230.32563093899944,0.19999999999999996
Manchester City,Manchester United,0,0,D,2016-2017,1705.6825334770344,1720.1129565619865,0.4,0.8,-14.430423084952054,-0.4
Southampton,Hull City,0,0,D,2016-2017,1564.197519103954,1475.2447321956238,0.4,0.0,88.95278690833015,0.4
Stoke City,West Ham United,0,0,D,2016-2017,1515.2094717207642,1519.3624898199896,0.6,0.0,-4.153018099225392,0.6
Sunderland,AFC Bournemouth,0,1,A,2016-2017,1408.359238342697,1512.8619697991617,0.0,0.0,-104.50273145646474,0.0
West Bromwich Albion,Leicester City,0,1,A,2016-2017,1533.6032174829727,1560.2081031486357,0.4,0.2,-26.604885665663005,0.2
Crystal Palace,Burnley,0,2,A,2016-2017,1524.0340792422855,1472.8624195214013,0.6,0.0,51.171659720884236,0.6
Manchester United,Swansea City,1,1,D,2016-2017,1719.4903031181225,1474.8791869003717,0.4,0.0,244.6111162177508,0.4
Everton,Chelsea,0,3,A,2016-2017,1631.955116285849,1759.9686012916231,1.0,0.6,-128.0134850057741,0.4
Middlesbrough,Manchester City,2,2,D,2016-2017,1404.783352770567,1706.3051869208984,0.2,0.6,-301.5218341503314,-0.39999999999999997
Tottenham Hotspur,Arsenal,2,0,H,2016-2017,1766.9504007794392,1661.5087224722777,1.0,0.2,105.44167830716151,0.8
Watford,Liverpool,0,1,A,2016-2017,1497.7186238423178,1682.8372619389918,0.6,0.4,-185.11863809667398,0.19999999999999996
West Ham United,Tottenham Hotspur,1,0,H,2016-2017,1519.1831981547557,1777.5329140419888,0.2,0.6,-258.34971588723306,-0.39999999999999997
Manchester City,Crystal Palace,5,0,H,2016-2017,1695.8009881269536,1506.840658501001,0.4,0.6,188.96032962595268,-0.19999999999999996
AFC Bournemouth,Stoke City,2,2,D,2016-2017,1523.4815342396018,1515.3887633859981,0.6,0.0,8.092770853603724,0.6
Burnley,West Bromwich Albion,2,2,D,2016-2017,1490.055840262686,1519.749602905284,0.4,0.0,-29.69376264259813,0.4
Hull City,Sunderland,0,2,A,2016-2017,1479.0033636910953,1397.7396739022568,0.8,0.2,81.26368978883852,0.6000000000000001
Leicester City,Watford,3,0,H,2016-2017,1574.0617177263243,1490.031564744408,0.8,0.2,84.03015298191644,0.6000000000000001
Swansea City,Everton,1,0,H,2016-2017,1483.983144869187,1622.2446761744263,0.6,0.0,-138.26153130523926,0.6
Liverpool,Southampton,0,0,D,2016-2017,1690.5243210369017,1560.4388876084824,0.6,0.6,130.08543342841926,0.0
Arsenal,Manchester United,2,0,H,2016-2017,1650.926209209728,1710.386345149307,0.6,0.8,-59.460135939579004,-0.20000000000000007
Chelsea,Middlesbrough,3,0,H,2016-2017,1769.6790414030459,1415.287551564512,0.8,0.0,354.39148983853397,0.8
Southampton,Arsenal,0,2,A,2016-2017,1565.8066116160378,1668.468537291971,0.2,0.2,-102.66192567593316,0.0
Everton,Watford,1,0,H,2016-2017,1601.5717901232927,1478.5903169655073,0.8,0.0,122.98147315778533,0.8
West Bromwich Albion,Chelsea,0,1,A,2016-2017,1518.4707323795164,1773.1309168859516,0.2,0.8,-254.66018450643514,-0.6000000000000001
Manchester City,Leicester City,2,1,H,2016-2017,1703.3622933199836,1585.502965505225,0.4,0.4,117.85932781475867,0.0
AFC Bournemouth,Burnley,2,1,H,2016-2017,1523.1322044108472,1491.3347107884535,0.6,0.2,31.79749362239363,0.39999999999999997
Middlesbrough,Southampton,1,2,A,2016-2017,1411.8356760816062,1555.1142388470382,0.2,0.4,-143.27856276543207,-0.2
Sunderland,Swansea City,0,2,A,2016-2017,1416.18550023551,1504.6560309203207,0.0,0.0,-88.47053068481068,0.0
Stoke City,Arsenal,1,4,A,2016-2017,1515.7380932147528,1679.1609100609705,0.4,0.4,-163.42281684621776,0.0
Crystal Palace,Hull City,4,0,H,2016-2017,1499.279353307971,1460.557537357842,0.4,0.0,38.721815950128985,0.4
West Ham United,Liverpool,0,4,A,2016-2017,1543.65283932249,1685.1565970293464,0.4,0.6,-141.50375770685628,-0.19999999999999996
Tottenham Hotspur,Manchester United,2,1,H,2016-2017,1753.0632728742544,1692.8440170670642,1.0,0.6,60.219255807190166,0.4
Chelsea,Watford,4,3,H,2016-2017,1778.7577233295913,1468.688679932758,0.8,0.0,310.0690433968332,0.8
Arsenal,Sunderland,2,0,H,2016-2017,1687.5834527933448,1404.924611568898,0.8,0.2,282.65884122444686,0.6000000000000001
Manchester City,West Bromwich Albion,3,1,H,2016-2017,1713.4604944019989,1512.8439259358768,0.6,0.0,200.6165684661221,0.6
Southampton,Manchester United,0,0,D,2016-2017,1564.2567516730194,1680.4181656808578,0.2,0.4,-116.1614140078384,-0.2
Leicester City,Tottenham Hotspur,1,6,A,2016-2017,1575.4047644232096,1765.4891242604608,1.0,0.6,-190.0843598372512,0.4
Arsenal,Everton,3,1,H,2016-2017,1692.510231262091,1611.473427156042,0.8,0.0,81.0368041060492,0.8
Burnley,West Ham United,1,2,A,2016-2017,1477.703698854569,1534.4452572063683,0.2,0.0,-56.74155835179931,0.2
Chelsea,Sunderland,5,1,H,2016-2017,1783.068694152486,1399.9978331001516,0.8,0.2,383.0708610523343,0.6000000000000001
Hull City,Tottenham Hotspur,1,7,A,2016-2017,1447.2224050308882,1773.0138944582366,0.8,0.8,-325.7914894273483,0.0
Leicester City,AFC Bournemouth,1,1,D,2016-2017,1567.8799942254338,1536.7632163447317,0.8,0.2,31.116777880702102,0.6000000000000001
Liverpool,Middlesbrough,3,0,H,2016-2017,1694.3641791454681,1402.693163255625,0.4,0.0,291.67101588984315,0.4
Manchester United,Crystal Palace,2,0,H,2016-2017,1675.5819476204913,1512.6144856349247,0.2,0.6,162.96746198556662,-0.39999999999999997
Southampton,Stoke City,0,1,A,2016-2017,1569.0929697333859,1507.3155504823785,0.2,0.0,61.77741925100736,0.2
Swansea City,West Bromwich Albion,2,1,H,2016-2017,1515.9169195869329,1505.6557513337239,0.6,0.0,10.261168253209007,0.6
Watford,Manchester City,0,5,A,2016-2017,1464.3777091098634,1720.6486690041518,0.6,0.4,-256.27095989428835,0.19999999999999996
Arsenal,Leicester City,4,3,H,2017-2018,1704.073684836061,1566.5401554019627,1.0,0.2,137.53352943409823,0.8
Watford,Liverpool,3,3,D,2017-2018,1458.793168007674,1699.0810435712167,0.6,0.8,-240.28787556354268,-0.20000000000000007
Chelsea,Burnley,2,3,A,2017-2018,1786.0474084918098,1465.1318790804485,1.0,0.2,320.9155294113614,0.8
Crystal Palace,Huddersfield Town,0,3,A,2017-2018,1504.1760546066143,1500.0,0.4,0.0,4.176054606614343,0.4
Everton,Stoke City,1,0,H,2017-2018,1599.909973582072,1524.9549386342399,0.8,0.2,74.95503494783225,0.6000000000000001
Southampton,Swansea City,0,0,D,2017-2018,1551.4535815815245,1530.4740381036254,0.0,0.2,20.979543477899142,-0.2
West Bromwich Albion,AFC Bournemouth,1,0,H,2017-2018,1491.0986328170313,1538.103055168203,0.2,0.2,-47.00442235117157,0.0
Brighton and Hove Albion,Manchester City,0,2,A,2017-2018,1500.0,1726.2332101063412,0.0,0.4,-226.23321010634118,-0.4
Newcastle United,Tottenham Hotspur,0,2,A,2017-2018,1485.332649749556,1777.0014157431738,0.6,0.8,-291.66876599361785,-0.20000000000000007
Manchester United,West Ham United,4,0,H,2017-2018,1684.0203786488016,1547.0170769804888,0.4,0.2,137.00330166831282,0.2
Swansea City,Manchester United,0,4,A,2017-2018,1531.3786985402728,1693.3941087118849,0.6,0.2,-162.01541017161207,0.39999999999999997
AFC Bournemouth,Watford,0,2,A,2017-2018,1521.0860023617543,1467.7783407218503,0.6,0.0,53.30766163990393,0.6
Burnley,West Bromwich Albion,0,1,A,2017-2018,1491.0463076065864,1508.11568562348,0.2,0.0,-17.069378016893552,0.2
Leicester City,Brighton and Hove Albion,2,0,H,2017-2018,1557.1860852333618,1493.5866697867114,0.6,0.0,63.59941544665048,0.6
Liverpool,Crystal Palace,1,0,H,2017-2018,1690.0958708570404,1488.9957685182906,0.4,0.4,201.10010233874982,0.0
Southampton,West Ham United,3,2,H,2017-2018,1550.548921144877,1537.6433469174056,0.0,0.2,12.905574227471561,-0.2
Stoke City,Arsenal,1,0,H,2017-2018,1513.141719723597,1713.4277550046618,0.2,0.6,-200.28603528106487,-0.39999999999999997
Huddersfield Town,Newcastle United,1,0,H,2017-2018,1515.1802860883238,1480.6157338385149,0.0,0.0,34.56455224980891,0.0
Tottenham Hotspur,Chelsea,1,2,A,2017-2018,1781.7183316542148,1760.132979965672,1.0,0.8,21.585351688542914,0.19999999999999996
Manchester City,Everton,1,1,D,2017-2018,1732.6465403196298,1611.723192492715,0.8,0.0,120.92334782691478,0.8
AFC Bournemouth,Manchester City,1,2,A,2017-2018,1503.8024170759209,1727.6269261917478,0.4,0.6,-223.8245091158269,-0.19999999999999996
Crystal Palace,Swansea City,0,2,A,2017-2018,1481.8227967679477,1522.906989536597,0.2,0.2,-41.084192768649245,0.0
Huddersfield Town,Southampton,0,0,D,2017-2018,1528.692918113609,1564.9919988344009,1.0,0.4,-36.299080720791835,0.6
Newcastle United,West Ham United,3,0,H,2017-2018,1467.1031018132296,1523.2002692278818,0.6,0.2,-56.097167414652176,0.39999999999999997
Watford,Brighton and Hove Albion,0,0,D,2017-2018,1485.0619260076837,1481.3022133651684,0.4,0.0,3.7597126425152965,0.4
Manchester United,Leicester City,2,0,H,2017-2018,1701.8658177155608,1569.4705416549048,0.6,0.2,132.395276060656,0.39999999999999997
Chelsea,Everton,2,0,H,2017-2018,1776.0636973435387,1616.742806620597,0.8,0.0,159.3208907229416,0.8
West Bromwich Albion,Stoke City,1,1,D,2017-2018,1522.3793336890149,1535.9431400932287,0.2,0.2,-13.563806404213892,0.0
Liverpool,Arsenal,4,0,H,2017-2018,1697.2688426073832,1690.62633463503,0.4,0.6,6.6425079723533145,-0.19999999999999996
Tottenham Hotspur,Burnley,1,1,D,2017-2018,1765.787614276348,1476.7826595410515,0.8,0.4,289.00495473529645,0.4
Manchester City,Liverpool,5,0,H,2017-2018,1734.1104483968068,1711.9820974219733,0.6,0.8,22.128350974833438,-0.20000000000000007
Arsenal,AFC Bournemouth,3,0,H,2017-2018,1675.9130798204399,1497.3188948708619,1.0,0.2,178.594184949578,0.8
Brighton and Hove Albion,West Bromwich Albion,3,1,H,2017-2018,1481.4645268723611,1522.9646329624995,0.0,0.2,-41.50010609013839,-0.2
Everton,Tottenham Hotspur,0,3,A,2017-2018,1608.1764834919998,1755.565808419066,0.8,0.8,-147.38932492706613,0.0
Leicester City,Chelsea,1,2,A,2017-2018,1559.9250117471904,1784.630020472136,0.6,0.8,-224.70500872494563,-0.20000000000000007
Southampton,Watford,0,2,A,2017-2018,1563.430518846032,1484.899612500491,0.2,0.2,78.5309063455411,0.0
Stoke City,Manchester United,2,2,D,2017-2018,1535.357840819744,1711.411347623275,0.4,0.2,-176.05350680353104,0.2
Burnley,Crystal Palace,1,0,H,2017-2018,1487.0044653983337,1468.5883224871673,0.2,0.2,18.41614291116639,0.0
Swansea City,Newcastle United,0,1,A,2017-2018,1536.1414638173774,1484.5041823712454,0.6,0.0,51.637281446131965,0.6
West Ham United,Huddersfield Town,2,0,H,2017-2018,1505.799188669866,1530.2543981019778,0.4,1.0,-24.455209432111815,-0.6
AFC Bournemouth,Brighton and Hove Albion,2,1,H,2017-2018,1489.4151459735797,1498.247757747216,0.4,0.0,-8.832611773636245,0.4
Crystal Palace,Southampton,0,1,A,2017-2018,1454.3826674911825,1545.0966499965464,0.2,0.4,-90.7139825053639,-0.2
Huddersfield Town,Leicester City,1,1,D,2017-2018,1514.200322048372,1553.4672125359007,0.5,0.2,-39.2668904875286,0.3
Liverpool,Burnley,1,1,D,2017-2018,1697.9361654255088,1501.2101203943184,0.6,0.4,196.72604503119032,0.19999999999999996
Newcastle United,Stoke City,2,1,H,2017-2018,1501.7172719073828,1542.3686574576793,0.6,0.2,-40.65138555029648,0.39999999999999997
Watford,Manchester City,0,6,A,2017-2018,1503.2334813499767,1748.1563803932713,0.2,0.8,-244.9228990432946,-0.6000000000000001
West Bromwich Albion,West Ham United,0,0,D,2017-2018,1506.1814020876448,1521.8532647234717,0.2,0.2,-15.671862635826983,0.0
Tottenham Hotspur,Swansea City,0,0,D,2017-2018,1764.558607303405,1518.92837428124,0.6,0.4,245.63023302216516,0.19999999999999996
Chelsea,Arsenal,0,0,D,2017-2018,1791.0878196834258,1683.816828717722,0.8,0.4,107.27099096570373,0.4
Manchester United,Everton,4,0,H,2017-2018,1704.4005309853399,1599.1836846076606,0.8,0.0,105.2168463776793,0.8
West Ham United,Tottenham Hotspur,2,3,A,2017-2018,1521.1771145416014,1755.426907599814,0.6,0.8,-234.24979305821262,-0.20000000000000007
Burnley,Huddersfield Town,0,0,D,2017-2018,1508.8988217217793,1515.8884285142283,0.2,0.5,-6.989606792448967,-0.3
Everton,AFC Bournemouth,2,1,H,2017-2018,1588.5923047478557,1504.7963983472846,0.6,0.2,83.79590640057108,0.39999999999999997
Manchester City,Crystal Palace,5,0,H,2017-2018,1754.043924771841,1443.2124706908146,0.8,0.2,310.8314540810263,0.6000000000000001
Southampton,Manchester United,0,1,A,2017-2018,1556.2668467969143,1714.9919108451447,0.2,0.2,-158.72506404823048,0.0
Stoke City,Chelsea,0,4,A,2017-2018,1525.6215613536033,1786.5983172235274,0.4,0.8,-260.9767558699241,-0.4
Swansea City,Watford,1,2,A,2017-2018,1528.060073984831,1497.3459369714071,0.6,0.4,30.71413701342385,0.19999999999999996
Leicester City,Liverpool,2,3,A,2017-2018,1551.7791060700445,1690.2474640980479,0.4,0.6,-138.46835802800342,-0.19999999999999996
Brighton and Hove Albion,Newcastle United,1,0,H,2017-2018,1482.866505373511,1518.4643680114589,0.5,0.2,-35.597862637947856,0.3
Arsenal,West Bromwich Albion,2,0,H,2017-2018,1688.3063311776205,1506.857552269515,1.0,0.2,181.4487789081054,0.8
Huddersfield Town,Tottenham Hotspur,0,4,A,2017-2018,1515.5867036354205,1761.610623400033,0.3333333333333333,1.0,-246.02391976461263,-0.6666666666666667
AFC Bournemouth,Leicester City,0,0,D,2017-2018,1493.345605055302,1542.4596426537912,0.4,0.2,-49.114037598489176,0.2
Manchester United,Crystal Palace,4,0,H,2017-2018,1723.5792410036747,1438.917675710327,0.8,0.0,284.6615652933476,0.8
Stoke City,Southampton,2,1,H,2017-2018,1520.1590924947172,1547.6795166383843,0.2,0.4,-27.520424143667015,-0.2
West Bromwich Albion,Watford,2,2,D,2017-2018,1499.0490908820018,1513.6685293076357,0.2,0.6,-14.619438425633916,-0.39999999999999997
West Ham United,Swansea City,1,0,H,2017-2018,1514.9933987413824,1511.7374816486024,0.4,0.4,3.2559170927800096,0.0
Chelsea,Manchester City,0,1,A,2017-2018,1792.0607860824134,1758.3387197523284,0.6,0.8,33.722066330085,-0.20000000000000007
Arsenal,Brighton and Hove Albion,2,0,H,2017-2018,1696.1147925651337,1499.398033156786,1.0,0.0,196.7167594083478,1.0
Everton,Burnley,0,1,A,2017-2018,1600.0430980398382,1509.2005466005871,0.6,0.4,90.84255143925111,0.19999999999999996
Newcastle United,Liverpool,1,1,D,2017-2018,1501.932840228184,1699.5669275143011,0.8,0.6,-197.63408728611716,0.20000000000000007
Liverpool,Manchester United,0,0,D,2017-2018,1691.8493618049922,1728.4587320077815,0.6,0.4,-36.60937020278925,0.19999999999999996
Burnley,West Ham United,1,1,D,2017-2018,1528.035538231158,1529.8528336156774,0.2,0.2,-1.8172953845194115,0.0
Crystal Palace,Chelsea,2,1,H,2017-2018,1434.0381847062204,1775.609442109872,0.2,1.0,-341.57125740365154,-0.8
Manchester City,Stoke City,7,2,H,2017-2018,1774.79006372487,1536.344766014679,0.8,0.2,238.44529771019097,0.6000000000000001
Swansea City,Huddersfield Town,2,0,H,2017-2018,1496.8780467743074,1509.7290935384226,0.4,0.3333333333333333,-12.851046764115154,0.06666666666666671
Tottenham Hotspur,AFC Bournemouth,1,0,H,2017-2018,1767.468233497031,1495.4520162952738,0.4,0.2,272.0162172017572,0.2
Watford,Arsenal,2,1,H,2017-2018,1513.0377296615673,1703.4263868044359,0.0,0.4,-190.38865714286862,-0.4
Brighton and Hove Albion,Everton,1,1,D,2017-2018,1492.0864389174837,1581.2081064092674,0.6666666666666666,0.0,-89.12166749178368,0.6666666666666666
Southampton,Newcastle United,2,2,D,2017-2018,1531.4938431184225,1509.650405937493,0.2,0.2,21.84343718092964,0.0
Leicester City,West Bromwich Albion,1,1,D,2017-2018,1540.3532314138195,1499.6798905280702,0.2,0.2,40.67334088574921,0.0
West Ham United,Brighton and Hove Albion,0,3,A,2017-2018,1529.774375382531,1495.851902943351,0.6,0.0,33.922472439179955,0.6
Chelsea,Watford,4,2,H,2017-2018,1749.2932346041773,1535.5228299899677,0.4,0.6,213.7704046142096,-0.19999999999999996
Huddersfield Town,Manchester United,2,1,H,2017-2018,1494.1745221362746,1726.8840021501192,0.25,0.4,-232.70948001384454,-0.15000000000000002
Manchester City,Burnley,3,0,H,2017-2018,1780.856059673666,1528.1139964643044,0.8,0.4,252.74206320936173,0.4
Newcastle United,Crystal Palace,1,0,H,2017-2018,1510.5922223504756,1460.354392211915,0.6,0.0,50.23783013856064,0.6
Stoke City,AFC Bournemouth,1,2,A,2017-2018,1530.2787700658828,1490.2677571520867,0.4,0.0,40.011012913796094,0.4
Swansea City,Leicester City,1,2,A,2017-2018,1512.4326181764554,1538.6052002876265,0.4,0.0,-26.172582111171096,0.4
Southampton,West Bromwich Albion,1,0,H,2017-2018,1530.5520267054399,1501.4279216542632,0.2,0.2,29.124105051176684,0.0
Everton,Arsenal,2,5,A,2017-2018,1577.4426423834002,1680.9412864760354,0.6,0.2,-103.49864409263523,0.39999999999999997
Tottenham Hotspur,Liverpool,4,1,H,2017-2018,1772.652492640218,1693.4240916626545,0.4,0.4,79.22840097756352,0.0
Manchester United,Tottenham Hotspur,1,0,H,2017-2018,1703.111359206111,1784.2900108847773,1.0,1.0,-81.17865167866626,0.0
Arsenal,Swansea City,2,1,H,2017-2018,1691.600537311886,1498.5604468135202,1.0,0.4,193.04009049836577,0.6
Crystal Palace,West Ham United,2,2,D,2017-2018,1447.5083429482997,1513.3144606622425,0.4,0.0,-65.80611771394274,0.4
Liverpool,Huddersfield Town,3,0,H,2017-2018,1681.7865734180953,1517.9471650802827,0.6,0.25,163.83940833781253,0.35
Watford,Stoke City,0,1,A,2017-2018,1528.7403343380654,1513.5589518359131,0.2,0.2,15.181382502152246,0.0
West Bromwich Albion,Manchester City,2,3,A,2017-2018,1487.682373466034,1786.5335163365755,0.2,1.0,-298.8511428705415,-0.8
AFC Bournemouth,Chelsea,0,1,A,2017-2018,1506.9875753820563,1756.0757302560796,0.4,0.8,-249.0881548740233,-0.4
Brighton and Hove Albion,Southampton,1,1,D,2017-2018,1512.3118176636394,1544.297574893669,0.5,0.4,-31.98575723002955,0.09999999999999998
Leicester City,Everton,2,0,H,2017-2018,1552.4773716505617,1566.7833915475496,0.2,0.0,-14.306019896987891,0.2
Burnley,Newcastle United,1,0,H,2017-2018,1522.436539801395,1523.4382716140908,0.2,0.2,-1.0017318126958799,0.0
Stoke City,Leicester City,2,2,D,2017-2018,1529.2139679844834,1568.0946633522206,0.4,0.2,-38.88069536773719,0.2
Huddersfield Town,West Bromwich Albion,1,0,H,2017-2018,1509.5391421212162,1483.1274960780197,0.4,0.2,26.41164604319647,0.2
Newcastle United,AFC Bournemouth,0,1,A,2017-2018,1508.3950234950723,1501.2126676183975,0.6,0.2,7.182355876674819,0.39999999999999997
Southampton,Burnley,0,1,A,2017-2018,1542.920526935415,1537.4797879204134,0.4,0.4,5.440739015001554,0.0
Swansea City,Brighton and Hove Albion,0,1,A,2017-2018,1491.1311866301317,1513.6888656218935,0.2,0.2,-22.557678991761804,0.0
West Ham United,Liverpool,1,4,A,2017-2018,1510.506875581619,1690.1945963771618,0.4,0.2,-179.68772079554287,0.2
Tottenham Hotspur,Crystal Palace,1,0,H,2017-2018,1765.8476623904187,1450.3159280289233,0.4,0.0,315.5317343614954,0.4
Manchester City,Arsenal,3,1,H,2017-2018,1791.0883937245899,1699.0297974952746,0.8,0.2,92.0585962293153,0.6000000000000001
Chelsea,Manchester United,1,0,H,2017-2018,1761.8506380197384,1721.5537077004697,0.4,0.4,40.29693031926877,0.0
Everton,Watford,3,2,H,2017-2018,1551.1660998458908,1513.0853181894952,0.4,0.6,38.08078165639563,-0.19999999999999996
Arsenal,Tottenham Hotspur,2,0,H,2017-2018,1687.9138142016345,1770.0438470304807,1.0,0.8,-82.1300328288462,0.19999999999999996
AFC Bournemouth,Huddersfield Town,4,0,H,2017-2018,1516.5227106833815,1523.4010511462636,0.2,0.2,-6.878340462882079,0.0
Burnley,Swansea City,2,0,H,2017-2018,1552.7146643067595,1477.1037137675492,0.4,0.2,75.61095053921031,0.2
Crystal Palace,Everton,2,2,D,2017-2018,1446.1197433888613,1564.528572478041,0.2,0.0,-118.40882908917979,0.2
Leicester City,Manchester City,0,2,A,2017-2018,1566.4230211485785,1802.20437701823,0.4,1.0,-235.7813558696514,-0.6
Liverpool,Southampton,3,0,H,2017-2018,1698.0617545018788,1527.685650549069,0.6,0.4,170.3761039528099,0.19999999999999996
West Bromwich Albion,Chelsea,0,4,A,2017-2018,1469.2655870529723,1775.1186391658418,0.2,0.8,-305.8530521128696,-0.6000000000000001
Manchester United,Newcastle United,4,1,H,2017-2018,1708.2857065543662,1493.0849804300883,1.0,0.2,215.20072612427794,0.8
Watford,West Ham United,2,0,H,2017-2018,1499.722845557345,1502.639717456902,0.2,0.0,-2.916871899557009,0.2
Brighton and Hove Albion,Stoke City,2,2,D,2017-2018,1527.716338484476,1530.8856101881254,0.4,0.2,-3.1692717036494287,0.2
West Ham United,Leicester City,1,1,D,2017-2018,1487.5137889326174,1560.282473773554,0.4,0.2,-72.76868484093666,0.2
Crystal Palace,Stoke City,2,1,H,2017-2018,1451.042721759336,1530.7487855247355,0.2,0.2,-79.70606376539945,0.0
Manchester United,Brighton and Hove Albion,1,0,H,2017-2018,1715.0250808557328,1527.8531631478659,1.0,0.4,187.1719177078669,0.6
Newcastle United,Watford,0,3,A,2017-2018,1486.3456061287218,1514.8487740816295,0.6,0.4,-28.50316795290769,0.19999999999999996
Swansea City,AFC Bournemouth,0,0,D,2017-2018,1465.3175239714783,1531.8196337214852,0.2,0.4,-66.50210975000687,-0.2
Tottenham Hotspur,West Bromwich Albion,1,1,D,2017-2018,1751.5626118539888,1464.8642497936426,0.6,0.0,286.6983620603462,0.6
Liverpool,Chelsea,1,1,D,2017-2018,1706.2439627992037,1779.5199764251715,0.6,0.8,-73.27601362596783,-0.20000000000000007
Southampton,Everton,4,1,H,2017-2018,1519.503442251744,1559.6055941075663,0.2,0.0,-40.102151855822285,0.2
Burnley,Arsenal,0,1,A,2017-2018,1564.50085410283,1706.3950493781265,0.6,0.2,-141.8941952752964,0.39999999999999997
Huddersfield Town,Manchester City,1,2,A,2017-2018,1508.10412810816,1808.3449243932544,0.4,1.0,-300.24079628509435,-0.6
Brighton and Hove Albion,Crystal Palace,0,0,D,2017-2018,1520.2334862268394,1469.4247835517042,0.4,0.0,50.80870267513524,0.4
Leicester City,Tottenham Hotspur,2,1,H,2017-2018,1557.1859439929613,1741.394386669778,0.2,0.6,-184.20844267681673,-0.39999999999999997
Watford,Manchester United,2,4,A,2017-2018,1528.6209467352553,1722.6447577767592,0.4,0.2,-194.0238110415039,0.2
West Bromwich Albion,Newcastle United,2,2,D,2017-2018,1475.0324749778533,1472.573433475096,0.0,0.2,2.4590415027573727,-0.2
Arsenal,Huddersfield Town,5,0,H,2017-2018,1715.5882948327549,1503.580069253037,1.0,0.0,212.00822557971787,1.0
AFC Bournemouth,Burnley,1,2,A,2017-2018,1528.9830638556612,1555.3076086482017,0.4,0.4,-26.324544792540564,0.0
Chelsea,Swansea City,1,0,H,2017-2018,1776.4024832486698,1468.1540938373023,0.6,0.2,308.2483894113675,0.39999999999999997
Everton,West Ham United,4,0,H,2017-2018,1542.881892935405,1490.6103187132103,0.4,0.0,52.27157422219466,0.4
Manchester City,Southampton,2,1,H,2017-2018,1812.8689832483774,1536.2271434239053,1.0,0.2,276.6418398244721,0.8
Stoke City,Liverpool,0,3,A,2017-2018,1512.3667237323673,1709.3614559757054,0.2,0.4,-196.99473224333815,-0.2
Chelsea,Newcastle United,3,1,H,2017-2018,1780.7522874729464,1472.679597058155,0.6,0.0,308.0726904147914,0.6
Brighton and Hove Albion,Liverpool,1,5,A,2017-2018,1518.0554028697572,1716.6642056860517,0.2,0.6,-198.60880281629443,-0.39999999999999997
Everton,Huddersfield Town,2,0,H,2017-2018,1555.6420221264025,1496.744179386429,0.6,0.0,58.897842739973385,0.6
Leicester City,Burnley,1,0,H,2017-2018,1579.4688904958675,1569.1732565598122,0.4,0.6,10.29563393605531,-0.19999999999999996
Stoke City,Swansea City,2,1,H,2017-2018,1505.063974022021,1463.8042896130257,0.2,0.0,41.25968440899533,0.2
Watford,Tottenham Hotspur,1,1,D,2017-2018,1521.2232930373043,1719.1114401668717,0.4,0.4,-197.88814712956741,0.0
West Bromwich Albion,Crystal Palace,0,0,D,2017-2018,1474.9263113947943,1471.6028669087864,0.0,0.0,3.3234444860079293,0.0
Arsenal,Manchester United,1,3,A,2017-2018,1722.4241846993627,1730.0424114747102,1.0,0.4,-7.618226775347466,0.6
AFC Bournemouth,Southampton,1,1,D,2017-2018,1515.1174159440507,1531.1560789249477,0.4,0.2,-16.038662980897016,0.2
Manchester City,West Ham United,2,1,H,2017-2018,1817.940047747335,1477.8501895222128,1.0,0.0,340.08985822512227,1.0
West Ham United,Chelsea,1,0,H,2017-2018,1474.138751709305,1785.1058545744227,0.2,0.6,-310.96710286511757,-0.39999999999999997
Burnley,Watford,1,0,H,2017-2018,1554.6176247447333,1528.9489207949207,0.4,0.4,25.668703949812652,0.0
Crystal Palace,AFC Bournemouth,2,2,D,2017-2018,1471.746347165047,1515.8093692345012,0.4,0.4,-44.06302206945429,0.0
Huddersfield Town,Brighton and Hove Albion,2,0,H,2017-2018,1484.2629222364349,1510.8038660648413,0.4,0.4,-26.540943828406398,0.0
Swansea City,West Bromwich Albion,1,0,H,2017-2018,1450.5772865069298,1474.7828311385338,0.2,0.0,-24.20554463160397,0.2
Tottenham Hotspur,Stoke City,5,1,H,2017-2018,1711.3858124092553,1518.290977128117,0.6,0.2,193.09483528113833,0.39999999999999997
Newcastle United,Leicester City,2,3,A,2017-2018,1468.3260299566787,1594.0245223109464,0.4,0.2,-125.69849235426773,0.2
Southampton,Arsenal,1,1,D,2017-2018,1530.4641256344971,1707.753037286482,0.4,0.4,-177.2889116519848,0.0
Liverpool,Everton,1,1,D,2017-2018,1723.9157424909677,1568.1232792763967,0.4,0.0,155.79246321457094,0.4
Manchester United,Manchester City,1,2,A,2017-2018,1744.713558887591,1821.6514855602427,1.0,1.0,-76.93792667265166,0.0
Burnley,Stoke City,1,0,H,2017-2018,1568.5114296371264,1510.863478247432,0.6,0.2,57.6479513896943,0.39999999999999997
Crystal Palace,Watford,2,1,H,2017-2018,1473.638566652624,1515.0551159025276,0.4,0.2,-41.41654924990371,0.2
Huddersfield Town,Chelsea,1,3,A,2017-2018,1500.4065631534504,1759.3977768379443,0.6,0.4,-258.9912136844939,0.19999999999999996
Newcastle United,Everton,0,1,A,2017-2018,1458.527867385727,1574.4321064084309,0.2,0.0,-115.9042390227039,0.2
Southampton,Leicester City,1,4,A,2017-2018,1537.516558172719,1603.822684881898,0.4,0.4,-66.30612670917913,0.0
Swansea City,Manchester City,0,4,A,2017-2018,1466.620636352294,1833.3830600417373,0.4,1.0,-366.76242368944327,-0.6
Liverpool,West Bromwich Albion,0,0,D,2017-2018,1717.6069153589335,1458.7394812931695,0.4,0.0,258.867434065764,0.4
Manchester United,AFC Bournemouth,1,0,H,2017-2018,1732.9819844060964,1513.9171497469242,0.8,0.4,219.06483465917222,0.4
Tottenham Hotspur,Brighton and Hove Albion,2,0,H,2017-2018,1718.8133112899402,1494.6602251478257,0.8,0.4,224.1530861421145,0.4
West Ham United,Arsenal,0,0,D,2017-2018,1499.8468294457834,1700.70060474826,0.4,0.4,-200.8537753024766,0.0
Leicester City,Crystal Palace,0,3,A,2017-2018,1615.9942745738463,1490.4182409708162,0.6,0.0,125.57603360303006,0.6
Arsenal,Newcastle United,1,0,H,2017-2018,1692.8813185427828,1448.3541341199957,0.8,0.0,244.52718442278706,0.8
Brighton and Hove Albion,Burnley,0,0,D,2017-2018,1488.1863106919131,1581.0451588967135,0.0,0.6,-92.85884820480032,-0.6
Chelsea,Southampton,1,0,H,2017-2018,1764.9114975561872,1525.3449684807708,0.8,0.0,239.56652907541638,0.8
Watford,Huddersfield Town,1,4,A,2017-2018,1498.2754415843353,1494.8928424352075,0.4,0.0,3.3825991491278273,0.4
Stoke City,West Ham United,0,3,A,2017-2018,1498.329748987845,1507.6661156512607,0.4,0.0,-9.336366663415674,0.4
Manchester City,Tottenham Hotspur,4,1,H,2017-2018,1836.6232932260023,1725.2872257458528,1.0,0.2,111.3360674801495,0.8
West Bromwich Albion,Manchester United,1,2,A,2017-2018,1468.222553205467,1739.6058392743378,0.0,0.4,-271.3832860688708,-0.4
AFC Bournemouth,Liverpool,0,4,A,2017-2018,1507.293294878683,1708.123843446636,0.2,0.6,-200.8305485679532,-0.39999999999999997
Everton,Swansea City,3,1,H,2017-2018,1584.605839674162,1463.380403168029,0.6,0.0,121.22543650613306,0.6
Arsenal,Liverpool,3,3,D,2017-2018,1698.7796497203126,1715.305287551425,0.8,0.8,-16.525637831112363,0.0
Everton,Chelsea,0,0,D,2017-2018,1594.5746472282883,1770.9463181292595,0.8,0.6,-176.37167090097114,0.20000000000000007
Brighton and Hove Albion,Watford,1,0,H,2017-2018,1492.1025413313841,1483.1294076538281,0.0,0.2,8.973133677556007,-0.2
Manchester City,AFC Bournemouth,4,0,H,2017-2018,1846.9745738324502,1500.111850773894,1.0,0.4,346.8627230585562,0.6
Southampton,Huddersfield Town,1,1,D,2017-2018,1519.3101479076986,1510.0388763657147,0.4,0.2,9.271271541983879,0.2
Stoke City,West Bromwich Albion,3,1,H,2017-2018,1483.732735342158,1463.0226509774463,0.2,0.0,20.710084364711747,0.2
Swansea City,Crystal Palace,1,1,D,2017-2018,1453.4115956139028,1510.6154266875124,0.2,0.2,-57.203831073609535,0.0
West Ham United,Newcastle United,2,3,A,2017-2018,1522.2631292969477,1442.4558029424659,0.2,0.0,79.8073263544818,0.2
Burnley,Tottenham Hotspur,0,3,A,2017-2018,1577.1289282572423,1714.9359451394048,0.8,0.0,-137.80701688216254,0.8
Leicester City,Manchester United,2,2,D,2017-2018,1595.7970888571501,1744.8057415023584,0.6,0.6,-149.00865264520826,0.0
Tottenham Hotspur,Southampton,5,2,H,2017-2018,1724.2798837049338,1518.9099699213464,0.8,0.0,205.36991378358744,0.8
AFC Bournemouth,West Ham United,3,3,D,2017-2018,1496.525363064005,1503.8769181724133,0.2,0.2,-7.35155510840832,0.0
Chelsea,Brighton and Hove Albion,2,0,H,2017-2018,1763.9247705407543,1506.7152261213184,1.0,0.4,257.2095444194358,0.6
Huddersfield Town,Stoke City,1,1,D,2017-2018,1510.439054352067,1497.8396666150538,0.6,0.2,12.599387737013103,0.39999999999999997
Manchester United,Burnley,2,2,D,2017-2018,1738.73995096009,1567.7849896917132,0.8,0.4,170.9549612683768,0.4
Watford,Leicester City,2,1,H,2017-2018,1468.5167228638938,1601.8628793994185,0.2,0.6,-133.34615653552464,-0.39999999999999997
West Bromwich Albion,Everton,0,0,D,2017-2018,1448.9157197045506,1601.5961948167935,0.0,0.2,-152.6804751122429,-0.2
Liverpool,Swansea City,5,0,H,2017-2018,1714.5923559766359,1455.8592065695632,0.4,0.0,258.7331494070727,0.4
Newcastle United,Manchester City,0,1,A,2017-2018,1460.8420140670003,1850.5610615423393,0.2,1.0,-389.71904747533904,-0.8
Crystal Palace,Arsenal,2,3,A,2017-2018,1508.167815731852,1699.4925812951017,0.4,0.4,-191.32476556324968,0.0
AFC Bournemouth,Everton,2,1,H,2017-2018,1496.842707852073,1595.3983714778974,0.2,0.2,-98.55566362582431,0.0
Chelsea,Stoke City,5,0,H,2017-2018,1769.4847971253964,1498.3833875861599,1.0,0.0,271.10140953923656,1.0
Huddersfield Town,Burnley,0,0,D,2017-2018,1509.895333380961,1574.6225947546782,0.4,0.4,-64.72726137371728,0.0
Liverpool,Leicester City,2,1,H,2017-2018,1720.112765274032,1581.3728203249882,0.4,0.4,138.73994494904377,0.0
Newcastle United,Brighton and Hove Albion,0,0,D,2017-2018,1457.9644136288907,1501.1551995366763,0.0,0.2,-43.19078590778554,-0.2
Watford,Swansea City,1,2,A,2017-2018,1489.0067819383241,1450.338797272167,0.4,0.0,38.667984666157054,0.4
Manchester United,Southampton,0,0,D,2017-2018,1731.902345897125,1511.8702870174627,0.6,0.0,220.03205887966237,0.6
Crystal Palace,Manchester City,0,0,D,2017-2018,1500.683226626397,1853.4386619804488,0.4,1.0,-352.75543535405177,-0.6
West Bromwich Albion,Arsenal,1,1,D,2017-2018,1455.1135430434467,1706.9771704005566,0.0,0.4,-251.86362735710986,-0.4
Brighton and Hove Albion,AFC Bournemouth,2,2,D,2017-2018,1499.300049918378,1515.987127497972,0.2,0.2,-16.687077579594188,0.0
Burnley,Liverpool,1,2,A,2017-2018,1571.8599818513678,1729.4221879121171,0.6,0.8,-157.5622060607493,-0.20000000000000007
Leicester City,Huddersfield Town,3,0,H,2017-2018,1572.063397686903,1512.6579462842712,0.4,0.2,59.4054514026318,0.2
Stoke City,Newcastle United,0,1,A,2017-2018,1493.1765066972303,1459.819563247189,0.4,0.2,33.35694345004117,0.2
Everton,Manchester United,0,2,A,2017-2018,1576.2539518319984,1723.4975081868363,0.8,0.6,-147.2435563548379,0.20000000000000007
Southampton,Crystal Palace,1,2,A,2017-2018,1520.2751247277515,1512.2024779209382,0.2,0.2,8.072646806813282,0.0
Swansea City,Tottenham Hotspur,0,2,A,2017-2018,1467.001369452886,1731.3195666088175,0.2,0.2,-264.31819715593156,0.0
West Ham United,West Bromwich Albion,2,1,H,2017-2018,1503.5595733843452,1464.41277385328,0.2,0.0,39.1467995310652,0.2
Manchester City,Watford,3,1,H,2017-2018,1841.9194106859077,1472.3442097576053,1.0,0.2,369.57520092830237,0.8
Arsenal,Chelsea,2,2,D,2017-2018,1697.6779395907233,1774.691678014326,0.6,0.4,-77.01373842360272,0.19999999999999996
Tottenham Hotspur,West Ham United,1,1,D,2017-2018,1736.696621846368,1516.8765861942059,0.8,0.2,219.82003565216223,0.6000000000000001
Chelsea,Leicester City,0,0,D,2017-2018,1771.4201349866778,1584.5233627663727,1.0,0.4,186.89677222030514,0.6
Crystal Palace,Burnley,1,0,H,2017-2018,1527.5509393947993,1563.2315641335263,0.4,0.2,-35.68062473872692,0.2
Huddersfield Town,West Ham United,1,4,A,2017-2018,1500.1979812048016,1525.2751419110625,0.2,0.2,-25.077160706260884,0.0
Newcastle United,Swansea City,1,1,D,2017-2018,1476.255289591039,1461.6243142153353,0.0,0.2,14.630975375703656,-0.2
Watford,Southampton,2,2,D,2017-2018,1469.1504785257525,1504.9266632538904,0.2,0.0,-35.77618472813788,0.2
West Bromwich Albion,Brighton and Hove Albion,2,0,H,2017-2018,1451.0957610434193,1500.0199355083807,0.0,0.0,-48.924174464961425,0.0
Tottenham Hotspur,Everton,4,0,H,2017-2018,1728.2980661295114,1567.2558680769237,0.6,0.2,161.04219805258776,0.39999999999999997
AFC Bournemouth,Arsenal,2,1,H,2017-2018,1515.2672419079693,1700.9494826183716,0.2,0.4,-185.6822407104023,-0.2
Liverpool,Manchester City,4,3,H,2017-2018,1738.0506056299587,1845.1131419177605,0.4,0.8,-107.06253628780178,-0.4
Manchester United,Stoke City,3,0,H,2017-2018,1732.495591941911,1476.7407803533804,0.4,0.0,255.75481158853063,0.4
Brighton and Hove Albion,Chelsea,0,4,A,2017-2018,1482.9215602900024,1764.0488186743407,0.2,0.2,-281.12725838433835,0.0
Arsenal,Crystal Palace,4,1,H,2017-2018,1678.6180072209497,1544.086002970034,0.4,0.4,134.53200425091563,0.0
Burnley,Manchester United,0,1,A,2017-2018,1546.6965005582915,1738.0936496042732,0.4,0.8,-191.39714904598168,-0.4
Everton,West Bromwich Albion,1,1,D,2017-2018,1558.7500593250084,1468.1941362617977,0.6,0.0,90.55592306321068,0.6
Leicester City,Watford,2,0,H,2017-2018,1591.8946790787097,1470.6896244344498,0.6,0.2,121.20505464425992,0.39999999999999997
Stoke City,Huddersfield Town,2,0,H,2017-2018,1471.1427226910182,1486.2787730668374,0.4,0.2,-15.136050375819195,0.2
West Ham United,AFC Bournemouth,1,1,D,2017-2018,1539.1943500490268,1537.5987173053911,0.4,0.0,1.5956327436356332,0.4
Manchester City,Newcastle United,3,1,H,2017-2018,1825.631834440889,1475.6239927363545,1.0,0.4,350.0078417045345,0.6
Southampton,Tottenham Hotspur,1,1,D,2017-2018,1503.3875173451931,1736.8038748814267,0.2,0.4,-233.4163575362336,-0.2
Swansea City,Liverpool,1,0,H,2017-2018,1462.2556110700198,1757.5319131068302,0.2,0.8,-295.2763020368104,-0.6000000000000001
Swansea City,Arsenal,3,1,H,2017-2018,1487.6206618447668,1688.0836647915066,0.4,0.2,-200.46300294673983,0.2
West Ham United,Crystal Palace,1,1,D,2017-2018,1539.1254615301816,1534.6203453994772,0.4,0.4,4.505116130704437,0.0
Huddersfield Town,Liverpool,0,3,A,2017-2018,1470.6257103425796,1732.1668623320832,0.2,0.6,-261.54115198950353,-0.39999999999999997
Chelsea,AFC Bournemouth,0,3,A,2017-2018,1769.0120081640616,1537.6676058242363,0.8,0.0,231.34440233982536,0.8
Everton,Leicester City,2,1,H,2017-2018,1554.9266359965739,1601.864267607342,0.4,0.4,-46.93763161076822,0.0
Newcastle United,Burnley,1,1,D,2017-2018,1472.0942822363902,1539.2142517791822,0.0,0.0,-67.11996954279198,0.0
Southampton,Brighton and Hove Albion,1,1,D,2017-2018,1512.1802162186343,1477.9583708002815,0.0,0.0,34.221845418352814,0.0
Manchester City,West Bromwich Albion,3,0,H,2017-2018,1829.1615449408532,1472.0175595902322,1.0,0.0,357.14398535062105,1.0
Stoke City,Watford,0,0,D,2017-2018,1486.795785415276,1460.7200359058174,0.6,0.0,26.075749509458547,0.6
Tottenham Hotspur,Manchester United,2,0,H,2017-2018,1728.0111760079856,1745.5758983833825,0.8,0.8,-17.56472237539697,0.0
Burnley,Manchester City,1,1,D,2017-2018,1536.3519693545502,1832.5653143184982,0.4,0.6,-296.213344963948,-0.19999999999999996
AFC Bournemouth,Stoke City,2,1,H,2017-2018,1561.4013827639155,1485.6721138304151,0.4,0.0,75.7292689335004,0.4
Brighton and Hove Albion,West Ham United,3,1,H,2017-2018,1479.4310869803116,1538.9309709320776,0.2,0.4,-59.49988395176592,-0.2
Leicester City,Swansea City,1,1,D,2017-2018,1584.8500463204086,1510.4276543542405,0.6,0.2,74.4223919661681,0.39999999999999997
Manchester United,Huddersfield Town,2,0,H,2017-2018,1729.818213757586,1465.1777422038313,0.4,0.2,264.64047155375465,0.2
West Bromwich Albion,Southampton,2,3,A,2017-2018,1468.6137902125872,1510.7075000386042,0.2,0.0,-42.09370982601695,0.2
Arsenal,Everton,5,1,H,2017-2018,1665.276672282033,1571.9408572835073,0.4,0.2,93.33581499852562,0.2
Crystal Palace,Newcastle United,1,1,D,2017-2018,1534.8148359975812,1474.9565646610222,0.4,0.4,59.85827133655903,0.0
Liverpool,Tottenham Hotspur,2,2,D,2017-2018,1737.6148304708315,1743.7688606337822,0.6,0.4,-6.154030162950676,0.19999999999999996
Watford,Chelsea,4,1,H,2017-2018,1461.8437074906783,1745.2782312243824,0.2,0.4,-283.43452373370405,-0.2
Tottenham Hotspur,Arsenal,1,0,H,2017-2018,1743.5031975766346,1676.341259868828,0.8,0.2,67.1619377078066,0.6000000000000001
Everton,Crystal Palace,3,1,H,2017-2018,1560.8762696967121,1532.2558160519789,0.4,0.4,28.62045364473329,0.0
Stoke City,Brighton and Hove Albion,1,1,D,2017-2018,1473.8907974027516,1496.9750817937054,0.4,0.0,-23.084284390953826,0.4
Swansea City,Burnley,1,0,H,2017-2018,1513.5924702074394,1546.7381192799896,0.4,0.0,-33.14564907255021,0.4
West Ham United,Watford,2,0,H,2017-2018,1521.3869761186838,1486.9352876509527,0.2,0.0,34.451688467731174,0.2
Manchester City,Leicester City,5,1,H,2017-2018,1822.1791643930587,1581.6852304672097,1.0,0.2,240.49393392584898,0.8
Huddersfield Town,AFC Bournemouth,4,1,H,2017-2018,1459.808869470796,1573.182699191579,0.0,0.2,-113.37382972078308,-0.2
Newcastle United,Manchester United,1,0,H,2017-2018,1477.5155846066245,1735.1870864906211,0.0,0.6,-257.6715018839966,-0.6
Southampton,Liverpool,0,2,A,2017-2018,1523.8990085838575,1737.880493527979,0.0,0.6,-213.98148494412158,-0.6
Chelsea,West Bromwich Albion,3,0,H,2017-2018,1720.186651064108,1455.422281667334,0.6,0.0,264.7643693967741,0.6
Leicester City,Stoke City,1,1,D,2017-2018,1575.676105301812,1474.885962110544,0.4,0.0,100.79014319126804,0.4
AFC Bournemouth,Newcastle United,2,2,D,2017-2018,1553.4545976921554,1501.9675931446102,0.6,0.4,51.48700454754521,0.19999999999999996
Brighton and Hove Albion,Swansea City,4,1,H,2017-2018,1495.979917085913,1530.0191572876083,0.4,0.2,-34.03924020169529,0.2
Burnley,Southampton,1,1,D,2017-2018,1530.3114321998207,1517.1228888494857,0.2,0.2,13.188543350335067,0.0
Liverpool,West Ham United,4,1,H,2017-2018,1744.656613262351,1534.9044331104135,0.6,0.4,209.7521801519374,0.19999999999999996
West Bromwich Albion,Huddersfield Town,1,2,A,2017-2018,1450.0565520917667,1479.5369709702197,0.2,0.2,-29.480418878453065,0.0
Watford,Everton,1,0,H,2017-2018,1473.417830659223,1574.6434127868256,0.4,0.2,-101.22558212760259,0.2
Crystal Palace,Tottenham Hotspur,0,1,A,2017-2018,1518.4886729618654,1755.6391692559187,0.4,0.4,-237.15049629405326,0.0
Manchester United,Chelsea,2,1,H,2017-2018,1710.7350779526355,1725.5523806396752,0.6,0.4,-14.817302687039728,0.19999999999999996
Arsenal,Manchester City,0,3,A,2017-2018,1664.205288189544,1828.1882895584565,0.6,0.4,-163.98300136891248,0.19999999999999996
Burnley,Everton,2,1,H,2017-2018,1529.7423103426681,1555.3927506997702,0.0,0.0,-25.65044035710207,0.0
Leicester City,AFC Bournemouth,1,1,D,2017-2018,1571.4427391133854,1551.2478553066708,0.4,0.2,20.194883806714643,0.2
Southampton,Stoke City,0,0,D,2017-2018,1517.6920107066383,1479.1193282989705,0.0,0.0,38.5726824076678,0.0
Swansea City,West Ham United,4,1,H,2017-2018,1513.5542492155807,1527.9997533818266,0.6,0.2,-14.445504166245883,0.39999999999999997
Tottenham Hotspur,Huddersfield Town,2,0,H,2017-2018,1761.7413160220724,1493.2672447601244,0.8,0.2,268.474071261948,0.6000000000000001
Watford,West Bromwich Albion,1,0,H,2017-2018,1492.6684927462784,1436.326278301862,0.6,0.0,56.34221444441641,0.6
Liverpool,Newcastle United,2,0,H,2017-2018,1751.5612929909378,1504.1743355300948,0.8,0.4,247.38695746084295,0.4
Brighton and Hove Albion,Arsenal,2,1,H,2017-2018,1512.4448251579406,1655.8022664418113,0.6,0.2,-143.35744128387068,0.39999999999999997
Manchester City,Chelsea,1,0,H,2017-2018,1836.5913113061893,1709.9130538191216,1.0,0.2,126.67825748706764,0.8
Crystal Palace,Manchester United,2,3,A,2017-2018,1512.3865261957117,1726.374404773189,0.2,0.4,-213.98787857747743,-0.2
Manchester United,Liverpool,2,1,H,2017-2018,1733.1503314469644,1757.3820050227139,0.6,0.6,-24.231673575749483,0.0
Everton,Brighton and Hove Albion,2,0,H,2017-2018,1539.287339809594,1533.3051982383681,0.4,0.0,5.982141571225839,0.4
Huddersfield Town,Swansea City,0,0,D,2017-2018,1487.994960461569,1529.177552638977,0.2,0.2,-41.18259217740797,0.0
Newcastle United,Southampton,3,0,H,2017-2018,1498.3536234983187,1516.0335026312432,0.2,0.2,-17.679879132924498,0.0
West Bromwich Albion,Leicester City,1,4,A,2017-2018,1423.7376661452747,1570.5718364769389,0.2,0.0,-146.83417033166415,0.2
West Ham United,Burnley,0,3,A,2017-2018,1512.3764499584304,1545.8477212328444,0.4,0.0,-33.47127127441399,0.4
Chelsea,Crystal Palace,2,1,H,2017-2018,1700.1520675579263,1505.6105995219364,0.6,0.2,194.54146803598996,0.39999999999999997
Arsenal,Watford,3,0,H,2017-2018,1634.9418933613838,1505.2571049028656,0.4,0.0,129.68478845851814,0.4
AFC Bournemouth,Tottenham Hotspur,1,4,A,2017-2018,1552.1187579431173,1767.0136003206278,0.6,0.6,-214.89484237751049,0.0
Stoke City,Manchester City,0,2,A,2017-2018,1480.7778363743655,1846.3522975673845,0.4,0.4,-365.57446119301903,0.0
AFC Bournemouth,West Bromwich Albion,2,1,H,2017-2018,1545.3701782490755,1414.7247305245107,0.6,0.0,130.64544772456475,0.6
Huddersfield Town,Crystal Palace,0,2,A,2017-2018,1489.764675431128,1498.2295415364965,0.2,0.2,-8.464866105368628,0.0
Stoke City,Everton,1,2,A,2017-2018,1477.5177851907692,1554.0290955160986,0.2,0.0,-76.5113103253293,0.2
Liverpool,Watford,5,0,H,2017-2018,1741.3375325638076,1495.609740460924,0.8,0.0,245.72779210288354,0.8
Crystal Palace,Liverpool,1,2,A,2017-2018,1512.8641561838012,1747.2031823582001,0.2,0.6,-234.3390261743989,-0.39999999999999997
Brighton and Hove Albion,Leicester City,0,2,A,2017-2018,1518.5634425318635,1579.5847720977029,0.6,0.2,-61.02132956583932,0.39999999999999997
Manchester United,Swansea City,2,0,H,2017-2018,1749.1948039058707,1527.407837669418,0.8,0.2,221.7869662364526,0.6000000000000001
Newcastle United,Huddersfield Town,1,0,H,2017-2018,1514.1162670724812,1475.1300607838232,0.4,0.2,38.98620628865797,0.2
Watford,AFC Bournemouth,2,2,D,2017-2018,1489.7440906665315,1554.9813847443083,0.6,0.2,-65.23729407777682,0.39999999999999997
West Bromwich Albion,Burnley,1,2,A,2017-2018,1405.1135240292779,1559.4071043341655,0.2,0.2,-154.29358030488766,0.0
West Ham United,Southampton,3,0,H,2017-2018,1498.8170668571092,1500.2708590570808,0.4,0.2,-1.4537921999715309,0.2
Everton,Manchester City,1,3,A,2017-2018,1565.778218713807,1849.6123487509808,0.6,0.4,-283.83413003717374,0.19999999999999996
Arsenal,Stoke City,3,0,H,2017-2018,1644.5892578033254,1465.7686619930607,0.6,0.0,178.82059581026465,0.6
Chelsea,Tottenham Hotspur,1,3,A,2017-2018,1707.5331255433662,1773.7621800146696,0.6,0.6,-66.22905447130347,0.0
Everton,Liverpool,0,0,D,2017-2018,1560.8792351443585,1753.3843768935963,0.6,0.6,-192.50514174923774,0.0
AFC Bournemouth,Crystal Palace,2,2,D,2017-2018,1552.197504641644,1506.6829616484051,0.6,0.2,45.51454299323882,0.39999999999999997
Brighton and Hove Albion,Huddersfield Town,1,1,D,2017-2018,1506.1711862820284,1461.8062015335,0.6,0.2,44.364984748528514,0.39999999999999997
Leicester City,Newcastle United,1,2,A,2017-2018,1591.977028347538,1527.4401263228044,0.4,0.2,64.53690202473354,0.2
Stoke City,Tottenham Hotspur,1,2,A,2017-2018,1457.8724979894896,1785.9369790079436,0.2,0.6,-328.064481018454,-0.39999999999999997
Watford,Burnley,1,2,A,2017-2018,1492.527970769196,1568.1516384672411,0.6,0.4,-75.62366769804521,0.19999999999999996
West Bromwich Albion,Swansea City,1,1,D,2017-2018,1396.3689898962023,1520.864506269998,0.2,0.0,-124.49551637379568,0.2
Manchester City,Manchester United,2,3,A,2017-2018,1854.5113323204293,1755.7381353052908,1.0,0.6,98.77319701513852,0.4
Arsenal,Southampton,3,2,H,2017-2018,1652.4854218068965,1485.2080941687434,0.8,0.2,167.2773276381531,0.6000000000000001
Chelsea,West Ham United,1,1,D,2017-2018,1695.3583265500922,1513.8798317454466,0.4,0.2,181.4784948046456,0.2
Southampton,Chelsea,2,3,A,2017-2018,1476.9193100775651,1688.1657999344027,0.0,0.2,-211.24648985683757,-0.2
Burnley,Leicester City,2,1,H,2017-2018,1579.9373044272784,1574.2223559467086,0.2,0.4,5.714948480569774,-0.2
Crystal Palace,Brighton and Hove Albion,3,2,H,2017-2018,1508.6368182465294,1504.266138885548,0.2,0.0,4.370679360981512,0.2
Huddersfield Town,Watford,1,0,H,2017-2018,1463.7112489299805,1480.7423048091587,0.2,0.0,-17.03105587917821,0.2
Swansea City,Everton,1,1,D,2017-2018,1515.7084141916087,1568.4327493249637,0.8,0.2,-52.724335133355,0.6000000000000001
Liverpool,AFC Bournemouth,3,0,H,2017-2018,1745.8308627129911,1550.2436480435197,0.8,0.2,195.58721466947145,0.6000000000000001
Tottenham Hotspur,Manchester City,1,3,A,2017-2018,1789.8794777612654,1835.3582394529526,0.8,0.6,-45.47876169168717,0.20000000000000007
Newcastle United,Arsenal,2,1,H,2017-2018,1545.1947987236338,1660.7742058980748,0.6,0.0,-115.57940717444103,0.6
Manchester United,West Bromwich Albion,0,1,A,2017-2018,1774.8912281727676,1401.5250819745916,1.0,0.0,373.366146198176,1.0
West Ham United,Stoke City,1,1,D,2017-2018,1521.0723583611361,1453.9299992361678,0.4,0.0,67.14235912496838,0.4
Brighton and Hove Albion,Tottenham Hotspur,1,1,D,2017-2018,1489.4548263286908,1776.8318157465953,0.6,0.8,-287.3769894179045,-0.20000000000000007
AFC Bournemouth,Manchester United,0,2,A,2017-2018,1542.8960393603265,1748.0232166809442,0.4,0.6,-205.12717732061765,-0.19999999999999996
Burnley,Chelsea,1,2,A,2017-2018,1594.6905925180413,1695.0248620025939,0.4,0.4,-100.33426948455258,0.0
Leicester City,Southampton,0,0,D,2017-2018,1559.4690678559457,1470.060248009374,0.2,0.2,89.40881984657176,0.0
West Bromwich Albion,Liverpool,2,2,D,2017-2018,1428.393093466415,1753.1784713961842,0.0,0.6,-324.7853779297693,-0.6
Watford,Crystal Palace,0,0,D,2017-2018,1465.0076033962248,1523.4481308033864,0.6,0.2,-58.44052740716165,0.39999999999999997
Arsenal,West Ham United,4,1,H,2017-2018,1640.960515231736,1518.2091445089734,0.8,0.2,122.75137072276266,0.6000000000000001
Stoke City,Burnley,1,1,D,2017-2018,1456.7932130883305,1583.9058380121849,0.0,0.6,-127.11262492385436,-0.6
Manchester City,Swansea City,5,0,H,2017-2018,1848.4059014676227,1517.967392669121,0.8,0.0,330.43850879850174,0.8
Everton,Newcastle United,1,0,H,2017-2018,1566.1737708474514,1565.0084893899725,0.6,0.2,1.1652814574788408,0.39999999999999997
Liverpool,Stoke City,0,0,D,2017-2018,1742.1860599554764,1462.0486851253247,0.8,0.0,280.13737483015166,0.8
Burnley,Brighton and Hove Albion,0,0,D,2017-2018,1578.6503659751907,1499.6388658093404,0.4,0.0,79.0115001658503,0.4
Crystal Palace,Leicester City,5,0,H,2017-2018,1520.9485793783379,1555.6919901174058,0.2,0.4,-34.74341073906794,-0.2
Huddersfield Town,Everton,0,2,A,2017-2018,1479.4459503429143,1581.1234617914718,0.4,0.2,-101.67751144855742,0.2
Newcastle United,West Bromwich Albion,0,1,A,2017-2018,1550.058798445952,1439.3855049071228,0.8,0.2,110.67329353882928,0.6000000000000001
Southampton,AFC Bournemouth,2,1,H,2017-2018,1473.8373257479138,1535.8488253042938,0.0,0.2,-62.01149955637993,-0.2
Swansea City,Chelsea,0,1,A,2017-2018,1514.0714563599456,1705.8096165084503,0.8,0.4,-191.73816014850468,0.4
West Ham United,Manchester City,1,4,A,2017-2018,1508.2987188487932,1852.301837776798,0.4,0.8,-344.0031189280048,-0.4
Manchester United,Arsenal,2,1,H,2017-2018,1755.070430736977,1650.8709408919162,0.8,0.0,104.19948984506073,0.8
Tottenham Hotspur,Watford,2,0,H,2017-2018,1766.6477762659458,1467.5071548212734,0.8,0.0,299.14062144467243,0.8
Brighton and Hove Albion,Manchester United,1,0,H,2017-2018,1502.992452520857,1765.70197372257,0.4,0.6,-262.7095212017132,-0.19999999999999996
Stoke City,Crystal Palace,1,2,A,2017-2018,1472.0618480959272,1537.4435929794965,0.0,0.2,-65.38174488356935,-0.2
AFC Bournemouth,Swansea City,1,0,H,2017-2018,1518.199645155803,1506.6002266878038,0.2,0.0,11.599418467999158,0.2
Leicester City,West Ham United,0,2,A,2017-2018,1539.196976516247,1504.6599247922338,0.0,0.0,34.53705172401328,0.0
Watford,Newcastle United,2,1,H,2017-2018,1462.9587114192186,1530.4359602579843,0.4,0.2,-67.47724883876572,0.2
West Bromwich Albion,Tottenham Hotspur,1,0,H,2017-2018,1459.0083430950906,1771.1962196680006,0.0,0.8,-312.18787657291,-0.8
Everton,Southampton,1,1,D,2017-2018,1591.8548617857982,1491.4865058964047,0.6,0.0,100.36835588939357,0.6
Manchester City,Huddersfield Town,0,0,D,2017-2018,1855.9406318333574,1468.7145503485879,0.8,0.2,387.22608148476957,0.6000000000000001
Arsenal,Burnley,5,0,H,2017-2018,1640.2393979063231,1575.2967792636741,0.8,0.6,64.942618642649,0.20000000000000007
Chelsea,Liverpool,1,0,H,2017-2018,1713.280846180592,1732.172896984874,0.4,0.4,-18.89205080428178,0.0
Swansea City,Southampton,0,1,A,2017-2018,1492.1008278605173,1495.7031067667838,0.6,0.0,-3.6022789062665197,0.6
Chelsea,Huddersfield Town,1,1,D,2017-2018,1729.0956786607283,1480.7993983815045,0.6,0.2,248.29628027922377,0.39999999999999997
Leicester City,Arsenal,3,1,H,2017-2018,1522.710784170095,1652.4678036887021,0.0,0.0,-129.7570195186072,0.0
Manchester City,Brighton and Hove Albion,3,1,H,2017-2018,1843.8557838004408,1527.5744074336624,0.6,0.0,316.28137636677843,0.6
Tottenham Hotspur,Newcastle United,1,0,H,2017-2018,1745.4623608401685,1512.5588174193717,0.8,0.2,232.90354342079672,0.6000000000000001
West Ham United,Manchester United,0,0,D,2017-2018,1521.146117138386,1741.1200188097646,0.4,0.6,-219.9739016713786,-0.19999999999999996
Burnley,AFC Bournemouth,1,2,A,2017-2018,1563.068373481295,1532.6990439830895,0.4,0.0,30.369329498205616,0.4
Crystal Palace,West Bromwich Albion,2,0,H,2017-2018,1549.6536917096644,1484.7422019229225,0.4,0.4,64.91148978674187,0.0
Huddersfield Town,Arsenal,0,1,A,2017-2018,1490.0032038473553,1632.112446961433,0.4,0.0,-142.1092431140778,0.4
Liverpool,Brighton and Hove Albion,4,0,H,2017-2018,1716.3580645047377,1523.393773560323,0.8,0.0,192.96429094441464,0.8
Manchester United,Watford,1,0,H,2017-2018,1732.716903800238,1480.8358542578312,0.8,0.0,251.8810495424068,0.8
Newcastle United,Chelsea,3,0,H,2017-2018,1506.3369711987395,1719.8918731948775,0.8,0.6,-213.55490199613791,0.20000000000000007
Southampton,Manchester City,0,1,A,2017-2018,1510.5475894573472,1848.03641767378,0.2,1.0,-337.4888282164329,-0.8
Swansea City,Stoke City,1,2,A,2017-2018,1477.2563451699539,1459.8517493657594,0.4,0.0,17.404595804194514,0.4
Tottenham Hotspur,Leicester City,5,4,H,2017-2018,1751.6842070608006,1543.066140897364,0.8,0.4,208.61806616343665,0.4
West Ham United,Everton,3,1,H,2017-2018,1529.5492321479126,1587.638260915419,0.2,0.4,-58.089028767506534,-0.2
Manchester United,Leicester City,2,1,H,2018-2019,1738.4172099173043,1536.126697717043,0.8,0.4,202.29051220026122,0.4
Newcastle United,Tottenham Hotspur,1,2,A,2018-2019,1529.5479616691912,1758.6236502411216,0.8,0.6,-229.0756885719304,0.20000000000000007
AFC Bournemouth,Cardiff City,2,0,H,2018-2019,1549.006864229027,1414.9222284539917,0.4,0.2,134.0846357750354,0.2
Fulham,Crystal Palace,0,2,A,2018-2019,1441.659851675854,1561.883395570734,0.4,0.4,-120.22354389487987,0.0
Huddersfield Town,Chelsea,0,3,A,2018-2019,1480.8178495122356,1696.6808827244258,0.2,0.6,-215.8630332121902,-0.39999999999999997
Watford,Brighton and Hove Albion,2,0,H,2018-2019,1475.135548140765,1515.9620742170284,0.4,0.0,-40.82652607626346,0.4
Wolverhampton Wanderers,Everton,2,2,D,2018-2019,1386.9728253263747,1570.1534660011396,0.0,0.4,-183.18064067476485,-0.4
Liverpool,West Ham United,4,0,H,2018-2019,1723.7897638480324,1547.034027062192,0.8,0.2,176.75573678584033,0.6000000000000001
Southampton,Burnley,0,0,D,2018-2019,1506.7871811588218,1546.7605532353575,0.2,0.6,-39.973372076535725,-0.39999999999999997
Arsenal,Manchester City,0,2,A,2018-2019,1641.2978012965527,1851.7968259723054,1.0,1.0,-210.4990246757527,0.0
Cardiff City,Newcastle United,0,0,D,2018-2019,1405.4398777623674,1523.2167503337655,0.2,0.2,-117.77687257139814,0.0
Everton,Southampton,2,1,H,2018-2019,1562.9044813213575,1508.5053956461313,0.4,0.2,54.39908567522616,0.2
Leicester City,Wolverhampton Wanderers,2,0,H,2018-2019,1528.9910597501912,1394.2218100061568,0.2,0.0,134.76924974403437,0.2
Tottenham Hotspur,Fulham,3,1,H,2018-2019,1764.9548615765473,1431.6526181649626,0.8,0.2,333.30224341158464,0.6000000000000001
West Ham United,AFC Bournemouth,1,2,A,2018-2019,1539.0685160674561,1558.4892149206514,0.4,0.2,-19.42069885319529,0.2
Chelsea,Arsenal,3,2,H,2018-2019,1703.4003558559134,1634.4159474709227,0.4,0.2,68.98440838499073,0.2
Burnley,Watford,1,3,A,2018-2019,1545.042338748048,1491.8901026525225,0.4,0.0,53.152236095525495,0.4
Manchester City,Huddersfield Town,6,1,H,2018-2019,1858.6786797979355,1474.098376380748,0.6,0.0,384.58030341718745,0.6
Brighton and Hove Albion,Manchester United,3,2,H,2018-2019,1499.207519705271,1745.552847884156,0.4,0.6,-246.3453281788852,-0.19999999999999996
Crystal Palace,Liverpool,0,2,A,2018-2019,1571.8906290816253,1731.7552748427684,0.6,0.2,-159.86464576114304,0.39999999999999997
Wolverhampton Wanderers,Manchester City,1,1,D,2018-2019,1384.7649985903593,1861.634162831222,0.0,1.0,-476.8691642408628,-1.0
Arsenal,West Ham United,3,1,H,2018-2019,1622.3557131609489,1524.906102870192,0.8,0.2,97.44961029075694,0.6000000000000001
AFC Bournemouth,Everton,2,2,D,2018-2019,1572.6516281179156,1575.5748897255473,0.6,0.4,-2.92326160763173,0.19999999999999996
Huddersfield Town,Cardiff City,0,0,D,2018-2019,1471.1428933474615,1410.338496712397,0.2,0.2,60.80439663506445,0.0
Southampton,Leicester City,1,2,A,2018-2019,1495.8349872419415,1538.4478711659888,0.2,0.2,-42.61288392404731,0.0
Liverpool,Brighton and Hove Albion,1,0,H,2018-2019,1740.3024537775327,1523.3586262155525,0.8,0.0,216.94382756198024,0.8
Watford,Crystal Palace,2,1,H,2018-2019,1509.1671327540168,1563.343450146861,0.4,0.6,-54.17631739284411,-0.19999999999999996
Fulham,Burnley,4,2,H,2018-2019,1427.812225648609,1527.7653086465536,0.2,0.4,-99.95308299794465,-0.2
Newcastle United,Chelsea,1,2,A,2018-2019,1518.3181313837358,1715.4605901658872,0.6,0.8,-197.14245878215138,-0.20000000000000007
Manchester United,Tottenham Hotspur,0,3,A,2018-2019,1721.4017413738745,1768.795254092901,0.8,0.6,-47.393512719026376,0.20000000000000007
Leicester City,Liverpool,1,2,A,2018-2019,1551.617294980896,1746.9895407845784,0.4,0.4,-195.3722458036823,0.0
Brighton and Hove Albion,Fulham,2,2,D,2018-2019,1516.6715392085068,1447.0123089544575,0.4,0.2,69.65923025404936,0.2
Chelsea,AFC Bournemouth,2,0,H,2018-2019,1722.7586424728638,1572.7778324885876,0.4,0.4,149.98080998427622,0.0
Crystal Palace,Southampton,0,2,A,2018-2019,1546.0232451860318,1482.6655634270342,0.6,0.2,63.357681758997614,0.39999999999999997
Everton,Huddersfield Town,1,1,D,2018-2019,1575.4486853548754,1468.5442332622897,0.4,0.0,106.90445209258564,0.4
West Ham United,Wolverhampton Wanderers,0,1,A,2018-2019,1514.0063770141119,1397.9540443992753,0.2,0.0,116.05233261483659,0.2
Manchester City,Newcastle United,2,1,H,2018-2019,1848.445117022306,1511.0200790767592,0.6,0.2,337.4250379455468,0.39999999999999997
Cardiff City,Arsenal,2,3,A,2018-2019,1412.9371567975688,1633.255439017029,0.0,0.2,-220.31828221946012,-0.2
Burnley,Manchester United,0,2,A,2018-2019,1508.5652253407052,1708.43528631914,0.2,0.4,-199.87006097843482,-0.2
Watford,Tottenham Hotspur,2,1,H,2018-2019,1526.487337714846,1781.7617091476354,0.6,0.6,-255.2743714327894,0.0
Tottenham Hotspur,Liverpool,1,2,A,2018-2019,1757.3723709092542,1754.3440171016366,0.8,0.4,3.0283538076175773,0.4
AFC Bournemouth,Leicester City,4,2,H,2018-2019,1563.8786911626944,1544.2628186638378,0.4,0.2,19.61587249885656,0.2
Chelsea,Cardiff City,4,1,H,2018-2019,1731.657783798757,1406.3504681493346,0.6,0.2,325.30731564942243,0.39999999999999997
Huddersfield Town,Crystal Palace,0,1,A,2018-2019,1473.0193240125968,1528.3177973133018,0.2,0.4,-55.29847330070493,-0.2
Manchester City,Fulham,3,0,H,2018-2019,1852.2067332478948,1449.9800793022923,0.8,0.2,402.2266539456025,0.6000000000000001
Newcastle United,Arsenal,1,2,A,2018-2019,1507.2584628511704,1639.8421276652632,0.4,0.4,-132.5836648140928,0.0
Watford,Manchester United,1,2,A,2018-2019,1550.8766759532273,1715.6469752635876,0.8,0.4,-164.77029931036031,0.4
Wolverhampton Wanderers,Burnley,1,0,H,2018-2019,1417.7860421600635,1501.3535363962576,0.0,0.2,-83.56749423619408,-0.2
Everton,West Ham United,1,3,A,2018-2019,1570.9735946045682,1494.1743792533237,0.4,0.2,76.79921535124458,0.2
Southampton,Brighton and Hove Albion,2,2,D,2018-2019,1500.3710112997642,1513.703768860672,0.2,0.0,-13.332757560907794,0.2
Fulham,Watford,1,1,D,2018-2019,1447.2844196749031,1542.5010427336629,0.4,0.2,-95.21662305875975,0.2
Burnley,AFC Bournemouth,4,0,H,2018-2019,1482.8136403829578,1578.0327045740326,0.0,0.4,-95.21906419107472,-0.4
Cardiff City,Manchester City,0,5,A,2018-2019,1402.353300476196,1854.902392875284,0.0,0.8,-452.54909239908807,-0.8
Crystal Palace,Newcastle United,0,0,D,2018-2019,1540.950327916582,1497.7199894870105,0.6,0.0,43.230338429571475,0.6
Leicester City,Huddersfield Town,3,1,H,2018-2019,1530.1088052524997,1460.3867934093166,0.4,0.0,69.72201184318305,0.4
Liverpool,Southampton,3,0,H,2018-2019,1769.4747583344356,1500.9463503236193,0.8,0.4,268.5284080108163,0.4
Manchester United,Wolverhampton Wanderers,1,1,D,2018-2019,1724.022608483152,1436.3259381733633,0.6,0.2,287.6966703097887,0.39999999999999997
Brighton and Hove Albion,Tottenham Hotspur,1,2,A,2018-2019,1513.1284298368168,1742.2416296764554,0.4,0.4,-229.11319983963858,0.0
West Ham United,Chelsea,0,0,D,2018-2019,1512.4370999572684,1735.6549514718956,0.2,0.8,-223.21785151462723,-0.6000000000000001
Arsenal,Everton,2,0,H,2018-2019,1649.3806010294231,1552.7108739006235,0.8,0.2,96.66972712879965,0.6000000000000001
West Ham United,Manchester United,3,1,H,2018-2019,1520.9358116692922,1713.8311338806752,0.2,0.4,-192.89532221138302,-0.2
Arsenal,Watford,2,0,H,2018-2019,1660.3115003443409,1538.4901266076963,0.8,0.2,121.82137373664455,0.6000000000000001
Everton,Fulham,3,0,H,2018-2019,1541.7799745857058,1451.2953358008697,0.4,0.0,90.48463878483608,0.4
Huddersfield Town,Tottenham Hotspur,0,2,A,2018-2019,1448.3571680601824,1748.5717624826314,0.0,0.6,-300.21459442244895,-0.6
Manchester City,Brighton and Hove Albion,2,0,H,2018-2019,1856.96675490706,1506.798297030641,0.8,0.0,350.1684578764191,0.8
Newcastle United,Leicester City,0,2,A,2018-2019,1499.5768205816605,1542.138430601634,0.2,0.2,-42.561610019973386,0.0
Wolverhampton Wanderers,Southampton,2,0,H,2018-2019,1446.51741277584,1495.6754251734164,0.2,0.4,-49.158012397576385,-0.2
Chelsea,Liverpool,1,1,D,2018-2019,1727.1562397598718,1774.7456834846384,0.8,0.6,-47.589443724766625,0.20000000000000007
Cardiff City,Burnley,1,2,A,2018-2019,1400.28893844442,1501.8246543653797,0.0,0.0,-101.53571592095977,0.0
AFC Bournemouth,Crystal Palace,2,1,H,2018-2019,1559.0216905916106,1539.093496821932,0.6,0.6,19.928193769678728,0.0
Brighton and Hove Albion,West Ham United,1,0,H,2018-2019,1503.2714650421271,1543.5018925089848,0.4,0.4,-40.23042746685769,0.0
Burnley,Huddersfield Town,1,1,D,2018-2019,1512.5616810620008,1443.832529712365,0.2,0.0,68.72915134963591,0.2
Crystal Palace,Wolverhampton Wanderers,0,1,A,2018-2019,1524.952923828045,1463.6256850883804,0.4,0.2,61.32723873966461,0.2
Leicester City,Everton,1,2,A,2018-2019,1555.3100351591345,1552.9594290420969,0.6,0.2,2.3506061170376142,0.39999999999999997
Tottenham Hotspur,Cardiff City,1,0,H,2018-2019,1753.0964008304488,1389.5519117477988,0.8,0.0,363.54448908265,0.8
Watford,AFC Bournemouth,0,4,A,2018-2019,1528.544140058585,1573.1622635854976,0.8,0.4,-44.61812352691254,0.4
Manchester United,Newcastle United,3,2,H,2018-2019,1691.2650530409826,1486.40521602416,0.6,0.0,204.85983701682267,0.6
Fulham,Arsenal,1,5,A,2018-2019,1440.1158813444786,1670.257486893452,0.2,0.6,-230.14160554897353,-0.39999999999999997
Southampton,Chelsea,0,3,A,2018-2019,1478.5671528608761,1729.1980876214884,0.2,0.6,-250.63093476061226,-0.39999999999999997
Liverpool,Manchester City,0,0,D,2018-2019,1772.7038356230219,1860.4935868955738,0.8,0.8,-87.78975127255194,0.0
Chelsea,Manchester United,2,2,D,2018-2019,1734.9316942823298,1698.3205680676022,0.6,0.4,36.61112621472762,0.19999999999999996
AFC Bournemouth,Southampton,0,0,D,2018-2019,1586.2464645868936,1472.8335462000348,0.8,0.4,113.41291838685879,0.4
Cardiff City,Fulham,4,2,H,2018-2019,1386.2577495152202,1433.8152649746119,0.0,0.0,-47.55751545939165,0.0
Manchester City,Burnley,5,0,H,2018-2019,1856.7820542839918,1509.632513938614,1.0,0.2,347.1495403453778,0.8
Newcastle United,Brighton and Hove Albion,0,1,A,2018-2019,1479.3497009975404,1520.000630954332,0.2,0.0,-40.65092995679174,0.2
West Ham United,Tottenham Hotspur,0,1,A,2018-2019,1526.7727265967799,1756.3905630630275,0.4,0.8,-229.61783646624758,-0.4
Wolverhampton Wanderers,Watford,0,2,A,2018-2019,1481.246234866732,1515.459939057189,0.4,0.2,-34.213704190457065,0.2
Huddersfield Town,Liverpool,0,1,A,2018-2019,1446.7616968357518,1776.4153682346039,0.0,0.6,-329.6536713988521,-0.6
Everton,Crystal Palace,2,0,H,2018-2019,1568.0609113175487,1507.3323740496933,0.4,0.6,60.72853726785547,-0.19999999999999996
Arsenal,Leicester City,3,1,H,2018-2019,1676.5581032633188,1540.2085528836826,0.8,0.4,136.34955037963618,0.4
Brighton and Hove Albion,Wolverhampton Wanderers,1,0,H,2018-2019,1533.2535542529752,1467.7186029490479,0.6,0.4,65.5349513039273,0.19999999999999996
Fulham,AFC Bournemouth,0,3,A,2018-2019,1416.774770041843,1581.5168432193589,0.2,0.6,-164.74207317751575,-0.39999999999999997
Liverpool,Cardiff City,4,1,H,2018-2019,1780.3266457748014,1403.298244447989,0.8,0.0,377.0284013268124,0.8
Southampton,Newcastle United,0,0,D,2018-2019,1477.5631675675695,1466.0967776988973,0.0,0.0,11.466389868672195,0.0
Watford,Huddersfield Town,3,0,H,2018-2019,1528.9875709748733,1442.8504192955543,0.6,0.0,86.137151679319,0.6
Leicester City,West Ham United,1,1,D,2018-2019,1530.8105518999155,1520.457090088577,0.6,0.4,10.353461811338548,0.19999999999999996
Burnley,Chelsea,0,4,A,2018-2019,1506.0512365254274,1733.3568894471307,0.2,0.6,-227.3056529217033,-0.39999999999999997
Crystal Palace,Arsenal,2,2,D,2018-2019,1494.9278572001233,1685.956104247086,0.2,0.8,-191.02824704696263,-0.6000000000000001
Manchester United,Everton,2,1,H,2018-2019,1699.8953729028012,1580.4654281671187,0.6,0.2,119.42994473568251,0.39999999999999997
Tottenham Hotspur,Manchester City,0,1,A,2018-2019,1762.7061995712304,1860.3633316971784,0.8,0.6,-97.65713212594801,0.20000000000000007
AFC Bournemouth,Manchester United,1,2,A,2018-2019,1589.8934574241216,1709.9330960417685,0.6,0.4,-120.03963861764692,0.19999999999999996
Cardiff City,Leicester City,0,1,A,2018-2019,1400.2248988911128,1530.3636892883262,0.2,0.4,-130.13879039721337,-0.2
Everton,Brighton and Hove Albion,3,1,H,2018-2019,1570.4277050281514,1545.4572678717875,0.6,0.2,24.970437156363914,0.39999999999999997
Newcastle United,Watford,1,0,H,2018-2019,1466.5916418890808,1540.3430969798235,0.0,0.4,-73.75145509074264,-0.4
West Ham United,Burnley,4,2,H,2018-2019,1520.9039527001662,1499.668979851473,0.2,0.2,21.234972848693133,0.0
Arsenal,Liverpool,1,1,D,2018-2019,1678.4502855859998,1783.3999913316775,0.8,0.8,-104.94970574567765,0.0
Wolverhampton Wanderers,Tottenham Hotspur,2,3,A,2018-2019,1455.5148893302355,1751.8147623396226,0.4,0.8,-296.29987300938706,-0.4
Manchester City,Southampton,6,1,H,2018-2019,1871.2547689287862,1477.068303377386,1.0,0.2,394.18646555140026,0.8
Chelsea,Crystal Palace,3,1,H,2018-2019,1739.739146121085,1502.4336758612094,0.6,0.4,237.30547025987562,0.19999999999999996
Huddersfield Town,Fulham,1,0,H,2018-2019,1431.494893290604,1408.3981558370804,0.0,0.0,23.0967374535237,0.0
Cardiff City,Brighton and Hove Albion,2,1,H,2018-2019,1390.5946314047053,1531.5334759274551,0.2,0.2,-140.93884452274983,0.0
Huddersfield Town,West Ham United,1,1,D,2018-2019,1445.4991933086228,1534.98830509246,0.2,0.2,-89.48911178383719,0.0
Leicester City,Burnley,0,0,D,2018-2019,1539.9939567747338,1485.5846274591793,0.4,0.2,54.40932931555449,0.2
Newcastle United,AFC Bournemouth,2,1,H,2018-2019,1484.7287692971047,1579.879162493215,0.2,0.6,-95.15039319611037,-0.39999999999999997
Southampton,Watford,1,1,D,2018-2019,1474.256914870362,1522.2059695717996,0.0,0.4,-47.94905470143772,-0.4
Crystal Palace,Tottenham Hotspur,0,1,A,2018-2019,1496.3358644015184,1756.4266680538099,0.0,0.8,-260.09080365229147,-0.8
Liverpool,Fulham,2,0,H,2018-2019,1779.0019106831592,1394.3938558190616,0.8,0.0,384.60805486409754,0.8
Chelsea,Everton,0,0,D,2018-2019,1745.836957580776,1584.3514969724838,0.6,0.2,161.48546060829221,0.39999999999999997
Arsenal,Wolverhampton Wanderers,1,1,D,2018-2019,1682.8483662345182,1450.9029836160482,0.8,0.4,231.94538261846992,0.4
Manchester City,Manchester United,3,1,H,2018-2019,1874.0661574358103,1719.947390972675,1.0,0.6,154.11876646313522,0.4
Brighton and Hove Albion,Leicester City,1,1,D,2018-2019,1510.7618233878623,1537.663933594545,0.6,0.6,-26.902110206682664,0.0
Everton,Cardiff City,1,0,H,2018-2019,1590.8612296927686,1411.3662839442982,0.6,0.0,179.4949457484704,0.6
Fulham,Southampton,3,2,H,2018-2019,1391.438798384109,1476.3139985508394,0.2,0.2,-84.87520016673034,0.0
Manchester United,Crystal Palace,0,0,D,2018-2019,1711.1966208028407,1490.8505727723775,0.6,0.2,220.34604803046318,0.39999999999999997
Watford,Liverpool,0,3,A,2018-2019,1520.1488858913222,1781.9569681181117,0.6,0.6,-261.80808222678957,0.0
West Ham United,Manchester City,0,4,A,2018-2019,1531.2079808565245,1882.8169276056447,0.4,0.6,-351.60894674912015,-0.19999999999999996
Tottenham Hotspur,Chelsea,3,1,H,2018-2019,1761.9119596829507,1739.3272248604912,0.6,0.8,22.584734822459495,-0.20000000000000007
AFC Bournemouth,Arsenal,1,2,A,2018-2019,1560.870901431059,1674.0974564392077,0.4,0.6,-113.22655500814858,-0.19999999999999996
Wolverhampton Wanderers,Huddersfield Town,0,2,A,2018-2019,1459.6538934113587,1449.2795175445583,0.4,0.0,10.374375866800392,0.4
Burnley,Newcastle United,1,2,A,2018-2019,1487.9146506393681,1503.7370303592606,0.2,0.0,-15.822379719892524,0.2
Cardiff City,Wolverhampton Wanderers,2,1,H,2018-2019,1403.4926833128977,1444.2061286703793,0.4,0.4,-40.71344535748153,0.0
Crystal Palace,Burnley,2,0,H,2018-2019,1499.2647057144634,1473.5972858350472,0.0,0.2,25.66741987941623,-0.2
Huddersfield Town,Brighton and Hove Albion,1,2,A,2018-2019,1464.7272822855377,1511.9209652364736,0.2,0.2,-47.19368295093591,0.0
Leicester City,Watford,2,0,H,2018-2019,1536.5047917459335,1514.7077654049106,0.2,0.2,21.797026341022956,0.0
Manchester City,AFC Bournemouth,3,1,H,2018-2019,1886.3180344694601,1550.5932755419583,1.0,0.4,335.72475892750185,0.6
Newcastle United,West Ham United,0,3,A,2018-2019,1518.0543951635816,1527.706873992709,0.4,0.2,-9.652478829127404,0.2
Southampton,Manchester United,2,2,D,2018-2019,1457.7208362108283,1702.7824878607548,0.0,0.4,-245.0616516499265,-0.4
Chelsea,Fulham,2,0,H,2018-2019,1725.3009151759466,1410.0319607241202,0.4,0.0,315.2689544518264,0.4
Arsenal,Tottenham Hotspur,4,2,H,2018-2019,1684.3750823283085,1775.9382693674954,0.6,1.0,-91.56318703918691,-0.4
Liverpool,Everton,1,0,H,2018-2019,1787.3980886045233,1598.734830324169,0.8,0.2,188.66325828035428,0.6000000000000001
AFC Bournemouth,Huddersfield Town,2,1,H,2018-2019,1546.7993403088528,1451.752357789865,0.4,0.2,95.04698251898776,0.2
Brighton and Hove Albion,Crystal Palace,3,1,H,2018-2019,1524.8958897321463,1513.1585657431474,0.4,0.2,11.737323988998924,0.2
West Ham United,Cardiff City,3,1,H,2018-2019,1542.2902501667054,1420.2424223513872,0.4,0.0,122.04782781531821,0.4
Watford,Manchester City,1,2,A,2018-2019,1500.647585983398,1890.1119697025656,0.4,0.6,-389.4643837191677,-0.19999999999999996
Burnley,Liverpool,1,3,A,2018-2019,1459.7034258063632,1794.9690693027478,0.2,0.6,-335.26564349638466,-0.39999999999999997
Fulham,Leicester City,1,1,D,2018-2019,1405.8303134553332,1550.5649711674462,0.4,0.4,-144.73465771211295,0.0
Wolverhampton Wanderers,Chelsea,2,1,H,2018-2019,1427.4563896318898,1729.5025624447335,0.4,0.6,-302.0461728128437,-0.19999999999999996
Everton,Newcastle United,1,1,D,2018-2019,1591.1638496259445,1503.4710189895852,0.8,0.2,87.6928306363593,0.6000000000000001
Manchester United,Arsenal,2,2,D,2018-2019,1693.6662535093965,1703.239137181992,0.4,0.8,-9.57288367259548,-0.4
Tottenham Hotspur,Southampton,3,1,H,2018-2019,1757.074214513812,1466.8370705621867,0.6,0.0,290.2371439516253,0.6
AFC Bournemouth,Liverpool,0,4,A,2018-2019,1557.7952253789156,1798.7717720556216,0.4,0.6,-240.976546676706,-0.19999999999999996
Arsenal,Huddersfield Town,1,0,H,2018-2019,1702.8259471259223,1440.7564727198023,0.6,0.2,262.06947440612,0.39999999999999997
Burnley,Brighton and Hove Albion,1,0,H,2018-2019,1455.9007230534894,1539.389341409901,0.2,0.4,-83.48861835641151,-0.2
Cardiff City,Southampton,1,0,H,2018-2019,1410.3051007976087,1462.0873014975475,0.6,0.0,-51.78220069993881,0.6
Manchester United,Fulham,4,1,H,2018-2019,1694.0794435654661,1411.7409917314046,0.4,0.0,282.3384518340615,0.4
West Ham United,Crystal Palace,3,2,H,2018-2019,1552.2275717204839,1498.6651140653928,0.6,0.0,53.562457655091066,0.6
Chelsea,Manchester City,2,0,H,2018-2019,1703.9868395766887,1892.9933862204352,0.4,0.8,-189.00654664374656,-0.4
Leicester City,Tottenham Hotspur,0,2,A,2018-2019,1544.6542928913748,1761.8239835784511,0.4,0.8,-217.16969068707635,-0.4
Newcastle United,Wolverhampton Wanderers,1,2,A,2018-2019,1507.178623116982,1452.9721124999346,0.4,0.2,54.20651061704734,0.2
Everton,Watford,2,2,D,2018-2019,1587.4562454985478,1497.7661694655283,0.8,0.2,89.69007603301952,0.6000000000000001
Manchester City,Everton,3,1,H,2018-2019,1870.553186879247,1583.6677971995305,1.0,0.2,286.8853896797166,0.8
Crystal Palace,Leicester City,1,0,H,2018-2019,1485.959443624152,1537.9739598180474,0.2,0.4,-52.01451619389536,-0.2
Huddersfield Town,Newcastle United,0,1,A,2018-2019,1435.3220513212495,1489.8571458156391,0.2,0.2,-54.53509449438957,0.0
Tottenham Hotspur,Burnley,1,0,H,2018-2019,1768.5043166517785,1474.437403202062,0.6,0.2,294.0669134497166,0.39999999999999997
Watford,Cardiff City,3,2,H,2018-2019,1501.5546177645456,1427.524310429722,0.2,0.0,74.03030733482365,0.2
Wolverhampton Wanderers,AFC Bournemouth,2,0,H,2018-2019,1470.2935898012774,1551.7994393847791,0.4,0.4,-81.50584958350169,0.0
Fulham,West Ham United,0,2,A,2018-2019,1406.806614294099,1564.9332421617246,0.2,0.4,-158.12662786762553,-0.2
Brighton and Hove Albion,Chelsea,1,2,A,2018-2019,1520.8526612613284,1726.4270389178769,0.6,0.4,-205.57437765654845,0.19999999999999996
Southampton,Arsenal,3,2,H,2018-2019,1444.8680918654343,1708.260368524475,0.0,0.6,-263.3922766590408,-0.6
Liverpool,Manchester United,3,1,H,2018-2019,1804.767558049758,1699.0138210027717,0.8,0.2,105.75373704698632,0.6000000000000001
Wolverhampton Wanderers,Liverpool,0,2,A,2018-2019,1488.749317700546,1815.3377703906149,0.4,0.8,-326.58845269006883,-0.4
Arsenal,Burnley,3,1,H,2018-2019,1683.660986987654,1469.7751060039632,0.6,0.0,213.88588098369087,0.6
AFC Bournemouth,Brighton and Hove Albion,2,0,H,2018-2019,1533.3437114855105,1513.8193177309786,0.2,0.4,19.524393754531957,-0.2
Chelsea,Leicester City,0,1,A,2018-2019,1733.4603824482267,1520.7449408294576,0.6,0.2,212.7154416187691,0.39999999999999997
Huddersfield Town,Southampton,1,3,A,2018-2019,1422.6573729092381,1469.4674734022553,0.2,0.0,-46.81010049301722,0.2
Manchester City,Crystal Palace,2,3,A,2018-2019,1875.3805991394454,1503.188462612742,1.0,0.0,372.1921365267035,1.0
Newcastle United,Fulham,0,0,D,2018-2019,1502.5218242276505,1398.1981540744976,0.4,0.0,104.32367015315299,0.4
West Ham United,Watford,0,2,A,2018-2019,1573.541702381326,1513.4059798623393,0.6,0.2,60.13572251898677,0.39999999999999997
Cardiff City,Manchester United,1,5,A,2018-2019,1415.6729483319282,1688.4436086619148,0.8,0.2,-272.77066032998664,0.6000000000000001
Everton,Tottenham Hotspur,2,6,A,2018-2019,1578.8403849393321,1773.1666138498772,0.6,0.8,-194.32622891054507,-0.20000000000000007
Fulham,Wolverhampton Wanderers,1,1,D,2018-2019,1402.5715171536658,1484.7776317038667,0.2,0.4,-82.20611455020094,-0.2
Burnley,Everton,1,5,A,2018-2019,1462.996098971027,1571.4524295891993,0.2,0.2,-108.45633061817216,0.0
Crystal Palace,Cardiff City,0,0,D,2018-2019,1530.0374667009562,1410.507286815848,0.4,0.0,119.53017988510828,0.4
Leicester City,Manchester City,2,1,H,2018-2019,1543.9305152139602,1848.531595051231,0.2,0.6,-304.60107983727085,-0.39999999999999997
Liverpool,Newcastle United,4,0,H,2018-2019,1819.3094563872942,1498.1484611484823,0.8,0.4,321.1609952388119,0.4
Manchester United,Huddersfield Town,3,1,H,2018-2019,1693.609270177995,1409.6661872496895,0.6,0.2,283.94308292830556,0.39999999999999997
Tottenham Hotspur,AFC Bournemouth,5,0,H,2018-2019,1780.55456920001,1547.5016618474297,0.8,0.4,233.0529073525804,0.4
Brighton and Hove Albion,Arsenal,1,1,D,2018-2019,1499.6613673690595,1690.4399940205901,0.6,0.4,-190.77862665153066,0.19999999999999996
Watford,Chelsea,1,2,A,2018-2019,1530.9766281188063,1710.274808063724,0.4,0.6,-179.29817994491782,-0.19999999999999996
Southampton,West Ham United,1,2,A,2018-2019,1482.458659061804,1555.9710541248592,0.2,0.4,-73.51239506305524,-0.2
Brighton and Hove Albion,Everton,1,0,H,2018-2019,1507.159104574206,1581.9163839163232,0.4,0.2,-74.75727934211727,0.2
Fulham,Huddersfield Town,1,0,H,2018-2019,1406.055859962264,1404.7697739504158,0.2,0.2,1.2860860118482833,0.0
Leicester City,Cardiff City,0,1,A,2018-2019,1569.5020425453627,1415.4734172030494,0.4,0.0,154.02862534231326,0.4
Tottenham Hotspur,Wolverhampton Wanderers,1,3,A,2018-2019,1786.7721763728832,1481.2932888952685,0.8,0.2,305.47888747761476,0.6000000000000001
Watford,Newcastle United,1,1,D,2018-2019,1523.0964481066917,1494.0678738883455,0.4,0.4,29.028574218346193,0.0
Liverpool,Arsenal,5,1,H,2018-2019,1823.390043647431,1682.9422568154437,1.0,0.2,140.4477868319873,0.8
Crystal Palace,Chelsea,0,1,A,2018-2019,1525.0713363137547,1718.1549880758387,0.4,0.6,-193.08365176208395,-0.19999999999999996
Burnley,West Ham United,2,0,H,2018-2019,1452.5321446439032,1567.843797740902,0.2,0.6,-115.31165309699873,-0.39999999999999997
Southampton,Manchester City,1,3,A,2018-2019,1470.5859154457612,1822.9600677198287,0.2,0.6,-352.37415227406746,-0.39999999999999997
Manchester United,AFC Bournemouth,4,1,H,2018-2019,1698.5056834772688,1541.2840546745565,0.6,0.2,157.2216288027123,0.39999999999999997
Everton,Leicester City,0,1,A,2018-2019,1563.7377562468907,1548.2560292910957,0.4,0.4,15.481726955795011,0.0
Arsenal,Fulham,4,1,H,2018-2019,1673.6958377008903,1421.0003354193825,0.6,0.0,252.69550228150774,0.6
Cardiff City,Tottenham Hotspur,0,3,A,2018-2019,1436.7194304573163,1761.181608868597,0.6,0.8,-324.4621784112808,-0.20000000000000007
AFC Bournemouth,Watford,3,3,D,2018-2019,1532.6435810838482,1521.8460919405643,0.4,0.2,10.797489143283883,0.2
Chelsea,Southampton,0,0,D,2018-2019,1725.5828467408667,1467.0984077489213,0.6,0.2,258.48443899194535,0.39999999999999997
Huddersfield Town,Burnley,1,2,A,2018-2019,1389.8252984932974,1472.3354633675347,0.2,0.0,-82.51016487423726,0.2
West Ham United,Brighton and Hove Albion,2,2,D,2018-2019,1548.0404790172704,1525.3377322436384,0.6,0.2,22.702746773632043,0.39999999999999997
Wolverhampton Wanderers,Crystal Palace,0,2,A,2018-2019,1506.8838563995546,1517.6434776487267,0.4,0.2,-10.759621249172142,0.2
Newcastle United,Manchester United,0,2,A,2018-2019,1495.318230054473,1707.1461570679771,0.4,0.4,-211.82792701350422,0.0
Manchester City,Liverpool,2,1,H,2018-2019,1826.4475754166685,1832.6364627619844,0.8,0.8,-6.188887345315834,0.0
West Ham United,Arsenal,1,0,H,2018-2019,1547.0617152969014,1679.3745281930271,0.4,0.2,-132.3128128961257,0.2
Brighton and Hove Albion,Liverpool,0,1,A,2018-2019,1526.3164959640073,1817.3692952740319,0.4,0.8,-291.0527993100245,-0.4
Burnley,Fulham,2,1,H,2018-2019,1483.8387044856042,1415.3216449272456,0.4,0.0,68.5170595583586,0.4
Cardiff City,Huddersfield Town,0,0,D,2018-2019,1432.7053774583612,1378.3220573752278,0.6,0.2,54.38332008313341,0.39999999999999997
Crystal Palace,Watford,1,2,A,2018-2019,1532.1790959052244,1522.3121070000052,0.4,0.2,9.86698890521916,0.2
Leicester City,Southampton,1,2,A,2018-2019,1563.923987134073,1476.5715463634253,0.4,0.2,87.35244077064772,0.2
Chelsea,Newcastle United,2,1,H,2018-2019,1716.1097081263626,1488.4768604468006,0.4,0.4,227.63284767956202,0.0
Everton,AFC Bournemouth,2,0,H,2018-2019,1548.0697984039134,1532.1775660244073,0.2,0.0,15.89223237950614,0.2
Tottenham Hotspur,Manchester United,0,1,A,2018-2019,1765.1956618675522,1713.9875266756494,0.8,0.4,51.208135191902784,0.4
Manchester City,Wolverhampton Wanderers,3,0,H,2018-2019,1841.714742904621,1492.348238143057,0.8,0.4,349.3665047615641,0.4
Wolverhampton Wanderers,Leicester City,4,3,H,2018-2019,1488.8070135047358,1545.230184318648,0.4,0.4,-56.42317081391229,0.0
AFC Bournemouth,West Ham United,2,0,H,2018-2019,1517.8632107283527,1567.513095661595,0.4,0.6,-49.64988493324222,-0.19999999999999996
Liverpool,Crystal Palace,4,3,H,2018-2019,1822.100323801909,1516.7532182391208,1.0,0.4,305.34710556278833,0.6
Manchester United,Brighton and Hove Albion,2,1,H,2018-2019,1731.1824884931411,1521.58546743613,0.6,0.2,209.59702105701103,0.39999999999999997
Newcastle United,Cardiff City,3,0,H,2018-2019,1482.1040621887348,1430.3764501051594,0.2,0.2,51.72761208357542,0.0
Southampton,Everton,2,1,H,2018-2019,1495.2653491788503,1562.384153699968,0.2,0.2,-67.11880452111768,0.0
Watford,Burnley,0,0,D,2018-2019,1537.7379846661088,1495.9183459720814,0.2,0.2,41.81963869402739,0.0
Arsenal,Chelsea,2,0,H,2018-2019,1658.9231478283336,1722.4825063844285,0.8,0.6,-63.55935855609482,0.20000000000000007
Huddersfield Town,Manchester City,0,3,A,2018-2019,1380.6509847284296,1845.2559675429422,0.0,0.6,-464.6049828145126,-0.6
Fulham,Tottenham Hotspur,1,2,A,2018-2019,1403.2420034407685,1748.0007000500605,0.4,0.8,-344.758696609292,-0.4
Arsenal,Cardiff City,2,1,H,2018-2019,1676.6370186562997,1417.593354489846,1.0,0.2,259.0436641664537,0.8
Fulham,Brighton and Hove Albion,4,2,H,2018-2019,1399.6170935842786,1514.6760389077124,0.2,0.2,-115.05894532343382,0.0
Huddersfield Town,Everton,0,1,A,2018-2019,1378.7161030156876,1544.5219197419528,0.0,0.2,-165.80581672626522,-0.2
Wolverhampton Wanderers,West Ham United,3,0,H,2018-2019,1506.2218060605617,1550.3840111679765,0.6,0.6,-44.16220510741482,0.0
Manchester United,Burnley,2,2,D,2018-2019,1738.0919170215589,1497.7151757190782,0.8,0.2,240.3767413024807,0.6000000000000001
Newcastle United,Manchester City,2,1,H,2018-2019,1494.8871578040482,1847.1908492556843,0.2,0.6,-352.30369145163604,-0.39999999999999997
AFC Bournemouth,Chelsea,4,0,H,2018-2019,1534.9922952219713,1704.7686355564624,0.6,0.6,-169.77634033449112,0.0
Southampton,Crystal Palace,1,1,D,2018-2019,1513.1275831368655,1512.3409316435075,0.4,0.4,0.786651493358022,0.0
Liverpool,Leicester City,1,1,D,2018-2019,1826.5126103975224,1527.8153917628222,1.0,0.4,298.6972186347002,0.6
Tottenham Hotspur,Watford,2,1,H,2018-2019,1751.6256099065504,1535.941154919112,0.6,0.4,215.68445498743836,0.19999999999999996
Tottenham Hotspur,Newcastle United,1,0,H,2018-2019,1758.3504448820652,1521.3983998036174,0.6,0.2,236.95204507844778,0.39999999999999997
Brighton and Hove Albion,Watford,0,0,D,2018-2019,1494.8825139778362,1529.2163199435972,0.4,0.4,-34.33380596576103,0.0
Burnley,Southampton,1,1,D,2018-2019,1506.7028080546747,1513.0936207198636,0.6,0.4,-6.390812665188832,0.19999999999999996
Chelsea,Huddersfield Town,5,0,H,2018-2019,1682.97140448012,1370.3764099849263,0.6,0.0,312.59499449519376,0.6
Crystal Palace,Fulham,2,0,H,2018-2019,1512.3748940605094,1419.4106185141547,0.4,0.0,92.96427554635466,0.4
Everton,Wolverhampton Wanderers,1,3,A,2018-2019,1552.8616127727141,1523.1182393302424,0.2,0.4,29.743373442471693,-0.2
Cardiff City,AFC Bournemouth,2,0,H,2018-2019,1412.0809924292084,1556.7895262983136,0.4,0.0,-144.70853386910517,0.4
Leicester City,Manchester United,0,1,A,2018-2019,1538.25709019423,1729.1042846859623,0.4,0.6,-190.84719449173235,-0.19999999999999996
Manchester City,Arsenal,3,1,H,2018-2019,1820.679607256115,1682.1493807169372,0.8,0.0,138.53022653917787,0.8
West Ham United,Liverpool,1,1,D,2018-2019,1533.4875778982957,1816.0709119661146,0.6,0.8,-282.5833340678189,-0.20000000000000007
Everton,Manchester City,0,2,A,2018-2019,1536.5806159715535,1829.99678282247,0.2,0.4,-293.4161668509166,-0.2
Fulham,Manchester United,0,3,A,2018-2019,1408.331090222842,1736.6043270196633,0.4,0.8,-328.27323679682127,-0.4
Crystal Palace,West Ham United,1,1,D,2018-2019,1523.4544223518221,1543.5590094044824,0.4,0.4,-20.104587052660236,0.0
Huddersfield Town,Arsenal,1,2,A,2018-2019,1366.1188378216364,1672.8322051505822,0.0,0.0,-306.7133673289459,0.0
Liverpool,AFC Bournemouth,3,0,H,2018-2019,1805.999480459928,1535.8798007832404,0.8,0.0,270.1196796766876,0.8
Southampton,Cardiff City,1,2,A,2018-2019,1512.8177382718864,1432.9907179442816,0.4,0.2,79.82702032760471,0.2
Watford,Everton,1,0,H,2018-2019,1527.7388167846095,1531.9035489944483,0.2,0.4,-4.164732209838803,-0.2
Brighton and Hove Albion,Burnley,1,3,A,2018-2019,1496.360017136824,1506.978690502652,0.2,0.2,-10.618673365828045,0.0
Tottenham Hotspur,Leicester City,3,1,H,2018-2019,1764.4581465562308,1530.757047860529,0.6,0.4,233.70109869570183,0.19999999999999996
Manchester City,Chelsea,6,0,H,2018-2019,1834.6738497995752,1687.22897664341,0.8,0.6,147.44487315616516,0.20000000000000007
Wolverhampton Wanderers,Newcastle United,1,1,D,2018-2019,1539.399236131403,1515.2906981294518,0.6,0.2,24.108538001951274,0.39999999999999997
Cardiff City,Watford,1,5,A,2018-2019,1451.377735984943,1542.918614116194,0.4,0.4,-91.54087813125102,0.0
West Ham United,Fulham,3,1,H,2018-2019,1542.6919921092974,1404.3927047176671,0.4,0.0,138.2992873916303,0.4
Burnley,Tottenham Hotspur,2,1,H,2018-2019,1521.520388212107,1770.657382345575,0.6,0.8,-249.13699413346785,-0.20000000000000007
AFC Bournemouth,Wolverhampton Wanderers,1,1,D,2018-2019,1530.6485565995683,1538.36005421711,0.6,0.6,-7.711497617541681,0.0
Newcastle United,Huddersfield Town,2,0,H,2018-2019,1516.3298800437449,1361.736067227347,0.4,0.0,154.59381281639799,0.4
Leicester City,Crystal Palace,1,4,A,2018-2019,1524.5578120711848,1524.321439647007,0.2,0.4,0.2363724241777163,-0.2
Arsenal,Southampton,2,0,H,2018-2019,1677.2149757448717,1494.430720231225,1.0,0.4,182.7842555136467,0.6
Manchester United,Liverpool,0,0,D,2018-2019,1740.5427125248382,1811.2307246436,0.8,0.6,-70.68801211876189,0.20000000000000007
Cardiff City,Everton,0,3,A,2018-2019,1440.2408915852636,1516.7237516628638,0.2,0.4,-76.48286007760021,-0.2
Huddersfield Town,Wolverhampton Wanderers,1,0,H,2018-2019,1353.0022370148865,1538.0271767632764,0.0,0.4,-185.0249397483899,-0.4
Leicester City,Brighton and Hove Albion,2,1,H,2018-2019,1509.5476070548784,1481.8183194273688,0.2,0.0,27.72928762750962,0.2
Newcastle United,Burnley,2,0,H,2018-2019,1525.0637102562052,1545.7467913692572,0.6,0.4,-20.683081113051912,0.19999999999999996
Arsenal,AFC Bournemouth,5,1,H,2018-2019,1684.979114875555,1530.981434053402,1.0,0.0,153.99768082215314,1.0
Southampton,Fulham,2,0,H,2018-2019,1486.6665811005416,1395.066987625828,0.2,0.0,91.59959347471363,0.2
Crystal Palace,Manchester United,1,3,A,2018-2019,1539.3316446633135,1743.553135168894,0.2,1.0,-204.2214905055805,-0.8
Chelsea,Tottenham Hotspur,2,0,H,2018-2019,1678.2381912047838,1746.4309791884248,0.6,0.8,-68.19278798364098,-0.20000000000000007
Liverpool,Watford,5,0,H,2018-2019,1808.2203019995443,1554.0554585158734,0.8,0.4,254.1648434836709,0.4
Manchester City,West Ham United,1,0,H,2018-2019,1843.6646352382015,1552.0177092011365,0.8,0.2,291.646926037065,0.6000000000000001
Tottenham Hotspur,Arsenal,1,1,D,2018-2019,1728.5240923890437,1693.7342059990017,0.6,0.2,34.78988639004206,0.39999999999999997
AFC Bournemouth,Manchester City,0,1,A,2018-2019,1522.2263429299553,1848.382050945628,0.6,0.6,-326.15570801567264,0.0
Brighton and Hove Albion,Huddersfield Town,1,0,H,2018-2019,1468.0129535405706,1375.312093731363,0.2,0.0,92.70085980920771,0.2
Burnley,Crystal Palace,1,3,A,2018-2019,1529.8548843390445,1532.256281474764,0.6,0.6,-2.401397135719435,0.0
Manchester United,Southampton,3,2,H,2018-2019,1750.6284983574435,1497.8010587978738,0.6,0.4,252.8274395595697,0.19999999999999996
Wolverhampton Wanderers,Cardiff City,2,0,H,2018-2019,1515.7173200468,1428.4905977636388,0.4,0.4,87.22672228316128,0.0
West Ham United,Newcastle United,2,0,H,2018-2019,1547.3002934937101,1540.955617286418,0.4,0.0,6.344676207292196,0.4
Watford,Leicester City,2,1,H,2018-2019,1548.4156053943125,1523.3529729416766,0.4,0.4,25.062632452635853,0.0
Fulham,Chelsea,1,2,A,2018-2019,1383.9325099284958,1696.1450780041648,0.4,0.4,-312.21256807566897,0.0
Everton,Liverpool,0,0,D,2018-2019,1528.4740454844887,1813.8601551211052,0.2,0.4,-285.38610963661654,-0.2
Crystal Palace,Brighton and Hove Albion,1,2,A,2018-2019,1547.1526064773195,1479.1030796234854,0.2,0.0,68.0495268538341,0.2
Cardiff City,West Ham United,2,0,H,2018-2019,1417.1793015617816,1562.0264022477945,0.2,0.0,-144.84710068601294,0.2
Huddersfield Town,AFC Bournemouth,0,2,A,2018-2019,1364.221967648448,1518.2460651210156,0.2,0.0,-154.02409747256752,0.2
Leicester City,Fulham,3,1,H,2018-2019,1509.4331408230603,1379.6668888720903,0.2,0.0,129.76625195096995,0.2
Newcastle United,Everton,3,2,H,2018-2019,1526.2295085323335,1538.611571798088,0.8,0.4,-12.382063265754596,0.4
Southampton,Tottenham Hotspur,2,1,H,2018-2019,1492.1258640094966,1727.0270922312056,0.4,0.6,-234.90122822170906,-0.19999999999999996
Manchester City,Watford,3,1,H,2018-2019,1852.3623287545677,1562.3354375129288,1.0,0.4,290.02689124163885,0.6
Liverpool,Burnley,4,2,H,2018-2019,1803.7226288075058,1514.9585593364889,0.8,0.4,288.7640694710169,0.4
Chelsea,Wolverhampton Wanderers,1,1,D,2018-2019,1700.4106990605703,1527.0286162486573,0.6,0.4,173.38208281191305,0.19999999999999996
Arsenal,Manchester United,2,0,H,2018-2019,1695.2312061568398,1756.3036931458207,1.0,1.0,-61.07248698898093,0.0
AFC Bournemouth,Newcastle United,2,2,D,2018-2019,1527.000213456591,1541.7638589686253,0.4,0.0,-14.763645512034373,0.4
Burnley,Leicester City,1,2,A,2018-2019,1510.1747921838605,1519.0774363103933,0.6,0.2,-8.902644126532778,0.39999999999999997
West Ham United,Huddersfield Town,4,3,H,2018-2019,1541.111623715788,1355.4678193128727,0.6,0.0,185.6438044029153,0.6
Fulham,Liverpool,1,2,A,2018-2019,1370.0225933847573,1808.5063959601341,0.4,0.2,-438.4838025753768,0.2
Everton,Chelsea,2,0,H,2018-2019,1523.0772213617963,1693.4903453776242,0.2,0.4,-170.41312401582786,-0.2
Fulham,Manchester City,0,2,A,2018-2019,1367.7970500009626,1857.1169383554136,0.2,0.8,-489.319888354451,-0.6000000000000001
Brighton and Hove Albion,Southampton,0,1,A,2018-2019,1497.004013151199,1515.9605368792174,0.4,0.2,-18.95652372801851,0.2
Burnley,Wolverhampton Wanderers,2,0,H,2018-2019,1495.5590661285137,1533.9489699316034,0.4,0.2,-38.38990380308974,0.2
Crystal Palace,Huddersfield Town,2,0,H,2018-2019,1529.251672949606,1347.7980316362355,0.2,0.0,181.45364131337055,0.2
Leicester City,AFC Bournemouth,2,0,H,2018-2019,1533.6931623657401,1527.6372279037937,0.4,0.2,6.0559344619464355,0.2
Manchester United,Watford,2,1,H,2018-2019,1738.6938075603289,1557.580827912083,0.6,0.2,181.11297964824598,0.39999999999999997
West Ham United,Everton,0,2,A,2018-2019,1548.7814113924253,1544.8962811013512,0.8,0.4,3.8851302910741197,0.4
Cardiff City,Chelsea,1,2,A,2018-2019,1438.094080093788,1671.6712856380693,0.4,0.2,-233.57720554428124,0.2
Liverpool,Tottenham Hotspur,2,1,H,2018-2019,1810.7319393439288,1703.1924193614848,0.8,0.4,107.53951998244406,0.4
Arsenal,Newcastle United,2,0,H,2018-2019,1712.8410917423316,1541.1268445214225,1.0,0.0,171.7142472209091,1.0
Watford,Fulham,4,1,H,2018-2019,1549.7611961377452,1366.10428110775,0.4,0.0,183.65691502999516,0.4
Wolverhampton Wanderers,Manchester United,2,1,H,2018-2019,1517.298257025003,1746.5134393346666,0.6,0.8,-229.21518230966353,-0.20000000000000007
Chelsea,Brighton and Hove Albion,3,0,H,2018-2019,1677.8740297672412,1482.8216209093157,0.6,0.2,195.05240885792546,0.39999999999999997
Tottenham Hotspur,Crystal Palace,2,0,H,2018-2019,1692.6924741705507,1537.0599726648393,0.6,0.6,155.6325015057114,0.0
Manchester City,Cardiff City,2,0,H,2018-2019,1858.8097072486262,1431.8913359646162,1.0,0.4,426.91837128400994,0.6
Southampton,Liverpool,1,3,A,2018-2019,1530.1429291211007,1821.231884534863,0.6,0.4,-291.0889554137623,0.19999999999999996
AFC Bournemouth,Burnley,1,3,A,2018-2019,1512.8986571364842,1512.209779035114,0.4,0.2,0.6888781013701646,0.2
Huddersfield Town,Leicester City,1,4,A,2018-2019,1339.9897319210022,1548.4317331330496,0.2,0.2,-208.44200121204744,0.0
Newcastle United,Crystal Palace,0,1,A,2018-2019,1532.9903931284086,1528.3631142468228,1.0,0.4,4.62727888158588,0.6
Everton,Arsenal,1,0,H,2018-2019,1560.0640086682909,1720.9775431353455,0.4,0.2,-160.91353446705466,0.2
Chelsea,West Ham United,2,0,H,2018-2019,1685.2387319691054,1533.6136838254856,0.8,0.0,151.62504814361978,0.8
Leicester City,Newcastle United,0,1,A,2018-2019,1555.376584105776,1517.7906292513296,0.6,0.0,37.5859548544463,0.6
Tottenham Hotspur,Huddersfield Town,4,0,H,2018-2019,1701.3893325885672,1333.044880948276,0.8,0.0,368.34445164029125,0.8
Brighton and Hove Albion,AFC Bournemouth,0,5,A,2018-2019,1475.4569187074515,1497.868915917075,0.2,0.2,-22.41199720962345,0.0
Burnley,Cardiff City,2,0,H,2018-2019,1527.2395202545233,1429.5246680248852,0.4,0.2,97.71485222963815,0.2
Fulham,Everton,2,0,H,2018-2019,1358.369015497016,1581.5536855538594,0.2,0.6,-223.1846700568433,-0.39999999999999997
Southampton,Wolverhampton Wanderers,3,1,H,2018-2019,1525.4127299249071,1540.9710557527526,0.4,0.2,-15.558325827845465,0.2
Manchester United,West Ham United,2,1,H,2018-2019,1722.840640606917,1524.7736726558987,0.6,0.0,198.06696795101834,0.6
Crystal Palace,Manchester City,1,3,A,2018-2019,1543.5628781239018,1861.1763751883573,0.4,0.8,-317.6134970644555,-0.4
Liverpool,Chelsea,2,0,H,2018-2019,1825.9620837310565,1694.0787431386923,0.8,0.4,131.88334059236422,0.4
Watford,Arsenal,0,1,A,2018-2019,1557.496461748479,1699.487866249777,0.6,0.2,-141.9914045012979,0.39999999999999997
Brighton and Hove Albion,Cardiff City,0,2,A,2018-2019,1461.423182525726,1418.6355357087095,0.2,0.2,42.787646817016366,0.0
Manchester City,Tottenham Hotspur,1,0,H,2018-2019,1865.3294943981296,1704.6033382907983,1.0,0.2,160.72615610733124,0.8
AFC Bournemouth,Fulham,0,1,A,2018-2019,1511.9026520988004,1381.8667544688,0.2,0.0,130.03589763000036,0.2
Huddersfield Town,Watford,1,2,A,2018-2019,1329.8308752460448,1548.3067838275113,0.2,0.2,-218.47590858146646,0.0
West Ham United,Leicester City,2,2,D,2018-2019,1517.5049712717364,1538.7601687927527,0.6,0.4,-21.25519752101627,0.19999999999999996
Wolverhampton Wanderers,Brighton and Hove Albion,0,0,D,2018-2019,1525.29979746084,1444.5851740492014,0.8,0.2,80.71462341163851,0.6000000000000001
Newcastle United,Southampton,3,1,H,2018-2019,1534.4070445643529,1541.0839882168198,0.8,0.4,-6.676943652466889,0.4
Everton,Manchester United,4,0,H,2018-2019,1558.0559465820754,1730.1093419910794,0.4,0.6,-172.053395409004,-0.19999999999999996
Arsenal,Crystal Palace,2,3,A,2018-2019,1708.6775441707448,1539.4097589141295,1.0,0.6,169.2677852566153,0.4
Cardiff City,Liverpool,0,2,A,2018-2019,1435.473544185234,1835.526803435769,0.4,0.4,-400.0532592505349,0.0
Chelsea,Burnley,2,2,D,2018-2019,1684.51402343398,1538.128652570699,0.8,0.4,146.38537086328097,0.4
Watford,Southampton,1,1,D,2018-2019,1554.9481528748763,1525.7957568697057,0.6,0.2,29.152396005170658,0.39999999999999997
Tottenham Hotspur,Brighton and Hove Albion,1,0,H,2018-2019,1696.086438126788,1448.008538113057,0.8,0.2,248.07790001373087,0.6000000000000001
Wolverhampton Wanderers,Arsenal,3,1,H,2018-2019,1521.8764333969843,1686.8977722040497,0.6,0.4,-165.02133880706538,0.19999999999999996
Manchester United,Manchester City,0,2,A,2018-2019,1708.2342219934344,1873.84639456214,0.6,0.8,-165.61217256870555,-0.20000000000000007
Liverpool,Huddersfield Town,5,0,H,2018-2019,1838.253316130543,1323.1895061986797,1.0,0.0,515.0638099318633,1.0
Tottenham Hotspur,West Ham United,0,1,A,2018-2019,1701.8885135353928,1518.4214887919804,0.8,0.0,183.46702474341237,0.8
Crystal Palace,Everton,0,0,D,2018-2019,1561.1895308808246,1579.9310665797204,0.2,0.4,-18.74153569889586,-0.2
Fulham,Cardiff City,1,0,H,2018-2019,1402.2326136122715,1432.74703149046,0.2,0.4,-30.514417878188397,-0.2
Southampton,AFC Bournemouth,3,3,D,2018-2019,1527.0514215492833,1491.536792955329,0.6,0.4,35.514628593954285,0.19999999999999996
Watford,Wolverhampton Wanderers,1,2,A,2018-2019,1553.6924881952987,1543.5095218326132,0.6,0.0,10.18296636268542,0.6
Brighton and Hove Albion,Newcastle United,1,1,D,2018-2019,1442.2064627044522,1549.695275911467,0.2,0.2,-107.4888132070148,0.0
Leicester City,Arsenal,3,0,H,2018-2019,1537.8436512725086,1665.2646837684208,0.6,0.4,-127.42103249591219,0.19999999999999996
Burnley,Manchester City,0,1,A,2018-2019,1544.0994191691443,1882.1928012778799,0.6,1.0,-338.09338210873557,-0.4
Manchester United,Chelsea,1,1,D,2018-2019,1699.8878152776945,1678.5432568355345,0.6,0.4,21.34455844215995,0.19999999999999996
Everton,Burnley,2,0,H,2018-2019,1579.1227133354193,1540.3504421601806,0.6,0.4,38.77227117523876,0.19999999999999996
AFC Bournemouth,Tottenham Hotspur,1,0,H,2018-2019,1493.0647646106488,1679.6300560412526,0.0,0.0,-186.5652914306038,0.0
West Ham United,Southampton,3,0,H,2018-2019,1540.6799462861206,1525.5234498939635,0.6,0.2,15.156496392157123,0.39999999999999997
Wolverhampton Wanderers,Fulham,1,0,H,2018-2019,1558.9490299897939,1418.546649983287,0.6,0.2,140.40238000650697,0.39999999999999997
Cardiff City,Crystal Palace,2,3,A,2018-2019,1416.4329951194445,1561.9978841251257,0.2,0.8,-145.56488900568115,-0.6000000000000001
Newcastle United,Liverpool,2,3,A,2018-2019,1545.1972133454165,1839.7243623575764,0.8,0.6,-294.52714901215995,0.20000000000000007
Chelsea,Watford,3,0,H,2018-2019,1679.46361791303,1538.252980038118,0.6,0.4,141.21063787491198,0.19999999999999996
Huddersfield Town,Manchester United,1,1,D,2018-2019,1321.7184599716463,1698.967454200199,0.2,0.4,-377.24899422855265,-0.2
Arsenal,Brighton and Hove Albion,1,1,D,2018-2019,1644.9975348333953,1446.7045252705027,0.8,0.2,198.29300956289262,0.6000000000000001
Manchester City,Leicester City,1,0,H,2018-2019,1885.9417782868436,1558.110800207534,1.0,0.4,327.8309780793095,0.6
Brighton and Hove Albion,Manchester City,1,4,A,2018-2019,1454.4429879303152,1889.8888822166375,0.2,1.0,-435.4458942863223,-0.8
Burnley,Arsenal,1,3,A,2018-2019,1527.0174612908033,1637.2590721735828,0.4,0.2,-110.24161088277947,0.2
Crystal Palace,AFC Bournemouth,5,3,H,2018-2019,1571.0569559751614,1515.4252207313066,0.2,0.4,55.63173524385479,-0.2
Fulham,Newcastle United,0,4,A,2018-2019,1409.2985588391052,1540.5453389677039,0.4,0.2,-131.24678012859863,0.2
Leicester City,Chelsea,0,0,D,2018-2019,1554.1636962777402,1688.681971416672,0.8,0.4,-134.5182751389318,0.4
Liverpool,Wolverhampton Wanderers,2,0,H,2018-2019,1844.376236735289,1568.1971211339755,1.0,0.2,276.17911560131347,0.8
Manchester United,Cardiff City,0,2,A,2018-2019,1687.037298689291,1407.3739232694088,0.6,0.2,279.6633754198822,0.39999999999999997
Southampton,Huddersfield Town,1,1,D,2018-2019,1511.1773936682264,1333.6486154825543,0.6,0.0,177.52877818567208,0.6
Tottenham Hotspur,Everton,2,2,D,2018-2019,1657.2695999205948,1592.4556942047966,0.6,0.4,64.81390571579823,0.19999999999999996
Watford,West Ham United,1,4,A,2018-2019,1529.034626534476,1555.0260025118578,0.4,0.2,-25.991375977381722,0.2
Liverpool,Norwich City,4,1,H,2019-2020,1849.458535438639,1425.153962216143,1.0,0.2,424.30457322249595,0.8
West Ham United,Manchester City,0,5,A,2019-2020,1568.9059532492047,1892.1507271911908,0.6,1.0,-323.24477394198607,-0.4
AFC Bournemouth,Sheffield United,1,1,D,2019-2020,1502.8067176574723,1416.3189810541728,0.2,0.0,86.48773660329948,0.2
Burnley,Southampton,3,0,H,2019-2020,1516.6234259637527,1504.116897068885,0.4,0.2,12.506528894867643,0.2
Crystal Palace,Everton,0,0,D,2019-2020,1583.6754590489957,1595.2219207927055,0.4,0.2,-11.54646174370987,0.2
Watford,Brighton and Hove Albion,0,3,A,2019-2020,1515.1546757971291,1452.181142955762,0.2,0.2,62.97353284136716,0.0
Tottenham Hotspur,Aston Villa,3,1,H,2019-2020,1654.503373332686,1346.0741051664509,0.6,0.0,308.42926816623503,0.6
Leicester City,Wolverhampton Wanderers,0,0,D,2019-2020,1559.6975266543056,1563.1148224306255,0.6,0.2,-3.417295776319861,0.39999999999999997
Newcastle United,Arsenal,0,1,A,2019-2020,1550.1339486027764,1647.6531075006335,0.6,0.4,-97.5191588978571,0.19999999999999996
Manchester United,Chelsea,4,0,H,2019-2020,1662.0354910932017,1683.1481410401066,0.4,0.2,-21.112649946904867,0.2
Arsenal,Burnley,2,1,H,2019-2020,1658.5500552157025,1531.083708802257,0.6,0.2,127.46634641344554,0.39999999999999997
Aston Villa,AFC Bournemouth,1,2,A,2019-2020,1341.7281719304408,1499.1480046961428,0.0,0.4,-157.41983276570204,-0.4
Brighton and Hove Albion,West Ham United,1,1,D,2019-2020,1469.8705421186282,1564.8674712798017,0.0,0.4,-94.99692916117351,-0.4
Everton,Watford,1,0,H,2019-2020,1594.7236034106909,1497.4652766342629,0.8,0.2,97.25832677642802,0.6000000000000001
Norwich City,Newcastle United,3,1,H,2019-2020,1422.7542855084212,1539.2370008877074,0.4,0.4,-116.48271537928622,0.0
Southampton,Liverpool,1,2,A,2019-2020,1489.6566142303807,1851.858212146361,0.4,0.8,-362.2015979159803,-0.4
Manchester City,Tottenham Hotspur,2,2,D,2019-2020,1896.1892091605937,1658.849306568696,1.0,0.0,237.33990259189773,1.0
Sheffield United,Crystal Palace,1,0,H,2019-2020,1419.9776940155023,1584.1737764310103,0.4,0.8,-164.19608241550804,-0.4
Chelsea,Leicester City,1,1,D,2019-2020,1667.2377549706382,1559.8450584151813,0.6,0.4,107.39269655545695,0.19999999999999996
Wolverhampton Wanderers,Manchester United,1,1,D,2019-2020,1562.96729066975,1677.94587716267,0.8,0.2,-114.97858649292016,0.6000000000000001
Aston Villa,Everton,2,0,H,2019-2020,1333.0947156530517,1605.630971714571,0.0,0.2,-272.5362560615192,-0.2
Norwich City,Chelsea,2,3,A,2019-2020,1442.602929577103,1662.7434692567047,0.6,0.2,-220.14053967960172,0.39999999999999997
Brighton and Hove Albion,Southampton,0,2,A,2019-2020,1473.8726499800466,1486.3397148370389,0.0,0.2,-12.467064856992238,-0.2
Manchester United,Crystal Palace,1,2,A,2019-2020,1673.1554675269865,1562.5693801149666,0.4,0.6,110.58608741201988,-0.19999999999999996
Sheffield United,Leicester City,1,2,A,2019-2020,1441.582090331546,1564.3393441291148,0.6,0.4,-122.75725379756886,0.19999999999999996
Watford,West Ham United,1,3,A,2019-2020,1486.5579083303828,1560.8653634183834,0.0,0.4,-74.30745508800055,-0.4
Liverpool,Arsenal,3,1,H,2019-2020,1855.1751115397028,1668.2811912223372,1.0,0.6,186.89392031736566,0.4
AFC Bournemouth,Manchester City,1,3,A,2019-2020,1507.781460973532,1887.286057707405,0.2,1.0,-379.5045967338731,-0.8
Tottenham Hotspur,Newcastle United,0,1,A,2019-2020,1667.7524580218846,1519.3883568190256,0.6,0.4,148.36410120285905,0.19999999999999996
Wolverhampton Wanderers,Burnley,1,1,D,2019-2020,1567.7577003054334,1521.3525727956223,0.6,0.2,46.40512750981111,0.39999999999999997
Southampton,Manchester United,1,1,D,2019-2020,1500.8016992761534,1653.536036992607,0.2,0.0,-152.73433771645364,0.2
Chelsea,Sheffield United,2,2,D,2019-2020,1669.335419051457,1431.6718894211901,0.6,0.0,237.6635296302668,0.6
Crystal Palace,Aston Villa,1,0,H,2019-2020,1582.1888106493461,1357.9232815487699,0.4,0.0,224.26552910057626,0.4
Leicester City,AFC Bournemouth,3,1,H,2019-2020,1574.2495450394706,1504.7472131627144,0.4,0.4,69.50233187675622,0.0
Manchester City,Brighton and Hove Albion,4,0,H,2019-2020,1890.3203055182225,1459.410665540932,0.8,0.2,430.90963997729045,0.6000000000000001
Newcastle United,Watford,1,1,D,2019-2020,1540.430852970764,1474.717982526343,0.4,0.2,65.71287044442101,0.2
West Ham United,Norwich City,2,0,H,2019-2020,1572.7052892224233,1436.0109797823507,0.4,0.2,136.69430944007263,0.2
Burnley,Liverpool,0,3,A,2019-2020,1523.3442139480262,1862.803888619883,0.6,1.0,-339.4596746718569,-0.4
Everton,Wolverhampton Wanderers,3,2,H,2019-2020,1580.8024058188528,1565.7660591530296,1.0,0.2,15.036346665823203,0.8
Arsenal,Tottenham Hotspur,2,2,D,2019-2020,1660.6524141421569,1646.7099618701463,0.6,0.0,13.942452272010541,0.6
Liverpool,Newcastle United,3,1,H,2019-2020,1866.5271406045176,1537.6271528553564,1.0,0.6,328.89998774916126,0.4
Brighton and Hove Albion,Burnley,1,1,D,2019-2020,1457.0936014470753,1519.6209619633917,0.0,0.2,-62.52736051631632,-0.2
Manchester United,Leicester City,1,0,H,2019-2020,1647.3362853505316,1586.2882839569056,0.2,0.4,61.04800139362601,-0.2
Sheffield United,Southampton,0,1,A,2019-2020,1440.5840856884536,1507.0014509182288,0.6,0.2,-66.41736522977521,0.39999999999999997
Tottenham Hotspur,Crystal Palace,4,0,H,2019-2020,1647.311583009353,1588.659439590402,0.4,0.8,58.65214341895103,-0.4
Wolverhampton Wanderers,Chelsea,2,5,A,2019-2020,1551.4148254278937,1660.4232227841935,0.4,0.2,-109.00839735629984,0.2
Norwich City,Manchester City,3,2,H,2019-2020,1426.6257824523548,1892.6373696120793,0.4,1.0,-466.0115871597245,-0.6
AFC Bournemouth,Everton,3,1,H,2019-2020,1492.7084742452794,1595.1536395439887,0.2,0.0,-102.4451652987093,0.2
Watford,Arsenal,2,2,D,2019-2020,1477.5216826417504,1660.0507930029503,0.0,0.4,-182.52911036119986,-0.4
Aston Villa,West Ham United,0,0,D,2019-2020,1351.452652607714,1582.0904865524192,0.2,0.6,-230.6378339447051,-0.39999999999999997
Southampton,AFC Bournemouth,1,3,A,2019-2020,1519.1684090923693,1512.007513415721,0.2,0.4,7.160895676648352,-0.2
Leicester City,Tottenham Hotspur,2,1,H,2019-2020,1573.8971444045055,1659.803149981404,0.4,0.0,-85.90600557689845,0.4
Burnley,Norwich City,2,0,H,2019-2020,1516.9502106678387,1454.7055055717383,0.4,0.0,62.24470509610046,0.4
Everton,Sheffield United,0,2,A,2019-2020,1575.854600373547,1428.417127514313,1.0,0.0,147.43747285923405,1.0
Manchester City,Watford,8,0,H,2019-2020,1864.5576464926958,1484.7490883317982,0.8,0.2,379.8085581608975,0.6000000000000001
Newcastle United,Brighton and Hove Albion,0,0,D,2019-2020,1533.7010947408553,1459.7643527426283,0.2,0.2,73.93674199822703,0.0
Crystal Palace,Wolverhampton Wanderers,1,1,D,2019-2020,1576.1678726183509,1540.9725156987224,0.4,0.2,35.195356919628466,0.2
West Ham United,Manchester United,2,0,H,2019-2020,1573.376896776831,1659.7274249029317,0.4,0.0,-86.3505281261007,0.4
Arsenal,Aston Villa,3,2,H,2019-2020,1652.8233873129025,1360.1662423833022,0.4,0.0,292.65714492960024,0.4
Chelsea,Liverpool,1,2,A,2019-2020,1670.8655325133648,1870.4531987190187,0.4,1.0,-199.58766620565393,-0.6
Sheffield United,Liverpool,0,1,A,2019-2020,1449.4260738534722,1877.6737965503755,0.4,1.0,-428.24772269690334,-0.6
AFC Bournemouth,West Ham United,2,2,D,2019-2020,1527.3166303640444,1592.0300378649383,0.4,0.6,-64.71340750089394,-0.19999999999999996
Aston Villa,Burnley,2,2,D,2019-2020,1355.4718999668607,1529.2912774326944,0.2,0.0,-173.81937746583367,0.2
Chelsea,Brighton and Hove Albion,2,0,H,2019-2020,1663.644934682008,1462.9091288760242,0.2,0.2,200.73580580598377,0.0
Crystal Palace,Norwich City,2,0,H,2019-2020,1574.653543272986,1442.3644388068826,0.4,0.0,132.28910446610348,0.4
Tottenham Hotspur,Southampton,2,1,H,2019-2020,1641.168067780201,1503.8592921440459,0.4,0.4,137.30877563615513,0.0
Wolverhampton Wanderers,Watford,2,0,H,2019-2020,1542.4868450440872,1481.7196093681537,0.4,0.2,60.767235675933534,0.2
Everton,Manchester City,1,3,A,2019-2020,1554.845654034388,1867.5871254563403,0.8,0.8,-312.7414714219524,0.0
Leicester City,Newcastle United,5,0,H,2019-2020,1592.5322266057085,1530.5563186074594,0.6,0.4,61.97590799824911,0.19999999999999996
Manchester United,Arsenal,1,1,D,2019-2020,1641.0742838148244,1657.517729729344,0.4,0.4,-16.443445914519543,0.0
Brighton and Hove Albion,Tottenham Hotspur,3,0,H,2019-2020,1455.7247052797586,1650.5304686632792,0.0,0.0,-194.80576338352057,0.0
Burnley,Everton,1,0,H,2019-2020,1522.3560713655206,1550.5911613983476,0.4,0.0,-28.235090032826974,0.4
Liverpool,Leicester City,2,1,H,2019-2020,1880.0238362819027,1604.8845351655625,1.0,0.2,275.1393011163402,0.8
Norwich City,Aston Villa,1,5,A,2019-2020,1432.8149307660976,1362.4071060340345,0.6,0.0,70.40782473206309,0.6
Watford,Sheffield United,0,0,D,2019-2020,1469.3167132095848,1447.076034121945,0.0,0.2,22.24067908763982,-0.2
West Ham United,Crystal Palace,1,2,A,2019-2020,1589.2680027973383,1584.203051313771,0.6,0.6,5.064951483567256,0.0
Arsenal,AFC Bournemouth,1,0,H,2019-2020,1656.808338688555,1530.0786654316444,0.4,0.4,126.7296732569107,0.0
Manchester City,Wolverhampton Wanderers,0,2,A,2019-2020,1871.8416180923807,1554.889741202656,0.8,0.2,316.95187688972464,0.6000000000000001
Southampton,Chelsea,1,4,A,2019-2020,1494.4968912609677,1670.8293582782735,0.0,0.4,-176.33246701730582,-0.4
Newcastle United,Manchester United,1,0,H,2019-2020,1518.2040100476054,1641.7836748556133,0.2,0.0,-123.57966480800792,0.2
Everton,West Ham United,2,0,H,2019-2020,1534.3748310820922,1574.0493467533631,0.6,0.4,-39.67451567127091,0.19999999999999996
AFC Bournemouth,Norwich City,0,0,D,2019-2020,1520.3196280786465,1414.8161194262498,0.4,0.0,105.5035086523967,0.4
Aston Villa,Brighton and Hove Albion,2,1,H,2019-2020,1380.4059173738824,1478.3521107360716,0.2,0.2,-97.9461933621892,0.0
Chelsea,Newcastle United,1,0,H,2019-2020,1678.8091324508728,1538.3252020718478,0.4,0.4,140.48393037902497,0.0
Leicester City,Burnley,2,1,H,2019-2020,1599.7769191614827,1538.572401681776,0.6,0.0,61.20451747970674,0.6
Tottenham Hotspur,Watford,1,1,D,2019-2020,1627.9030632069662,1468.3578153302865,0.6,0.0,159.5452478766797,0.6
Wolverhampton Wanderers,Southampton,1,1,D,2019-2020,1580.7229754184418,1486.5171170883684,0.4,0.4,94.2058583300734,0.0
Crystal Palace,Manchester City,0,2,A,2019-2020,1599.4217073577463,1846.008383876595,0.6,0.8,-246.58667651884866,-0.20000000000000007
Manchester United,Liverpool,1,1,D,2019-2020,1621.6624828313709,1885.1314522859825,0.4,1.0,-263.4689694546116,-0.6
Sheffield United,Arsenal,1,0,H,2019-2020,1448.0349320012433,1666.567376041553,0.2,0.4,-218.53244404030966,-0.2
Southampton,Leicester City,0,9,A,2019-2020,1490.4874836865126,1612.1615062917867,0.0,0.2,-121.6740226052741,-0.2
Manchester City,Aston Villa,3,0,H,2019-2020,1851.8507384553557,1399.5260210098238,0.6,0.2,452.32471744553186,0.39999999999999997
Brighton and Hove Albion,Everton,3,2,H,2019-2020,1459.2320071001302,1551.0803109475637,0.2,0.0,-91.8483038474335,0.2
Watford,AFC Bournemouth,0,0,D,2019-2020,1474.7993943497986,1515.8997035573914,0.0,0.4,-41.10030920759277,-0.4
West Ham United,Sheffield United,1,1,D,2019-2020,1557.3438668878916,1471.3952457092319,0.6,0.2,85.94862117865978,0.39999999999999997
Burnley,Chelsea,2,4,A,2019-2020,1526.187814551472,1688.054220760194,0.6,0.6,-161.86640620872208,0.0
Newcastle United,Wolverhampton Wanderers,1,1,D,2019-2020,1529.0801137625265,1576.7526088202976,0.2,0.2,-47.67249505777113,0.0
Arsenal,Crystal Palace,2,2,D,2019-2020,1643.2070623335644,1593.5793527789856,0.6,0.6,49.627709554578814,0.0
Liverpool,Tottenham Hotspur,2,1,H,2019-2020,1875.5301159806088,1621.461484187454,1.0,0.0,254.06863179315474,1.0
Norwich City,Manchester United,1,3,A,2019-2020,1419.2360439475049,1631.2638191367446,0.6,0.0,-212.02777518923972,0.6
AFC Bournemouth,Manchester United,1,0,H,2019-2020,1514.1334916787534,1638.0991150259708,0.2,0.2,-123.96562334721739,0.0
Arsenal,Wolverhampton Wanderers,1,1,D,2019-2020,1641.0789159483184,1574.7072418987025,0.6,0.2,66.37167404961588,0.39999999999999997
Aston Villa,Liverpool,1,2,A,2019-2020,1397.4591747288873,1881.1725058951445,0.4,0.8,-483.71333116625715,-0.4
Brighton and Hove Albion,Norwich City,2,0,H,2019-2020,1478.1075521514883,1412.4007480582786,0.4,0.0,65.70680409320971,0.4
Manchester City,Southampton,2,1,H,2019-2020,1853.9175847362922,1480.5358568773936,0.6,0.4,373.38172785889856,0.19999999999999996
Sheffield United,Burnley,3,0,H,2019-2020,1475.032059670691,1517.7108900725416,0.4,0.0,-42.67883040185052,0.4
West Ham United,Newcastle United,2,3,A,2019-2020,1553.7070529264324,1531.1254806841216,0.4,0.2,22.581572242310813,0.2
Watford,Chelsea,1,2,A,2019-2020,1476.5656062284365,1696.5311452391243,0.0,0.8,-219.96553901068773,-0.8
Crystal Palace,Leicester City,0,2,A,2019-2020,1595.7074991642316,1622.1131331009058,0.4,0.4,-26.40563393667412,0.0
Everton,Tottenham Hotspur,1,1,D,2019-2020,1532.2047658962056,1615.8190942729184,0.6,0.0,-83.61432837671282,0.6
Norwich City,Watford,0,2,A,2019-2020,1400.2041954175108,1469.9684734972666,0.4,0.0,-69.76427807975574,0.4
Chelsea,Crystal Palace,2,0,H,2019-2020,1703.1282779702942,1581.8453320695637,0.4,0.4,121.28294590073051,0.0
Burnley,West Ham United,3,0,H,2019-2020,1500.8775092176322,1537.7334985752873,0.6,0.2,-36.85598935765506,0.39999999999999997
Newcastle United,AFC Bournemouth,2,1,H,2019-2020,1547.0990350352668,1534.2693989814554,0.2,0.4,12.829636053811328,-0.2
Southampton,Everton,1,2,A,2019-2020,1477.4041199563703,1535.746571230867,0.0,0.0,-58.342451274496625,0.0
Tottenham Hotspur,Sheffield United,1,1,D,2019-2020,1612.277288938257,1491.8654405256004,0.6,0.2,120.41184841265658,0.39999999999999997
Leicester City,Arsenal,2,0,H,2019-2020,1635.9753001955737,1638.2477764489083,0.8,0.2,-2.2724762533346166,0.6000000000000001
Manchester United,Brighton and Hove Albion,3,1,H,2019-2020,1617.9632077232689,1490.304104792256,0.4,0.2,127.65910293101274,0.2
Wolverhampton Wanderers,Aston Villa,2,1,H,2019-2020,1577.5383813981125,1395.7141120885528,0.2,0.2,181.82426930955967,0.0
Liverpool,Manchester City,3,1,H,2019-2020,1882.917568535479,1857.0493216573154,1.0,0.8,25.868246878163518,0.19999999999999996
West Ham United,Tottenham Hotspur,2,3,A,2019-2020,1521.1482394465918,1607.2772946890768,0.4,0.0,-86.12905524248504,0.4
AFC Bournemouth,Wolverhampton Wanderers,1,2,A,2019-2020,1519.823047270347,1585.334364324695,0.4,0.2,-65.51131705434796,0.2
Arsenal,Southampton,2,2,D,2019-2020,1623.149667161502,1464.8995544777317,0.4,0.4,158.25011268377034,0.0
Brighton and Hove Albion,Leicester City,0,2,A,2019-2020,1480.5802625510976,1651.07340948298,0.6,0.6,-170.4931469318824,0.0
Crystal Palace,Liverpool,1,2,A,2019-2020,1571.8787279448327,1896.8028056836295,0.4,0.8,-324.92407773879677,-0.4
Everton,Norwich City,0,2,A,2019-2020,1548.2511367095055,1388.1763232495218,0.4,0.0,160.07481345998372,0.4
Watford,Burnley,0,3,A,2019-2020,1481.9963456652556,1517.4627683463277,0.0,0.0,-35.46642268107212,0.0
Manchester City,Chelsea,2,1,H,2019-2020,1843.164084509165,1713.0948820950252,0.8,1.0,130.06920241413968,-0.19999999999999996
Sheffield United,Manchester United,3,3,D,2019-2020,1496.8654347747806,1627.6870499644274,0.4,0.2,-130.82161518964676,0.2
Aston Villa,Newcastle United,2,0,H,2019-2020,1387.9181291619705,1561.5453867463752,0.4,0.4,-173.6272575844048,0.0
Newcastle United,Manchester City,2,2,D,2019-2020,1539.6167037598618,1852.7969715263312,0.4,0.6,-313.18026776646934,-0.19999999999999996
Burnley,Crystal Palace,0,2,A,2019-2020,1530.9368563410585,1567.8739108731963,0.6,0.4,-36.937054532137836,0.19999999999999996
Chelsea,West Ham United,0,1,A,2019-2020,1703.461995077859,1509.792384523199,0.6,0.2,193.66961055466004,0.39999999999999997
Liverpool,Brighton and Hove Albion,2,1,H,2019-2020,1900.8076227552658,1472.4020628713195,1.0,0.0,428.40555988394635,1.0
Tottenham Hotspur,AFC Bournemouth,3,2,H,2019-2020,1618.6331496124697,1507.6183487265366,0.4,0.2,111.01480088593303,0.2
Southampton,Watford,2,1,H,2019-2020,1471.2954569017845,1468.5222576705248,0.0,0.2,2.773199231259696,-0.2
Norwich City,Arsenal,2,2,D,2019-2020,1409.6365368697743,1616.7537647374493,0.2,0.0,-207.11722786767496,0.2
Wolverhampton Wanderers,Sheffield United,1,1,D,2019-2020,1597.5390628685052,1502.260851213782,0.4,0.2,95.27821165472324,0.2
Leicester City,Everton,2,1,H,2019-2020,1659.251609162758,1526.7909230892528,1.0,0.2,132.46068607350526,0.8
Manchester United,Aston Villa,2,2,D,2019-2020,1622.291633525426,1409.8468121484839,0.4,0.2,212.44482137694217,0.2
Crystal Palace,AFC Bournemouth,1,0,H,2019-2020,1581.2851910553068,1497.2545265273257,0.2,0.2,84.03066452798112,0.0
Burnley,Manchester City,1,4,A,2019-2020,1517.525576158948,1842.0422500459028,0.6,0.4,-324.5166738869548,0.19999999999999996
Leicester City,Watford,2,0,H,2019-2020,1668.7946886691561,1453.6419837631015,1.0,0.2,215.15270490605462,0.8
Wolverhampton Wanderers,West Ham United,2,0,H,2019-2020,1593.525677983571,1532.3833609572696,0.4,0.2,61.1423170263015,0.2
Manchester United,Tottenham Hotspur,2,1,H,2019-2020,1614.1142669337316,1628.9969718116806,0.4,0.2,-14.882704877948981,0.2
Chelsea,Aston Villa,2,1,H,2019-2020,1680.8710186437884,1418.0241787401783,0.6,0.2,262.8468399036101,0.39999999999999997
Southampton,Norwich City,2,1,H,2019-2020,1486.1757308092078,1417.6509014140283,0.2,0.2,68.5248293951795,0.0
Liverpool,Everton,5,2,H,2019-2020,1903.155695293173,1517.2478435828548,1.0,0.2,385.90785171031825,0.8
Sheffield United,Newcastle United,0,2,A,2019-2020,1506.274236098716,1550.3714252402901,0.4,0.2,-44.09718914157406,0.2
Arsenal,Brighton and Hove Albion,1,2,A,2019-2020,1608.7394001931953,1470.0539903334122,0.4,0.0,138.68540985978302,0.4
Everton,Chelsea,3,1,H,2019-2020,1514.3126588618916,1686.285555295398,0.2,0.8,-171.97289643350632,-0.6000000000000001
AFC Bournemouth,Liverpool,0,3,A,2019-2020,1485.813299590512,1906.0908800141362,0.4,0.8,-420.27758042362416,-0.4
Tottenham Hotspur,Burnley,5,0,H,2019-2020,1613.3548265036854,1513.5126137628977,0.6,0.2,99.84221274078777,0.39999999999999997
Watford,Crystal Palace,0,0,D,2019-2020,1446.9011648815883,1592.7264179921203,0.0,0.4,-145.825253110532,-0.4
Manchester City,Manchester United,1,2,A,2019-2020,1846.0552124419532,1629.7564122417268,0.8,0.2,216.29880020022642,0.6000000000000001
Aston Villa,Leicester City,1,4,A,2019-2020,1412.6096420885688,1675.5355075506693,0.4,0.6,-262.92586546210055,-0.19999999999999996
Newcastle United,Southampton,2,1,H,2019-2020,1563.4777541335447,1498.2550495613373,0.4,0.2,65.22270457220748,0.2
Norwich City,Sheffield United,1,2,A,2019-2020,1405.571582661899,1493.1679072054615,0.2,0.2,-87.59632454356256,0.0
Brighton and Hove Albion,Wolverhampton Wanderers,2,2,D,2019-2020,1490.7425519684507,1605.9128689635313,0.6,0.4,-115.17031699508061,0.19999999999999996
West Ham United,Arsenal,1,3,A,2019-2020,1519.9961699773094,1588.0508385581568,0.2,0.0,-68.05466858084742,0.2
Liverpool,Watford,2,0,H,2019-2020,1908.5422354399889,1452.851567747986,1.0,0.2,455.69066769200276,0.8
Burnley,Newcastle United,1,0,H,2019-2020,1502.7082853094607,1575.6944822193882,0.4,0.4,-72.98619690992746,0.0
Chelsea,AFC Bournemouth,0,1,A,2019-2020,1664.4131809043527,1483.3619441646595,0.8,0.0,181.0512367396932,0.8
Leicester City,Norwich City,1,1,D,2019-2020,1680.9480259354416,1394.2752745694806,1.0,0.2,286.67275136596095,0.8
Sheffield United,Aston Villa,2,0,H,2019-2020,1504.4642152978797,1407.1971237037965,0.4,0.2,97.26709159408324,0.2
Southampton,West Ham United,0,1,A,2019-2020,1486.0383214754938,1507.897317187917,0.4,0.2,-21.858995712423166,0.2
Manchester United,Everton,1,1,D,2019-2020,1653.0500103257152,1536.1850332529368,0.4,0.2,116.8649770727784,0.2
Wolverhampton Wanderers,Tottenham Hotspur,1,2,A,2019-2020,1601.1150272170225,1624.1591549571224,0.6,0.2,-23.04412774009984,0.39999999999999997
Arsenal,Manchester City,0,3,A,2019-2020,1600.1496913475492,1822.7616143579648,0.2,0.6,-222.6119230104157,-0.39999999999999997
Crystal Palace,Brighton and Hove Albion,1,1,D,2019-2020,1586.7760151257226,1495.5403937149595,0.4,0.2,91.23562141076309,0.2
Everton,Arsenal,0,0,D,2019-2020,1541.048451234017,1593.6306232048019,0.4,0.2,-52.582171970784884,0.2
AFC Bournemouth,Burnley,0,1,A,2019-2020,1505.5402573822928,1520.8138044860648,0.2,0.2,-15.273547103771989,0.0
Aston Villa,Southampton,1,3,A,2019-2020,1396.2901056353742,1471.9808069542883,0.4,0.0,-75.69070131891408,0.4
Brighton and Hove Albion,Sheffield United,0,1,A,2019-2020,1499.3912416876992,1515.371233366302,0.6,0.2,-15.9799916786028,0.39999999999999997
Newcastle United,Crystal Palace,1,0,H,2019-2020,1557.5889630427841,1582.9251671529828,0.6,0.4,-25.33620411019865,0.19999999999999996
Norwich City,Wolverhampton Wanderers,1,2,A,2019-2020,1404.4429021176586,1587.1084658406132,0.0,0.4,-182.66556372295463,-0.4
Manchester City,Leicester City,3,1,H,2019-2020,1829.2806825007121,1670.7803983872636,0.6,0.8,158.50028411344852,-0.20000000000000007
Watford,Manchester United,2,0,H,2019-2020,1450.8216995320008,1648.186592344635,0.0,0.4,-197.36489281263425,-0.4
Tottenham Hotspur,Chelsea,0,2,A,2019-2020,1638.1657163335317,1642.2348676867193,0.6,0.6,-4.069151353187635,0.0
Tottenham Hotspur,Brighton and Hove Albion,2,1,H,2019-2020,1623.341387687207,1485.0806673050547,0.4,0.2,138.26072038215239,0.2
AFC Bournemouth,Arsenal,1,1,D,2019-2020,1491.199244962906,1591.3776435716443,0.2,0.2,-100.17839860873823,0.0
Aston Villa,Norwich City,1,0,H,2019-2020,1384.507200740049,1396.6748304398047,0.4,0.2,-12.167629699755707,0.2
Chelsea,Southampton,0,2,A,2019-2020,1657.059196333044,1483.7637118496134,0.6,0.2,173.29548448343053,0.39999999999999997
Crystal Palace,West Ham United,2,1,H,2019-2020,1566.833250149795,1521.9548317091226,0.2,0.4,44.878418440672476,-0.2
Everton,Burnley,1,0,H,2019-2020,1543.3014308671745,1535.1548169054515,0.4,0.4,8.146613961723006,0.0
Sheffield United,Watford,1,1,D,2019-2020,1529.6818077489465,1473.5307163061207,0.6,0.2,56.15109144282587,0.39999999999999997
Manchester United,Newcastle United,4,1,H,2019-2020,1625.4775755705152,1573.680880045972,0.4,0.4,51.79669552454334,0.0
Leicester City,Liverpool,0,4,A,2019-2020,1662.1851351632201,1910.5721036559742,0.8,0.8,-248.38696849275402,0.0
Wolverhampton Wanderers,Manchester City,3,2,H,2019-2020,1594.8765375184673,1837.8759457247556,0.4,0.6,-242.9994082062883,-0.19999999999999996
Brighton and Hove Albion,AFC Bournemouth,2,0,H,2019-2020,1475.7535233533126,1495.4082916181958,0.4,0.2,-19.65476826488316,0.2
Newcastle United,Everton,1,2,A,2019-2020,1560.9007017686024,1557.949777713754,0.6,0.2,2.9509240548484286,0.39999999999999997
Southampton,Crystal Palace,1,1,D,2019-2020,1505.6811222375495,1579.906397691992,0.4,0.2,-74.22527545444245,0.2
Watford,Aston Villa,3,0,H,2019-2020,1475.9340652424844,1400.0323048814103,0.2,0.0,75.90176036107414,0.2
Norwich City,Tottenham Hotspur,2,2,D,2019-2020,1381.1497262984435,1632.6685316389492,0.0,0.4,-251.51880534050565,-0.4
West Ham United,Leicester City,1,2,A,2019-2020,1508.8816841669257,1656.3913814860646,0.0,0.8,-147.50969731913892,-0.8
Burnley,Manchester United,0,2,A,2019-2020,1520.506470058872,1638.2577538478847,0.4,0.4,-117.75128378901263,0.0
Arsenal,Chelsea,1,2,A,2019-2020,1587.1685969163545,1635.1417859451078,0.0,0.6,-47.97318902875327,-0.6
Liverpool,Wolverhampton Wanderers,1,0,H,2019-2020,1916.3658573331297,1618.9364206128598,1.0,0.4,297.4294367202699,0.6
Manchester City,Sheffield United,2,0,H,2019-2020,1813.8160626303631,1527.2784588125828,0.8,0.4,286.53760381778034,0.4
Brighton and Hove Albion,Chelsea,1,1,D,2019-2020,1491.6011838550992,1648.0836799079796,0.4,0.6,-156.48249605288038,-0.19999999999999996
Burnley,Aston Villa,1,2,A,2019-2020,1510.4041020519774,1388.2580918570554,0.4,0.0,122.14601019492193,0.4
Newcastle United,Leicester City,0,3,A,2019-2020,1545.7733031994264,1665.3798175821396,0.6,0.8,-119.60651438271316,-0.20000000000000007
Southampton,Tottenham Hotspur,1,0,H,2019-2020,1508.8378057529517,1623.378471953184,0.4,0.4,-114.54066620023241,0.0
Watford,Wolverhampton Wanderers,2,1,H,2019-2020,1487.7082782668392,1614.3498356993534,0.4,0.4,-126.64155743251422,0.0
Manchester City,Everton,2,1,H,2019-2020,1818.6515897947536,1573.07717628293,0.8,0.4,245.57441351182365,0.4
Norwich City,Crystal Palace,1,1,D,2019-2020,1390.4397859842086,1576.7497141765898,0.0,0.2,-186.30992819238122,-0.2
West Ham United,AFC Bournemouth,4,0,H,2019-2020,1499.8932480708506,1479.5606311164092,0.0,0.2,20.33261695444139,-0.2
Arsenal,Manchester United,2,0,H,2019-2020,1574.2267029534828,1648.3601218547794,0.0,0.4,-74.13341890129664,-0.4
Liverpool,Sheffield United,2,0,H,2019-2020,1920.952442246636,1522.4429316481924,1.0,0.4,398.50951059844374,0.6
Sheffield United,West Ham United,1,0,H,2019-2020,1519.6943115278866,1514.0164191984072,0.4,0.4,5.677892329479391,0.0
Crystal Palace,Arsenal,1,1,D,2019-2020,1569.3976313721005,1592.3795961251208,0.4,0.2,-22.981964753020293,0.2
Chelsea,Burnley,3,0,H,2019-2020,1641.750352050585,1490.3376679582818,0.4,0.4,151.41268409230315,0.0
Everton,Brighton and Hove Albion,1,0,H,2019-2020,1567.2073590647558,1497.9345117124938,0.4,0.2,69.27284735226203,0.2
Leicester City,Southampton,1,2,A,2019-2020,1675.4107530196577,1528.6112303226946,0.6,0.4,146.7995226969631,0.19999999999999996
Manchester United,Norwich City,4,0,H,2019-2020,1630.2072286831415,1397.791868788698,0.6,0.2,232.41535989444355,0.39999999999999997
Wolverhampton Wanderers,Newcastle United,1,1,D,2019-2020,1594.1122131946697,1535.7423677619083,0.6,0.4,58.369845432761394,0.19999999999999996
Tottenham Hotspur,Liverpool,0,1,A,2019-2020,1603.6050473834412,1923.7010623669419,0.6,0.8,-320.0960149835007,-0.20000000000000007
AFC Bournemouth,Watford,0,3,A,2019-2020,1465.4374599888527,1507.945900771523,0.2,0.2,-42.50844078267028,0.0
Aston Villa,Manchester City,1,6,A,2019-2020,1408.324525950751,1824.5214070129277,0.4,0.4,-416.1968810621768,0.0
Watford,Tottenham Hotspur,0,0,D,2019-2020,1521.1197667653466,1599.5027984189094,0.6,0.4,-78.38303165356274,0.19999999999999996
Arsenal,Sheffield United,1,1,D,2019-2020,1591.3888295531033,1534.449199031307,0.2,0.4,56.93963052179629,-0.2
Brighton and Hove Albion,Aston Villa,1,1,D,2019-2020,1485.8862500482135,1405.8197702160173,0.2,0.2,80.06647983219614,0.0
Manchester City,Crystal Palace,2,2,D,2019-2020,1827.0261627476614,1570.388397944118,0.8,0.2,256.6377648035434,0.6000000000000001
Norwich City,AFC Bournemouth,1,0,H,2019-2020,1391.5561527124394,1452.263593995029,0.0,0.2,-60.70744128258957,-0.2
Southampton,Wolverhampton Wanderers,2,3,A,2019-2020,1549.5970370997447,1591.6156287204321,0.6,0.4,-42.0185916206874,0.19999999999999996
West Ham United,Everton,1,1,D,2019-2020,1499.2615316949868,1579.255620729036,0.2,0.2,-79.99408903404924,0.0
Newcastle United,Chelsea,1,0,H,2019-2020,1538.238952236146,1650.5979873918204,0.4,0.4,-112.35903515567452,0.0
Burnley,Leicester City,2,1,H,2019-2020,1481.4900326170464,1654.4249462426076,0.2,0.8,-172.9349136255612,-0.6000000000000001
Liverpool,Manchester United,2,0,H,2019-2020,1927.8033113314737,1636.4429447594,1.0,0.4,291.36036657207364,0.6
AFC Bournemouth,Brighton and Hove Albion,3,1,H,2019-2020,1434.6689943716856,1482.489422348242,0.0,0.2,-47.8204279765564,-0.2
Aston Villa,Watford,2,1,H,2019-2020,1409.2165979159888,1524.4475661509828,0.4,0.2,-115.23096823499395,0.2
Everton,Newcastle United,2,2,D,2019-2020,1575.8617582562672,1557.9275582576001,0.6,0.2,17.934199998667054,0.39999999999999997
Sheffield United,Manchester City,0,1,A,2019-2020,1536.88570586225,1817.6011135078156,0.4,0.6,-280.7154076455656,-0.19999999999999996
Crystal Palace,Southampton,0,2,A,2019-2020,1579.8134471839637,1536.4023325001028,0.4,0.6,43.41111468386089,-0.19999999999999996
Chelsea,Arsenal,2,2,D,2019-2020,1630.9093813703662,1588.9523227221603,0.4,0.2,41.95705864820593,0.2
Leicester City,West Ham United,4,1,H,2019-2020,1632.519798172794,1502.6553941677557,0.4,0.4,129.8644040050383,0.0
Tottenham Hotspur,Norwich City,2,1,H,2019-2020,1596.1749990332733,1409.1507523357827,0.6,0.2,187.02424669749053,0.39999999999999997
Manchester United,Burnley,0,2,A,2019-2020,1631.7189672921286,1503.39518068686,0.6,0.4,128.32378660526865,0.19999999999999996
Wolverhampton Wanderers,Liverpool,1,2,A,2019-2020,1604.810333320074,1932.527288798745,0.4,1.0,-327.716955478671,-0.6
West Ham United,Liverpool,0,2,A,2019-2020,1493.0147956567178,1936.476643155769,0.2,1.0,-443.46184749905115,-0.8
Leicester City,Chelsea,2,2,D,2019-2020,1642.160396683832,1629.1067041374204,0.4,0.4,13.05369254641164,0.0
AFC Bournemouth,Aston Villa,2,1,H,2019-2020,1451.7206289542946,1429.0167901599098,0.2,0.2,22.703838794384865,0.0
Crystal Palace,Sheffield United,0,1,A,2019-2020,1562.9489314437826,1531.9126885216926,0.4,0.4,31.03624292208997,0.0
Liverpool,Southampton,4,0,H,2019-2020,1938.643858378651,1553.266848240284,1.0,0.8,385.37701013836704,0.19999999999999996
Newcastle United,Norwich City,0,0,D,2019-2020,1558.7011529535453,1401.5262423412205,0.6,0.0,157.17491061232477,0.6
Watford,Everton,2,3,A,2019-2020,1504.6473739070618,1575.088163560322,0.6,0.2,-70.44078965326025,0.39999999999999997
West Ham United,Brighton and Hove Albion,3,3,D,2019-2020,1490.8475804338357,1465.437787765633,0.2,0.2,25.409792668202726,0.0
Manchester United,Wolverhampton Wanderers,0,0,D,2019-2020,1611.4176802361717,1600.8609789630502,0.6,0.4,10.556701273121462,0.19999999999999996
Burnley,Arsenal,0,0,D,2019-2020,1523.6964677428168,1590.754999955106,0.4,0.2,-67.05853221228926,0.2
Tottenham Hotspur,Manchester City,2,0,H,2019-2020,1603.7995090278355,1822.574130848373,0.6,0.8,-218.7746218205375,-0.20000000000000007
Everton,Crystal Palace,3,1,H,2019-2020,1587.0879859196414,1546.6125419242057,0.6,0.0,40.475443995435626,0.6
Brighton and Hove Albion,Watford,1,1,D,2019-2020,1466.5328649580651,1492.6475515477425,0.2,0.2,-26.114686589677376,0.0
Sheffield United,AFC Bournemouth,2,1,H,2019-2020,1548.2490780412695,1465.7418182883434,0.4,0.2,82.50725975292607,0.2
Wolverhampton Wanderers,Leicester City,0,0,D,2019-2020,1601.3166081864076,1641.597088508154,0.4,0.6,-40.28048032174638,-0.19999999999999996
Southampton,Burnley,1,2,A,2019-2020,1550.3235618675308,1526.5561941994656,0.4,0.4,23.767367668065162,0.0
Norwich City,Liverpool,0,1,A,2019-2020,1407.884114221534,1941.5871447514041,0.2,1.0,-533.7030305298701,-0.8
Aston Villa,Tottenham Hotspur,2,3,A,2019-2020,1414.995600825861,1627.1670276067848,0.4,0.2,-212.17142678092387,0.2
Arsenal,Newcastle United,4,0,H,2019-2020,1587.8952734984573,1552.3432810732318,0.2,0.2,35.551992425225535,0.0
Chelsea,Manchester United,0,2,A,2019-2020,1629.6700123130984,1610.9620510128143,0.4,0.4,18.70796130028407,0.0
Manchester City,West Ham United,2,0,H,2019-2020,1799.2066122694237,1489.7525032414035,0.6,0.2,309.4541090280202,0.39999999999999997
Chelsea,Tottenham Hotspur,2,1,H,2019-2020,1613.8631043899863,1633.9979600339088,0.2,0.4,-20.134855643922492,-0.2
Burnley,AFC Bournemouth,3,0,H,2019-2020,1542.5807163088548,1454.2384585618815,0.4,0.2,88.34225774697325,0.2
Crystal Palace,Newcastle United,1,0,H,2019-2020,1533.3521446266814,1538.8728490988283,0.2,0.0,-5.520704472146917,0.2
Sheffield United,Brighton and Hove Albion,1,1,D,2019-2020,1559.7524377677314,1467.6582081441875,0.6,0.0,92.09422962354392,0.6
Southampton,Aston Villa,2,0,H,2019-2020,1534.2990397581416,1408.164668398737,0.2,0.2,126.13437135940467,0.0
Leicester City,Manchester City,0,1,A,2019-2020,1639.8657903927588,1803.5306668842984,0.2,0.6,-163.66487649153964,-0.39999999999999997
Manchester United,Watford,3,0,H,2019-2020,1626.7689589359263,1491.5222083616202,0.4,0.2,135.24675057430613,0.2
Wolverhampton Wanderers,Norwich City,3,0,H,2019-2020,1603.0479063018029,1406.556107392793,0.2,0.0,196.49179890900996,0.2
Arsenal,Everton,3,2,H,2019-2020,1601.3657054728608,1600.3483832171657,0.4,0.4,1.017322255695035,0.0
Liverpool,West Ham United,3,2,H,2019-2020,1942.9151515801452,1485.4284486265287,1.0,0.2,457.4867029536165,0.8
Norwich City,Leicester City,1,0,H,2019-2020,1399.2373500559008,1631.451686205866,0.2,0.4,-232.21433614996522,-0.2
Brighton and Hove Albion,Crystal Palace,0,1,A,2019-2020,1471.5436600833837,1548.5904725403543,0.2,0.0,-77.04681245697066,0.2
AFC Bournemouth,Chelsea,2,2,D,2019-2020,1442.9723755466816,1629.731424112757,0.4,0.4,-186.7590485660753,0.0
Newcastle United,Burnley,0,0,D,2019-2020,1523.6345211851553,1553.8467993240547,0.4,0.6,-30.212278138899364,-0.19999999999999996
West Ham United,Southampton,3,1,H,2019-2020,1483.4180596007086,1544.0806542810847,0.2,0.8,-60.66259468037606,-0.6000000000000001
Watford,Liverpool,3,0,H,2019-2020,1482.0831879460343,1944.9255406059654,0.6,1.0,-462.84235265993107,-0.4
Everton,Manchester United,1,1,D,2019-2020,1585.392304424032,1636.2079793515122,0.6,0.4,-50.81567492748013,0.19999999999999996
Tottenham Hotspur,Wolverhampton Wanderers,2,3,A,2019-2020,1618.1296403111382,1610.366663638695,0.6,0.4,7.762976672443301,0.19999999999999996
Liverpool,AFC Bournemouth,2,1,H,2019-2020,1916.8788697765415,1450.33918090176,1.0,0.0,466.5396888747814,1.0
Arsenal,West Ham United,1,0,H,2019-2020,1616.3217842659944,1501.0107809288227,0.6,0.0,115.31100333717177,0.6
Crystal Palace,Watford,1,0,H,2019-2020,1560.317569544709,1510.1298587754582,0.4,0.2,50.18771076925077,0.2
Sheffield United,Norwich City,1,0,H,2019-2020,1555.8669858285352,1422.99591603875,0.4,0.0,132.87106978978522,0.4
Southampton,Newcastle United,0,1,A,2019-2020,1526.4879329529706,1524.9356122574206,0.4,0.0,1.5523206955499518,0.4
Wolverhampton Wanderers,Brighton and Hove Albion,0,0,D,2019-2020,1625.7017625201204,1459.816563079029,0.4,0.0,165.88519944109134,0.4
Burnley,Tottenham Hotspur,1,1,D,2019-2020,1552.5457082517894,1602.7945414297128,0.4,0.2,-50.248833177923416,0.2
Chelsea,Everton,4,0,H,2019-2020,1622.3646187576785,1587.5706824497613,0.4,0.4,34.79393630791719,0.0
Manchester United,Manchester City,2,0,H,2019-2020,1634.029601325783,1811.944771071191,0.6,0.6,-177.9151697454081,0.0
Leicester City,Aston Villa,4,0,H,2019-2020,1607.6931202230169,1398.3830538757938,0.2,0.2,209.31006634722303,0.0
Aston Villa,Sheffield United,0,0,D,2019-2020,1391.4648367812767,1565.3946991314158,0.4,0.4,-173.92986235013905,0.0
Manchester City,Arsenal,3,0,H,2019-2020,1789.8712954120037,1626.5184907182268,0.8,0.0,163.352804693777,0.8
Norwich City,Southampton,0,3,A,2019-2020,1413.4682027358695,1511.4209143271764,0.4,0.6,-97.95271159130698,-0.19999999999999996
Tottenham Hotspur,Manchester United,1,1,D,2019-2020,1600.640125451369,1656.1030769849704,0.6,0.4,-55.46295153360143,0.19999999999999996
Watford,Leicester City,1,1,D,2019-2020,1497.2816902589975,1614.611337317534,0.6,0.4,-117.32964705853647,0.19999999999999996
Brighton and Hove Albion,Arsenal,2,1,H,2019-2020,1466.4796213042364,1618.0935063003103,0.2,0.0,-151.61388499607392,0.2
West Ham United,Wolverhampton Wanderers,0,2,A,2019-2020,1490.8140744765903,1619.038704294913,0.4,0.4,-128.22462981832268,0.0
AFC Bournemouth,Crystal Palace,0,2,A,2019-2020,1448.4243607594105,1573.1657380611696,0.4,0.2,-124.74137730175903,0.2
Newcastle United,Sheffield United,3,0,H,2019-2020,1540.0026308832148,1558.4557432613585,0.2,0.2,-18.453112378143715,0.0
Aston Villa,Chelsea,1,2,A,2019-2020,1398.403792651334,1635.8674454925356,0.4,0.2,-237.46365284120157,0.2
Everton,Liverpool,0,0,D,2019-2020,1574.0678557149042,1918.793689918891,0.6,0.8,-344.7258342039868,-0.20000000000000007
Manchester City,Burnley,5,0,H,2019-2020,1798.2962798299202,1554.7001242301333,0.8,0.4,243.59615559978693,0.4
Leicester City,Brighton and Hove Albion,0,0,D,2019-2020,1609.7299746430585,1487.6392094570292,0.4,0.0,122.09076518602933,0.4
Tottenham Hotspur,West Ham United,2,0,H,2019-2020,1603.0145185329832,1481.1116149236414,0.4,0.0,121.90290360934182,0.4
Manchester United,Sheffield United,3,0,H,2019-2020,1653.728683903356,1542.659806642187,0.6,0.2,111.06887726116906,0.39999999999999997
Newcastle United,Aston Villa,1,1,D,2019-2020,1555.7985675023863,1392.3104038908064,0.4,0.2,163.48816361157992,0.2
Norwich City,Everton,0,1,A,2019-2020,1402.5885665535588,1585.4423429433918,0.4,0.2,-182.853776389833,0.2
Wolverhampton Wanderers,AFC Bournemouth,1,0,H,2019-2020,1628.741163847862,1438.5898110337748,0.2,0.0,190.1513528140872,0.2
Liverpool,Crystal Palace,4,0,H,2019-2020,1907.4192026904034,1583.0002877868053,1.0,0.4,324.4189149035981,0.6
Burnley,Watford,1,0,H,2019-2020,1548.7763552536778,1502.163052933473,0.4,0.2,46.613302320204866,0.2
Southampton,Arsenal,0,2,A,2019-2020,1522.300550509487,1596.9339181475175,0.4,0.0,-74.63336763803045,0.4
Chelsea,Manchester City,2,1,H,2019-2020,1641.9608342530632,1804.2200488063756,0.6,0.6,-162.2592145533124,0.0
Aston Villa,Wolverhampton Wanderers,0,1,A,2019-2020,1398.8901397485229,1636.2637602467341,0.2,0.6,-237.37362049821127,-0.39999999999999997
Watford,Southampton,1,3,A,2019-2020,1489.1635225642092,1510.4740683240152,0.4,0.6,-21.31054575980602,-0.19999999999999996
Crystal Palace,Burnley,0,1,A,2019-2020,1578.9853687887746,1561.7758856229416,0.4,0.4,17.209483165833035,0.0
Brighton and Hove Albion,Manchester United,0,3,A,2019-2020,1492.7035304208373,1664.0903945688053,0.2,0.2,-171.38686414796803,0.0
AFC Bournemouth,Newcastle United,1,4,A,2019-2020,1431.0672146349027,1549.2188316446698,0.4,0.2,-118.15161700976705,0.2
Arsenal,Norwich City,4,0,H,2019-2020,1608.7604003329893,1394.82673021647,0.8,0.0,213.93367011651935,0.8
Everton,Leicester City,2,1,H,2019-2020,1593.2041792804807,1604.6656536792505,0.4,0.2,-11.461474398769724,0.2
West Ham United,Chelsea,3,2,H,2019-2020,1471.1687484567021,1663.4976547547687,0.2,0.2,-192.3289062980666,0.0
Sheffield United,Tottenham Hotspur,3,1,H,2019-2020,1532.2980959767378,1612.9573849999224,0.6,0.2,-80.65928902318456,0.39999999999999997
Manchester City,Liverpool,4,0,H,2019-2020,1782.6832283046701,1911.434121688434,0.8,0.6,-128.75089338376392,0.20000000000000007
Norwich City,Brighton and Hove Albion,0,1,A,2019-2020,1388.0491665536956,1484.5558992412505,0.4,0.0,-96.50673268755486,0.4
Leicester City,Crystal Palace,3,0,H,2019-2020,1589.1710014760822,1563.2429827252797,0.4,0.4,25.928018750802494,0.0
Manchester United,AFC Bournemouth,5,2,H,2019-2020,1672.2380257483921,1420.9802820000052,0.6,0.0,251.25774374838693,0.6
Wolverhampton Wanderers,Arsenal,0,2,A,2019-2020,1642.3596659696188,1615.5379639957637,0.4,0.2,26.82170197385517,0.2
Chelsea,Watford,3,0,H,2019-2020,1640.9498213050422,1475.0824207156866,0.6,0.0,165.8674005893556,0.6
Burnley,Sheffield United,1,1,D,2019-2020,1577.5182716864365,1550.7191954137563,0.6,0.2,26.799076272680168,0.39999999999999997
Newcastle United,West Ham United,2,2,D,2019-2020,1559.3057642795673,1493.7165819064287,0.4,0.0,65.58918237313856,0.4
Liverpool,Aston Villa,2,0,H,2019-2020,1891.1167051764073,1392.7942340256382,1.0,0.0,498.32247115076916,1.0
Southampton,Manchester City,1,0,H,2019-2020,1524.5551701725378,1803.0006448166969,0.2,0.4,-278.44547464415905,-0.2
Tottenham Hotspur,Everton,1,0,H,2019-2020,1594.536285562904,1608.698831483649,0.6,0.4,-14.16254592074506,0.19999999999999996
Crystal Palace,Chelsea,2,3,A,2019-2020,1549.360311850801,1649.2873799060828,0.4,0.2,-99.92706805528178,0.2
Watford,Norwich City,2,1,H,2019-2020,1466.744862114646,1377.1117472239455,0.2,0.0,89.63311489070043,0.2
Arsenal,Leicester City,1,1,D,2019-2020,1631.693655010675,1603.0536723505609,0.8,0.0,28.63998266011413,0.8
Manchester City,Newcastle United,5,0,H,2019-2020,1778.028108737887,1556.5072179872411,0.8,0.4,221.52089075064578,0.4
Sheffield United,Wolverhampton Wanderers,1,0,H,2019-2020,1551.8739153923123,1626.2039749547075,0.6,0.8,-74.33005956239526,-0.20000000000000007
West Ham United,Burnley,0,1,A,2019-2020,1496.5151281987548,1576.3635517078806,0.4,0.6,-79.84842350912572,-0.19999999999999996
Brighton and Hove Albion,Liverpool,1,3,A,2019-2020,1495.4933185710006,1892.7285772666962,0.2,0.4,-397.2352586956956,-0.2
AFC Bournemouth,Tottenham Hotspur,0,0,D,2019-2020,1415.2633908080695,1610.147393380658,0.4,0.2,-194.88400257258854,0.2
Everton,Southampton,1,1,D,2019-2020,1593.0877236658948,1549.5277062513478,0.4,0.6,43.56001741454702,-0.19999999999999996
Aston Villa,Manchester United,0,3,A,2019-2020,1391.1823619353493,1677.9549169403278,0.2,0.4,-286.7725550049786,-0.2
Norwich City,West Ham United,0,4,A,2019-2020,1365.8978930859919,1484.9030231630793,0.2,0.0,-119.00513007708741,0.2
Watford,Newcastle United,2,1,H,2019-2020,1477.9587162525995,1549.9560470218346,0.4,0.4,-71.99733076923508,0.0
Liverpool,Burnley,1,1,D,2019-2020,1895.495566741572,1587.975656743556,1.0,0.6,307.5199099980159,0.4
Sheffield United,Chelsea,3,0,H,2019-2020,1570.0349221755832,1660.088331718421,0.8,0.4,-90.0534095428377,0.4
Brighton and Hove Albion,Manchester City,0,5,A,2019-2020,1492.7263290961248,1784.5792797032934,0.2,0.2,-291.8529506071686,0.0
Wolverhampton Wanderers,Everton,3,0,H,2019-2020,1608.0429681714365,1591.2168789430457,0.4,0.4,16.826089228390856,0.0
Aston Villa,Crystal Palace,2,0,H,2019-2020,1386.352318105172,1538.559360038463,0.0,0.4,-152.20704193329107,-0.4
Tottenham Hotspur,Arsenal,2,1,H,2019-2020,1602.5174837523298,1630.4599606648974,0.6,0.4,-27.9424769125676,0.19999999999999996
AFC Bournemouth,Leicester City,4,1,H,2019-2020,1422.8933004363978,1604.2873666963385,0.2,0.0,-181.3940662599407,0.2
Manchester United,Southampton,2,2,D,2019-2020,1682.7849607705052,1551.398550974197,0.8,0.4,131.38640979630827,0.4
Chelsea,Norwich City,1,0,H,2019-2020,1641.2852015388708,1355.8438298468848,0.8,0.0,285.441371691986,0.8
Burnley,Wolverhampton Wanderers,1,1,D,2019-2020,1598.610233329474,1622.3170949047392,0.4,0.6,-23.706861575265066,-0.19999999999999996
Manchester City,AFC Bournemouth,2,1,H,2019-2020,1789.2919823556088,1445.0830197341097,1.0,0.0,344.20896262149904,1.0
Newcastle United,Tottenham Hotspur,1,3,A,2019-2020,1531.8914146560182,1618.7212631580232,0.2,0.2,-86.829848502005,0.0
Arsenal,Liverpool,2,1,H,2019-2020,1614.256181259204,1884.860990155654,0.8,0.4,-270.6048088964501,0.4
Everton,Aston Villa,1,1,D,2019-2020,1576.942752209743,1407.5331817191568,0.4,0.0,169.40957049058625,0.4
Leicester City,Sheffield United,2,0,H,2019-2020,1582.0976473986266,1588.8380523551334,0.4,0.2,-6.740404956506836,0.2
Crystal Palace,Manchester United,0,2,A,2019-2020,1517.378496424478,1677.368327435377,0.4,0.6,-159.98983101089902,-0.19999999999999996
Southampton,Brighton and Hove Albion,1,1,D,2019-2020,1556.815184309325,1488.0136264438095,0.4,0.2,68.80155786551563,0.2
West Ham United,Watford,3,1,H,2019-2020,1494.9570864021864,1496.0233486184159,0.4,0.0,-1.066262216229461,0.4
Norwich City,Burnley,0,2,A,2019-2020,1350.9826521294221,1599.632155336372,0.2,0.4,-248.64950320694993,-0.2
AFC Bournemouth,Southampton,0,2,A,2019-2020,1441.448012717322,1553.8830104743931,0.2,0.4,-112.43499775707119,-0.2
Tottenham Hotspur,Leicester City,3,0,H,2019-2020,1630.0486621165944,1597.388617569195,0.6,0.0,32.660044547399366,0.6
Brighton and Hove Albion,Newcastle United,0,0,D,2019-2020,1490.9458002787414,1520.564015697447,0.2,0.4,-29.61821541870563,-0.2
Sheffield United,Everton,0,1,A,2019-2020,1573.547082184565,1570.158110315301,0.8,0.2,3.388971869263969,0.6000000000000001
Wolverhampton Wanderers,Crystal Palace,2,0,H,2019-2020,1621.2951728978412,1508.835721288618,0.6,0.4,112.45945160922315,0.19999999999999996
Watford,Manchester City,0,4,A,2019-2020,1480.9773145226081,1792.9269893723965,0.6,0.4,-311.9496748497884,0.19999999999999996
Aston Villa,Arsenal,1,0,H,2019-2020,1414.3178236135989,1639.0369876023028,0.2,0.4,-224.71916398870394,-0.2
Manchester United,West Ham United,1,1,D,2019-2020,1685.911102571237,1510.0031204979941,0.8,0.2,175.90798207324292,0.6000000000000001
Liverpool,Chelsea,5,3,H,2019-2020,1860.080183812555,1646.1463792563334,0.8,0.4,213.93380455622173,0.4
Arsenal,Watford,3,2,H,2019-2020,1615.4943738859763,1476.7061530173685,0.8,0.0,138.78822086860782,0.8
Burnley,Brighton and Hove Albion,1,2,A,2019-2020,1605.4188473469856,1492.2214328173013,0.4,0.2,113.19741452968424,0.2
Chelsea,Wolverhampton Wanderers,2,0,H,2019-2020,1639.3688196537203,1631.6026554746309,1.0,0.6,7.766164179089401,0.4
Crystal Palace,Tottenham Hotspur,1,1,D,2019-2020,1498.5282387118284,1643.6427533582312,0.4,0.2,-145.11451464640277,0.2
Everton,AFC Bournemouth,1,3,A,2019-2020,1585.3044193521262,1431.1395776840664,0.2,0.0,154.1648416680598,0.2
Leicester City,Manchester United,0,2,A,2019-2020,1583.7945263275583,1678.9051972144252,0.6,0.6,-95.11067088686696,0.0
Manchester City,Norwich City,5,0,H,2019-2020,1797.1981508776362,1345.1959601188087,1.0,0.0,452.0021907588275,1.0
Newcastle United,Liverpool,1,3,A,2019-2020,1519.2883831588872,1866.8577434151682,0.2,0.2,-347.569360256281,0.0
Southampton,Sheffield United,3,1,H,2019-2020,1564.1914455076487,1558.4007731477398,0.4,0.0,5.790672359908967,0.4
West Ham United,Aston Villa,1,1,D,2019-2020,1517.009025854806,1437.8604373299254,0.6,0.0,79.14858852488055,0.6
Fulham,Arsenal,0,3,A,2020-2021,1399.7099492040327,1624.8020123490223,0.4,0.4,-225.09206314498965,0.0
Crystal Palace,Southampton,1,0,H,2020-2021,1504.4527643441018,1578.9414652319067,0.2,0.6,-74.48870088780495,-0.39999999999999997
Liverpool,Leeds,4,3,H,2020-2021,1870.4314062170108,1500.0,0.8,0.0,370.4314062170108,0.8
West Ham United,Newcastle United,0,2,A,2020-2021,1513.6498168974238,1515.7147203570446,0.4,0.4,-2.0649034596208367,0.0
West Bromwich Albion,Leicester City,0,3,A,2020-2021,1472.512498061853,1572.8011948473643,0.2,0.0,-100.28869678551132,0.2
Tottenham Hotspur,Everton,0,1,A,2020-2021,1637.7182277259578,1564.0535456530076,0.8,0.4,73.6646820729502,0.4
Sheffield United,Wolverhampton Wanderers,0,2,A,2020-2021,1543.6507534234818,1616.937891903072,0.8,0.4,-73.28713847959034,0.4
Brighton and Hove Albion,Chelsea,1,3,A,2020-2021,1511.9426734985084,1654.033583225279,0.2,0.4,-142.09090972677063,-0.2
Everton,West Bromwich Albion,5,2,H,2020-2021,1582.1870904456139,1461.7259313339885,0.2,0.4,120.46115911162542,-0.2
Leeds,Fulham,4,3,H,2020-2021,1496.8203067487411,1393.2634339765466,0.0,0.2,103.55687277219454,-0.2
Manchester United,Crystal Palace,1,3,A,2020-2021,1689.8985286946192,1522.620315434121,0.6,0.2,167.2782132604982,0.39999999999999997
Arsenal,West Ham United,2,1,H,2020-2021,1631.2485275765084,1498.7389648963704,0.8,0.2,132.50956268013806,0.6000000000000001
Southampton,Tottenham Hotspur,2,5,A,2020-2021,1560.7739141418874,1619.5846829333516,0.4,0.2,-58.81076879146417,0.2
Newcastle United,Brighton and Hove Albion,0,3,A,2020-2021,1530.625572358098,1502.7566465725065,0.2,0.4,27.8689257855915,-0.2
Chelsea,Liverpool,0,2,A,2020-2021,1663.219610151281,1873.6110994682697,1.0,0.4,-210.39148931698878,0.6
Leicester City,Burnley,4,2,H,2020-2021,1583.5877615752288,1585.6976066657785,0.6,0.6,-2.1098450905496975,0.0
Aston Villa,Sheffield United,1,0,H,2020-2021,1441.2196462873076,1531.768706149207,0.4,0.0,-90.54905986189942,0.4
Wolverhampton Wanderers,Manchester City,1,3,A,2020-2021,1628.819939177347,1799.2685729803786,0.6,0.4,-170.44863380303173,0.19999999999999996
Brighton and Hove Albion,Manchester United,2,3,A,2020-2021,1518.9572709183785,1668.1872822043888,0.0,0.8,-149.23001128601027,-0.8
Crystal Palace,Everton,1,2,A,2020-2021,1544.3315619243515,1592.1852039174182,0.2,0.6,-47.85364199306673,-0.39999999999999997
West Bromwich Albion,Chelsea,3,3,D,2020-2021,1451.727817862184,1656.3344729776086,0.2,0.4,-204.60665511542447,-0.2
Burnley,Southampton,0,1,A,2020-2021,1570.6065184506915,1548.2890035498867,0.2,0.4,22.31751490080478,-0.2
Sheffield United,Leeds,0,1,A,2020-2021,1512.9455598788256,1507.477254285732,0.6,0.0,5.468305593093646,0.6
Tottenham Hotspur,Newcastle United,1,1,D,2020-2021,1632.0695935253523,1514.424948012226,0.8,0.4,117.6446455131263,0.4
Manchester City,Leicester City,2,5,A,2020-2021,1807.4482970503834,1598.6788497903158,1.0,0.2,208.76944726006764,0.8
West Ham United,Wolverhampton Wanderers,4,0,H,2020-2021,1489.197716194846,1620.640215107342,0.4,0.4,-131.44249891249615,0.0
Fulham,Aston Villa,0,3,A,2020-2021,1382.6064864395557,1460.042792557689,0.4,0.0,-77.43630611813319,0.4
Liverpool,Arsenal,3,1,H,2020-2021,1880.496236641942,1640.7897762780328,0.8,0.6,239.70646036390917,0.20000000000000007
Chelsea,Crystal Palace,4,0,H,2020-2021,1648.3978555939932,1531.384603626923,0.8,0.2,117.01325196707012,0.6000000000000001
Everton,Brighton and Hove Albion,4,2,H,2020-2021,1605.1321622148466,1510.0310534128262,0.4,0.6,95.10110880202046,-0.19999999999999996
Leeds,Manchester City,1,1,D,2020-2021,1522.713320523636,1784.383092951095,1.0,0.6,-261.66977242745907,0.4
Newcastle United,Burnley,3,1,H,2020-2021,1519.3184664660569,1554.6443169057923,0.0,0.6,-35.325850439735405,-0.6
Leicester City,West Ham United,0,3,A,2020-2021,1621.7440538896042,1509.616455198243,0.6,0.2,112.12759869136107,0.39999999999999997
Southampton,West Bromwich Albion,2,0,H,2020-2021,1564.251205094786,1459.6644352457995,0.4,0.4,104.58676984898648,0.0
Arsenal,Sheffield United,2,1,H,2020-2021,1634.7588380110185,1497.7094936409217,0.8,0.0,137.04934437009683,0.8
Wolverhampton Wanderers,Fulham,1,0,H,2020-2021,1600.221476103945,1370.8954007318102,0.6,0.2,229.3260753721347,0.39999999999999997
Manchester United,Tottenham Hotspur,1,6,A,2020-2021,1677.1134997099412,1627.1760750715214,0.4,0.4,49.93742463841977,0.0
Aston Villa,Liverpool,7,2,H,2020-2021,1471.7538782654344,1886.5271749089563,0.6,0.6,-414.7732966435219,0.0
Everton,Liverpool,2,2,D,2020-2021,1616.125877071597,1859.050807212848,0.4,0.6,-242.92493014125102,-0.19999999999999996
Chelsea,Southampton,3,3,D,2020-2021,1658.528709817858,1574.8674509594962,0.8,0.4,83.66125885836186,0.4
Manchester City,Arsenal,1,0,H,2020-2021,1774.8277607091738,1644.1308599996637,0.8,0.4,130.69690070951015,0.4
Newcastle United,Manchester United,1,4,A,2020-2021,1535.8383720377446,1659.9722526633668,0.2,1.0,-124.13388062562217,-0.8
Sheffield United,Fulham,1,1,D,2020-2021,1488.3374716522765,1364.5713860035771,0.4,0.2,123.76608564869935,0.2
Crystal Palace,Brighton and Hove Albion,1,1,D,2020-2021,1521.2537494030582,1499.0373385560758,0.2,0.6,22.2164108469824,-0.39999999999999997
Tottenham Hotspur,West Ham United,3,3,D,2020-2021,1644.3173221180957,1529.2960436615947,0.6,0.4,115.02127845650102,0.19999999999999996
Leicester City,Aston Villa,0,1,A,2020-2021,1602.0644654262526,1499.2302459615428,0.6,0.2,102.8342194647098,0.39999999999999997
West Bromwich Albion,Burnley,0,0,D,2020-2021,1449.0481893810893,1538.1244113341045,0.2,0.4,-89.07622195301519,-0.2
Leeds,Wolverhampton Wanderers,0,1,A,2020-2021,1532.2686527655571,1606.545490832178,0.5,0.2,-74.27683806662094,0.3
Aston Villa,Leeds,0,3,A,2020-2021,1518.5446972893835,1520.427463761738,0.8,0.5,-1.882766472354433,0.30000000000000004
West Ham United,Manchester City,1,1,D,2020-2021,1534.0881084063894,1784.4370326036899,0.4,0.6,-250.34892419730045,-0.19999999999999996
Fulham,Crystal Palace,1,2,A,2020-2021,1369.6996870122287,1520.2958949908775,0.4,0.2,-150.59620797864886,0.2
Manchester United,Chelsea,0,0,D,2020-2021,1669.8299337873927,1654.984991356141,0.2,0.4,14.844942431251638,-0.2
Liverpool,Sheffield United,2,1,H,2020-2021,1849.99296683243,1483.209170643625,0.8,0.0,366.7837961888051,0.8
Southampton,Everton,2,0,H,2020-2021,1578.4111694212131,1625.183717452015,0.6,0.6,-46.77254803080177,0.0
Wolverhampton Wanderers,Newcastle United,1,1,D,2020-2021,1618.3866798359973,1525.9806909137187,0.6,0.2,92.40598892227854,0.39999999999999997
Arsenal,Leicester City,0,1,A,2020-2021,1634.5215881051477,1582.7500140984118,0.8,0.4,51.77157400673582,0.4
Brighton and Hove Albion,West Bromwich Albion,1,1,D,2020-2021,1499.9951929682566,1452.8118149460288,0.0,0.4,47.18337802222777,-0.4
Burnley,Tottenham Hotspur,0,1,A,2020-2021,1534.360785769165,1639.525257373301,0.2,0.6,-105.164471604136,-0.39999999999999997
Wolverhampton Wanderers,Crystal Palace,2,0,H,2020-2021,1614.4886741894504,1529.1728785728362,0.6,0.4,85.3157956166142,0.19999999999999996
Sheffield United,Manchester City,0,1,A,2020-2021,1479.9692930312342,1775.1781719645967,0.2,0.6,-295.2088789333625,-0.39999999999999997
Burnley,Chelsea,0,3,A,2020-2021,1523.7673399439584,1655.625509308559,0.0,0.2,-131.8581693646006,-0.2
Liverpool,West Ham United,2,1,H,2020-2021,1853.2328444448208,1543.3469690454826,0.8,0.4,309.88587539933815,0.4
Aston Villa,Southampton,3,4,A,2020-2021,1503.6259820564571,1595.418391545696,0.8,0.4,-91.79240948923893,0.4
Newcastle United,Everton,2,1,H,2020-2021,1529.8786965602656,1608.176495327532,0.2,0.6,-78.29779876726639,-0.39999999999999997
Manchester United,Arsenal,0,1,A,2020-2021,1669.1894158349749,1617.3028272240815,0.0,0.2,51.88658861089334,-0.2
Tottenham Hotspur,Brighton and Hove Albion,2,1,H,2020-2021,1650.1187031985075,1497.9705542563152,0.4,0.4,152.1481489421924,0.0
Fulham,West Bromwich Albion,2,0,H,2020-2021,1360.82270343027,1454.8364536579702,0.2,0.2,-94.01375022770026,0.0
Leeds,Leicester City,1,4,A,2020-2021,1535.3461789946643,1599.968774979478,0.3333333333333333,0.6,-64.62259598481364,-0.26666666666666666
Brighton and Hove Albion,Burnley,0,0,D,2020-2021,1489.1493068222987,1514.201676171655,0.0,0.2,-25.05236934935624,-0.2
Southampton,Newcastle United,2,0,H,2020-2021,1606.5450986515725,1548.2029970716662,0.6,0.2,58.342101579906284,0.39999999999999997
Everton,Manchester United,1,3,A,2020-2021,1589.8521948161313,1651.9657982569538,0.4,1.0,-62.113603440822544,-0.6
Crystal Palace,Leeds,4,1,H,2020-2021,1517.783965981685,1523.1044261650213,0.2,0.6666666666666666,-5.3204601833363085,-0.4666666666666666
Chelsea,Sheffield United,4,1,H,2020-2021,1665.1911730808624,1475.332822620632,0.6,0.0,189.85835046023044,0.6
West Ham United,Fulham,1,0,H,2020-2021,1539.0321044555587,1379.7853560139622,0.4,0.2,159.24674844159654,0.2
West Bromwich Albion,Tottenham Hotspur,0,1,A,2020-2021,1435.873801074278,1658.939950632524,0.2,0.8,-223.06614955824602,-0.6000000000000001
Leicester City,Wolverhampton Wanderers,1,0,H,2020-2021,1612.210527809121,1625.8775867806016,0.4,0.4,-13.667058971480628,0.0
Manchester City,Liverpool,1,1,D,2020-2021,1779.814642375199,1857.5477090347447,0.8,0.4,-77.73306665954578,0.4
Arsenal,Aston Villa,0,3,A,2020-2021,1634.5264448021026,1492.4992749505807,0.8,0.4,142.02716985152188,0.4
Newcastle United,Chelsea,0,2,A,2020-2021,1535.6984169133416,1672.723279949464,0.4,0.4,-137.0248630361225,0.0
Aston Villa,Brighton and Hove Albion,1,2,A,2020-2021,1513.3109094068789,1490.2290339066708,0.6,0.4,23.08187550020807,0.19999999999999996
Tottenham Hotspur,Manchester City,2,0,H,2020-2021,1665.4456870408271,1783.1157506129205,0.4,0.6,-117.67006357209334,-0.19999999999999996
Manchester United,West Bromwich Albion,1,0,H,2020-2021,1664.312347650239,1429.3680646659748,0.0,0.0,234.9442829842642,0.0
Fulham,Everton,2,3,A,2020-2021,1371.2164205359534,1577.505645422846,0.2,0.6,-206.28922488689273,-0.39999999999999997
Sheffield United,West Ham United,0,1,A,2020-2021,1467.8007157520303,1547.6010399335676,0.0,0.2,-79.80032418153723,-0.2
Leeds,Arsenal,0,0,D,2020-2021,1507.8747413879835,1613.7148103458044,0.25,0.4,-105.8400689578209,-0.15000000000000002
Liverpool,Leicester City,3,0,H,2020-2021,1854.2466007970231,1627.8002780153176,1.0,0.8,226.44632278170548,0.19999999999999996
Burnley,Crystal Palace,1,0,H,2020-2021,1513.121949087283,1533.0136507587229,0.0,0.4,-19.891701671439932,-0.4
Wolverhampton Wanderers,Southampton,1,1,D,2020-2021,1610.287836574405,1619.0496788098972,0.6,0.6,-8.761842235492168,0.0
Crystal Palace,Newcastle United,0,2,A,2020-2021,1517.155794080667,1526.3254867467301,0.4,0.2,-9.169692666063156,0.2
Brighton and Hove Albion,Liverpool,1,1,D,2020-2021,1506.2240950720059,1860.65374740971,0.0,0.4,-354.42965233770406,-0.4
Manchester City,Burnley,5,0,H,2020-2021,1763.2212515903407,1528.9798057653388,0.6,0.2,234.24144582500185,0.39999999999999997
Everton,Leeds,0,1,A,2020-2021,1584.5168563573045,1512.3079309795714,0.4,0.5,72.20892537773307,-0.09999999999999998
West Bromwich Albion,Sheffield United,1,0,H,2020-2021,1423.2039514534486,1456.1866399733456,0.2,0.0,-32.98268851989701,0.2
Southampton,Manchester United,2,3,A,2020-2021,1618.6714798447124,1670.4764608627652,0.8,1.0,-51.804981018052786,-0.19999999999999996
Chelsea,Tottenham Hotspur,0,0,D,2020-2021,1682.0962101160756,1685.340186063407,0.6,0.8,-3.2439759473313643,-0.20000000000000007
Arsenal,Wolverhampton Wanderers,1,2,A,2020-2021,1609.2816207542164,1610.6660355395898,0.6,0.4,-1.3844147853733375,0.19999999999999996
Leicester City,Fulham,1,2,A,2020-2021,1621.3931314026308,1364.205209601495,0.4,0.0,257.1879218011359,0.4
West Ham United,Aston Villa,2,1,H,2020-2021,1559.2151157122523,1497.3158482415438,0.4,0.6,61.89926747070854,-0.19999999999999996
Burnley,Everton,1,1,D,2020-2021,1522.7958540766851,1566.443471133547,0.2,0.6,-43.64761705686192,-0.39999999999999997
Manchester City,Fulham,2,0,H,2020-2021,1769.4052032789943,1388.6446192009369,0.6,0.2,380.7605840780575,0.39999999999999997
West Ham United,Manchester United,1,3,A,2020-2021,1571.5706301417927,1683.2562892619583,0.6,1.0,-111.68565912016561,-0.4
Chelsea,Leeds,3,1,H,2020-2021,1682.2362597461968,1530.3813162033289,0.4,0.6,151.8549435428679,-0.19999999999999996
West Bromwich Albion,Crystal Palace,1,5,A,2020-2021,1439.623666296956,1502.5515896417216,0.2,0.4,-62.92792334476576,-0.2
Sheffield United,Leicester City,1,2,A,2020-2021,1439.7669251298382,1596.953721803189,0.0,0.8,-157.18679667335073,-0.8
Tottenham Hotspur,Arsenal,2,0,H,2020-2021,1685.2001364332857,1594.3413904287718,0.4,0.4,90.85874600451393,0.0
Liverpool,Wolverhampton Wanderers,4,0,H,2020-2021,1849.104951891114,1625.6062658650344,1.0,0.6,223.49868602607967,0.4
Brighton and Hove Albion,Southampton,1,2,A,2020-2021,1517.7728905906017,1605.8916514455193,0.0,0.4,-88.11876085491758,-0.4
Leeds,West Ham United,1,2,A,2020-2021,1521.5495542921963,1561.232988715271,0.2,0.4,-39.68343442307469,-0.2
Wolverhampton Wanderers,Aston Villa,0,1,A,2020-2021,1619.1132062434194,1484.9603338120035,0.4,0.6,134.15287243141597,-0.19999999999999996
Newcastle United,West Bromwich Albion,2,1,H,2020-2021,1540.9296911856754,1427.3111595942157,0.4,0.0,113.61853159145971,0.4
Manchester United,Manchester City,0,0,D,2020-2021,1693.59393068848,1772.4197889488412,0.2,0.4,-78.8258582603612,-0.2
Everton,Chelsea,1,0,H,2020-2021,1564.568903379098,1691.0680216573294,0.4,0.6,-126.49911827823144,-0.19999999999999996
Southampton,Sheffield United,3,0,H,2020-2021,1617.1667871363275,1431.125217973978,0.6,0.0,186.04156916234956,0.6
Crystal Palace,Tottenham Hotspur,1,1,D,2020-2021,1514.8640963444618,1696.3644913366406,0.4,0.8,-181.50039499217883,-0.4
Fulham,Liverpool,1,1,D,2020-2021,1385.63003353109,1855.598011512729,0.2,0.2,-469.967977981639,0.0
Arsenal,Burnley,0,1,A,2020-2021,1583.1770355254168,1524.6704218311343,0.4,0.0,58.50661369428258,0.4
Leicester City,Brighton and Hove Albion,3,0,H,2020-2021,1605.5954289590493,1506.4977548997936,0.4,0.4,99.09767405925572,0.0
Wolverhampton Wanderers,Chelsea,2,1,H,2020-2021,1598.5930097270068,1670.8357997408957,0.4,0.4,-72.24279001388891,0.0
Manchester City,West Bromwich Albion,1,1,D,2020-2021,1769.0738173344703,1417.0487739572336,0.6,0.0,352.02504337723667,0.6
Arsenal,Southampton,1,1,D,2020-2021,1565.6747102403604,1624.8235102813703,0.2,0.6,-59.14880004100996,-0.39999999999999997
Leeds,Newcastle United,5,2,H,2020-2021,1508.255414232292,1551.1920768226576,0.0,0.4,-42.936662590365586,-0.4
Leicester City,Everton,0,2,A,2020-2021,1616.4294045337608,1584.8011252955316,0.4,0.4,31.628279238229197,0.0
Fulham,Brighton and Hove Albion,0,0,D,2020-2021,1398.7502870243934,1495.663779325082,0.2,0.2,-96.91349230068863,0.0
West Ham United,Crystal Palace,1,1,D,2020-2021,1574.5271287751752,1522.0573510524064,0.6,0.4,52.46977772276887,0.19999999999999996
Liverpool,Tottenham Hotspur,2,1,H,2020-2021,1842.4777580194257,1689.171236628696,1.0,0.6,153.30652139072959,0.4
Aston Villa,Burnley,0,0,D,2020-2021,1505.480530328416,1542.1727471161907,0.4,0.2,-36.69221678777467,0.2
Sheffield United,Manchester United,2,3,A,2020-2021,1423.468494828935,1696.939902302851,0.0,1.0,-273.47140747391586,-1.0
Crystal Palace,Liverpool,0,7,A,2020-2021,1524.3055874749934,1851.2575372325298,0.2,0.0,-326.95194975753634,0.2
Southampton,Manchester City,0,1,A,2020-2021,1622.294239505951,1757.567523665375,0.8,0.2,-135.27328415942384,0.6000000000000001
Everton,Arsenal,2,1,H,2020-2021,1601.1628683194222,1568.2039810157796,0.4,0.2,32.95888730364254,0.2
Newcastle United,Fulham,1,1,D,2020-2021,1534.3477317480176,1402.829135573938,0.6,0.2,131.51859617407968,0.39999999999999997
Brighton and Hove Albion,Sheffield United,1,1,D,2020-2021,1491.5849307755375,1418.3200599231702,0.0,0.0,73.26487085236727,0.0
Tottenham Hotspur,Leicester City,0,2,A,2020-2021,1680.391457415592,1600.0676615098703,0.6,0.8,80.32379590572168,-0.20000000000000007
Manchester United,Leeds,6,2,H,2020-2021,1702.0883372086157,1525.099759306932,0.2,0.6,176.9885779016838,-0.39999999999999997
West Bromwich Albion,Aston Villa,0,3,A,2020-2021,1428.555067626329,1507.0587974516413,0.2,0.8,-78.50372982531235,-0.6000000000000001
Burnley,Wolverhampton Wanderers,2,1,H,2020-2021,1540.5944799929655,1616.6677955983578,0.2,0.4,-76.07331560539228,-0.2
Chelsea,West Ham United,3,0,H,2020-2021,1652.7610138695447,1572.2788923525882,0.6,0.6,80.48212151695657,0.0
Leicester City,Manchester United,2,2,D,2020-2021,1618.4750269656172,1710.0460089589849,0.4,1.0,-91.5709819933677,-0.6
Aston Villa,Crystal Palace,3,0,H,2020-2021,1518.7260439666472,1520.3411062828657,0.2,0.4,-1.6150623162184274,-0.2
Fulham,Southampton,0,0,D,2020-2021,1408.250730988301,1612.8562071628542,0.2,0.4,-204.60547617455313,-0.2
Arsenal,Chelsea,3,1,H,2020-2021,1554.6226774768331,1664.34716633342,0.0,0.4,-109.72448885658696,-0.4
Manchester City,Newcastle United,2,0,H,2020-2021,1767.0055560084718,1528.9261363336545,0.6,0.2,238.07941967481725,0.39999999999999997
Sheffield United,Everton,0,1,A,2020-2021,1421.4370928040728,1614.7441718583686,0.0,0.4,-193.30707905429585,-0.4
Leeds,Burnley,1,0,H,2020-2021,1517.1420875565627,1558.8273303144454,0.2,0.2,-41.685242757882634,0.0
West Ham United,Brighton and Hove Albion,2,2,D,2020-2021,1560.6927398887128,1488.467897894635,0.4,0.2,72.2248419940779,0.2
Liverpool,West Bromwich Albion,1,1,D,2020-2021,1855.2220184246576,1416.887821111323,1.0,0.0,438.33419731333447,1.0
Wolverhampton Wanderers,Tottenham Hotspur,1,1,D,2020-2021,1598.434945276878,1661.984091959845,0.4,0.4,-63.54914668296715,0.0
Crystal Palace,Leicester City,1,1,D,2020-2021,1505.2713789398508,1622.3393960203514,0.2,0.8,-117.06801708050057,-0.6000000000000001
Chelsea,Aston Villa,1,1,D,2020-2021,1644.761431763523,1533.795771309662,0.6,0.8,110.96566045386089,-0.20000000000000007
Brighton and Hove Albion,Arsenal,0,1,A,2020-2021,1491.5419414395476,1574.2084120467302,0.0,0.2,-82.66647060718265,-0.2
Burnley,Sheffield United,1,0,H,2020-2021,1542.0362199115414,1414.0164197886377,0.4,0.0,128.0198001229037,0.4
Southampton,West Ham United,0,0,D,2020-2021,1604.919626428848,1557.6186963438001,0.6,0.4,47.30093008504787,0.19999999999999996
West Bromwich Albion,Leeds,0,5,A,2020-2021,1429.6605026300363,1533.9331979594667,0.2,0.4,-104.27269532943046,-0.2
Manchester United,Wolverhampton Wanderers,1,0,H,2020-2021,1706.1816399042507,1601.1483896522966,0.4,0.4,105.03325025195409,0.0
Newcastle United,Liverpool,0,0,D,2020-2021,1522.8499413147215,1842.4493369059444,0.4,0.2,-319.5993955912229,0.2
Everton,West Ham United,0,1,A,2020-2021,1622.1648448738038,1559.6483174972768,0.4,0.4,62.51652737652694,0.0
Manchester United,Aston Villa,2,1,H,2020-2021,1716.7802626654857,1538.4300301355001,0.6,0.6,178.35023252998553,0.0
Tottenham Hotspur,Leeds,3,0,H,2020-2021,1659.2706475844263,1544.5618486491092,0.6,0.4,114.70879893531719,0.19999999999999996
Crystal Palace,Sheffield United,2,0,H,2020-2021,1510.142639867448,1404.3062184168962,0.2,0.0,105.83642145055182,0.2
Brighton and Hove Albion,Wolverhampton Wanderers,3,3,D,2020-2021,1480.0450811876249,1590.5497668910616,0.0,0.2,-110.50468570343673,-0.2
West Bromwich Albion,Arsenal,0,4,A,2020-2021,1419.0318519403938,1585.705272298653,0.2,0.4,-166.67342035825914,-0.2
Newcastle United,Leicester City,1,2,A,2020-2021,1533.7375580649566,1617.4681350927542,0.4,0.6,-83.73057702779761,-0.19999999999999996
Chelsea,Manchester City,1,3,A,2020-2021,1640.127172937685,1773.0817510274048,0.6,0.4,-132.95457808971992,0.19999999999999996
Southampton,Liverpool,1,0,H,2020-2021,1602.8900052753713,1831.5617201557093,0.4,0.2,-228.67171488033796,0.2
Sheffield United,Newcastle United,1,0,H,2020-2021,1393.7392642875739,1522.2841020672945,0.0,0.2,-128.54483777972064,-0.2
Burnley,Manchester United,0,1,A,2020-2021,1551.7464212832829,1724.6921893445638,0.6,0.8,-172.9457680612809,-0.20000000000000007
Wolverhampton Wanderers,Everton,1,2,A,2020-2021,1585.9335176731156,1604.4945464579241,0.4,0.6,-18.561028784808514,-0.19999999999999996
Manchester City,Brighton and Hove Albion,1,0,H,2020-2021,1782.6063391071418,1484.6613304055709,0.6,0.2,297.94500870157094,0.39999999999999997
Tottenham Hotspur,Fulham,1,1,D,2020-2021,1669.490700246734,1416.1873117223072,0.8,0.2,253.30338852442674,0.6000000000000001
Arsenal,Crystal Palace,0,0,D,2020-2021,1594.0149261337758,1520.7095939967703,0.2,0.2,73.30533213700551,0.0
Wolverhampton Wanderers,West Bromwich Albion,2,3,A,2020-2021,1571.734100223024,1410.722198105271,0.2,0.0,161.01190211775292,0.2
Leeds,Brighton and Hove Albion,0,1,A,2020-2021,1534.3417959868016,1480.086264861984,0.4,0.2,54.25553112481748,0.2
West Ham United,Burnley,1,0,H,2020-2021,1577.3186159131565,1543.6519386626564,0.4,0.2,33.666677250500015,0.2
Fulham,Chelsea,0,1,A,2020-2021,1425.5247135825339,1630.602584857948,0.2,0.4,-205.07787127541405,-0.2
Leicester City,Southampton,2,0,H,2020-2021,1628.9215910904163,1626.5471703012913,0.4,0.4,2.374420789124997,0.0
Sheffield United,Tottenham Hotspur,1,3,A,2020-2021,1414.048900973797,1660.1532983865072,0.2,0.2,-246.10439741271034,0.0
Liverpool,Manchester United,0,0,D,2020-2021,1807.9045551297893,1732.7866719651902,0.8,0.8,75.1178831645991,0.0
Manchester City,Crystal Palace,4,0,H,2020-2021,1787.1814046507286,1523.8282982590783,0.8,0.2,263.3531063916503,0.6000000000000001
Arsenal,Newcastle United,3,0,H,2020-2021,1590.8962218714678,1501.9744653810715,0.2,0.2,88.92175649039632,0.0
West Ham United,West Bromwich Albion,2,1,H,2020-2021,1590.8696409287547,1432.2153265035,0.4,0.2,158.65431442525482,0.2
Leicester City,Chelsea,2,0,H,2020-2021,1643.819080700461,1637.6513293675441,0.4,0.4,6.1677513329168505,0.0
Manchester City,Aston Villa,2,0,H,2020-2021,1792.5830217103112,1530.518103456422,0.8,0.4,262.0649182538891,0.4
Fulham,Manchester United,1,2,A,2020-2021,1418.4759690729377,1735.980165770411,0.0,0.6,-317.5041966974734,-0.6
Liverpool,Burnley,0,1,A,2020-2021,1804.7110613245684,1530.1009136470582,0.6,0.2,274.6101476775102,0.39999999999999997
Aston Villa,Newcastle United,2,0,H,2020-2021,1525.083565345574,1490.7318412741852,0.2,0.2,34.351724071388844,0.0
Newcastle United,Leeds,1,2,A,2020-2021,1477.2101105105205,1517.0182530373315,0.2,0.4,-39.808142526811025,-0.2
Crystal Palace,West Ham United,2,3,A,2020-2021,1518.4266811994958,1599.4594675515698,0.2,0.6,-81.03278635207403,-0.39999999999999997
West Bromwich Albion,Manchester City,0,5,A,2020-2021,1423.6254998806849,1798.0175598211592,0.2,0.6,-374.3920599404744,-0.39999999999999997
Southampton,Arsenal,1,3,A,2020-2021,1611.6496806912467,1602.138845978354,0.4,0.4,9.510834712892574,0.0
Burnley,Aston Villa,3,2,H,2020-2021,1554.980375429979,1538.6052961092387,0.6,0.4,16.37507932074027,0.19999999999999996
Chelsea,Wolverhampton Wanderers,0,0,D,2020-2021,1622.9175846289859,1550.240971824795,0.4,0.2,72.67661280419088,0.2
Brighton and Hove Albion,Fulham,0,0,D,2020-2021,1497.4098078114541,1414.3205980238674,0.0,0.2,83.0892097875867,-0.2
Everton,Leicester City,1,1,D,2020-2021,1618.6939639080158,1658.5528254390192,0.4,0.6,-39.85886153100341,-0.19999999999999996
Manchester United,Sheffield United,1,2,A,2020-2021,1740.1355368194813,1408.1934743563136,0.8,0.0,331.94206246316776,0.8
Tottenham Hotspur,Liverpool,1,3,A,2020-2021,1666.0087250039905,1779.8315995416476,0.6,0.2,-113.82287453765707,0.39999999999999997
Everton,Newcastle United,0,2,A,2020-2021,1620.4072992622619,1463.9212846819776,0.4,0.0,156.4860145802843,0.4
Crystal Palace,Wolverhampton Wanderers,1,0,H,2020-2021,1506.863063269336,1553.3336957276404,0.2,0.0,-46.47063245830441,0.2
Manchester City,Sheffield United,1,0,H,2020-2021,1801.1330216245412,1434.3267850636307,0.8,0.2,366.8062365609105,0.6000000000000001
West Bromwich Albion,Fulham,2,2,D,2020-2021,1420.5100380773029,1417.840988523431,0.0,0.2,2.6690495538719006,-0.2
Arsenal,Manchester United,0,0,D,2020-2021,1617.549359185031,1714.0022261121642,0.4,0.6,-96.45286692713307,-0.19999999999999996
Southampton,Aston Villa,0,1,A,2020-2021,1596.2391674845696,1524.3117421011484,0.4,0.2,71.92742538342122,0.2
Chelsea,Burnley,2,0,H,2020-2021,1619.8248607261405,1569.2739294380692,0.4,0.4,50.5509312880713,0.0
Leicester City,Leeds,1,3,A,2020-2021,1656.8394900847732,1530.3070788658745,0.6,0.4,126.53241121889869,0.19999999999999996
West Ham United,Liverpool,1,3,A,2020-2021,1611.0230854817296,1790.0860445229303,0.4,0.4,-179.06295904120066,0.0
Brighton and Hove Albion,Tottenham Hotspur,1,0,H,2020-2021,1493.8894173118906,1655.754280022708,0.0,0.2,-161.8648627108173,-0.2
Sheffield United,West Bromwich Albion,2,1,H,2020-2021,1431.0872807522846,1420.394808211909,0.2,0.2,10.692472540375547,0.0
Wolverhampton Wanderers,Arsenal,2,1,H,2020-2021,1536.3392764263822,1621.6097847820704,0.2,0.6,-85.27050835568821,-0.39999999999999997
Manchester United,Southampton,9,0,H,2020-2021,1709.941800515125,1578.177427315647,0.6,0.2,131.76437319947786,0.39999999999999997
Newcastle United,Crystal Palace,1,2,A,2020-2021,1485.2547373652128,1523.8574825705941,0.2,0.2,-38.602745205381325,0.0
Burnley,Manchester City,0,2,A,2020-2021,1556.4411173866913,1804.3725259358873,0.6,0.6,-247.93140854919602,0.0
Fulham,Leicester City,0,2,A,2020-2021,1417.9562183888247,1636.606005726306,0.0,0.6,-218.64978733748126,-0.6
Leeds,Everton,1,2,A,2020-2021,1550.5405632243417,1599.0738465790266,0.4,0.8,-48.533283354684954,-0.4
Aston Villa,West Ham United,1,3,A,2020-2021,1542.373482270071,1603.1350355988513,0.4,0.6,-60.76155332878034,-0.19999999999999996
Liverpool,Brighton and Hove Albion,0,1,A,2020-2021,1797.9740944058085,1515.4124387968636,0.4,0.2,282.5616556089449,0.2
Tottenham Hotspur,Chelsea,0,1,A,2020-2021,1634.231258537735,1632.6576727775184,0.4,0.2,1.5735857602164742,0.2
Aston Villa,Arsenal,1,0,H,2020-2021,1529.9703481384724,1603.0005393244703,0.4,0.6,-73.03019118599786,-0.19999999999999996
Burnley,Brighton and Hove Albion,1,1,D,2020-2021,1550.6350944927538,1540.4833562819226,0.6,0.4,10.151738210831127,0.19999999999999996
Newcastle United,Southampton,3,2,H,2020-2021,1471.9145274764958,1568.6082452046876,0.0,0.2,-96.69371772819181,-0.2
Fulham,West Ham United,0,0,D,2020-2021,1411.3200237990404,1615.53816973045,0.0,0.6,-204.21814593140948,-0.6
Manchester United,Everton,3,3,D,2020-2021,1719.5109826260843,1611.992019823598,0.8,0.8,107.51896280248639,0.0
Tottenham Hotspur,West Bromwich Albion,2,0,H,2020-2021,1619.163321843878,1405.8562936738965,0.2,0.2,213.30702816998155,0.0
Wolverhampton Wanderers,Leicester City,0,0,D,2020-2021,1554.9485218839823,1643.2422003160902,0.4,0.6,-88.29367843210798,-0.19999999999999996
Liverpool,Manchester City,1,4,A,2020-2021,1772.9031769207495,1810.1785488298249,0.2,0.8,-37.275371909075375,-0.6000000000000001
Sheffield United,Chelsea,1,2,A,2020-2021,1445.6257952902972,1647.7256094713753,0.4,0.4,-202.09981418107805,0.0
Leeds,Crystal Palace,2,0,H,2020-2021,1537.6223899797703,1537.1976924593112,0.4,0.2,0.4246975204591763,0.2
Leicester City,Liverpool,3,1,H,2020-2021,1639.5102507757442,1759.5063377273802,0.4,0.6,-119.99608695163602,-0.19999999999999996
Crystal Palace,Burnley,0,3,A,2020-2021,1522.216028116047,1550.196933409327,0.4,0.2,-27.980905293279875,0.2
Manchester City,Tottenham Hotspur,3,0,H,2020-2021,1823.5753880231941,1625.9598291893094,1.0,0.2,197.61555883388473,0.8
Brighton and Hove Albion,Aston Villa,0,0,D,2020-2021,1540.9215173653495,1548.0776852389963,0.2,0.2,-7.156167873646837,0.0
Southampton,Wolverhampton Wanderers,1,2,A,2020-2021,1549.5381850007539,1558.6804714243283,0.2,0.0,-9.142286423574433,0.2
West Bromwich Albion,Manchester United,1,1,D,2020-2021,1399.0597863284652,1715.0117354769782,0.0,0.4,-315.951949148513,-0.4
Arsenal,Leeds,4,2,H,2020-2021,1584.8932022239464,1552.6040543230345,0.4,0.6,32.289147900911985,-0.19999999999999996
Everton,Fulham,0,2,A,2020-2021,1616.4912669727041,1419.2445565157748,0.4,0.0,197.24671045692935,0.4
West Ham United,Sheffield United,3,0,H,2020-2021,1607.6136370137156,1438.4841856304686,0.4,0.2,169.129451383247,0.2
Chelsea,Newcastle United,2,0,H,2020-2021,1654.867219131204,1490.9845876804295,0.4,0.2,163.8826314507744,0.2
Burnley,Fulham,1,1,D,2020-2021,1563.991505616854,1441.9498179657667,0.4,0.2,122.04168765108739,0.2
Everton,Manchester City,1,3,A,2020-2021,1593.7860055227122,1830.8584105123252,0.2,1.0,-237.072404989613,-0.8
Wolverhampton Wanderers,Leeds,1,0,H,2020-2021,1573.285858264526,1538.9940892737734,0.2,0.6,34.291768990752644,-0.39999999999999997
Southampton,Chelsea,1,1,D,2020-2021,1534.932798160556,1663.2737364783734,0.2,0.6,-128.3409383178173,-0.39999999999999997
Burnley,West Bromwich Albion,0,0,D,2020-2021,1558.9290620664458,1409.872324689257,0.2,0.2,149.0567373771887,0.0
Liverpool,Everton,0,2,A,2020-2021,1739.5223052778047,1587.6816733282778,0.0,0.8,151.84063194952682,-0.8
Fulham,Sheffield United,1,0,H,2020-2021,1447.012261516175,1430.2592044822534,0.0,0.2,16.75305703392155,-0.2
West Ham United,Tottenham Hotspur,2,1,H,2020-2021,1615.8386181619308,1618.6768067001783,0.6,0.2,-2.8381885382475502,0.39999999999999997
Aston Villa,Leicester City,1,2,A,2020-2021,1547.7687723197096,1659.4942832253198,0.6,0.4,-111.72551090561024,0.19999999999999996
Arsenal,Manchester City,0,1,A,2020-2021,1598.5031672732075,1836.9627427067596,0.6,1.0,-238.45957543355212,-0.4
Manchester United,Newcastle United,3,1,H,2020-2021,1704.1991971161863,1482.57807033326,0.6,0.2,221.62112678292624,0.39999999999999997
Brighton and Hove Albion,Crystal Palace,1,2,A,2020-2021,1541.2304302846362,1508.4214559085199,0.2,0.2,32.80897437611634,0.0
Leeds,Southampton,3,0,H,2020-2021,1525.4697951377652,1540.2347332120764,0.6,0.0,-14.764938074311203,0.6
Manchester City,West Ham United,2,1,H,2020-2021,1843.028340914656,1630.9611498854601,1.0,0.6,212.06719102919578,0.4
West Bromwich Albion,Brighton and Hove Albion,1,0,H,2020-2021,1415.939851637318,1524.8181484497914,0.0,0.4,-108.87829681247331,-0.4
Leeds,Aston Villa,0,1,A,2020-2021,1541.1068652887152,1537.4326851537123,0.6,0.2,3.674180135002871,0.39999999999999997
Newcastle United,Wolverhampton Wanderers,1,1,D,2020-2021,1476.029853485753,1586.8101524005342,0.2,0.2,-110.78029891478127,0.0
Crystal Palace,Fulham,0,0,D,2020-2021,1524.8337377433647,1461.2895339510846,0.4,0.2,63.544203792280086,0.2
Leicester City,Arsenal,1,3,A,2020-2021,1669.830370391317,1592.4375690653112,0.6,0.6,77.39280132600584,0.0
Tottenham Hotspur,Burnley,4,0,H,2020-2021,1603.554274976649,1552.8615351183848,0.4,0.4,50.692739858264076,0.0
Chelsea,Manchester United,0,0,D,2020-2021,1657.971801426853,1710.7474139636934,0.4,0.4,-52.7756125368403,0.0
Sheffield United,Liverpool,0,2,A,2020-2021,1415.9819320473437,1718.354580596014,0.4,0.4,-302.37264854867044,0.0
Everton,Southampton,1,0,H,2020-2021,1608.8493980100684,1524.5976630611265,0.0,0.0,84.25173494894193,0.0
Manchester City,Wolverhampton Wanderers,4,1,H,2020-2021,1849.8624393398275,1582.1831336067821,1.0,0.2,267.67930573304534,0.8
Burnley,Leicester City,1,1,D,2020-2021,1540.0347172815434,1651.54324410331,0.2,0.6,-111.50852682176651,-0.39999999999999997
Sheffield United,Aston Villa,1,0,H,2020-2021,1411.504817991165,1552.5913063483438,0.4,0.4,-141.08648835717872,0.0
Crystal Palace,Manchester United,0,0,D,2020-2021,1522.1204997869772,1708.4862719201753,0.4,0.2,-186.3657721331981,0.2
West Bromwich Albion,Everton,0,1,A,2020-2021,1435.4924430012156,1620.2816191670213,0.2,0.8,-184.78917616580566,-0.6000000000000001
Fulham,Tottenham Hotspur,0,1,A,2020-2021,1464.0027719074722,1616.3810928134903,0.2,0.2,-152.3783209060182,0.0
Liverpool,Chelsea,0,1,A,2020-2021,1722.8316946521927,1660.232943470371,0.0,0.6,62.598751181821626,-0.6
Burnley,Arsenal,1,1,D,2020-2021,1544.6901661729432,1610.7246953533183,0.0,0.6,-66.0345291803751,-0.6
Sheffield United,Southampton,0,2,A,2020-2021,1432.2819002042286,1513.1654419041736,0.4,0.0,-80.883541699945,0.4
Aston Villa,Wolverhampton Wanderers,0,0,D,2020-2021,1531.8142241352803,1576.8909379779832,0.6,0.2,-45.07671384270293,0.39999999999999997
Brighton and Hove Albion,Leicester City,1,2,A,2020-2021,1505.2655570858938,1646.88779521191,0.2,0.4,-141.62223812601633,-0.2
West Bromwich Albion,Newcastle United,0,0,D,2020-2021,1427.794535710102,1480.656872279505,0.2,0.2,-52.86233656940294,0.0
Liverpool,Fulham,0,1,A,2020-2021,1705.1579589939206,1455.1897734237061,0.0,0.2,249.96818557021447,-0.2
Manchester City,Manchester United,0,2,A,2020-2021,1855.1546349686264,1701.1323574869052,1.0,0.2,154.02227748172118,0.8
Tottenham Hotspur,Crystal Palace,4,1,H,2020-2021,1625.1940912972564,1529.4744142202474,0.4,0.4,95.71967707700901,0.0
Chelsea,Everton,2,0,H,2020-2021,1677.9066791286432,1627.9795264581348,0.4,0.8,49.92715267050835,-0.4
West Ham United,Leeds,2,0,H,2020-2021,1624.1270514602886,1525.9482440940837,0.8,0.4,98.17880736620486,0.4
Manchester City,Southampton,5,2,H,2020-2021,1833.9088482562183,1524.7351656736087,0.8,0.2,309.1736825826097,0.6000000000000001
Newcastle United,Aston Villa,1,1,D,2020-2021,1478.392071276693,1533.74949580753,0.2,0.4,-55.35742453083685,-0.2
Leeds,Chelsea,0,0,D,2020-2021,1515.0776310939593,1690.7658665234605,0.4,0.6,-175.68823542950122,-0.19999999999999996
Crystal Palace,West Bromwich Albion,1,0,H,2020-2021,1518.5054882415457,1430.059336712914,0.2,0.2,88.44615152863162,0.0
Everton,Burnley,1,2,A,2020-2021,1615.1203390633175,1547.507265920863,0.2,0.4,67.6130731424546,-0.2
Fulham,Manchester City,0,3,A,2020-2021,1479.438452286209,1838.238880383493,0.2,1.0,-358.8004280972841,-0.8
Southampton,Brighton and Hove Albion,1,2,A,2020-2021,1520.405133546334,1496.0623268247716,0.2,0.4,24.342806721562283,-0.2
Leicester City,Sheffield United,5,0,H,2020-2021,1656.0910254730322,1420.7121764347935,0.6,0.2,235.37884903823874,0.39999999999999997
Arsenal,Tottenham Hotspur,2,1,H,2020-2021,1607.9075956053987,1636.163017275958,0.4,0.4,-28.25542167055937,0.0
Manchester United,West Ham United,1,0,H,2020-2021,1722.3781441993133,1634.997664460413,0.6,0.6,87.38047973890025,0.0
Wolverhampton Wanderers,Liverpool,0,1,A,2020-2021,1574.9556663057335,1680.9092801314177,0.4,0.6,-105.95361382568422,-0.19999999999999996
Fulham,Leeds,1,2,A,2020-2021,1476.0633504233842,1522.076116628981,0.2,0.4,-46.01276620559679,-0.2
Brighton and Hove Albion,Newcastle United,3,0,H,2020-2021,1512.1115739174238,1480.7620223351314,0.2,0.2,31.349551582292406,0.0
West Ham United,Arsenal,3,3,D,2020-2021,1623.6926043847222,1624.1247979330956,0.8,0.4,-0.4321935483733341,0.4
Aston Villa,Tottenham Hotspur,0,2,A,2020-2021,1531.3795447490916,1619.9458149482612,0.4,0.2,-88.5662701991696,0.2
Chelsea,West Bromwich Albion,2,5,A,2020-2021,1683.7673809884388,1418.7974608980878,0.6,0.0,264.969920090351,0.6
Leeds,Sheffield United,2,1,H,2020-2021,1535.1011189278563,1414.5603057774945,0.4,0.2,120.54081315036183,0.2
Leicester City,Manchester City,0,2,A,2020-2021,1662.2428961303312,1841.6139822463178,0.6,1.0,-179.3710861159866,-0.4
Arsenal,Liverpool,0,3,A,2020-2021,1624.1061386473118,1691.4716170341374,0.6,0.8,-67.36547838682554,-0.20000000000000007
Southampton,Burnley,3,2,H,2020-2021,1504.3558864536817,1565.3900566002153,0.0,0.6,-61.0341701465336,-0.6
Newcastle United,Tottenham Hotspur,2,2,D,2020-2021,1467.111830027701,1631.2028273140154,0.2,0.4,-164.0909972863144,-0.2
Aston Villa,Fulham,3,1,H,2020-2021,1520.1225323833373,1463.038348124509,0.2,0.4,57.08418425882837,-0.2
Manchester United,Brighton and Hove Albion,2,1,H,2020-2021,1733.683204275004,1525.7617662248542,0.6,0.6,207.92143805014985,0.0
Everton,Crystal Palace,1,1,D,2020-2021,1597.237548383965,1529.767364056372,0.2,0.4,67.47018432759319,-0.2
Wolverhampton Wanderers,West Ham United,2,3,A,2020-2021,1564.393329403014,1623.711263670506,0.4,0.4,-59.31793426749209,0.0
Fulham,Wolverhampton Wanderers,0,1,A,2020-2021,1450.480930766845,1551.9296940931279,0.2,0.2,-101.44876332628291,0.0
Manchester City,Leeds,1,2,A,2020-2021,1849.491724036694,1545.0961760850603,0.8,0.4,304.3955479516337,0.4
Liverpool,Aston Villa,2,1,H,2020-2021,1703.5991224653687,1532.6799497410013,0.0,0.4,170.9191727243674,-0.4
Crystal Palace,Chelsea,1,4,A,2020-2021,1532.6442131155768,1659.1278991349739,0.4,0.6,-126.48368601939706,-0.19999999999999996
Burnley,Newcastle United,1,2,A,2020-2021,1547.7817752362469,1473.7125684793934,0.0,0.2,74.06920675685342,-0.2
West Ham United,Leicester City,3,2,H,2020-2021,1636.174898980392,1654.365154339955,0.6,0.6,-18.190255359563025,0.0
Tottenham Hotspur,Manchester United,1,3,A,2020-2021,1624.602088862323,1740.6440614385026,0.6,0.2,-116.04197257617966,0.39999999999999997
Sheffield United,Arsenal,0,3,A,2020-2021,1404.5652486202905,1611.9786332160804,0.4,0.2,-207.41338459578992,0.2
West Bromwich Albion,Southampton,3,0,H,2020-2021,1443.4369427515528,1521.9641678176502,0.2,0.2,-78.52722506609734,0.0
Brighton and Hove Albion,Everton,0,0,D,2020-2021,1518.8009090613557,1594.3606993247602,0.4,0.6,-75.55979026340447,-0.19999999999999996
Everton,Tottenham Hotspur,2,2,D,2020-2021,1591.148996561009,1614.4336857544663,0.2,0.4,-23.284689193457325,-0.2
Newcastle United,West Ham United,3,2,H,2020-2021,1491.8628117683934,1651.9595186506194,0.2,0.4,-160.09670688222604,-0.2
Wolverhampton Wanderers,Sheffield United,1,0,H,2020-2021,1562.6701718713316,1397.5887451056076,0.4,0.0,165.08142676572402,0.4
Arsenal,Fulham,1,1,D,2020-2021,1618.9551367307633,1439.7404529886412,0.4,0.4,179.21468374212213,0.0
Manchester United,Burnley,3,1,H,2020-2021,1750.8124645463593,1529.631531947247,0.8,0.4,221.18093259911234,0.4
Leeds,Liverpool,1,1,D,2020-2021,1570.6632354969718,1711.7627415153072,0.6,0.8,-141.09950601833543,-0.20000000000000007
Chelsea,Brighton and Hove Albion,0,0,D,2020-2021,1668.8962624262433,1522.012611825107,0.6,0.4,146.88365060113642,0.19999999999999996
Tottenham Hotspur,Southampton,2,1,H,2020-2021,1613.4299072895521,1503.6304500510344,0.6,0.2,109.79945723851779,0.39999999999999997
Aston Villa,Manchester City,1,2,A,2020-2021,1524.5163306910629,1823.9246646247825,0.4,1.0,-299.40833393371963,-0.6
Leicester City,West Bromwich Albion,3,0,H,2020-2021,1638.5805346697277,1461.7706605181686,0.4,0.2,176.80987415155914,0.2
Arsenal,Everton,0,1,A,2020-2021,1611.8381097267572,1592.1527750259231,0.4,0.4,19.68533470083412,0.0
Liverpool,Newcastle United,1,1,D,2020-2021,1705.9851806566846,1513.3237952585755,0.2,0.2,192.66138539810913,0.0
West Ham United,Chelsea,0,1,A,2020-2021,1630.4985351604373,1662.9074022395384,0.8,0.6,-32.40886707910113,0.20000000000000007
Sheffield United,Brighton and Hove Albion,1,0,H,2020-2021,1389.2239203006438,1528.0014720118118,0.2,0.2,-138.77755171116792,0.0
Wolverhampton Wanderers,Burnley,0,4,A,2020-2021,1571.0349966762953,1523.0703347145873,0.4,0.4,47.96466196170809,0.0
Leeds,Manchester United,0,0,D,2020-2021,1576.4407963555943,1757.373661779019,0.4,0.4,-180.93286542342457,0.0
Aston Villa,West Bromwich Albion,2,2,D,2020-2021,1519.9738308541525,1453.8069726484428,0.2,0.2,66.16685820570979,0.0
Leicester City,Crystal Palace,2,1,H,2020-2021,1646.5442225394536,1522.8758498243074,0.6,0.4,123.66837271514623,0.19999999999999996
Southampton,Leicester City,1,1,D,2020-2021,1493.2191185690676,1656.4196473971012,0.2,0.4,-163.2005288280336,-0.2
Crystal Palace,Manchester City,0,2,A,2020-2021,1513.0004249666597,1828.4671644616928,0.2,1.0,-315.46673949503315,-0.8
Brighton and Hove Albion,Leeds,2,0,H,2020-2021,1507.3095047679703,1583.6151688071986,0.2,0.4,-76.3056640392283,-0.2
Chelsea,Fulham,2,0,H,2020-2021,1676.5122431465866,1446.8574799926473,0.4,0.2,229.65476315393926,0.2
Everton,Aston Villa,1,2,A,2020-2021,1608.0017509660095,1517.1512199062429,0.2,0.2,90.85053105976658,0.0
Newcastle United,Arsenal,0,2,A,2020-2021,1520.8823433328325,1595.989133786671,0.4,0.4,-75.10679045383836,0.0
Tottenham Hotspur,Sheffield United,4,0,H,2020-2021,1623.8412387715189,1409.9158875444853,0.8,0.0,213.92535122703362,0.8
West Bromwich Albion,Wolverhampton Wanderers,1,1,D,2020-2021,1456.6295835963524,1553.9772518528803,0.4,0.4,-97.34766825652787,0.0
Burnley,West Ham United,1,2,A,2020-2021,1540.1280795380023,1616.8936942533892,0.0,0.2,-76.76561471538685,-0.2
Leicester City,Newcastle United,2,4,A,2020-2021,1649.8499439506995,1509.075379931349,0.6,0.2,140.77456401935046,0.39999999999999997
Leeds,Tottenham Hotspur,3,1,H,2020-2021,1565.3727545338754,1630.6190536731938,0.2,0.4,-65.24629913931835,-0.2
Sheffield United,Crystal Palace,0,2,A,2020-2021,1403.1380726428104,1508.8028897770284,0.4,0.2,-105.66481713421808,0.2
Manchester City,Chelsea,1,2,A,2020-2021,1832.664699651324,1682.8268198474673,0.6,0.6,149.83787980385682,0.0
Liverpool,Southampton,2,0,H,2020-2021,1698.4266325824276,1499.7888220154693,0.2,0.2,198.63781056695825,0.0
Wolverhampton Wanderers,Brighton and Hove Albion,2,1,H,2020-2021,1549.881050365023,1525.5519190412936,0.4,0.2,24.32913132372937,0.2
Aston Villa,Manchester United,1,3,A,2020-2021,1535.9865335240195,1750.1992893274146,0.2,0.4,-214.2127558033951,-0.2
West Ham United,Everton,0,1,A,2020-2021,1628.6323556001903,1589.1664373482329,0.6,0.6,39.46591825195742,0.0
Arsenal,West Bromwich Albion,3,1,H,2020-2021,1607.7960971881544,1460.7257850842097,0.2,0.2,147.07031210394462,0.0
Fulham,Burnley,0,2,A,2020-2021,1440.5429032917666,1528.3894181912012,0.2,0.4,-87.84651489943462,-0.2
Manchester United,Leicester City,1,2,A,2020-2021,1756.9684281414625,1629.0843349934516,0.8,0.4,127.88409314801083,0.4
Southampton,Crystal Palace,3,1,H,2020-2021,1492.538203356843,1519.3766065532413,0.2,0.4,-26.838403196398303,-0.2
Chelsea,Arsenal,0,1,A,2020-2021,1703.922527667277,1616.800464258481,0.4,0.6,87.12206340879607,-0.19999999999999996
Aston Villa,Everton,0,0,D,2020-2021,1529.2173947099716,1605.8630271557815,0.2,0.6,-76.64563244580995,-0.39999999999999997
Manchester United,Liverpool,2,4,A,2020-2021,1736.683760517631,1705.677251241054,0.8,0.6,31.006509276577162,0.20000000000000007
Newcastle United,Manchester City,3,4,A,2020-2021,1529.840988888597,1811.5689918315143,0.2,1.0,-281.7280029429173,-0.8
Burnley,Leeds,0,4,A,2020-2021,1539.6755850312823,1583.1570100232098,0.0,0.4,-43.4814249919275,-0.4
Southampton,Fulham,3,1,H,2020-2021,1508.694611138617,1429.2567364516856,0.4,0.2,79.43787468693131,0.2
Brighton and Hove Albion,West Ham United,1,1,D,2020-2021,1511.6005786068267,1611.9357657926416,0.4,0.4,-100.3351871858149,0.0
Crystal Palace,Aston Villa,3,2,H,2020-2021,1503.2201987714675,1532.473797816169,0.2,0.4,-29.25359904470156,-0.2
Tottenham Hotspur,Wolverhampton Wanderers,2,0,H,2020-2021,1612.8347981838594,1563.8323907994898,0.8,0.2,49.00240738436969,0.6000000000000001
West Bromwich Albion,Liverpool,1,2,A,2020-2021,1451.721418013883,1722.0123672356592,0.4,0.8,-270.29094922177615,-0.4
Everton,Sheffield United,0,1,A,2020-2021,1602.606624049584,1392.5643558665975,0.2,0.0,210.04226818298662,0.2
Manchester United,Fulham,1,1,D,2020-2021,1720.3486445230258,1417.6278063047678,0.6,0.2,302.720838218258,0.39999999999999997
Southampton,Leeds,0,2,A,2020-2021,1520.3235412855347,1596.2895057196076,0.6,0.6,-75.96596443407293,0.0
Brighton and Hove Albion,Manchester City,3,2,H,2020-2021,1515.8158605924648,1816.5178738941227,0.4,1.0,-300.70201330165787,-0.6
Chelsea,Leicester City,2,1,H,2020-2021,1685.2380694216517,1649.369002617283,0.4,0.4,35.869066804368686,0.0
Everton,Wolverhampton Wanderers,1,0,H,2020-2021,1579.5024314820616,1550.9340774018442,0.0,0.2,28.568354080217432,-0.2
Newcastle United,Sheffield United,1,0,H,2020-2021,1524.8921068259885,1415.6685484341199,0.2,0.2,109.22355839186866,0.0
Tottenham Hotspur,Aston Villa,1,2,A,2020-2021,1625.733111581505,1516.2137945739605,0.8,0.2,109.51931700754449,0.6000000000000001
Crystal Palace,Arsenal,1,3,A,2020-2021,1519.480202013676,1635.4849225041064,0.4,0.6,-116.00472049043037,-0.19999999999999996
Burnley,Liverpool,0,3,A,2020-2021,1526.5430893348844,1727.2393546086664,0.0,0.8,-200.69626527378205,-0.8
West Bromwich Albion,West Ham United,1,3,A,2020-2021,1446.4944306408759,1607.7204838070036,0.2,0.4,-161.2260531661277,-0.2
Arsenal,Brighton and Hove Albion,2,0,H,2020-2021,1645.6547670981165,1541.3019922384226,0.4,0.2,104.35277485969391,0.2
Aston Villa,Chelsea,2,1,H,2020-2021,1535.7914975991,1698.6949558010606,0.2,0.8,-162.90345820196058,-0.6000000000000001
Fulham,Newcastle United,0,2,A,2020-2021,1428.1583213413353,1535.3259864996248,0.0,0.4,-107.16766515828954,-0.4
Leeds,West Bromwich Albion,3,1,H,2020-2021,1608.061075130604,1437.9950702203746,0.4,0.2,170.06600491022937,0.2
Leicester City,Tottenham Hotspur,2,4,A,2020-2021,1635.9121162378742,1606.1554085563655,0.6,0.2,29.756707681508715,0.39999999999999997
Liverpool,Crystal Palace,2,0,H,2020-2021,1734.4250219348469,1509.310357419666,0.4,0.2,225.11466451518095,0.2
Manchester City,Everton,5,0,H,2020-2021,1791.0317422481648,1593.2718087239439,0.4,0.4,197.75993352422097,0.0
Sheffield United,Burnley,1,0,H,2020-2021,1405.2346687604836,1519.357422008704,0.4,0.6,-114.1227532482203,-0.19999999999999996
West Ham United,Southampton,3,0,H,2020-2021,1616.2198442275048,1508.5519718745384,0.4,0.2,107.66787235296647,0.2
Wolverhampton Wanderers,Manchester United,1,2,A,2020-2021,1537.164700159962,1709.8181294864582,0.4,0.6,-172.65342932649628,-0.19999999999999996
Brentford,Arsenal,2,0,H,2021-2022,1500.0,1656.280254309979,0.0,0.8,-156.280254309979,-0.8
Manchester United,Leeds,5,1,H,2021-2022,1717.9225623016957,1616.2539099780124,0.4,0.8,101.66865232368332,-0.4
Burnley,Brighton and Hove Albion,1,2,A,2021-2022,1499.6002192169442,1530.67650502656,0.0,0.0,-31.07628580961591,0.0
Chelsea,Crystal Palace,3,0,H,2021-2022,1677.1356215186706,1502.8645006580732,0.4,0.2,174.27112086059742,0.2
Everton,Southampton,3,1,H,2021-2022,1585.9933686543482,1498.0570688021357,0.2,0.0,87.93629985221241,0.2
Leicester City,Wolverhampton Wanderers,1,0,H,2021-2022,1619.630547951756,1529.0602673447245,0.4,0.2,90.57028060703146,0.2
Watford,Aston Villa,3,2,H,2021-2022,1467.3985145543224,1557.35083188149,0.4,0.4,-89.95231732716752,0.0
Norwich City,Liverpool,0,3,A,2021-2022,1343.1255380160662,1740.8708786964396,0.0,0.8,-397.7453406803734,-0.8
Newcastle United,West Ham United,2,4,A,2021-2022,1545.8405457217725,1626.7147472999075,0.4,0.6,-80.87420157813494,-0.19999999999999996
Tottenham Hotspur,Manchester City,1,0,H,2021-2022,1622.4369768424838,1798.3101823177606,0.6,0.8,-175.8732054752768,-0.20000000000000007
Liverpool,Burnley,2,0,H,2021-2022,1743.630501732233,1485.9383237870563,0.6,0.4,257.6921779451766,0.19999999999999996
Aston Villa,Newcastle United,2,0,H,2021-2022,1538.5517859392414,1534.2704397929895,0.2,0.6,4.281346146251963,-0.39999999999999997
Crystal Palace,Brentford,0,0,D,2021-2022,1494.8150317083227,1521.3261511883322,0.4,0.0,-26.511119480009484,0.4
Leeds,Everton,2,2,D,2021-2022,1605.5221584758901,1597.2758970191835,0.6,0.4,8.246261456706634,0.19999999999999996
Manchester City,Norwich City,5,0,H,2021-2022,1776.3054509130197,1340.365914980273,0.4,0.0,435.9395359327468,0.4
Brighton and Hove Albion,Watford,2,0,H,2021-2022,1544.338400456448,1486.197560496571,0.6,0.0,58.140839959876985,0.6
Southampton,Manchester United,1,1,D,2021-2022,1486.7745404373004,1728.654313803818,0.6,0.8,-241.8797733665176,-0.20000000000000007
Wolverhampton Wanderers,Tottenham Hotspur,0,1,A,2021-2022,1517.8842702585491,1644.4417082472246,0.4,0.4,-126.55743798867547,0.0
Arsenal,Chelsea,0,2,A,2021-2022,1634.9541031216468,1685.185090468421,0.4,0.6,-50.23098734677433,-0.19999999999999996
West Ham United,Leicester City,4,1,H,2021-2022,1638.2848532286905,1630.8065450379313,0.4,0.4,7.478308190759208,0.0
Manchester City,Arsenal,5,0,H,2021-2022,1778.56136031447,1622.1077645218552,0.6,0.8,156.4535957926148,-0.20000000000000007
Aston Villa,Brentford,1,1,D,2021-2022,1553.3669547231102,1520.1837904154384,0.4,0.0,33.18316430767186,0.4
Brighton and Hove Albion,Everton,0,2,A,2021-2022,1556.8514301086698,1597.6318499073113,0.6,0.4,-40.78041979864156,0.19999999999999996
Newcastle United,Southampton,2,2,D,2021-2022,1519.4552710091207,1495.8036594481157,0.4,0.0,23.651611561004984,0.4
Norwich City,Leicester City,1,2,A,2021-2022,1338.1100055788227,1616.1293597046217,0.0,0.2,-278.01935412579905,-0.2
West Ham United,Crystal Palace,2,2,D,2021-2022,1652.962038562,1495.9573924812166,0.6,0.2,157.00464608078346,0.39999999999999997
Liverpool,Chelsea,1,1,D,2021-2022,1749.1779550034244,1698.0314290682127,0.8,0.8,51.146525935211685,0.0
Burnley,Leeds,1,1,D,2021-2022,1480.390870515865,1605.1662055877623,0.0,0.6,-124.77533507189742,-0.6
Tottenham Hotspur,Watford,1,0,H,2021-2022,1654.2072749489755,1473.6845308443492,0.8,0.0,180.52274410462633,0.8
Wolverhampton Wanderers,Manchester United,0,1,A,2021-2022,1508.1187035567982,1719.6251947930027,0.4,0.6,-211.5064912362045,-0.19999999999999996
Crystal Palace,Tottenham Hotspur,3,0,H,2021-2022,1502.309232831527,1662.0465660100592,0.2,0.4,-159.73733317853225,-0.2
Arsenal,Norwich City,1,0,H,2021-2022,1613.4400670521784,1333.07226782343,0.4,0.0,280.3677992287485,0.4
Brentford,Brighton and Hove Albion,0,1,A,2021-2022,1521.6120824899244,1543.6040212569997,1.0,0.2,-21.991938767075226,0.8
Leicester City,Manchester City,0,1,A,2021-2022,1621.1670974600145,1787.2290577841468,0.6,0.6,-166.06196032413231,0.0
Manchester United,Newcastle United,4,1,H,2021-2022,1726.4763413429932,1518.435723291391,0.4,0.6,208.04061805160222,-0.19999999999999996
Southampton,West Ham United,0,0,D,2021-2022,1496.8232071658454,1646.6101982116897,0.4,0.6,-149.7869910458444,-0.19999999999999996
Watford,Wolverhampton Wanderers,0,2,A,2021-2022,1465.8452397832655,1501.2675570068077,0.6,0.2,-35.42231722354222,0.39999999999999997
Chelsea,Aston Villa,3,0,H,2021-2022,1700.2237878880899,1551.9386626486241,0.6,0.4,148.28512523946574,0.19999999999999996
Leeds,Liverpool,0,3,A,2021-2022,1599.999463138224,1746.9855961835472,0.4,0.8,-146.9861330453232,-0.4
Everton,Burnley,3,1,H,2021-2022,1610.8792587589815,1485.5576129654032,0.4,0.4,125.32164579357823,0.0
Newcastle United,Leeds,1,1,D,2021-2022,1511.478532926153,1590.9920421122736,0.2,0.4,-79.51350918612047,-0.2
Wolverhampton Wanderers,Brentford,0,2,A,2021-2022,1514.7435295061111,1507.5602847845887,0.2,0.0,7.183244721522442,0.2
Burnley,Arsenal,0,1,A,2021-2022,1475.7451318876626,1618.4213913810609,0.0,0.6,-142.67625949339822,-0.6
Liverpool,Crystal Palace,3,0,H,2021-2022,1755.9930172094976,1523.7575738615906,0.6,0.2,232.235443347907,0.39999999999999997
Manchester City,Southampton,0,0,D,2021-2022,1795.5598753645565,1502.9170806633538,0.6,0.0,292.6427947012028,0.6
Norwich City,Watford,1,3,A,2021-2022,1328.0909434945474,1452.369267283962,0.0,0.0,-124.27832378941457,0.0
Aston Villa,Everton,3,0,H,2021-2022,1542.9783021742824,1620.691739836722,0.4,0.4,-77.71343766243967,0.0
Brighton and Hove Albion,Leicester City,2,1,H,2021-2022,1557.6558189623354,1612.8362798796047,0.6,0.4,-55.18046091726933,0.19999999999999996
West Ham United,Manchester United,1,2,A,2021-2022,1640.5163247141813,1733.4335317082312,0.4,0.6,-92.91720699404982,-0.19999999999999996
Tottenham Hotspur,Chelsea,0,3,A,2021-2022,1640.5982249799956,1709.1841483624316,0.8,0.6,-68.58592338243602,0.20000000000000007
Chelsea,Manchester City,0,1,A,2021-2022,1721.2609295622983,1785.2545448941246,0.8,0.6,-63.99361533182628,0.20000000000000007
Manchester United,Aston Villa,0,1,A,2021-2022,1744.514953362558,1561.2786039942778,0.4,0.4,183.23634936828012,0.0
Everton,Norwich City,2,0,H,2021-2022,1602.3914380167266,1318.2387647906762,0.6,0.0,284.1526732260504,0.6
Leeds,West Ham United,1,2,A,2021-2022,1587.6178719333886,1629.4349030598546,0.4,0.6,-41.81703112646596,-0.19999999999999996
Leicester City,Burnley,2,2,D,2021-2022,1595.4737788329946,1466.5805658984775,0.4,0.4,128.89321293451712,0.0
Watford,Newcastle United,1,1,D,2021-2022,1462.2214459878332,1514.852703105038,0.6,0.4,-52.63125711720477,0.19999999999999996
Brentford,Liverpool,3,3,D,2021-2022,1522.8703662076928,1762.233850669657,0.5,1.0,-239.36348446196416,-0.5
Southampton,Wolverhampton Wanderers,0,1,A,2021-2022,1513.2224111337857,1499.433448083007,0.4,0.2,13.788963050778648,0.2
Arsenal,Tottenham Hotspur,3,1,H,2021-2022,1627.585957370246,1628.521443780129,0.6,0.4,-0.9354864098829694,0.19999999999999996
Crystal Palace,Brighton and Hove Albion,1,1,D,2021-2022,1517.5167404014312,1575.0183200089455,0.4,0.4,-57.50157960751426,0.0
Manchester United,Everton,1,1,D,2021-2022,1722.2641253975025,1607.2829099960236,0.4,0.2,114.98121540147895,0.2
Burnley,Norwich City,0,0,D,2021-2022,1471.9033539114555,1313.3472928113792,0.0,0.0,158.55606110007625,0.0
Chelsea,Southampton,3,1,H,2021-2022,1708.9929309483216,1497.627406113711,0.6,0.0,211.3655248346106,0.6
Leeds,Watford,1,0,H,2021-2022,1574.4145907179586,1464.4764969453108,0.4,0.2,109.93809377264779,0.2
Wolverhampton Wanderers,Newcastle United,2,1,H,2021-2022,1515.0284531030818,1512.5976521475604,0.2,0.4,2.430800955521363,-0.2
Brighton and Hove Albion,Arsenal,0,0,D,2021-2022,1572.55819823831,1642.6263454675584,0.6,0.6,-70.06814722924832,0.0
Crystal Palace,Leicester City,2,2,D,2021-2022,1519.9768621720666,1590.1509908200167,0.4,0.4,-70.17412864795006,0.0
Tottenham Hotspur,Aston Villa,2,1,H,2021-2022,1613.4810556828165,1583.5294319593331,0.6,0.4,29.951623723483408,0.19999999999999996
West Ham United,Brentford,1,2,A,2021-2022,1642.6381842752846,1531.829908964309,0.4,0.3333333333333333,110.80827531097566,0.06666666666666671
Liverpool,Manchester City,2,2,D,2021-2022,1753.2743079130407,1797.5225435081013,0.8,0.6,-44.24823559506058,0.20000000000000007
Watford,Liverpool,0,5,A,2021-2022,1454.0705900954933,1755.1743959336477,0.4,0.8,-301.10380583815436,-0.4
Aston Villa,Wolverhampton Wanderers,2,3,A,2021-2022,1569.8193536182894,1529.92350870208,0.6,0.4,39.8958449162094,0.19999999999999996
Leicester City,Manchester United,4,2,H,2021-2022,1587.1618669933175,1717.4736138388716,0.2,0.8,-130.31174684555413,-0.6000000000000001
Manchester City,Burnley,2,0,H,2021-2022,1795.6224554874943,1465.4966482122347,0.6,0.2,330.1258072752596,0.39999999999999997
Norwich City,Brighton and Hove Albion,0,0,D,2021-2022,1319.7539985106,1575.5429279111552,0.0,0.4,-255.78892940055516,-0.4
Southampton,Leeds,1,0,H,2021-2022,1490.7719687613458,1584.820497567776,0.2,0.4,-94.04852880643034,-0.2
Brentford,Chelsea,0,1,A,2021-2022,1551.4580206402636,1715.8483683006868,0.3333333333333333,0.6,-164.39034766042323,-0.26666666666666666
Everton,West Ham United,0,1,A,2021-2022,1612.0734215546545,1623.01007259933,0.8,0.6,-10.9366510446755,0.20000000000000007
Newcastle United,Tottenham Hotspur,2,3,A,2021-2022,1497.7025965485623,1627.1911340238603,0.2,0.4,-129.48853747529802,-0.2
Arsenal,Crystal Palace,2,2,D,2021-2022,1639.6416157947133,1522.9659859987657,0.8,0.0,116.67562979594754,0.8
Arsenal,Aston Villa,3,1,H,2021-2022,1634.7855145217425,1553.1044424138743,0.6,0.4,81.6810721078682,0.19999999999999996
Chelsea,Norwich City,7,0,H,2021-2022,1724.2372124520202,1329.1568350811442,0.8,0.0,395.080377370876,0.8
Crystal Palace,Newcastle United,1,1,D,2021-2022,1527.8220872717366,1488.0478366818131,0.2,0.2,39.77425058992344,0.0
Everton,Watford,2,5,A,2021-2022,1597.545438842306,1449.5655838683208,0.8,0.2,147.9798549739853,0.6000000000000001
Leeds,Wolverhampton Wanderers,1,1,D,2021-2022,1565.8564482987013,1546.638419906495,0.4,0.6,19.21802839220618,-0.19999999999999996
Southampton,Burnley,2,2,D,2021-2022,1509.7360180304206,1461.5946056648545,0.2,0.0,48.14141236556611,0.2
Brighton and Hove Albion,Manchester City,1,4,A,2021-2022,1566.140091340611,1799.5244980348746,0.6,0.4,-233.3844066942636,0.19999999999999996
Brentford,Leicester City,1,2,A,2021-2022,1543.0691764889302,1607.5381085546096,0.25,0.2,-64.46893206567938,0.04999999999999999
West Ham United,Tottenham Hotspur,1,0,H,2021-2022,1637.5380553116784,1636.8458938906094,0.4,0.6,0.6921614210689313,-0.19999999999999996
Manchester United,Liverpool,0,5,A,2021-2022,1697.0973722775796,1759.6794021608202,0.4,0.8,-62.58202988324069,-0.4
Leicester City,Arsenal,0,2,A,2021-2022,1619.7862717874227,1646.3226240073632,0.4,0.4,-26.536352219940454,0.0
Burnley,Brentford,3,1,H,2021-2022,1463.659837285719,1530.821013256117,0.0,0.5,-67.16117597039806,-0.5
Liverpool,Brighton and Hove Albion,2,2,D,2021-2022,1772.0063654877831,1559.9318847177465,0.6,0.4,212.07448077003664,0.19999999999999996
Manchester City,Crystal Palace,0,2,A,2021-2022,1805.732704657739,1526.1123573065895,0.8,0.0,279.6203473511496,0.8
Newcastle United,Chelsea,0,3,A,2021-2022,1489.7575666469602,1727.0355173051862,0.2,0.6,-237.27795065822602,-0.39999999999999997
Watford,Southampton,0,1,A,2021-2022,1470.594176599294,1507.670786409556,0.2,0.0,-37.07660981026197,0.2
Tottenham Hotspur,Manchester United,0,3,A,2021-2022,1621.875776861765,1684.7704089506167,0.6,0.6,-62.89463208885172,0.0
Norwich City,Leeds,1,2,A,2021-2022,1326.3585302279782,1565.027584483751,0.0,0.2,-238.66905425577283,-0.2
Aston Villa,West Ham United,1,4,A,2021-2022,1541.5673329282536,1652.5081723405228,0.6,0.8,-110.94083941226927,-0.20000000000000007
Wolverhampton Wanderers,Everton,2,1,H,2021-2022,1547.4672837214453,1576.5168461113328,0.2,0.2,-29.04956238988757,0.0
Southampton,Aston Villa,1,0,H,2021-2022,1521.0761093486367,1531.2006224079137,0.2,0.2,-10.124513059276978,0.0
Manchester United,Manchester City,0,2,A,2021-2022,1697.0843068382233,1780.7319288878175,0.4,0.6,-83.64762204959425,-0.19999999999999996
Brentford,Norwich City,1,2,A,2021-2022,1512.9570166233304,1320.298765326547,0.2,0.0,192.65825129678342,0.2
Chelsea,Burnley,1,1,D,2021-2022,1733.134098442146,1481.5238339185057,0.8,0.0,251.61026452364035,0.8
Crystal Palace,Wolverhampton Wanderers,2,0,H,2021-2022,1551.113133076511,1563.7185397190742,0.2,0.6,-12.605406642563139,-0.39999999999999997
Brighton and Hove Albion,Newcastle United,1,1,D,2021-2022,1568.0980077406996,1483.6589855100003,0.4,0.0,84.43902223069927,0.4
Arsenal,Watford,1,0,H,2021-2022,1660.179180173884,1457.1888536602135,0.6,0.4,202.99032651367065,0.19999999999999996
Everton,Tottenham Hotspur,0,0,D,2021-2022,1560.2655901137039,1609.5618789741584,0.6,0.4,-49.296288860454524,0.19999999999999996
Leeds,Leicester City,1,1,D,2021-2022,1571.0873493851823,1605.9297156209018,0.2,0.4,-34.84236623571951,-0.2
West Ham United,Liverpool,3,2,H,2021-2022,1662.8748828608627,1763.84024246483,0.4,0.8,-100.96535960396727,-0.4
Leicester City,Chelsea,0,3,A,2021-2022,1604.4304723266632,1723.8416051457045,0.4,0.8,-119.41113281904131,-0.4
Aston Villa,Brighton and Hove Albion,2,0,H,2021-2022,1515.7636357285157,1564.5226014790917,0.4,0.4,-48.75896575057595,0.0
Burnley,Crystal Palace,3,3,D,2021-2022,1490.8163272149473,1566.6571135630634,0.2,0.2,-75.84078634811613,0.0
Newcastle United,Brentford,3,3,D,2021-2022,1487.2343917716082,1490.3985695018514,0.0,0.4,-3.164177730243182,-0.4
Norwich City,Southampton,2,1,H,2021-2022,1342.857212448026,1536.5130960280346,0.0,0.2,-193.65588358000855,-0.2
Watford,Manchester United,4,1,H,2021-2022,1450.0751008763286,1685.627469406278,0.2,0.6,-235.55236852994926,-0.39999999999999997
Wolverhampton Wanderers,West Ham United,1,0,H,2021-2022,1548.174559232522,1682.1152102254541,0.4,0.8,-133.9406509929322,-0.4
Liverpool,Arsenal,4,0,H,2021-2022,1744.5999151002386,1667.292932957769,0.4,0.4,77.30698214246968,0.0
Manchester City,Everton,3,0,H,2021-2022,1792.1887663197629,1562.379714040187,0.6,0.2,229.80905227957578,0.39999999999999997
Tottenham Hotspur,Leeds,2,1,H,2021-2022,1607.4477550476752,1572.5865926794208,0.6,0.2,34.86116236825433,0.39999999999999997
Arsenal,Newcastle United,2,0,H,2021-2022,1655.5765318739163,1487.370996528757,0.8,0.0,168.20553534515943,0.8
Crystal Palace,Aston Villa,1,2,A,2021-2022,1563.4338373970552,1532.8550174320326,0.4,0.2,30.578819965022603,0.2
Liverpool,Southampton,4,0,H,2021-2022,1756.3163161840912,1513.9225604674043,0.4,0.2,242.39375571668688,0.2
Norwich City,Wolverhampton Wanderers,0,0,D,2021-2022,1365.4477480086564,1568.686832521381,0.2,0.6,-203.2390845127245,-0.39999999999999997
Brighton and Hove Albion,Leeds,0,0,D,2021-2022,1547.4312197755748,1559.0866393568306,0.2,0.2,-11.655419581255728,0.0
Brentford,Everton,1,0,H,2021-2022,1490.2619647447027,1556.0695640737288,0.0,0.2,-65.80759932902606,-0.2
Leicester City,Watford,4,2,H,2021-2022,1594.3920258842163,1473.92811355116,0.2,0.4,120.46391233305621,-0.2
Manchester City,West Ham United,2,1,H,2021-2022,1798.4989162862212,1661.6029369365951,0.6,0.6,136.89597934962603,0.0
Chelsea,Manchester United,1,1,D,2021-2022,1733.8800515881514,1661.7744567314464,0.6,0.6,72.10559485670501,0.0
Burnley,Tottenham Hotspur,1,0,H,2021-2022,1494.0396033809554,1620.9477083702654,0.2,0.2,-126.90810498931,0.0
Newcastle United,Norwich City,1,1,D,2021-2022,1479.114226054754,1373.3417634413795,0.0,0.2,105.7724626133745,-0.2
Leeds,Crystal Palace,1,0,H,2021-2022,1558.5836231275848,1547.117041947055,0.2,0.2,11.466581180529829,0.0
Watford,Chelsea,1,2,A,2021-2022,1463.9301057278853,1730.8109404794793,0.2,0.8,-266.88083475159397,-0.6000000000000001
West Ham United,Brighton and Hove Albion,1,1,D,2021-2022,1652.2252248122472,1547.9342360048206,0.4,0.2,104.29098880742663,0.2
Wolverhampton Wanderers,Burnley,0,0,D,2021-2022,1560.7928170886578,1514.287327896412,0.6,0.0,46.505489192245705,0.6
Southampton,Leicester City,2,2,D,2021-2022,1507.9658169591924,1604.390033707491,0.4,0.4,-96.4242167482987,0.0
Aston Villa,Manchester City,1,2,A,2021-2022,1549.1718128820328,1807.876628410569,0.4,0.8,-258.7048155285363,-0.4
Everton,Liverpool,1,4,A,2021-2022,1538.2619172676577,1762.2730596923031,0.4,0.6,-224.0111424246454,-0.19999999999999996
Tottenham Hotspur,Brentford,2,0,H,2021-2022,1600.6999838548088,1508.0696115507737,0.6,0.4,92.63037230403506,0.19999999999999996
Manchester United,Arsenal,3,2,H,2021-2022,1664.8435678401186,1663.8333023479192,0.2,0.4,1.0102654921993235,-0.2
West Ham United,Chelsea,3,2,H,2021-2022,1647.853152795212,1736.1231997280536,0.4,1.0,-88.27004693284152,-0.6
Newcastle United,Burnley,1,0,H,2021-2022,1474.683700467154,1516.2832254596835,0.0,0.0,-41.599524992529496,0.0
Southampton,Brighton and Hove Albion,1,1,D,2021-2022,1512.0250962398643,1552.3063080218558,0.4,0.0,-40.28121178199149,0.4
Wolverhampton Wanderers,Liverpool,0,1,A,2021-2022,1558.7969195253863,1768.7511233837222,0.6,0.6,-209.95420385833586,0.0
Watford,Manchester City,1,3,A,2021-2022,1458.617846479311,1813.397772455747,0.2,0.8,-354.77992597643583,-0.6000000000000001
Leeds,Brentford,2,2,D,2021-2022,1573.0887506867944,1496.9766488903178,0.4,0.4,76.11210179647651,0.0
Manchester United,Crystal Palace,1,0,H,2021-2022,1679.7999512956287,1532.6119143878454,0.2,0.2,147.18803690778327,0.0
Tottenham Hotspur,Norwich City,3,0,H,2021-2022,1611.7929465152647,1377.7722890289795,0.6,0.2,234.02065748628524,0.39999999999999997
Aston Villa,Leicester City,2,1,H,2021-2022,1543.650668836855,1600.330754426819,0.4,0.2,-56.680085589964165,0.2
Everton,Arsenal,2,1,H,2021-2022,1531.7838535762387,1648.876918892409,0.2,0.4,-117.0930653161704,-0.2
Brentford,Watford,2,1,H,2021-2022,1500.211095925194,1455.1727954707935,0.2,0.4,45.03830045440054,-0.2
Manchester City,Wolverhampton Wanderers,1,0,H,2021-2022,1816.8428234642645,1551.8984195053092,0.6,0.4,264.94440395895526,0.19999999999999996
Arsenal,Southampton,3,0,H,2021-2022,1629.0046906179566,1513.7564255142327,0.8,0.2,115.24826510372395,0.6000000000000001
Chelsea,Leeds,3,2,H,2021-2022,1717.3922073042652,1569.8543036519181,0.4,0.2,147.53790365234704,0.2
Liverpool,Aston Villa,1,0,H,2021-2022,1775.6496234037993,1561.076264543364,0.6,0.4,214.5733588604353,0.19999999999999996
Norwich City,Manchester United,0,1,A,2021-2022,1371.582095559086,1688.8000483868655,0.2,0.4,-317.2179528277795,-0.2
Burnley,West Ham United,0,0,D,2021-2022,1499.4957631320974,1666.5841452190004,0.4,0.6,-167.08838208690304,-0.19999999999999996
Leicester City,Newcastle United,4,0,H,2021-2022,1582.90515872031,1491.4711627947402,0.4,0.0,91.43399592556989,0.4
Crystal Palace,Everton,3,1,H,2021-2022,1523.6118172966087,1551.6560818506912,0.2,0.0,-28.044264554082474,0.2
Brighton and Hove Albion,Tottenham Hotspur,0,2,A,2021-2022,1550.5749787474874,1617.9831399851582,0.2,0.2,-67.40816123767081,0.0
Norwich City,Aston Villa,0,2,A,2021-2022,1367.4208223713185,1554.3180003759041,0.2,0.2,-186.8971780045856,0.0
Manchester City,Leeds,7,0,H,2021-2022,1822.2039883186164,1560.8668896936615,0.8,0.2,261.33709862495493,0.6000000000000001
Brighton and Hove Albion,Wolverhampton Wanderers,0,1,A,2021-2022,1538.4492484631373,1546.5372546509573,0.0,0.2,-8.088006187819929,-0.2
Crystal Palace,Southampton,2,2,D,2021-2022,1539.8199628228585,1503.5572880383775,0.4,0.2,36.26267478448108,0.2
Arsenal,West Ham United,2,0,H,2021-2022,1639.2038280938118,1659.8794553801833,0.8,0.4,-20.675627286371537,0.4
Chelsea,Everton,1,1,D,2021-2022,1726.3796212625218,1535.4479363244413,0.6,0.0,190.93168493808048,0.6
Liverpool,Newcastle United,3,1,H,2021-2022,1782.4078875712592,1480.3300096505263,0.6,0.0,302.0778779207328,0.6
Leicester City,Tottenham Hotspur,2,3,A,2021-2022,1594.046311864524,1630.1088702695083,0.6,0.4,-36.06255840498443,0.19999999999999996
Brentford,Manchester United,1,3,A,2021-2022,1513.2774551096495,1692.9613215746328,0.4,0.4,-179.68386646498334,0.0
Burnley,Watford,0,0,D,2021-2022,1506.2004529709145,1442.106436286338,0.4,0.2,64.09401668457645,0.2
Leeds,Arsenal,1,4,A,2021-2022,1555.4136823834947,1655.095414453815,0.4,0.2,-99.68173207032032,0.2
Newcastle United,Manchester City,0,4,A,2021-2022,1475.8464285618036,1827.6571956287833,0.2,0.8,-351.8107670669797,-0.6000000000000001
Wolverhampton Wanderers,Chelsea,0,0,D,2021-2022,1561.1881304178582,1718.8769281092477,0.6,0.8,-157.68879769138948,-0.20000000000000007
Tottenham Hotspur,Liverpool,2,2,D,2021-2022,1643.557491827534,1786.891468659982,0.8,0.8,-143.3339768324479,0.0
Southampton,Brentford,4,1,H,2021-2022,1505.1172132717186,1505.4101682072064,0.4,0.2,-0.2929549354878418,0.2
West Ham United,Norwich City,2,0,H,2021-2022,1643.9878690201801,1359.7921519719903,0.6,0.2,284.19571704818986,0.39999999999999997
Manchester United,Brighton and Hove Albion,2,0,H,2021-2022,1700.828608477076,1523.7983726962364,0.4,0.0,177.03023578083958,0.4
Watford,Crystal Palace,1,4,A,2021-2022,1444.8426283341512,1538.2600375895174,0.2,0.2,-93.41740925536624,0.0
Everton,Leicester City,1,1,D,2021-2022,1542.9506294777154,1580.5976903064982,0.2,0.2,-37.64706082878274,0.0
Manchester City,Leicester City,6,3,H,2021-2022,1831.1547112972426,1578.9786675213738,0.8,0.2,252.17604377586872,0.6000000000000001
Norwich City,Arsenal,0,5,A,2021-2022,1354.9016943006543,1665.9061301635672,0.2,0.4,-311.00443586291294,-0.2
Tottenham Hotspur,Crystal Palace,3,0,H,2021-2022,1649.4170064740888,1549.321345150456,0.6,0.4,100.09566132363284,0.19999999999999996
West Ham United,Southampton,2,3,A,2021-2022,1648.8783266915161,1520.1298611499844,0.8,0.2,128.7484655415317,0.6000000000000001
Aston Villa,Chelsea,1,3,A,2021-2022,1561.9466707752324,1712.500867250083,0.4,0.6,-150.55419647485064,-0.19999999999999996
Brighton and Hove Albion,Brentford,2,0,H,2021-2022,1515.8421029543329,1490.3975203289406,0.0,0.0,25.444582625392286,0.0
Newcastle United,Manchester United,1,1,D,2021-2022,1472.3489128933443,1708.7848782189794,0.2,0.6,-236.43596532563515,-0.39999999999999997
Liverpool,Leeds,6,0,H,2021-2022,1781.0319540134271,1544.6029666737425,0.8,0.2,236.42898733968468,0.6000000000000001
Wolverhampton Wanderers,Watford,4,0,H,2021-2022,1567.564191277023,1433.7813207732127,0.4,0.2,133.78287050381027,0.2
Burnley,Everton,3,2,H,2021-2022,1503.4642609231014,1544.5696522628398,0.4,0.0,-41.10539133973839,0.4
Crystal Palace,Norwich City,3,0,H,2021-2022,1538.5271007870597,1350.6105623798303,0.4,0.2,187.91653840722938,0.2
Southampton,Tottenham Hotspur,1,1,D,2021-2022,1540.447186015547,1660.211250837485,0.4,0.4,-119.76406482193806,0.0
Watford,West Ham United,1,4,A,2021-2022,1424.287701065954,1628.5610018259536,0.2,0.2,-204.27330075999953,0.0
Leicester City,Liverpool,1,0,H,2021-2022,1573.2861978349342,1787.1543147860928,0.4,0.6,-213.86811695115853,-0.19999999999999996
Chelsea,Brighton and Hove Albion,1,1,D,2021-2022,1721.3793624618875,1529.7455317749404,0.4,0.0,191.63383068694702,0.4
Brentford,Manchester City,0,1,A,2021-2022,1476.494091508333,1836.8471809836822,0.4,1.0,-360.3530894753492,-0.6
Manchester United,Burnley,3,1,H,2021-2022,1699.9070432561111,1520.2306891726014,0.6,0.0,179.67635408350975,0.6
Arsenal,Wolverhampton Wanderers,2,1,H,2021-2022,1670.1972620843912,1577.0578109842816,1.0,0.2,93.13945110010968,0.8
Leeds,Aston Villa,0,3,A,2021-2022,1538.4806059010768,1553.068175563428,0.2,0.4,-14.587569662351143,-0.2
Everton,Newcastle United,1,0,H,2021-2022,1527.8032240133398,1481.2267478562126,0.2,0.0,46.57647615712722,0.2
Arsenal,Manchester City,1,2,A,2021-2022,1681.2697450040425,1840.1956031046964,1.0,1.0,-158.92585810065384,0.0
Watford,Tottenham Hotspur,0,1,A,2021-2022,1417.2139502564767,1655.236131640207,0.2,0.4,-238.0221813837304,-0.2
Crystal Palace,West Ham United,2,3,A,2021-2022,1546.1224380724957,1635.634752635431,0.6,0.2,-89.51231456293522,0.39999999999999997
Brentford,Aston Villa,2,1,H,2021-2022,1473.1456693873188,1567.4387493745385,0.4,0.6,-94.2930799872197,-0.19999999999999996
Everton,Brighton and Hove Albion,2,3,A,2021-2022,1540.8043160395378,1537.2709320521235,0.4,0.0,3.533383987414254,0.4
Leeds,Burnley,3,1,H,2021-2022,1524.1100320899664,1512.3631512687352,0.2,0.0,11.746880821231116,0.2
Chelsea,Liverpool,2,2,D,2021-2022,1713.8539621847044,1763.9338583997237,0.2,0.4,-50.07989621501929,-0.2
Manchester United,Wolverhampton Wanderers,0,1,A,2021-2022,1707.7745811599773,1565.9853280646303,0.8,0.2,141.78925309534702,0.6000000000000001
Southampton,Newcastle United,1,2,A,2021-2022,1545.422305212825,1468.2256558300146,0.4,0.0,77.19664938281039,0.4
Leicester City,Norwich City,3,0,H,2021-2022,1596.5066542213033,1343.0152250943943,0.6,0.2,253.491429126909,0.39999999999999997
Brighton and Hove Albion,Crystal Palace,1,1,D,2021-2022,1552.4234752424652,1534.9037004114432,0.2,0.2,17.519774831022005,0.0
Manchester City,Chelsea,1,0,H,2021-2022,1848.7758504313774,1716.001234528761,1.0,0.6,132.77461590261646,0.4
Newcastle United,Watford,1,1,D,2021-2022,1486.5047192477755,1411.1361585290963,0.2,0.0,75.36856071867919,0.2
Norwich City,Everton,2,1,H,2021-2022,1337.3575977936152,1525.651772849196,0.2,0.0,-188.2941750555808,0.2
Wolverhampton Wanderers,Southampton,3,1,H,2021-2022,1586.7882304129494,1527.1432417950641,0.4,0.2,59.64498861788525,0.2
Aston Villa,Manchester United,2,2,D,2021-2022,1548.4648811749632,1686.9716788116582,0.4,0.4,-138.50679763669496,0.0
Liverpool,Brentford,3,0,H,2021-2022,1761.7865860556672,1492.119537586894,1.0,0.0,269.66704846877315,1.0
West Ham United,Leeds,2,3,A,2021-2022,1646.8534902964834,1538.6030716370226,0.6,0.0,108.25041865946082,0.6
Burnley,Leicester City,0,2,A,2021-2022,1497.870111721679,1602.1642815220823,0.4,0.0,-104.29416980040332,0.4
Tottenham Hotspur,Arsenal,3,0,H,2021-2022,1661.3139233675874,1672.6894976773615,0.8,0.4,-11.375574309774038,0.4
Watford,Norwich City,0,3,A,2021-2022,1414.339982817049,1359.7745847701303,0.0,0.0,54.565398046918745,0.0
Everton,Aston Villa,0,1,A,2021-2022,1503.234785872681,1554.1468392621452,0.4,0.6,-50.91205338946429,-0.19999999999999996
Brentford,Wolverhampton Wanderers,1,2,A,2021-2022,1486.8770303405195,1599.2381515561292,0.6,0.4,-112.36112121560973,0.19999999999999996
Leeds,Newcastle United,0,1,A,2021-2022,1558.131038892264,1483.3008949598227,0.4,0.2,74.83014393244139,0.2
Manchester United,West Ham United,1,0,H,2021-2022,1681.2897207244762,1627.325523041242,0.8,0.4,53.96419768323426,0.4
Southampton,Manchester City,1,1,D,2021-2022,1514.6933206518843,1858.3071741165381,0.2,1.0,-343.61385346465386,-0.8
Arsenal,Burnley,0,0,D,2021-2022,1657.1985500762821,1487.2423094055475,0.8,0.0,169.9562406707346,0.8
Crystal Palace,Liverpool,1,3,A,2021-2022,1535.6594494343997,1767.0290933020417,0.4,0.4,-231.36964386764203,0.0
Leicester City,Brighton and Hove Albion,1,1,D,2021-2022,1612.7920838382138,1551.6677262195087,0.8,0.2,61.12435761870506,0.6000000000000001
Chelsea,Tottenham Hotspur,2,0,H,2021-2022,1706.4699108436002,1676.8048709686668,0.2,0.6,29.665039874933427,-0.39999999999999997
Brighton and Hove Albion,Chelsea,1,1,D,2021-2022,1554.2797833884838,1720.192271374145,0.2,0.4,-165.9124879856613,-0.2
West Ham United,Watford,1,0,H,2021-2022,1614.6367883279345,1397.0033846487029,0.4,0.0,217.6334036792316,0.4
Newcastle United,Everton,3,1,H,2021-2022,1501.4825270493236,1490.4172369700746,0.2,0.0,11.065290079249053,0.2
Burnley,Manchester United,1,1,D,2021-2022,1494.0457110662564,1693.9784554377836,0.4,0.4,-199.93274437152718,0.0
Norwich City,Crystal Palace,1,1,D,2021-2022,1377.1111829384765,1529.3939466591546,0.2,0.2,-152.28276372067808,0.0
Tottenham Hotspur,Southampton,2,3,A,2021-2022,1663.082510438122,1526.0473557296827,0.8,0.2,137.03515470843922,0.6000000000000001
Manchester City,Brentford,2,0,H,2021-2022,1846.9531390387397,1476.5657176249565,1.0,0.0,370.38742141378316,1.0
Aston Villa,Leeds,3,3,D,2021-2022,1566.9643881647517,1539.9494068027632,0.4,0.2,27.014981361988475,0.2
Wolverhampton Wanderers,Arsenal,0,1,A,2021-2022,1609.5494642716922,1650.3951484155732,0.4,0.4,-40.845684143881044,0.0
Liverpool,Leicester City,2,0,H,2021-2022,1773.2945960772868,1610.1800266692387,1.0,0.2,163.11456940804806,0.8
Manchester United,Southampton,1,1,D,2021-2022,1686.1881678887833,1546.674807356533,0.8,0.4,139.51336053225032,0.4
Brentford,Crystal Palace,0,0,D,2021-2022,1473.385304544617,1523.210369194075,0.4,0.2,-49.825064649458,0.2
Everton,Leeds,3,0,H,2021-2022,1475.8948024868957,1541.1133924692563,0.4,0.2,-65.21858998236053,0.2
Watford,Brighton and Hove Albion,0,2,A,2021-2022,1390.3369026201328,1560.9437872544843,0.0,0.2,-170.60688463435145,-0.2
Norwich City,Manchester City,0,4,A,2021-2022,1383.2947604035562,1850.1335521190792,0.2,0.8,-466.83879171552303,-0.6000000000000001
Burnley,Liverpool,0,1,A,2021-2022,1501.8359986152568,1781.7278922215942,0.2,0.4,-279.89189360633736,-0.2
Newcastle United,Aston Villa,1,0,H,2021-2022,1516.0049615325024,1565.8004024982586,0.4,0.6,-49.79544096575614,-0.19999999999999996
Tottenham Hotspur,Wolverhampton Wanderers,0,2,A,2021-2022,1642.4550588112718,1596.3048345817522,0.6,0.6,46.15022422951961,0.0
Leicester City,West Ham United,2,2,D,2021-2022,1601.7467305249313,1621.3032703565045,0.6,0.4,-19.556539831573218,0.19999999999999996
Chelsea,Arsenal,2,4,A,2021-2022,1713.5282675081446,1663.6397781055132,0.4,0.6,49.88848940263142,-0.19999999999999996
West Ham United,Newcastle United,1,1,D,2021-2022,1620.459837241492,1533.1402032138217,0.6,0.4,87.31963402767042,0.19999999999999996
Arsenal,Brentford,2,1,H,2021-2022,1680.778955458168,1475.5217992519824,0.6,0.0,205.25715620618553,0.6
Aston Villa,Watford,0,1,A,2021-2022,1548.6651608169393,1382.1625971785554,0.2,0.0,166.5025636383839,0.2
Brighton and Hove Albion,Burnley,0,3,A,2021-2022,1569.1180926960617,1496.8432832915828,0.2,0.0,72.2748094044789,0.2
Crystal Palace,Chelsea,0,1,A,2021-2022,1521.0738744867094,1696.3890901554898,0.4,0.2,-175.3152156687804,0.2
Liverpool,Norwich City,3,1,H,2021-2022,1786.7206075452682,1381.3830244009023,1.0,0.2,405.3375831443659,0.8
Southampton,Everton,2,0,H,2021-2022,1552.3939458487587,1493.6779028756196,0.2,0.0,58.71604297313911,0.2
Manchester City,Tottenham Hotspur,2,3,A,2021-2022,1852.0452881217332,1625.4742297558828,1.0,0.6,226.57105836585038,0.4
Leeds,Manchester United,2,4,A,2021-2022,1523.3302920805324,1680.4690293965575,0.2,0.4,-157.13873731602507,-0.2
Wolverhampton Wanderers,Leicester City,2,1,H,2021-2022,1613.2856636371412,1602.5901636399437,0.4,0.2,10.69549999719743,0.2
Southampton,Norwich City,2,0,H,2021-2022,1564.8828312880387,1378.7309793461677,0.4,0.2,186.15185194187097,0.2
Leeds,Tottenham Hotspur,0,4,A,2021-2022,1514.6868827506974,1649.0707004105564,0.2,0.6,-134.383817659859,-0.39999999999999997
Brentford,Newcastle United,0,2,A,2021-2022,1468.4786186207887,1536.8326755078317,0.2,0.4,-68.35405688704304,-0.2
Crystal Palace,Burnley,1,1,D,2021-2022,1513.0597548520818,1514.9193934393534,0.2,0.2,-1.8596385872715473,0.0
Manchester United,Watford,0,0,D,2021-2022,1689.1124387263926,1403.8470330212529,0.6,0.2,285.26540570513976,0.39999999999999997
Brighton and Hove Albion,Aston Villa,0,2,A,2021-2022,1551.0419825482911,1526.9807249742419,0.2,0.6,24.06125757404925,-0.39999999999999997
Everton,Manchester City,0,1,A,2021-2022,1481.1890174363396,1828.4488174670596,0.4,0.8,-347.25980003072004,-0.4
West Ham United,Wolverhampton Wanderers,1,0,H,2021-2022,1616.767364947482,1627.8240475930877,0.4,0.8,-11.056682645605633,-0.4
Arsenal,Liverpool,0,2,A,2021-2022,1687.8221360893617,1789.3726526000028,0.6,0.4,-101.55051651064105,0.19999999999999996
Leicester City,Leeds,1,0,H,2021-2022,1588.0517796839972,1505.2156974954576,0.4,0.2,82.83608218853965,0.2
Aston Villa,Southampton,4,0,H,2021-2022,1543.0178754063693,1572.5359348007307,0.2,0.4,-29.518059394361444,-0.2
Burnley,Chelsea,0,4,A,2021-2022,1514.839107154381,1704.4032097901174,0.2,0.4,-189.5641026357364,-0.2
Newcastle United,Brighton and Hove Albion,2,1,H,2021-2022,1548.9190882551209,1535.0048321161637,0.4,0.4,13.914256138957171,0.0
Norwich City,Brentford,1,3,A,2021-2022,1371.0778758334757,1456.3922058734995,0.2,0.0,-85.31433004002383,0.2
Wolverhampton Wanderers,Crystal Palace,0,2,A,2021-2022,1612.3468533126604,1513.1400411370541,0.6,0.2,99.20681217560627,0.39999999999999997
Liverpool,West Ham United,1,0,H,2021-2022,1800.109091921487,1632.2445592279093,1.0,0.4,167.86453269357776,0.6
Watford,Arsenal,2,3,A,2021-2022,1413.981727697547,1677.0856967678774,0.0,0.8,-263.1039690703303,-0.8
Manchester City,Manchester United,4,1,H,2021-2022,1832.02809365465,1678.9777440500984,0.8,0.4,153.05034960455168,0.4
Tottenham Hotspur,Everton,5,0,H,2021-2022,1658.5418856657961,1477.609741248749,0.4,0.0,180.93214441704708,0.4
Brighton and Hove Albion,Liverpool,0,2,A,2021-2022,1520.6052378847576,1808.3776145633349,0.2,0.6,-287.7723766785773,-0.39999999999999997
Brentford,Burnley,2,0,H,2021-2022,1467.781178071671,1507.2974413492395,0.2,0.2,-39.51626327756844,0.0
Manchester United,Tottenham Hotspur,3,2,H,2021-2022,1670.1888040673884,1666.3675372215566,0.4,0.6,3.821266845831815,-0.19999999999999996
Chelsea,Newcastle United,1,0,H,2021-2022,1711.944875595259,1563.318682486527,0.2,0.6,148.62619310873197,-0.39999999999999997
Everton,Wolverhampton Wanderers,0,1,A,2021-2022,1469.7840896929886,1593.1764808538471,0.4,0.6,-123.39239116085855,-0.19999999999999996
Leeds,Norwich City,2,1,H,2021-2022,1493.7257597772748,1359.688903635304,0.2,0.2,134.0368561419707,0.0
Southampton,Watford,1,2,A,2021-2022,1556.2645951779489,1408.5737558241453,0.4,0.2,147.69083935380354,0.2
West Ham United,Aston Villa,2,1,H,2021-2022,1623.9760365860616,1559.2892150291511,0.4,0.6,64.68682155691044,-0.19999999999999996
Arsenal,Leicester City,2,0,H,2021-2022,1682.493668641279,1599.54171740218,0.4,0.2,82.95195123909912,0.2
Crystal Palace,Manchester City,0,0,D,2021-2022,1532.3104135958674,1840.81703363736,0.2,0.8,-308.5066200414926,-0.6000000000000001
Norwich City,Chelsea,1,3,A,2021-2022,1350.204769157333,1720.8929031113605,0.2,0.6,-370.68813395402753,-0.39999999999999997
Wolverhampton Wanderers,Leeds,2,3,A,2021-2022,1603.0624329579452,1503.209894255246,0.6,0.2,99.85253870269935,0.39999999999999997
Aston Villa,Arsenal,0,1,A,2021-2022,1547.0501411911578,1693.9788781845032,0.2,0.8,-146.9287369933454,-0.6000000000000001
Leicester City,Brentford,2,1,H,2021-2022,1588.056507858956,1484.479913607118,0.6,0.2,103.57659425183783,0.39999999999999997
Tottenham Hotspur,West Ham United,3,1,H,2021-2022,1651.5325079210354,1636.215110424055,0.6,0.4,15.317397496980448,0.19999999999999996
Liverpool,Manchester United,4,0,H,2021-2022,1813.184380546774,1685.0238333679097,1.0,0.2,128.16054717886436,0.8
Newcastle United,Crystal Palace,1,0,H,2021-2022,1554.3706549704254,1542.9661348945679,0.6,0.2,11.40452007585759,0.39999999999999997
Manchester City,Brighton and Hove Albion,3,0,H,2021-2022,1830.1613123386596,1515.7984719013184,0.8,0.4,314.3628404373412,0.4
Burnley,Southampton,2,0,H,2021-2022,1490.5987058137925,1535.2464682284144,0.2,0.4,-44.647762414621866,-0.2
Watford,Everton,0,0,D,2021-2022,1429.5918827736798,1459.8981375888904,0.0,0.0,-30.30625481521065,0.0
Liverpool,Watford,2,0,H,2021-2022,1822.8892618445261,1430.8970005246342,1.0,0.4,391.9922613198919,0.6
Brighton and Hove Albion,Norwich City,0,0,D,2021-2022,1511.5779428054984,1347.0292744945775,0.0,0.2,164.5486683109209,-0.2
Burnley,Manchester City,0,2,A,2021-2022,1507.5157635387773,1834.3818414344796,0.2,0.6,-326.86607789570235,-0.39999999999999997
Chelsea,Brentford,1,4,A,2021-2022,1724.068397774116,1473.8237461240726,0.4,0.2,250.24465165004335,0.2
Leeds,Southampton,1,1,D,2021-2022,1522.4059767266913,1518.3294105034297,0.4,0.2,4.07656622326158,0.2
Wolverhampton Wanderers,Aston Villa,2,1,H,2021-2022,1583.8663504864999,1538.0406375387508,0.4,0.4,45.825712947749025,0.0
Manchester United,Leicester City,1,1,D,2021-2022,1675.3189520701576,1598.7126753420014,0.4,0.2,76.60627672815622,0.2
West Ham United,Everton,2,1,H,2021-2022,1621.8759875138903,1458.593019837936,0.6,0.0,163.2829676759543,0.6
Tottenham Hotspur,Newcastle United,5,1,H,2021-2022,1665.8716308312,1568.8784590222951,0.6,0.6,96.99317180890489,0.0
Crystal Palace,Arsenal,3,0,H,2021-2022,1528.4583308426982,1702.98838183691,0.0,0.8,-174.53005099421193,-0.8
Newcastle United,Wolverhampton Wanderers,1,0,H,2021-2022,1557.9604930496762,1596.899289083926,0.8,0.8,-38.93879603424989,0.0
Everton,Manchester United,1,0,H,2021-2022,1450.165599412561,1672.064168047691,0.2,0.2,-221.89856863513,0.0
Arsenal,Brighton and Hove Albion,1,2,A,2021-2022,1681.0290751371535,1504.9612805932425,0.4,0.4,176.06779454391108,0.0
Southampton,Chelsea,0,6,A,2021-2022,1518.505401938792,1699.8123242402285,0.4,0.6,-181.30692230143654,-0.19999999999999996
Watford,Leeds,0,3,A,2021-2022,1428.0532639746307,1522.229985291329,0.0,0.4,-94.17672131669838,-0.4
Aston Villa,Tottenham Hotspur,0,4,A,2021-2022,1525.0076989413246,1676.789596803819,0.2,0.6,-151.78189786249436,-0.39999999999999997
Brentford,West Ham United,2,0,H,2021-2022,1498.0798196579601,1630.3034079392653,0.4,0.2,-132.22358828130518,0.2
Leicester City,Crystal Palace,2,1,H,2021-2022,1601.967459364468,1550.4176375424547,0.6,0.2,51.5498218220132,0.39999999999999997
Norwich City,Burnley,2,0,H,2021-2022,1353.6459367068335,1503.5495812973973,0.2,0.2,-149.90364459056377,0.0
Manchester City,Liverpool,2,2,D,2021-2022,1838.3480236758596,1825.7329983945297,0.8,0.8,12.615025281329963,0.0
Tottenham Hotspur,Brighton and Hove Albion,0,1,A,2021-2022,1685.6239793019845,1526.9725793212522,0.6,0.4,158.65139998073232,0.19999999999999996
Manchester United,Norwich City,3,2,H,2021-2022,1648.6042132427795,1374.744014742787,0.4,0.2,273.8601984999925,0.2
Southampton,Arsenal,1,0,H,2021-2022,1510.692222942867,1659.0177764091438,0.4,0.8,-148.32555346627692,-0.4
Watford,Brentford,1,2,A,2021-2022,1417.0224607342568,1518.527856356803,0.0,0.4,-101.5053956225463,-0.4
Newcastle United,Leicester City,2,1,H,2021-2022,1574.6346124613729,1614.7580637069625,1.0,0.2,-40.12345124558965,0.8
West Ham United,Burnley,1,1,D,2021-2022,1609.8553712404223,1482.4515032614438,0.8,0.2,127.4038679789785,0.6000000000000001
Aston Villa,Liverpool,1,2,A,2021-2022,1516.1733164431591,1826.277393604529,0.2,0.8,-310.1040771613698,-0.6000000000000001
Leeds,Chelsea,0,3,A,2021-2022,1533.260788531703,1707.6255032361535,0.2,0.8,-174.36471470445053,-0.6000000000000001
Wolverhampton Wanderers,Manchester City,1,5,A,2021-2022,1580.2251696722294,1837.8036284658604,0.4,0.6,-257.57845879363094,-0.19999999999999996
Arsenal,Manchester United,3,1,H,2021-2022,1637.9766744956585,1653.743110080893,0.4,0.2,-15.766435585234603,0.2
Leicester City,Aston Villa,0,0,D,2021-2022,1598.033455115607,1511.8630900313265,0.6,0.4,86.17036508428055,0.19999999999999996
Manchester City,Watford,5,1,H,2021-2022,1843.354042307333,1406.2842307040455,0.6,0.4,437.06981160328746,0.19999999999999996
Norwich City,Newcastle United,0,3,A,2021-2022,1369.6051179046733,1591.3592210527283,0.2,0.4,-221.75410314805504,-0.2
Brentford,Tottenham Hotspur,0,0,D,2021-2022,1529.2660863870144,1664.2139087729236,0.4,0.6,-134.94782238590915,-0.19999999999999996
Brighton and Hove Albion,Southampton,2,2,D,2021-2022,1548.382649850313,1531.7333248563523,0.0,0.2,16.649324993960818,-0.2
Burnley,Wolverhampton Wanderers,1,0,H,2021-2022,1487.7180025062953,1574.6747558307568,0.2,0.6,-86.95675332446149,-0.39999999999999997
Chelsea,West Ham United,1,0,H,2021-2022,1715.671799407287,1604.5888719955708,0.4,0.0,111.08292741171613,0.4
Liverpool,Everton,2,0,H,2021-2022,1830.5876200163616,1473.6255542174727,1.0,0.0,356.96206579888894,1.0
Crystal Palace,Leeds,0,0,D,2021-2022,1537.6270331999601,1525.2144923605695,0.2,0.4,12.412540839390658,-0.2
Manchester United,Chelsea,1,1,D,2021-2022,1638.0628852030416,1726.0329614862503,0.4,1.0,-87.97007628320875,-0.6
Newcastle United,Liverpool,0,1,A,2021-2022,1597.903520353787,1833.9945507239952,1.0,0.8,-236.09103037020827,0.19999999999999996
Aston Villa,Norwich City,2,0,H,2021-2022,1515.5089132848263,1363.0608186036147,0.2,0.0,152.44809468121161,0.2
Southampton,Crystal Palace,1,2,A,2021-2022,1532.451584281859,1537.0913686149627,0.6,0.2,-4.639784333103762,0.39999999999999997
Watford,Burnley,1,2,A,2021-2022,1404.041857938158,1506.395753565485,0.0,0.2,-102.35389562732689,-0.2
Wolverhampton Wanderers,Brighton and Hove Albion,0,3,A,2021-2022,1555.9970047715672,1547.6643904248065,0.4,0.6,8.332614346760693,-0.19999999999999996
Leeds,Manchester City,0,4,A,2021-2022,1525.750156945567,1845.5964150732207,0.2,0.8,-319.84625812765375,-0.6000000000000001
Everton,Chelsea,1,0,H,2021-2022,1470.218623509839,1722.31412120439,0.4,0.8,-252.0954976945509,-0.4
Tottenham Hotspur,Leicester City,3,1,H,2021-2022,1658.66406470801,1594.3876318621071,0.6,0.0,64.27643284590295,0.6
West Ham United,Arsenal,1,2,A,2021-2022,1594.2277099166074,1653.65689937351,0.6,0.6,-59.42918945690258,0.0
Manchester United,Brentford,3,0,H,2021-2022,1641.781725484902,1534.815930451928,0.4,0.6,106.96579503297403,-0.19999999999999996
Brentford,Southampton,3,0,H,2021-2022,1524.2934337393417,1517.6518879666648,0.4,0.0,6.641545772676864,0.4
Burnley,Aston Villa,1,3,A,2021-2022,1517.1003314247891,1524.319412091681,0.4,0.2,-7.219080666891841,0.2
Chelsea,Wolverhampton Wanderers,2,2,D,2021-2022,1698.0087297534565,1540.6373258509468,0.6,0.4,157.37140390250966,0.19999999999999996
Crystal Palace,Watford,1,0,H,2021-2022,1551.8910649301567,1393.3372800788538,0.2,0.4,158.5537848513029,-0.2
Brighton and Hove Albion,Manchester United,4,0,H,2021-2022,1563.0240693454268,1652.3042221974881,0.0,0.2,-89.28015285206129,-0.2
Liverpool,Tottenham Hotspur,1,1,D,2021-2022,1840.126396906713,1670.9202599053056,1.0,0.6,169.20613700140734,0.4
Arsenal,Leeds,2,1,H,2021-2022,1666.1158689975616,1521.6428139366255,0.6,0.4,144.47305506093608,0.19999999999999996
Leicester City,Everton,1,2,A,2021-2022,1582.1314366648116,1494.5240149607725,0.6,0.0,87.6074217040391,0.6
Norwich City,West Ham United,0,4,A,2021-2022,1354.25031979676,1581.7687402925558,0.2,0.0,-227.51842049579568,0.2
Manchester City,Newcastle United,5,0,H,2021-2022,1849.703758082162,1591.7716741710692,0.6,0.4,257.93208391109283,0.19999999999999996
Tottenham Hotspur,Burnley,1,0,H,2021-2022,1677.6979138656752,1502.411959345563,0.8,0.2,175.28595452011223,0.6000000000000001
Aston Villa,Crystal Palace,1,1,D,2021-2022,1539.0077841709071,1560.4844395770556,0.4,0.4,-21.47665540614844,0.0
Leeds,Brighton and Hove Albion,1,1,D,2021-2022,1512.5439487721826,1581.7959438178398,0.2,0.6,-69.25199504565717,-0.39999999999999997
Watford,Leicester City,1,5,A,2021-2022,1384.743905431955,1563.4272948668024,0.0,0.0,-178.6833894348474,0.0
West Ham United,Manchester City,2,2,D,2021-2022,1588.1448452016962,1855.2449696340216,0.6,0.8,-267.1001244323254,-0.20000000000000007
Wolverhampton Wanderers,Norwich City,1,1,D,2021-2022,1547.0021552871617,1347.8742148876197,0.2,0.0,199.127940399542,0.2
Everton,Brentford,2,3,A,2021-2022,1513.2281567587818,1539.0067300802525,0.6,0.6,-25.77857332147073,0.0
Newcastle United,Arsenal,2,0,H,2021-2022,1586.2304626192097,1675.2147341620046,0.8,0.6,-88.98427154279489,0.20000000000000007
Southampton,Liverpool,1,2,A,2021-2022,1502.938591625754,1833.3487429463432,0.4,0.8,-330.4101513205892,-0.4
Everton,Crystal Palace,3,2,H,2021-2022,1499.3390694009727,1559.5583970185764,0.4,0.4,-60.21932761760377,0.0
Aston Villa,Burnley,1,1,D,2021-2022,1539.9338267293863,1494.3968503778594,0.2,0.2,45.536976351526846,0.0
Chelsea,Leicester City,1,1,D,2021-2022,1691.6439003172416,1571.3280548040557,0.4,0.2,120.31584551318588,0.2
Arsenal,Everton,5,1,H,2021-2022,1656.4548287423786,1516.913221023767,0.6,0.2,139.54160771861166,0.39999999999999997
Brentford,Leeds,1,2,A,2021-2022,1552.8958174380616,1515.494821692593,0.6,0.4,37.40099574546866,0.19999999999999996
Brighton and Hove Albion,West Ham United,3,1,H,2021-2022,1578.8450708974294,1597.8381021046878,0.2,0.2,-18.993031207258355,0.0
Burnley,Newcastle United,1,2,A,2021-2022,1496.3516590610109,1604.9903680388356,0.4,0.4,-108.63870897782476,0.0
Chelsea,Watford,2,1,H,2021-2022,1686.6475906558198,1376.8431454947017,0.4,0.2,309.8044451611181,0.2
Crystal Palace,Manchester United,1,0,H,2021-2022,1541.9842453957822,1633.5323477250752,0.4,0.0,-91.54810232929299,0.4
Leicester City,Southampton,4,1,H,2021-2022,1576.3243644654774,1499.0421019049838,0.6,0.0,77.28226256049356,0.6
Liverpool,Wolverhampton Wanderers,3,1,H,2021-2022,1837.2452326671134,1539.2372724521802,0.8,0.2,298.0079602149333,0.6000000000000001
Manchester City,Aston Villa,3,2,H,2021-2022,1845.55171273103,1537.9790180462348,0.8,0.4,307.5726946847951,0.4
Norwich City,Tottenham Hotspur,0,5,A,2021-2022,1355.6390977226013,1685.7130228333788,0.2,0.4,-330.0739251107775,-0.2
Crystal Palace,Arsenal,0,2,A,2022-2023,1560.8476922007217,1665.7346480379351,0.6,0.4,-104.88695583721346,0.19999999999999996
Fulham,Liverpool,2,2,D,2022-2023,1417.6437621191876,1841.8188933182134,0.0,0.8,-424.1751311990258,-0.8
AFC Bournemouth,Aston Villa,2,0,H,2022-2023,1452.3904513831849,1533.6147279406214,0.2,0.2,-81.2242765574365,0.0
Leeds,Wolverhampton Wanderers,2,1,H,2022-2023,1532.1033439560338,1534.6636118010802,0.2,0.2,-2.5602678450463827,0.0
Newcastle United,Nottingham Forest,2,0,H,2022-2023,1615.4471696451924,1500.0,0.8,0.0,115.44716964519239,0.8
Tottenham Hotspur,Southampton,4,1,H,2022-2023,1689.6160792898797,1487.3246847169362,0.8,0.0,202.29139457294355,0.8
Everton,Chelsea,0,1,A,2022-2023,1507.6334017282104,1690.9641872210054,0.6,0.6,-183.33078549279503,0.0
Leicester City,Brentford,2,2,D,2022-2023,1588.041781653525,1536.2872951746208,0.6,0.6,51.754486478904255,0.0
Manchester United,Brighton and Hove Albion,1,2,A,2022-2023,1614.6689009201357,1594.6642501183103,0.6,0.6,20.00465080182539,0.0
West Ham United,Manchester City,0,2,A,2022-2023,1582.018922883807,1849.9160028366434,0.4,0.6,-267.8970799528365,-0.19999999999999996
Aston Villa,Everton,2,1,H,2022-2023,1515.170513458053,1499.8873537363065,0.2,0.2,15.283159721746415,0.0
Arsenal,Leicester City,4,2,H,2022-2023,1676.3390437494734,1585.8237423644289,0.8,0.2,90.5153013850445,0.6000000000000001
Brighton and Hove Albion,Newcastle United,0,0,D,2022-2023,1610.5269671622875,1625.6386008003196,0.4,0.4,-15.111633638032117,0.0
Manchester City,AFC Bournemouth,4,0,H,2022-2023,1855.202736678485,1470.8346658657533,0.8,0.2,384.36807081273173,0.6000000000000001
Southampton,Leeds,2,2,D,2022-2023,1480.1890743735275,1547.2138776035429,0.2,0.6,-67.02480323001532,-0.39999999999999997
Wolverhampton Wanderers,Fulham,0,0,D,2022-2023,1519.553078153571,1430.2424398558687,0.2,0.0,89.31063829770233,0.2
Brentford,Manchester United,4,0,H,2022-2023,1538.505334463717,1598.8061838761585,0.6,0.0,-60.300849412441494,0.6
Nottingham Forest,West Ham United,1,0,H,2022-2023,1489.8085688448728,1576.7321890419653,0.0,0.2,-86.92362019709253,-0.2
Chelsea,Tottenham Hotspur,2,2,D,2022-2023,1698.7102352129093,1696.7516896332884,0.4,0.4,1.9585455796209317,0.0
Liverpool,Crystal Palace,1,1,D,2022-2023,1829.2202155815323,1550.2432964891834,0.8,0.2,278.9769190923489,0.6000000000000001
Tottenham Hotspur,Wolverhampton Wanderers,1,0,H,2022-2023,1696.8362459474217,1515.7799707685094,0.8,0.0,181.0562751789123,0.8
Crystal Palace,Aston Villa,3,1,H,2022-2023,1560.2286223211017,1529.5111116688613,0.6,0.2,30.717510652240435,0.39999999999999997
Everton,Nottingham Forest,1,1,D,2022-2023,1485.5467555254982,1508.4849753932217,0.6,0.0,-22.938219867723546,0.6
Fulham,Brentford,3,2,H,2022-2023,1434.0155472409303,1556.0829018760126,0.0,0.6,-122.06735463508221,-0.6
Leicester City,Southampton,1,2,A,2022-2023,1574.6455258106485,1483.0473975351315,0.4,0.0,91.59812827551696,0.4
AFC Bournemouth,Arsenal,0,3,A,2022-2023,1467.8759262111298,1687.5172603032538,0.4,0.4,-219.641334092124,0.0
Leeds,Chelsea,3,0,H,2022-2023,1544.355554441939,1698.625678898776,0.2,0.6,-154.27012445683704,-0.39999999999999997
West Ham United,Brighton and Hove Albion,0,2,A,2022-2023,1558.0557824936163,1611.1789777261868,0.2,0.8,-53.123195232570424,-0.6000000000000001
Newcastle United,Manchester City,3,3,D,2022-2023,1624.9865902364204,1858.1614763331086,0.8,0.8,-233.17488609668817,0.0
Manchester United,Liverpool,2,1,H,2022-2023,1581.2286164638629,1819.234889749614,0.4,0.6,-238.00627328575115,-0.19999999999999996
Southampton,Manchester United,0,1,A,2022-2023,1501.9128607809507,1605.1503809116393,0.2,0.0,-103.23752013068861,0.2
Brentford,Everton,1,1,D,2022-2023,1536.0194764377452,1486.5356417029404,0.6,0.2,49.48383473480476,0.39999999999999997
Brighton and Hove Albion,Leeds,1,0,H,2022-2023,1623.9031725428126,1565.6101837334159,0.4,0.4,58.292988809396775,0.0
Chelsea,Leicester City,2,1,H,2022-2023,1677.371049607299,1555.7800625648292,0.4,0.2,121.5909870424698,0.2
Liverpool,AFC Bournemouth,9,0,H,2022-2023,1795.3131253018375,1461.2691838804676,0.6,0.2,334.04394142136994,0.39999999999999997
Manchester City,Crystal Palace,4,2,H,2022-2023,1849.3756232506405,1573.9058854656623,0.8,0.2,275.4697377849782,0.6000000000000001
Arsenal,Fulham,2,1,H,2022-2023,1694.124002633916,1454.0789726791977,0.8,0.0,240.0450299547183,0.8
Aston Villa,West Ham United,0,1,A,2022-2023,1515.8338485243007,1545.3315876769905,0.4,0.2,-29.497739152689746,0.2
Wolverhampton Wanderers,Newcastle United,1,1,D,2022-2023,1507.9584516951493,1633.7724433188885,0.2,0.4,-125.81399162373918,-0.2
Nottingham Forest,Tottenham Hotspur,0,2,A,2022-2023,1507.4960892157794,1704.6577650207819,1.0,0.4,-197.16167580500246,0.6
Fulham,Brighton and Hove Albion,2,1,H,2022-2023,1448.0574200802366,1636.409814434841,0.2,0.8,-188.35239435460448,-0.6000000000000001
Crystal Palace,Brentford,1,1,D,2022-2023,1568.806325749203,1533.8974169527505,0.6,0.4,34.90890879645258,0.19999999999999996
Southampton,Chelsea,2,1,H,2022-2023,1491.2432781560938,1687.3258555349564,0.2,0.4,-196.08257737886265,-0.2
Leeds,Everton,1,1,D,2022-2023,1553.1035418413874,1488.6577011879351,0.4,0.2,64.44584065345225,0.2
AFC Bournemouth,Wolverhampton Wanderers,0,0,D,2022-2023,1457.443066443361,1513.164675432081,0.4,0.0,-55.721608988719936,0.4
Arsenal,Aston Villa,2,1,H,2022-2023,1700.145555232877,1502.104317149529,1.0,0.2,198.04123808334816,0.8
Manchester City,Nottingham Forest,6,0,H,2022-2023,1854.4751829670997,1500.1986478203096,1.0,0.0,354.27653514679014,1.0
West Ham United,Tottenham Hotspur,1,1,D,2022-2023,1559.0611190517623,1711.9552064162517,0.0,0.4,-152.89408736448945,-0.4
Liverpool,Newcastle United,2,1,H,2022-2023,1799.1392427389442,1628.5662195819568,0.6,0.4,170.57302315698735,0.19999999999999996
Leicester City,Manchester United,0,1,A,2022-2023,1545.8252566371718,1615.8199635364963,0.2,0.2,-69.99470689932446,0.0
Everton,Liverpool,0,0,D,2022-2023,1491.4085745598886,1807.3147074343515,0.4,0.6,-315.90613287446286,-0.19999999999999996
Brentford,Leeds,5,2,H,2022-2023,1535.3995043660377,1550.3526684694339,0.4,0.2,-14.953164103396148,0.2
Chelsea,West Ham United,2,1,H,2022-2023,1664.6576553144066,1565.2665883429281,0.4,0.4,99.3910669714785,0.0
Newcastle United,Crystal Palace,0,0,D,2022-2023,1620.3907548865495,1567.304238335916,0.6,0.2,53.08651655063363,0.39999999999999997
Nottingham Forest,AFC Bournemouth,2,3,A,2022-2023,1496.7447504324548,1459.8283455691692,0.5,0.2,36.91640486328561,0.3
Tottenham Hotspur,Fulham,2,1,H,2022-2023,1705.7497371250859,1470.476305879689,0.8,0.0,235.27343124539675,0.8
Wolverhampton Wanderers,Southampton,1,0,H,2022-2023,1510.7793963062727,1513.9114783766436,0.0,0.2,-3.1320820703708705,-0.2
Aston Villa,Manchester City,1,1,D,2022-2023,1494.8347999917669,1857.9290803549545,0.4,0.6,-363.09428036318764,-0.19999999999999996
Brighton and Hove Albion,Leicester City,5,2,H,2022-2023,1613.9909286353886,1533.8069410471767,0.6,0.2,80.18398758821195,0.39999999999999997
Manchester United,Arsenal,3,1,H,2022-2023,1627.8382791264914,1707.4150723906391,0.6,0.6,-79.57679326414768,0.0
Fulham,Chelsea,2,1,H,2022-2023,1464.3214670604027,1675.4799439171618,0.4,0.2,-211.15847685675908,0.2
Crystal Palace,Manchester United,1,1,D,2022-2023,1569.5784964002685,1646.2150431430703,0.6,0.4,-76.63654674280178,0.19999999999999996
Manchester City,Tottenham Hotspur,4,2,H,2022-2023,1846.230850030168,1711.9045759443723,1.0,0.4,134.32627408579583,0.6
Arsenal,Everton,4,0,H,2022-2023,1689.0383083740603,1502.2201625849711,1.0,0.2,186.81814578908916,0.8
Liverpool,Wolverhampton Wanderers,2,0,H,2022-2023,1796.503119409269,1525.9146154961597,0.6,0.0,270.5885039131092,0.6
Southampton,Brentford,0,2,A,2022-2023,1498.7762591867565,1551.0446860419975,0.2,0.2,-52.26842685524093,0.0
AFC Bournemouth,Brighton and Hove Albion,0,2,A,2022-2023,1476.4161838646125,1625.589288251055,0.4,0.6,-149.17310438644245,-0.19999999999999996
Leeds,Nottingham Forest,2,1,H,2022-2023,1534.7074867934741,1480.1569121370114,0.4,0.0,54.550574656462686,0.4
Leicester City,Aston Villa,1,2,A,2022-2023,1522.2085814315103,1506.5330303165533,0.2,0.2,15.675551114956988,0.0
West Ham United,Newcastle United,1,5,A,2022-2023,1554.444299740173,1618.116496822197,0.0,0.2,-63.67219708202401,-0.2
Aston Villa,Southampton,1,0,H,2022-2023,1522.2093394192227,1486.0159971427213,0.2,0.2,36.193342276501426,0.0
Nottingham Forest,Fulham,2,3,A,2022-2023,1467.492885853232,1487.4597240548828,0.3333333333333333,0.0,-19.966838201650717,0.3333333333333333
Wolverhampton Wanderers,Manchester City,0,3,A,2022-2023,1520.6950171823707,1855.7041822554845,0.2,0.4,-335.00916507311376,-0.2
Newcastle United,AFC Bournemouth,1,1,D,2022-2023,1630.3979141072648,1467.4879121808112,0.4,0.4,162.91000192645356,0.0
Tottenham Hotspur,Leicester City,6,2,H,2022-2023,1702.4312437190558,1506.532272328841,1.0,0.2,195.8989713902149,0.8
Brentford,Arsenal,0,3,A,2022-2023,1563.8049480860327,1696.6695671519255,0.6,0.6,-132.86461906589284,0.0
Everton,West Ham United,1,0,H,2022-2023,1494.588903807106,1542.162882455105,0.2,0.4,-47.57397864799918,-0.2
Manchester United,Leeds,2,2,D,2022-2023,1642.959013813204,1547.3715130772534,0.6,0.2,95.58750073595047,0.39999999999999997
Brighton and Hove Albion,Crystal Palace,1,0,H,2022-2023,1634.5175599348563,1572.8345257301348,0.8,0.0,61.68303420472148,0.8
Chelsea,Liverpool,0,0,D,2022-2023,1652.3416869226817,1801.722717723058,0.6,0.4,-149.38103080037627,0.19999999999999996
Arsenal,Tottenham Hotspur,3,1,H,2022-2023,1706.1975218901644,1709.768900377134,1.0,0.4,-3.5713784869697065,0.6
AFC Bournemouth,Brentford,0,0,D,2022-2023,1474.0474749535806,1554.276993347794,0.2,0.4,-80.2295183942133,-0.2
Crystal Palace,Chelsea,1,2,A,2022-2023,1560.4699649298477,1658.4209194737166,0.4,0.2,-97.95095454386887,0.2
Fulham,Newcastle United,1,4,A,2022-2023,1501.598634122088,1623.8383513344954,0.6,0.4,-122.23971721240741,0.19999999999999996
Liverpool,Brighton and Hove Albion,3,3,D,2022-2023,1795.643485172023,1646.8821207351434,0.8,0.6,148.7613644368796,0.20000000000000007
Southampton,Everton,1,2,A,2022-2023,1472.572961362365,1511.630096355528,0.2,0.0,-39.05713499316289,0.2
West Ham United,Wolverhampton Wanderers,2,0,H,2022-2023,1525.121689906683,1516.8874090404859,0.0,0.0,8.234280866197196,0.0
Manchester City,Manchester United,6,3,H,2022-2023,1859.5117903973694,1638.933234718634,1.0,0.4,220.57855567873548,0.6
Leeds,Aston Villa,0,0,D,2022-2023,1551.3972921718234,1535.652375199579,0.6,0.2,15.744916972244482,0.39999999999999997
Leicester City,Nottingham Forest,4,0,H,2022-2023,1499.1946156707627,1453.353975786027,0.2,0.0,45.840639884735765,0.2
AFC Bournemouth,Leicester City,2,1,H,2022-2023,1477.4509799134494,1512.226920906667,0.2,0.0,-34.775940993217546,0.2
Chelsea,Wolverhampton Wanderers,3,0,H,2022-2023,1669.3006257900995,1502.2428449757915,0.6,0.0,167.057780814308,0.6
Manchester City,Southampton,4,0,H,2022-2023,1866.09078044518,1459.2521260449093,1.0,0.2,406.83865440027057,0.8
Newcastle United,Brentford,5,1,H,2022-2023,1633.7683334523417,1550.8734883879251,0.4,0.2,82.89484506441659,0.2
Brighton and Hove Albion,Tottenham Hotspur,0,1,A,2022-2023,1652.9389782907224,1694.6147170038623,0.8,0.2,-41.675738713139935,0.6000000000000001
Crystal Palace,Leeds,2,1,H,2022-2023,1549.5902586134648,1550.7179944192483,0.2,0.2,-1.127735805783459,0.0
West Ham United,Fulham,3,1,H,2022-2023,1539.7662539713774,1491.6686520042417,0.2,0.2,48.09760196713569,0.0
Arsenal,Liverpool,3,2,H,2022-2023,1721.351705263436,1789.586627616444,1.0,0.2,-68.23492235300796,0.8
Everton,Manchester United,1,2,A,2022-2023,1524.9509316729836,1632.3542446708234,0.4,0.4,-107.40331299783975,0.0
Nottingham Forest,Aston Villa,1,1,D,2022-2023,1440.3216705501227,1536.3316729521541,0.25,0.2,-96.01000240203143,0.04999999999999999
Brentford,Brighton and Hove Albion,2,0,H,2022-2023,1539.385948651347,1639.7296842201379,0.4,0.6,-100.34373556879086,-0.19999999999999996
Leicester City,Crystal Palace,0,0,D,2022-2023,1495.7305168257403,1564.6389467110118,0.2,0.0,-68.90842988527152,0.2
Fulham,AFC Bournemouth,2,2,D,2022-2023,1478.7320280009108,1493.947383994376,0.6,0.4,-15.21535599346521,0.19999999999999996
Wolverhampton Wanderers,Nottingham Forest,1,0,H,2022-2023,1493.946477565713,1444.364371075565,0.2,0.0,49.58210649014791,0.2
Tottenham Hotspur,Everton,2,0,H,2022-2023,1707.8240110744468,1514.4456345850788,1.0,0.2,193.37837648936807,0.8
Aston Villa,Chelsea,0,2,A,2022-2023,1532.2889724267118,1677.596993200178,0.4,0.4,-145.3080207734663,0.0
Leeds,Arsenal,0,1,A,2022-2023,1535.6693063217012,1739.2603427918687,0.6,0.6,-203.5910364701674,0.0
Manchester United,Newcastle United,0,0,D,2022-2023,1642.8595417587283,1645.2558731889198,0.6,0.4,-2.3963314301915943,0.19999999999999996
Southampton,West Ham United,1,1,D,2022-2023,1456.620896974679,1552.7028779747084,0.2,0.2,-96.08198100002937,0.0
Liverpool,Manchester City,1,0,H,2022-2023,1771.6779900880115,1868.7220095154103,0.6,0.4,-97.04401942739878,0.19999999999999996
Brighton and Hove Albion,Nottingham Forest,0,0,D,2022-2023,1620.5140623190011,1431.4905882130133,0.6,0.0,189.02347410598782,0.6
Crystal Palace,Wolverhampton Wanderers,2,1,H,2022-2023,1561.7023354174332,1506.8202604282646,0.4,0.0,54.882074989168586,0.4
AFC Bournemouth,Southampton,0,1,A,2022-2023,1493.2909038954476,1460.6664791793785,0.2,0.2,32.62442471606914,0.0
Brentford,Chelsea,0,0,D,2022-2023,1558.6015705524837,1686.6654180641085,0.6,0.4,-128.06384751162477,0.19999999999999996
Newcastle United,Everton,1,0,H,2022-2023,1645.1524168851379,1507.0272535854126,0.4,0.2,138.12516329972527,0.2
Liverpool,West Ham United,1,0,H,2022-2023,1790.7620567258823,1548.657295770009,0.8,0.2,242.10476095587342,0.6000000000000001
Manchester United,Tottenham Hotspur,2,0,H,2022-2023,1642.9629980625102,1715.242392074113,0.4,0.4,-72.27939401160279,0.0
Fulham,Aston Villa,3,0,H,2022-2023,1479.388508099839,1523.2205475627813,0.6,0.2,-43.83203946294225,0.39999999999999997
Leicester City,Leeds,2,0,H,2022-2023,1498.667128119319,1528.574302515595,0.2,0.0,-29.907174396276105,0.2
Arsenal,Manchester City,1,3,A,2022-2023,1746.3553465979749,1849.6379428775394,1.0,0.4,-103.28259627956459,0.6
Nottingham Forest,Liverpool,1,0,H,2022-2023,1438.9313385557957,1796.7267461569452,0.2,0.0,-357.79540760114946,0.2
Everton,Crystal Palace,3,0,H,2022-2023,1497.6950934909873,1574.3523988601014,0.2,0.0,-76.65730536911406,0.2
Manchester City,Brighton and Hove Albion,3,1,H,2022-2023,1860.3057416716683,1613.0733119762187,1.0,0.4,247.23242969544958,0.6
Chelsea,Manchester United,1,1,D,2022-2023,1681.3739543326162,1661.0392978190098,0.6,0.6,20.334656513606433,0.0
Aston Villa,Brentford,4,0,H,2022-2023,1506.3381425249784,1563.893034283976,0.4,0.2,-57.554891758997655,0.2
Leeds,Fulham,2,3,A,2022-2023,1512.286285717867,1496.270913137642,0.4,0.2,16.01537258022495,0.2
Southampton,Arsenal,1,1,D,2022-2023,1477.070863600903,1735.687547803846,0.2,0.8,-258.6166842029429,-0.6000000000000001
Wolverhampton Wanderers,Leicester City,0,4,A,2022-2023,1494.1701969855965,1514.955144917047,0.4,0.0,-20.78494793145046,0.4
Tottenham Hotspur,Newcastle United,1,2,A,2022-2023,1697.1660923176134,1654.4845769795631,1.0,0.4,42.6815153380503,0.6
West Ham United,AFC Bournemouth,2,0,H,2022-2023,1542.692606338946,1476.886519473923,0.4,0.2,65.80608686502296,0.2
Leicester City,Manchester City,0,1,A,2022-2023,1529.0588555684205,1866.1306279565658,0.4,0.4,-337.0717723881453,0.0
AFC Bournemouth,Tottenham Hotspur,2,3,A,2022-2023,1464.694103269351,1680.3325972765028,0.2,0.2,-215.63849400715185,0.0
Brentford,Wolverhampton Wanderers,1,1,D,2022-2023,1546.4306728109852,1480.0664863342229,0.4,0.0,66.36418647676237,0.4
Brighton and Hove Albion,Chelsea,4,1,H,2022-2023,1607.2484256913212,1680.4970377062405,0.6,0.4,-73.24861201491922,0.19999999999999996
Crystal Palace,Southampton,1,0,H,2022-2023,1556.0955155482616,1486.5474336698117,0.4,0.4,69.54808187844992,0.0
Newcastle United,Aston Villa,4,0,H,2022-2023,1671.3180720206738,1523.8005039979691,0.4,0.2,147.5175680227046,0.2
Fulham,Everton,0,0,D,2022-2023,1511.9618630373247,1515.9519768028272,0.6,0.2,-3.9901137655024286,0.39999999999999997
Liverpool,Leeds,1,2,A,2022-2023,1770.1192163346836,1496.5953358181844,0.8,0.0,273.5238805164993,0.8
Arsenal,Nottingham Forest,5,0,H,2022-2023,1726.2109777349374,1465.5388683780573,0.8,0.0,260.6721093568801,0.8
Manchester United,West Ham United,1,0,H,2022-2023,1661.9162144453855,1554.885022543518,0.6,0.2,107.03119190186749,0.39999999999999997
Leeds,AFC Bournemouth,4,3,H,2022-2023,1521.4481890331833,1457.9678878147897,0.2,0.2,63.480301218393606,0.0
Manchester City,Fulham,2,1,H,2022-2023,1869.8989396067798,1512.1341225230353,1.0,0.4,357.76481708374445,0.6
Nottingham Forest,Brentford,2,2,D,2022-2023,1460.0685599430828,1543.5998450614447,0.2,0.2,-83.5312851183619,0.0
Wolverhampton Wanderers,Brighton and Hove Albion,2,3,A,2022-2023,1482.8973140837634,1625.3647869267031,0.4,0.2,-142.46747284293974,0.2
Everton,Leicester City,0,2,A,2022-2023,1515.7797173171166,1525.2905439182066,0.4,0.2,-9.510826601090002,0.2
Chelsea,Arsenal,0,1,A,2022-2023,1662.3806764708586,1731.6812861699118,0.6,0.6,-69.30060969905321,0.0
Aston Villa,Manchester United,3,1,H,2022-2023,1514.8123531262243,1672.4361394652396,0.4,0.4,-157.6237863390154,0.0
Southampton,Newcastle United,1,4,A,2022-2023,1474.5105929091842,1680.3062228924186,0.2,0.6,-205.79562998323445,-0.39999999999999997
West Ham United,Crystal Palace,1,2,A,2022-2023,1544.365097523664,1568.132356308889,0.6,0.0,-23.767258785225067,0.6
Tottenham Hotspur,Liverpool,1,2,A,2022-2023,1687.058812731064,1745.2663631196847,0.8,0.0,-58.207550388620575,0.8
Manchester City,Brentford,1,2,A,2022-2023,1873.2919396571046,1540.0614252947746,1.0,0.2,333.23051436233004,0.8
AFC Bournemouth,Everton,3,0,H,2022-2023,1445.6784570534405,1501.1902301738412,0.2,0.2,-55.511773120400676,0.0
Liverpool,Southampton,3,1,H,2022-2023,1757.776591911972,1467.4841048131336,0.6,0.2,290.29248709883836,0.39999999999999997
Nottingham Forest,Crystal Palace,1,0,H,2022-2023,1463.606979709753,1582.1078388784201,0.2,0.2,-118.50085916866715,0.0
Tottenham Hotspur,Leeds,4,3,H,2022-2023,1674.5485839387768,1533.7376197945325,0.6,0.2,140.81096414424428,0.39999999999999997
West Ham United,Leicester City,0,2,A,2022-2023,1530.3896149541329,1539.880031061482,0.6,0.4,-9.49041610734912,0.19999999999999996
Newcastle United,Chelsea,1,0,H,2022-2023,1687.3327109884692,1650.3335669716043,0.6,0.4,36.999144016864875,0.19999999999999996
Wolverhampton Wanderers,Arsenal,0,2,A,2022-2023,1473.7250964795157,1743.728395669166,0.4,0.6,-270.0032991896503,-0.19999999999999996
Brighton and Hove Albion,Aston Villa,1,2,A,2022-2023,1634.5370045309508,1536.1861141775885,0.6,0.2,98.35089035336227,0.39999999999999997
Fulham,Manchester United,1,2,A,2022-2023,1508.7411224727105,1651.0623784138754,0.4,0.2,-142.32125594116496,0.2
Brentford,Tottenham Hotspur,2,2,D,2022-2023,1566.219649839308,1683.7816356972871,0.4,0.4,-117.56198585797915,0.0
Crystal Palace,Fulham,0,3,A,2022-2023,1562.1813155349573,1499.5635441821926,0.6,0.4,62.61777135276475,0.19999999999999996
Everton,Wolverhampton Wanderers,1,2,A,2022-2023,1483.813782154917,1468.4909581625307,0.4,0.0,15.322823992386247,0.4
Leicester City,Newcastle United,0,3,A,2022-2023,1554.470398738025,1700.7413406731873,0.4,0.8,-146.27094193516223,-0.4
Southampton,Brighton and Hove Albion,1,3,A,2022-2023,1462.7356092189386,1615.4007520935538,0.0,0.4,-152.66514287461519,-0.4
Aston Villa,Liverpool,1,3,A,2022-2023,1555.3223666149854,1762.525087506167,0.6,0.2,-207.20272089118157,0.39999999999999997
Arsenal,West Ham United,3,1,H,2022-2023,1748.9625339861511,1515.7992472775898,0.8,0.0,233.16328670856137,0.8
Chelsea,AFC Bournemouth,2,0,H,2022-2023,1636.9249372868862,1463.0549050723648,0.4,0.2,173.87003221452142,0.2
Manchester United,Nottingham Forest,3,0,H,2022-2023,1660.2399567043933,1483.533503053216,0.6,0.0,176.7064536511773,0.6
Leeds,Manchester City,1,3,A,2022-2023,1524.5045680360222,1847.1337151125713,0.4,0.6,-322.6291470765491,-0.19999999999999996
West Ham United,Brentford,0,2,A,2022-2023,1509.5847713734158,1571.1099791550728,0.6,0.2,-61.525207781656945,0.39999999999999997
Liverpool,Leicester City,2,1,H,2022-2023,1769.508085944955,1545.4370072608594,0.6,0.6,224.07107868409548,0.0
Wolverhampton Wanderers,Manchester United,0,1,A,2022-2023,1484.1520690780708,1668.2071275851945,0.2,0.4,-184.0550585071237,-0.2
AFC Bournemouth,Crystal Palace,0,2,A,2022-2023,1454.9918304738264,1544.5067848083593,0.4,0.2,-89.51495433453283,0.2
Fulham,Southampton,2,1,H,2022-2023,1517.2380749087906,1453.9328836123061,0.2,0.2,63.30519129648451,0.0
Manchester City,Everton,1,1,D,2022-2023,1851.1845982473048,1468.1526712393768,0.8,0.2,383.03192700792806,0.6000000000000001
Newcastle United,Leeds,0,0,D,2022-2023,1709.774732150353,1520.4536849012886,0.8,0.2,189.32104724906435,0.6000000000000001
Brighton and Hove Albion,Arsenal,2,4,A,2022-2023,1624.2034777001863,1755.177009890325,0.4,0.8,-130.9735321901387,-0.4
Tottenham Hotspur,Aston Villa,0,2,A,2022-2023,1678.8913063815223,1548.3393681761975,0.6,0.2,130.55193820532486,0.39999999999999997
Nottingham Forest,Chelsea,1,1,D,2022-2023,1475.5663321724148,1644.9880118854246,0.4,0.4,-169.42167971300978,0.0
Brentford,Liverpool,3,1,H,2022-2023,1583.4811440572387,1775.9843973713394,0.2,0.4,-192.50325331410068,-0.2
Arsenal,Newcastle United,0,0,D,2022-2023,1764.7758841415261,1702.324299928431,0.8,0.8,62.4515842130952,0.0
Everton,Brighton and Hove Albion,1,4,A,2022-2023,1480.173355535493,1614.6046034489852,0.4,0.4,-134.43124791349214,0.0
Leicester City,Fulham,0,1,A,2022-2023,1538.960695834475,1529.5348195698896,0.4,0.6,9.42587626458544,-0.19999999999999996
Manchester United,AFC Bournemouth,3,0,H,2022-2023,1675.9292431993429,1443.7731995384056,0.6,0.0,232.15604366093726,0.6
Southampton,Nottingham Forest,0,1,A,2022-2023,1441.6361389512072,1482.3513899016045,0.0,0.0,-40.715250950397376,0.0
Leeds,West Ham United,2,2,D,2022-2023,1527.9041171232107,1497.21360647125,0.2,0.0,30.69051065196072,0.2
Aston Villa,Wolverhampton Wanderers,1,1,D,2022-2023,1568.7246452533184,1476.4299534639224,0.6,0.2,92.29469178939598,0.39999999999999997
Crystal Palace,Tottenham Hotspur,0,4,A,2022-2023,1555.72541574378,1658.5060293044014,0.6,0.4,-102.7806135606213,0.19999999999999996
Chelsea,Manchester City,0,1,A,2022-2023,1638.202954156235,1839.1639139511885,0.4,0.8,-200.96095979495362,-0.4
Aston Villa,Leeds,2,1,H,2022-2023,1564.8311205716045,1526.582536894884,0.4,0.2,38.2485836767205,0.2
Manchester United,Manchester City,2,1,H,2022-2023,1682.1723360171345,1846.3412582398141,0.8,0.8,-164.1689222226796,0.0
Brighton and Hove Albion,Liverpool,3,0,H,2022-2023,1624.0740192625908,1753.4309440467187,0.2,0.4,-129.35692478412784,-0.2
Everton,Southampton,1,2,A,2022-2023,1470.7039397218875,1428.3859548826422,0.2,0.2,42.317984839245355,0.0
Nottingham Forest,Leicester City,2,0,H,2022-2023,1495.6015739701695,1523.553847856083,0.4,0.6,-27.952273885913428,-0.19999999999999996
Wolverhampton Wanderers,West Ham United,1,0,H,2022-2023,1480.3234781456363,1498.5351866995766,0.2,0.0,-18.211708553940298,0.2
Brentford,AFC Bournemouth,2,0,H,2022-2023,1606.0345973818594,1437.530106720614,0.4,0.0,168.50449066124543,0.4
Chelsea,Crystal Palace,1,0,H,2022-2023,1631.0256098676093,1545.0377440933928,0.4,0.4,85.98786577421652,0.0
Newcastle United,Fulham,1,0,H,2022-2023,1704.9918832883936,1544.9416675482817,0.8,0.6,160.05021574011198,0.20000000000000007
Tottenham Hotspur,Arsenal,0,2,A,2022-2023,1669.1937009547887,1762.1083007815635,0.4,0.8,-92.91459982677475,-0.4
Liverpool,Chelsea,0,0,D,2022-2023,1733.0906652092222,1642.3872012237837,0.8,0.2,90.70346398543847,0.6000000000000001
AFC Bournemouth,Nottingham Forest,1,1,D,2022-2023,1429.283630785943,1511.8057736201695,0.4,0.2,-82.52214283422654,0.2
Leicester City,Brighton and Hove Albion,2,2,D,2022-2023,1507.349648206083,1644.4142981000873,0.2,0.6,-137.06464989400433,-0.39999999999999997
Southampton,Aston Villa,0,1,A,2022-2023,1445.2039875742091,1578.1864353254878,0.0,0.4,-132.98244775127864,-0.4
West Ham United,Everton,2,0,H,2022-2023,1482.749643357702,1453.8859070303206,0.4,0.0,28.863736327381503,0.4
Crystal Palace,Newcastle United,0,0,D,2022-2023,1533.6761527372184,1713.5325346830314,0.6,0.6,-179.85638194581293,0.0
Leeds,Brentford,0,0,D,2022-2023,1513.2272221410008,1614.2810733165304,0.2,0.4,-101.05385117552964,-0.2
Manchester City,Wolverhampton Wanderers,3,0,H,2022-2023,1824.7378072382367,1496.1090214875107,0.6,0.2,328.6287857507259,0.39999999999999997
Arsenal,Manchester United,3,2,H,2022-2023,1773.189827314801,1703.775787018712,0.6,0.6,69.41404029608907,0.0
Fulham,Tottenham Hotspur,0,1,A,2022-2023,1536.401016153644,1658.1121744215511,0.4,0.6,-121.7111582679072,-0.19999999999999996
Chelsea,Fulham,0,0,D,2022-2023,1646.216579902552,1526.4508109635124,0.4,0.6,119.76576893903962,-0.19999999999999996
Everton,Arsenal,1,0,H,2022-2023,1440.1291957428186,1785.2322297081075,0.2,0.8,-345.1030339652889,-0.6000000000000001
Aston Villa,Leicester City,2,4,A,2022-2023,1587.7099805301923,1512.9781939782622,0.6,0.6,74.7317865519301,0.0
Brentford,Southampton,3,0,H,2022-2023,1610.0372310226865,1435.6804423695046,0.4,0.4,174.35678865318187,0.0
Brighton and Hove Albion,AFC Bournemouth,1,0,H,2022-2023,1638.785752327908,1432.7808786913047,0.4,0.0,206.0048736366034,0.4
Manchester United,Crystal Palace,2,1,H,2022-2023,1691.7333846254055,1540.8146284496067,1.0,0.4,150.91875617579876,0.6
Wolverhampton Wanderers,Liverpool,3,0,H,2022-2023,1492.177633203729,1729.2612865304538,0.2,0.4,-237.08365332672474,-0.2
Newcastle United,West Ham United,1,1,D,2022-2023,1706.394058970643,1496.506354645204,0.8,0.0,209.88770432543902,0.8
Nottingham Forest,Leeds,1,0,H,2022-2023,1508.3085257148077,1517.4710644348447,0.6,0.2,-9.162538720036991,0.39999999999999997
Tottenham Hotspur,Manchester City,1,0,H,2022-2023,1668.0623796116827,1828.6691955220183,0.2,0.8,-160.60681591033563,-0.6000000000000001
West Ham United,Chelsea,1,1,D,2022-2023,1504.605820897542,1641.2413952263148,0.4,0.0,-136.63557432877292,0.4
Arsenal,Brentford,1,1,D,2022-2023,1758.8508273272341,1618.0837958517893,0.6,0.4,140.7670314754448,0.19999999999999996
Crystal Palace,Brighton and Hove Albion,1,1,D,2022-2023,1531.9492456089076,1645.805761343438,0.4,0.6,-113.85651573453038,-0.19999999999999996
Fulham,Nottingham Forest,2,0,H,2022-2023,1531.4259956397495,1523.7040126300585,0.4,0.2,7.72198300969103,0.2
Leicester City,Tottenham Hotspur,4,1,H,2022-2023,1531.1557704423578,1689.541288963946,0.2,0.6,-158.3855185215882,-0.39999999999999997
Southampton,Wolverhampton Wanderers,1,2,A,2022-2023,1427.6338775404017,1516.0736158361415,0.0,0.2,-88.43973829573974,-0.2
AFC Bournemouth,Newcastle United,1,1,D,2022-2023,1425.7608696757748,1698.2945927183052,0.2,0.6,-272.5337230425305,-0.39999999999999997
Leeds,Manchester United,0,2,A,2022-2023,1502.075577519594,1700.5987674661046,0.2,0.4,-198.52318994651068,-0.2
Manchester City,Aston Villa,3,1,H,2022-2023,1807.190286169755,1569.5324040660967,0.6,0.6,237.65788210365827,0.0
Liverpool,Everton,2,0,H,2022-2023,1705.3653038980415,1466.510598123692,0.6,0.0,238.85470577434944,0.6
Aston Villa,Arsenal,2,4,A,2022-2023,1563.4444425805764,1753.0854955313353,0.4,0.8,-189.64105295075888,-0.4
Brentford,Crystal Palace,1,1,D,2022-2023,1623.8491276476882,1536.6961076230914,0.6,0.4,87.1530200245968,0.19999999999999996
Brighton and Hove Albion,Fulham,0,1,A,2022-2023,1641.0588993292542,1546.0926657183904,0.6,0.4,94.96623361086381,0.19999999999999996
Chelsea,Southampton,0,1,A,2022-2023,1635.6287731879445,1416.3717420385221,0.4,0.2,219.25703114942235,0.2
Everton,Leeds,1,0,H,2022-2023,1460.455999512508,1494.8213304550789,0.2,0.2,-34.365330942570836,0.0
Nottingham Forest,Manchester City,1,1,D,2022-2023,1509.0373425514176,1813.2782476552752,0.6,0.6,-304.2409051038576,0.0
Wolverhampton Wanderers,AFC Bournemouth,0,1,A,2022-2023,1527.335751338021,1435.5893731638769,0.4,0.0,91.74637817414418,0.4
Newcastle United,Liverpool,0,2,A,2022-2023,1688.4660892302031,1711.4199025092255,0.6,0.4,-22.95381327902237,0.19999999999999996
Manchester United,Leicester City,3,0,H,2022-2023,1707.8530145306197,1552.5564551528025,1.0,0.6,155.29655937781718,0.4
Tottenham Hotspur,West Ham United,2,0,H,2022-2023,1668.1406042535014,1510.2184429359122,0.4,0.0,157.92216131758914,0.4
Fulham,Wolverhampton Wanderers,1,1,D,2022-2023,1565.0935426555304,1508.4643133290144,0.4,0.4,56.629229326516,0.0
Everton,Aston Villa,0,2,A,2022-2023,1476.9348504968693,1555.9052773616756,0.4,0.6,-78.97042686480631,-0.19999999999999996
Leeds,Southampton,1,0,H,2022-2023,1478.3424794707175,1439.7535957677346,0.2,0.4,38.58888370298291,-0.2
Leicester City,Arsenal,0,1,A,2022-2023,1543.847649116934,1760.624660750236,0.2,0.8,-216.77701163330198,-0.6000000000000001
West Ham United,Nottingham Forest,4,0,H,2022-2023,1501.6027561315066,1519.6010378304459,0.2,0.2,-17.99828169893931,0.0
AFC Bournemouth,Manchester City,1,4,A,2022-2023,1454.4608111728835,1802.714552376247,0.2,0.4,-348.25374120336346,-0.2
Crystal Palace,Liverpool,0,0,D,2022-2023,1540.381821708612,1725.4303460380431,0.2,0.4,-185.04852432943107,-0.2
Tottenham Hotspur,Chelsea,2,0,H,2022-2023,1676.756291057907,1612.246919458732,0.6,0.0,64.50937159917498,0.6
Manchester United,Brentford,1,0,H,2022-2023,1716.5618205664882,1620.1634135621675,1.0,0.4,96.39840700432069,0.6
Newcastle United,Brighton and Hove Albion,4,1,H,2022-2023,1674.4556457013855,1622.0580223921143,0.4,0.6,52.39762330927124,-0.19999999999999996
Manchester City,Newcastle United,2,0,H,2022-2023,1806.2758320273226,1687.2104545488007,0.6,0.4,119.0653774785219,0.19999999999999996
Arsenal,AFC Bournemouth,3,2,H,2022-2023,1767.3167391417064,1450.8995315218078,0.6,0.2,316.4172076198986,0.39999999999999997
Aston Villa,Crystal Palace,1,0,H,2022-2023,1567.5533753350203,1547.6924548142324,0.2,0.2,19.860920520787886,0.0
Brighton and Hove Albion,West Ham United,4,0,H,2022-2023,1609.303213544699,1517.3791100719657,0.4,0.0,91.92410347273335,0.4
Chelsea,Leeds,1,0,H,2022-2023,1600.000443344333,1491.6832804837884,0.4,0.0,108.31716286054461,0.4
Wolverhampton Wanderers,Tottenham Hotspur,1,0,H,2022-2023,1510.8877707572608,1689.002767172306,0.4,0.6,-178.1149964150452,-0.19999999999999996
Southampton,Leicester City,1,0,H,2022-2023,1426.4127947546638,1537.1555707254636,0.0,0.4,-110.74277597079981,-0.4
Nottingham Forest,Everton,2,2,D,2022-2023,1503.8246838899868,1465.2867525235247,0.6,0.0,38.53793136646209,0.6
Liverpool,Manchester United,7,0,H,2022-2023,1718.1197129324228,1727.5035739979392,0.6,0.6,-9.383861065516385,0.0
Brentford,Fulham,3,2,H,2022-2023,1609.2216601307166,1562.670085227284,0.6,0.6,46.55157490343254,0.0
AFC Bournemouth,Liverpool,1,0,H,2022-2023,1446.7217101928798,1733.52474829738,0.2,0.2,-286.8030381045003,0.0
Everton,Brentford,1,0,H,2022-2023,1466.9437786010924,1622.2238081489872,0.4,0.4,-155.28002954789486,0.0
Leeds,Brighton and Hove Albion,2,2,D,2022-2023,1481.2138665902244,1620.4246145902073,0.2,0.4,-139.2107479999829,-0.2
Leicester City,Chelsea,1,3,A,2022-2023,1517.530017829683,1610.469857237897,0.2,0.0,-92.93983940821408,0.2
Tottenham Hotspur,Nottingham Forest,3,1,H,2022-2023,1666.9225845859303,1502.167657812419,0.6,0.2,164.75492677351122,0.39999999999999997
Crystal Palace,Manchester City,0,1,A,2022-2023,1533.5489869030719,1816.3275771033884,0.0,0.4,-282.77859020031656,-0.4
Fulham,Arsenal,0,3,A,2022-2023,1549.6679372090134,1771.4945604706345,0.4,0.8,-221.82662326162108,-0.4
Manchester United,Southampton,0,0,D,2022-2023,1712.098538632982,1446.0383476504444,1.0,0.4,266.0601909825375,0.6
West Ham United,Aston Villa,1,1,D,2022-2023,1506.2577090264574,1581.6968432461808,0.4,0.8,-75.43913421972343,-0.4
Newcastle United,Wolverhampton Wanderers,2,1,H,2022-2023,1677.158709472735,1532.9679533436365,0.4,0.4,144.19075612909842,0.0
Nottingham Forest,Newcastle United,1,2,A,2022-2023,1493.791490336716,1686.2678794361527,0.4,0.2,-192.4763890994368,0.2
Aston Villa,AFC Bournemouth,3,0,H,2022-2023,1578.4901111810373,1471.8923774145399,0.4,0.2,106.59773376649741,0.2
Brentford,Leicester City,1,1,D,2022-2023,1600.9332023105155,1506.4495065956119,0.8,0.2,94.48369571490366,0.6000000000000001
Southampton,Tottenham Hotspur,3,3,D,2022-2023,1455.705405477649,1675.2987520616334,0.2,0.4,-219.59334658398438,-0.2
Wolverhampton Wanderers,Leeds,2,4,A,2022-2023,1523.8587833802187,1486.9218357948077,0.6,0.0,36.93694758541096,0.6
Chelsea,Everton,2,2,D,2022-2023,1621.550368471968,1488.234384439564,0.4,0.0,133.315984032404,0.4
Arsenal,Crystal Palace,4,1,H,2022-2023,1778.0367240071175,1528.6250462154528,0.6,0.2,249.41167779166472,0.39999999999999997
Liverpool,Fulham,1,0,H,2022-2023,1708.35408107572,1543.1257736725304,0.8,0.4,165.22830740318955,0.4
Manchester City,West Ham United,3,0,H,2022-2023,1821.2515177910075,1509.464441091601,0.6,0.0,311.7870766994065,0.6
Brighton and Hove Albion,Manchester United,1,0,H,2022-2023,1614.716645385624,1702.4314808057773,0.6,0.6,-87.71483542015335,0.0
Manchester City,Liverpool,4,1,H,2022-2023,1825.5261090392985,1716.7138062934653,0.8,0.2,108.81230274583322,0.6000000000000001
AFC Bournemouth,Fulham,2,1,H,2022-2023,1461.3554015263244,1534.766048454785,0.2,0.2,-73.41064692846066,0.0
Arsenal,Leeds,4,1,H,2022-2023,1783.802952140629,1503.5105510472317,0.6,0.2,280.2924010933973,0.39999999999999997
Brighton and Hove Albion,Brentford,3,3,D,2022-2023,1633.4251414804885,1596.951683271808,0.8,0.2,36.47345820868054,0.6000000000000001
Crystal Palace,Leicester City,2,1,H,2022-2023,1522.8588180819413,1510.4310256343194,0.0,0.2,12.427792447621869,-0.2
Nottingham Forest,Wolverhampton Wanderers,1,1,D,2022-2023,1486.3440779094105,1507.2700681277947,0.4,0.2,-20.925990218384186,0.2
Chelsea,Aston Villa,0,2,A,2022-2023,1616.0614375833047,1589.0270870692527,0.4,0.6,27.034350514051994,-0.19999999999999996
West Ham United,Southampton,1,0,H,2022-2023,1505.18984984331,1464.0972399196467,0.4,0.4,41.092609923663304,0.0
Newcastle United,Manchester United,2,0,H,2022-2023,1693.715291863458,1683.7229847109127,0.6,0.4,9.992307152545436,0.19999999999999996
Everton,Tottenham Hotspur,1,1,D,2022-2023,1493.7233153282275,1666.9069176196358,0.6,0.4,-173.1836022914083,0.19999999999999996
Manchester United,Everton,2,0,H,2022-2023,1669.1542683837479,1500.6369220739248,0.8,0.0,168.5173463098231,0.8
Aston Villa,Nottingham Forest,2,0,H,2022-2023,1605.1919039301906,1487.2464346545048,0.6,0.2,117.94546927568581,0.39999999999999997
Brentford,Newcastle United,1,2,A,2022-2023,1598.5206097691914,1708.284008190623,0.6,0.2,-109.76339842143148,0.39999999999999997
Fulham,West Ham United,0,1,A,2022-2023,1516.642994211334,1518.4239657617204,0.4,0.0,-1.7809715503863117,0.4
Leicester City,AFC Bournemouth,0,1,A,2022-2023,1495.9673478434208,1479.4784557697753,0.2,0.2,16.488892073645502,0.0
Tottenham Hotspur,Brighton and Hove Albion,2,1,H,2022-2023,1659.9933108739385,1631.856214983105,0.8,0.2,28.137095890833507,0.6000000000000001
Wolverhampton Wanderers,Chelsea,1,0,H,2022-2023,1506.3677113827005,1599.8966207223668,0.6,0.2,-93.52890933966637,0.39999999999999997
Southampton,Manchester City,1,4,A,2022-2023,1450.8631240012362,1835.9761045612904,0.2,0.4,-385.1129805600542,-0.2
Leeds,Crystal Palace,1,5,A,2022-2023,1498.527423421884,1537.32249587284,0.2,0.0,-38.79507245095601,0.2
Liverpool,Arsenal,2,2,D,2022-2023,1706.2638107714733,1788.7860797659769,0.8,0.8,-82.52226899450352,0.0
Aston Villa,Newcastle United,3,0,H,2022-2023,1615.2867834084025,1718.6967508151695,0.6,0.4,-103.40996740676701,0.19999999999999996
Chelsea,Brighton and Hove Albion,1,2,A,2022-2023,1580.9534467204976,1618.0683422748968,0.2,0.0,-37.114895554399254,0.2
Everton,Fulham,1,3,A,2022-2023,1492.3908886453091,1501.7198842605521,0.6,0.2,-9.328995615243002,0.39999999999999997
Southampton,Crystal Palace,0,2,A,2022-2023,1447.9158006181199,1550.6545044974584,0.2,0.2,-102.73870387933857,0.0
Wolverhampton Wanderers,Brentford,2,0,H,2022-2023,1525.3108853845697,1588.1078671446448,0.6,0.0,-62.79698176007514,0.6
Tottenham Hotspur,AFC Bournemouth,2,3,A,2022-2023,1673.7811835821467,1495.1898044784848,1.0,0.4,178.5913791036619,0.6
Manchester City,Leicester City,3,1,H,2022-2023,1838.9234279444067,1480.2559991347114,1.0,0.2,358.66742880969537,0.8
West Ham United,Arsenal,2,2,D,2022-2023,1533.3470757125024,1785.2888267099192,0.6,0.6,-251.94175099741688,0.0
Nottingham Forest,Manchester United,0,2,A,2022-2023,1477.151555176293,1677.4003018123635,0.2,0.2,-200.24874663607056,0.0
Leeds,Liverpool,1,6,A,2022-2023,1485.1954147972654,1709.761063827531,0.2,0.2,-224.5656490302656,0.0
Arsenal,Southampton,3,3,D,2022-2023,1775.987519637134,1437.2264690689778,0.8,0.2,338.7610505681562,0.6000000000000001
Fulham,Leeds,2,1,H,2022-2023,1516.3172159104597,1478.7335492578804,0.2,0.2,37.58366665257927,0.0
Brentford,Aston Villa,1,1,D,2022-2023,1570.4258459484427,1634.6240244404412,0.4,0.6,-64.19817849199853,-0.19999999999999996
Crystal Palace,Everton,0,0,D,2022-2023,1561.3438360466005,1477.7935569954016,0.2,0.0,83.55027905119891,0.2
Leicester City,Wolverhampton Wanderers,2,1,H,2022-2023,1476.8786033034569,1542.992906580772,0.2,0.2,-66.114303277315,0.0
Liverpool,Nottingham Forest,3,2,H,2022-2023,1716.2229293669159,1469.9518010703202,0.6,0.0,246.27112829659563,0.6
AFC Bournemouth,West Ham United,0,4,A,2022-2023,1517.285961554404,1542.6483827852876,0.4,0.2,-25.362421230883683,0.2
Newcastle United,Tottenham Hotspur,6,1,H,2022-2023,1699.3595097831308,1651.6850265062276,0.6,0.2,47.674483276903175,0.39999999999999997
Brighton and Hove Albion,Manchester City,1,1,D,2022-2023,1631.4720309864117,1842.3008237756612,0.6,0.6,-210.82879278924952,0.0
Manchester United,Chelsea,4,1,H,2022-2023,1684.6000559183362,1567.5497580089827,0.8,0.2,117.0502979093535,0.6000000000000001
Wolverhampton Wanderers,Crystal Palace,2,0,H,2022-2023,1525.1724843304457,1557.8046418877655,0.6,0.4,-32.632157557319715,0.19999999999999996
Aston Villa,Fulham,1,0,H,2022-2023,1631.883485239779,1529.7008982399332,0.8,0.4,102.18258699984585,0.4
Leeds,Leicester City,1,1,D,2022-2023,1465.349866928407,1494.699025553783,0.2,0.0,-29.34915862537605,0.2
Nottingham Forest,Brighton and Hove Albion,3,1,H,2022-2023,1464.1008961503096,1639.6002390234712,0.0,0.2,-175.4993428731616,-0.2
West Ham United,Liverpool,1,2,A,2022-2023,1556.5553399020928,1722.0738342869265,0.4,0.4,-165.51849438483373,0.0
Chelsea,Brentford,0,2,A,2022-2023,1557.420334606157,1573.1663851491048,0.2,0.0,-15.746050542947842,0.2
Manchester City,Arsenal,4,1,H,2022-2023,1834.1726157386017,1764.723906573524,1.0,0.6,69.44870916507784,0.4
Everton,Newcastle United,1,4,A,2022-2023,1481.3327511542366,1712.3140586193117,0.4,0.4,-230.98130746507513,0.0
Southampton,AFC Bournemouth,0,1,A,2022-2023,1448.490082132588,1503.3790044375987,0.2,0.6,-54.88892230501074,-0.39999999999999997
Tottenham Hotspur,Manchester United,2,2,D,2022-2023,1638.7304776700466,1694.729479321162,0.8,0.4,-55.99900165111535,0.4
Crystal Palace,West Ham United,4,3,H,2022-2023,1541.399926539817,1548.205684151589,0.2,0.4,-6.805757611771924,-0.2
Brentford,Nottingham Forest,2,1,H,2022-2023,1587.4870385567253,1486.0930001614424,0.2,0.0,101.3940383952829,0.2
Brighton and Hove Albion,Wolverhampton Wanderers,6,0,H,2022-2023,1617.6081350123384,1541.5771996783942,0.4,0.2,76.03093533394417,0.2
AFC Bournemouth,Leeds,4,1,H,2022-2023,1516.0287795142644,1466.6139666039496,0.4,0.2,49.41481291031482,0.2
Fulham,Manchester City,1,2,A,2022-2023,1518.9895299268517,1846.2135795753509,0.4,0.6,-327.2240496484992,-0.19999999999999996
Manchester United,Aston Villa,1,0,H,2022-2023,1692.3325285119784,1642.5948535528605,0.8,0.4,49.73767495911784,0.4
Newcastle United,Southampton,3,1,H,2022-2023,1718.590649595306,1435.8403070559223,0.8,0.2,282.75034253938384,0.6000000000000001
Liverpool,Tottenham Hotspur,4,3,H,2022-2023,1730.4234900374304,1641.1274284792303,0.8,0.0,89.29606155820011,0.8
Leicester City,Everton,2,2,D,2022-2023,1493.4349258782404,1475.0561601782422,0.4,0.0,18.378765699998212,0.4
Arsenal,Chelsea,3,1,H,2022-2023,1752.6829427367747,1543.0996811985365,0.6,0.2,209.58326153823828,0.39999999999999997
AFC Bournemouth,Chelsea,1,3,A,2022-2023,1528.9096403832364,1536.1898314357727,0.6,0.2,-7.280191052536338,0.39999999999999997
Manchester City,Leeds,2,1,H,2022-2023,1850.1726747822063,1453.7331057349777,1.0,0.2,396.4395690472286,0.8
Tottenham Hotspur,Crystal Palace,1,0,H,2022-2023,1629.8999463488963,1556.6937171393126,0.6,0.4,73.20622920958363,0.19999999999999996
Wolverhampton Wanderers,Aston Villa,1,0,H,2022-2023,1529.8083052409168,1629.727651753388,0.8,0.4,-99.9193465124713,0.4
Liverpool,Brentford,1,0,H,2022-2023,1741.6509721677644,1598.229688576884,0.8,0.2,143.42128359088042,0.6000000000000001
Newcastle United,Arsenal,0,2,A,2022-2023,1723.515259570487,1759.5927924995385,1.0,0.4,-36.077532929051586,0.6
West Ham United,Manchester United,1,0,H,2022-2023,1532.9118935520933,1705.1997303114508,0.4,0.2,-172.28783675935756,0.2
Fulham,Leicester City,5,3,H,2022-2023,1515.0304347199963,1492.642190061882,0.2,0.0,22.388244658114218,0.2
Brighton and Hove Albion,Everton,1,5,A,2022-2023,1629.3770294498158,1475.8488959946005,0.6,0.0,153.5281334552153,0.6
Nottingham Forest,Southampton,4,3,H,2022-2023,1475.3503501412838,1430.9156970807414,0.2,0.0,44.43465306054236,0.2
Leeds,Newcastle United,2,2,D,2022-2023,1450.9545898929382,1710.0672775962926,0.2,0.6,-259.11268770335437,-0.39999999999999997
Aston Villa,Tottenham Hotspur,2,1,H,2022-2023,1610.528910809404,1641.7853359902024,1.0,0.0,-31.256425180798487,1.0
Chelsea,Nottingham Forest,2,2,D,2022-2023,1550.8755663159652,1488.4423435129804,0.2,0.0,62.4332228029848,0.2
Crystal Palace,AFC Bournemouth,2,0,H,2022-2023,1544.8083274980065,1514.2239055030439,0.4,0.6,30.584421994962668,-0.19999999999999996
Manchester United,Wolverhampton Wanderers,2,0,H,2022-2023,1683.3166174632377,1549.007046184901,0.8,0.0,134.30957127833676,0.8
Southampton,Fulham,0,2,A,2022-2023,1417.8237037090448,1529.0651921309409,0.2,0.2,-111.24148842189607,0.0
Brentford,West Ham United,2,0,H,2022-2023,1589.0923970632082,1554.7950064003064,0.4,0.4,34.29739066290176,0.0
Everton,Manchester City,0,3,A,2022-2023,1497.077037168792,1852.9511906242458,0.2,0.8,-355.8741534554538,-0.6000000000000001
Arsenal,Brighton and Hove Albion,0,3,A,2022-2023,1773.0407744737329,1608.1488882756244,0.8,0.2,164.89188619810852,0.6000000000000001
Leicester City,Liverpool,0,3,A,2022-2023,1478.6074326509374,1750.7882636814402,0.2,0.4,-272.18083103050276,-0.2
Tottenham Hotspur,Brentford,1,3,A,2022-2023,1625.4395164261773,1602.6164508415918,0.6,0.2,22.823065584585493,0.39999999999999997
AFC Bournemouth,Manchester United,0,1,A,2022-2023,1500.540940947905,1692.790572924984,0.6,0.2,-192.24963197707893,0.39999999999999997
Fulham,Crystal Palace,2,2,D,2022-2023,1539.420164165289,1558.4912920531453,0.4,0.4,-19.07112788785639,0.0
Liverpool,Aston Villa,1,1,D,2022-2023,1755.9684604493143,1626.874730373429,0.8,0.2,129.09373007588533,0.6000000000000001
Wolverhampton Wanderers,Everton,1,1,D,2022-2023,1539.5330907231546,1493.6511476550932,0.8,0.2,45.881943068061446,0.6000000000000001
Nottingham Forest,Arsenal,1,0,H,2022-2023,1491.1091592112093,1751.4121828062534,0.4,0.4,-260.3030235950441,0.0
West Ham United,Leeds,3,1,H,2022-2023,1541.2709526219228,1460.4440153967455,0.4,0.2,80.82693722517729,0.2
Brighton and Hove Albion,Southampton,3,1,H,2022-2023,1629.7774799431038,1407.4687316746968,0.4,0.0,222.30874826840704,0.4
Manchester City,Chelsea,1,0,H,2022-2023,1856.3770801379446,1548.2087506177363,1.0,0.4,308.1683295202083,0.6
Newcastle United,Leicester City,0,0,D,2022-2023,1700.5778520924853,1473.4272358830633,0.8,0.0,227.15061620942197,0.8
Arsenal,Wolverhampton Wanderers,5,0,H,2022-2023,1726.8920007630102,1537.5636434701455,0.6,0.0,189.32835729286467,0.6
Aston Villa,Brighton and Hove Albion,2,1,H,2022-2023,1632.2050837622323,1636.3054573639986,1.0,0.4,-4.10037360176625,0.6
Brentford,Manchester City,1,0,H,2022-2023,1618.6003869086387,1860.7285986387758,0.4,0.8,-242.12821173013708,-0.4
Chelsea,Newcastle United,1,1,D,2022-2023,1543.8572321169052,1691.9645940817813,0.0,0.6,-148.1073619648762,-0.6
Crystal Palace,Nottingham Forest,1,1,D,2022-2023,1557.6687512248427,1515.6293412544526,0.6,0.0,42.039409970390125,0.6
Everton,AFC Bournemouth,1,0,H,2022-2023,1495.6205949081022,1493.0862181424718,0.2,0.6,2.534376765630441,-0.39999999999999997
Leeds,Tottenham Hotspur,1,4,A,2022-2023,1448.8719755331085,1609.4555803591304,0.0,0.0,-160.58360482602188,0.0
Leicester City,West Ham United,2,1,H,2022-2023,1482.0404938937672,1552.8429924855598,0.2,0.4,-70.80249859179253,-0.2
Manchester United,Fulham,2,1,H,2022-2023,1700.2452957304172,1540.2427049935916,0.8,0.4,160.0025907368256,0.4
Southampton,Liverpool,4,4,D,2022-2023,1400.940754253802,1750.638107060511,0.0,0.6,-349.697352806709,-0.6
Burnley,Manchester City,0,3,A,2023-2024,1485.8948574546541,1836.6926429928567,0.4,0.6,-350.79778553820256,-0.19999999999999996
Arsenal,Nottingham Forest,2,1,H,2023-2024,1734.4413308041428,1517.4355224298386,0.6,0.0,217.00580837430425,0.6
AFC Bournemouth,West Ham United,1,1,D,2023-2024,1478.1956340423137,1534.8278264643054,0.4,0.4,-56.632192421991704,0.0
Brighton and Hove Albion,Luton,4,1,H,2023-2024,1621.128438223802,1500.0,0.4,0.0,121.12843822380205,0.4
Everton,Fulham,0,1,A,2023-2024,1510.5111790082603,1531.7003786459527,0.2,0.4,-21.189199637692354,-0.2
Sheffield United,Crystal Palace,0,1,A,2023-2024,1424.9918715522433,1555.8625700494567,0.4,0.4,-130.87069849721343,0.0
Newcastle United,Aston Villa,5,1,H,2023-2024,1685.9313863142067,1647.3821029024289,0.6,0.2,38.54928341177788,0.39999999999999997
Brentford,Tottenham Hotspur,2,2,D,2023-2024,1642.6363425545578,1617.9774861799178,0.6,0.2,24.65885637463998,0.39999999999999997
Chelsea,Liverpool,1,1,D,2023-2024,1549.8904398844797,1739.1733878153223,0.0,0.6,-189.2829479308425,-0.6
Manchester United,Wolverhampton Wanderers,1,0,H,2023-2024,1708.787622078056,1530.0143134290129,1.0,0.0,178.7733086490432,1.0
Nottingham Forest,Sheffield United,2,1,H,2023-2024,1510.7502893056305,1415.389132825308,0.6,0.2,95.3611564803225,0.39999999999999997
Fulham,Brentford,0,3,A,2023-2024,1545.7866998786337,1641.5735181336706,0.4,0.4,-95.7868182550369,0.0
Liverpool,AFC Bournemouth,3,1,H,2023-2024,1731.724194738305,1480.6192160582386,0.6,0.6,251.10497868006632,0.0
Wolverhampton Wanderers,Brighton and Hove Albion,1,4,A,2023-2024,1522.1165656650162,1631.1009627488243,0.8,0.4,-108.98439708380806,0.4
Tottenham Hotspur,Manchester United,2,0,H,2023-2024,1619.040310600805,1716.6853698420528,0.4,0.4,-97.64505924124774,0.0
Manchester City,Newcastle United,1,0,H,2023-2024,1840.2082159716329,1699.2738761121027,1.0,0.4,140.93433985953016,0.6
Aston Villa,Everton,4,0,H,2023-2024,1634.039613104533,1496.4248577755793,1.0,0.2,137.6147553289536,0.8
West Ham United,Chelsea,3,1,H,2023-2024,1532.4042444483805,1557.339632961497,0.6,0.2,-24.93538851311655,0.39999999999999997
Crystal Palace,Arsenal,0,1,A,2023-2024,1565.465308776392,1741.1265639283508,0.6,0.2,-175.6612551519588,0.39999999999999997
Luton,Burnley,1,2,A,2023-2024,1490.0274754749778,1482.379284475878,0.0,0.2,7.648190999099825,-0.2
Chelsea,Luton,3,0,H,2023-2024,1541.2649302989903,1474.697329852561,0.0,0.0,66.5676004464292,0.0
AFC Bournemouth,Tottenham Hotspur,0,2,A,2023-2024,1474.8982544307814,1638.1483912406522,0.2,0.2,-163.2501368098708,0.0
Arsenal,Fulham,2,2,D,2023-2024,1749.128989693744,1534.8204631317726,0.6,0.6,214.30852656197135,0.0
Brentford,Crystal Palace,1,1,D,2023-2024,1652.5397548805317,1557.462883010999,0.6,0.4,95.07687186953285,0.19999999999999996
Everton,Wolverhampton Wanderers,0,1,A,2023-2024,1487.0737973249056,1511.67331540322,0.2,0.0,-24.599518078314304,0.2
Manchester United,Nottingham Forest,3,2,H,2023-2024,1697.5772892022055,1521.733579974237,1.0,0.0,175.84370922796847,1.0
Brighton and Hove Albion,West Ham United,1,3,A,2023-2024,1641.5442130106205,1548.4789471108872,0.6,0.2,93.06526589973328,0.39999999999999997
Burnley,Aston Villa,1,3,A,2023-2024,1497.7094300982947,1643.3906735552066,0.2,0.0,-145.68124345691194,0.2
Sheffield United,Manchester City,1,2,A,2023-2024,1404.4058421567015,1849.4367291211342,0.4,0.6,-445.03088696443274,-0.19999999999999996
Newcastle United,Liverpool,1,2,A,2023-2024,1690.0453629626013,1737.4451563657622,0.6,0.6,-47.39979340316086,0.0
Luton,West Ham United,1,2,A,2023-2024,1462.5366259702143,1567.403480769449,0.0,0.2,-104.86685479923472,-0.2
Sheffield United,Everton,2,2,D,2023-2024,1402.2567173841132,1473.1340727363138,0.4,0.2,-70.87735535220054,0.2
Brentford,AFC Bournemouth,2,2,D,2023-2024,1648.5344415037205,1466.4696886731201,0.6,0.4,182.06475283060036,0.19999999999999996
Burnley,Tottenham Hotspur,2,5,A,2023-2024,1488.654593112172,1646.5769569983136,0.2,0.4,-157.9223638861415,-0.2
Chelsea,Nottingham Forest,0,1,A,2023-2024,1553.425634181337,1513.7373155894481,0.2,0.0,39.6883185918889,0.2
Manchester City,Fulham,5,1,H,2023-2024,1851.5858538937225,1543.0542136693962,1.0,0.4,308.53164022432634,0.6
Brighton and Hove Albion,Newcastle United,3,1,H,2023-2024,1622.6196793520587,1677.0791740824793,0.6,0.2,-54.4594947304206,0.39999999999999997
Crystal Palace,Wolverhampton Wanderers,3,2,H,2023-2024,1561.4681963878102,1525.6130399918118,0.4,0.2,35.85515639599839,0.2
Liverpool,Aston Villa,3,0,H,2023-2024,1750.4113452458841,1652.4455105413292,0.8,0.2,97.96583470455494,0.6000000000000001
Arsenal,Manchester United,3,1,H,2023-2024,1740.8952391561204,1705.5735535869944,0.6,0.4,35.321685569125975,0.19999999999999996
Wolverhampton Wanderers,Liverpool,1,3,A,2023-2024,1512.155559405149,1761.2904576139103,0.6,0.6,-249.13489820876134,0.0
Aston Villa,Crystal Palace,3,1,H,2023-2024,1641.566398173303,1574.925676974473,1.0,0.2,66.64072119883008,0.8
Fulham,Luton,1,0,H,2023-2024,1538.710470030717,1451.9314369366182,0.4,0.0,86.77903309409885,0.4
Manchester United,Brighton and Hove Albion,1,3,A,2023-2024,1692.093281192707,1639.9518160411005,1.0,0.6,52.14146515160655,0.4
Tottenham Hotspur,Sheffield United,2,1,H,2023-2024,1655.192636641424,1405.274984513763,0.4,0.2,249.91765212766109,0.2
West Ham United,Manchester City,1,3,A,2023-2024,1578.0086698030452,1855.9295975324017,0.6,0.8,-277.92092772935644,-0.20000000000000007
Newcastle United,Brentford,1,0,H,2023-2024,1659.7470373934375,1641.3224393777152,0.4,0.6,18.424598015722268,-0.19999999999999996
AFC Bournemouth,Chelsea,0,0,D,2023-2024,1473.6816907991254,1536.7195661022236,0.2,0.2,-63.03787530309819,0.0
Everton,Arsenal,0,1,A,2023-2024,1470.115805606664,1754.3755115504077,0.2,0.4,-284.2597059437437,-0.2
Nottingham Forest,Burnley,1,1,D,2023-2024,1530.4433836685616,1480.0389134690615,0.8,0.4,50.40447019950011,0.4
Crystal Palace,Fulham,0,0,D,2023-2024,1562.768016738658,1550.0399314250146,0.6,0.4,12.728085313643305,0.19999999999999996
Luton,Wolverhampton Wanderers,1,1,D,2023-2024,1440.6019755423206,1506.381906309113,0.0,0.2,-65.7799307667924,-0.2
Manchester City,Nottingham Forest,2,0,H,2023-2024,1860.9697107451254,1528.2823873374773,1.0,0.2,332.68732340764814,0.8
Brentford,Everton,1,3,A,2023-2024,1627.1171483937705,1465.2268554913103,0.4,0.2,161.89029290246026,0.2
Burnley,Manchester United,0,1,A,2023-2024,1482.1999098001459,1674.8589026977484,0.0,0.2,-192.6589928976025,-0.2
Arsenal,Tottenham Hotspur,2,2,D,2023-2024,1759.2644616657615,1660.9453101876773,0.6,0.6,98.31915147808422,0.0
Brighton and Hove Albion,AFC Bournemouth,3,1,H,2023-2024,1657.1861945360592,1476.3737784618777,0.6,0.2,180.81241607418156,0.39999999999999997
Chelsea,Aston Villa,0,1,A,2023-2024,1534.0274784394712,1653.724058409118,0.2,0.2,-119.69657996964679,0.0
Liverpool,West Ham United,3,1,H,2023-2024,1767.0641107099464,1572.9685565903214,0.8,0.4,194.09555411962492,0.4
Sheffield United,Newcastle United,0,8,A,2023-2024,1399.5223109675098,1673.9523283773822,0.2,0.2,-274.43001740987233,0.0
Aston Villa,Brighton and Hove Albion,6,1,H,2023-2024,1663.7515324196181,1665.0158333500056,1.0,0.6,-1.264300930387435,0.4
AFC Bournemouth,Arsenal,0,4,A,2023-2024,1468.5441396479314,1755.1294753442892,0.0,0.6,-286.5853356963578,-0.6
Everton,Luton,1,2,A,2023-2024,1486.7507672315946,1443.4084696343702,0.2,0.0,43.34229759722439,0.2
Manchester United,Crystal Palace,0,1,A,2023-2024,1682.3004316884258,1562.218746821858,0.8,0.2,120.08168486656768,0.6000000000000001
Newcastle United,Burnley,2,0,H,2023-2024,1679.0772713926494,1474.7583808094685,0.4,0.4,204.31889058318097,0.0
West Ham United,Sheffield United,2,0,H,2023-2024,1565.5732044217089,1394.3973679522426,0.6,0.2,171.17583646946628,0.39999999999999997
Wolverhampton Wanderers,Manchester City,2,1,H,2023-2024,1503.5754122170633,1864.8219727411283,0.4,0.8,-361.246560524065,-0.4
Tottenham Hotspur,Liverpool,2,1,H,2023-2024,1665.0802965091495,1774.459462878559,0.6,0.6,-109.3791663694094,0.0
Nottingham Forest,Brentford,1,1,D,2023-2024,1524.4301253414744,1605.5932366534862,0.8,0.6,-81.16311131201178,0.20000000000000007
Fulham,Chelsea,0,2,A,2023-2024,1550.5892013418145,1524.0000044289711,0.4,0.2,26.589196912843363,0.2
Luton,Tottenham Hotspur,0,1,A,2023-2024,1460.2700601354097,1684.6525116095584,0.0,0.6,-224.38245147414864,-0.6
Burnley,Chelsea,1,4,A,2023-2024,1467.686048583808,1540.145716467306,0.0,0.4,-72.45966788349801,-0.4
Everton,AFC Bournemouth,3,0,H,2023-2024,1469.8891767305552,1463.709726865833,0.2,0.0,6.1794498647220735,0.2
Fulham,Sheffield United,3,1,H,2023-2024,1534.4434893034795,1386.2425252958024,0.4,0.2,148.20096400767716,0.2
Manchester United,Brentford,2,1,H,2023-2024,1662.313111948201,1602.15152376219,0.6,0.4,60.16158818601093,0.19999999999999996
Crystal Palace,Nottingham Forest,0,0,D,2023-2024,1582.206066562083,1527.8718382327706,0.4,0.2,54.33422832931228,0.2
Brighton and Hove Albion,Liverpool,2,2,D,2023-2024,1649.9612493320253,1754.8872477781501,0.8,0.4,-104.92599844612482,0.4
West Ham United,Newcastle United,2,2,D,2023-2024,1573.728047078149,1686.1496036183098,0.8,0.2,-112.42155654016074,0.6000000000000001
Wolverhampton Wanderers,Aston Villa,1,1,D,2023-2024,1530.2422590904762,1678.8061164375983,0.4,0.4,-148.56385734712217,0.0
Arsenal,Manchester City,1,0,H,2023-2024,1759.9638881263875,1838.1551258677155,0.6,0.6,-78.191237741328,0.0
Liverpool,Everton,2,0,H,2023-2024,1750.4901026828027,1484.6224165623314,0.8,0.4,265.86768612047126,0.4
AFC Bournemouth,Wolverhampton Wanderers,1,2,A,2023-2024,1448.9764870340568,1536.291978252402,0.0,0.2,-87.31549121834519,-0.2
Brentford,Burnley,3,0,H,2023-2024,1589.7232559177344,1455.7698032358421,0.2,0.2,133.95345268189226,0.0
Manchester City,Brighton and Hove Albion,2,1,H,2023-2024,1819.8352003019143,1654.3583944273728,1.0,0.6,165.47680587454147,0.4
Newcastle United,Crystal Palace,4,0,H,2023-2024,1681.4585621932404,1579.8792076233976,0.6,0.4,101.57935456984274,0.19999999999999996
Nottingham Forest,Luton,2,2,D,2023-2024,1530.198697171456,1453.802846312759,0.6,0.25,76.39585085869703,0.35
Chelsea,Arsenal,2,2,D,2023-2024,1552.061961815272,1778.2838136921887,0.2,0.8,-226.22185187691662,-0.6000000000000001
Sheffield United,Manchester United,1,2,A,2023-2024,1377.2791200643426,1674.7413797926565,0.2,0.4,-297.46225972831394,-0.2
Aston Villa,West Ham United,4,1,H,2023-2024,1672.7563972756725,1578.4190885032185,1.0,0.4,94.33730877245398,0.6
Tottenham Hotspur,Fulham,2,0,H,2023-2024,1691.1197254322092,1543.4068945349393,0.8,0.2,147.7128308972699,0.6000000000000001
Crystal Palace,Tottenham Hotspur,1,2,A,2023-2024,1569.1439127261954,1700.1008018831412,0.2,0.6,-130.95688915694586,-0.39999999999999997
Chelsea,Brentford,0,2,A,2023-2024,1560.6483019137593,1599.2105045805583,0.2,0.4,-38.56220266679907,-0.2
Arsenal,Sheffield United,5,0,H,2023-2024,1769.6974735937015,1372.693269219705,0.6,0.0,397.0042043739966,0.6
AFC Bournemouth,Burnley,2,1,H,2023-2024,1437.6687913064852,1446.2825545730182,0.0,0.2,-8.613763266532942,-0.2
Wolverhampton Wanderers,Newcastle United,2,2,D,2023-2024,1547.5996739799737,1692.1938570904426,0.2,0.2,-144.59418311046898,0.0
West Ham United,Everton,0,1,A,2023-2024,1567.3947321340622,1479.284613503548,0.6,0.2,88.11011863051431,0.39999999999999997
Aston Villa,Luton,3,1,H,2023-2024,1683.7807536448288,1457.0489721214583,1.0,0.2,226.7317815233705,0.8
Brighton and Hove Albion,Fulham,1,1,D,2023-2024,1646.0072925469963,1534.4258180840072,0.6,0.2,111.58147446298904,0.39999999999999997
Liverpool,Nottingham Forest,3,0,H,2023-2024,1755.8279057415862,1526.9525713627565,0.8,0.2,228.87533437882962,0.6000000000000001
Manchester United,Manchester City,0,3,A,2023-2024,1679.3272306372942,1828.1863021822908,0.6,0.6,-148.8590715449966,0.0
Fulham,Manchester United,0,1,A,2023-2024,1539.084112825415,1670.387618357707,0.4,0.6,-131.30350553229187,-0.19999999999999996
Brentford,West Ham United,3,2,H,2023-2024,1612.5524434222266,1548.670217933746,0.2,0.4,63.88222548848057,-0.2
Burnley,Crystal Palace,0,2,A,2023-2024,1430.9107446949624,1559.5444130879964,0.0,0.4,-128.633668393034,-0.4
Everton,Brighton and Hove Albion,1,1,D,2023-2024,1498.0091277038641,1641.3489978055884,0.2,0.4,-143.33987010172427,-0.2
Manchester City,AFC Bournemouth,6,1,H,2023-2024,1837.125914461878,1453.0406011845407,1.0,0.0,384.08531327733726,1.0
Sheffield United,Wolverhampton Wanderers,2,1,H,2023-2024,1369.922937123035,1553.505228351607,0.0,0.4,-183.5822912285721,-0.4
Newcastle United,Arsenal,1,0,H,2023-2024,1686.2883027188093,1772.4678056903715,0.8,0.6,-86.17950297156221,0.20000000000000007
Nottingham Forest,Aston Villa,2,0,H,2023-2024,1520.6155971359685,1690.179624296006,0.4,0.4,-169.56402716003754,0.0
Luton,Liverpool,1,1,D,2023-2024,1450.650101470281,1762.1648799683742,0.0,0.4,-311.51477849809316,-0.4
Tottenham Hotspur,Chelsea,1,4,A,2023-2024,1709.7003015213402,1547.306363072091,0.8,0.4,162.39393844924916,0.4
Wolverhampton Wanderers,Tottenham Hotspur,2,1,H,2023-2024,1531.2429602840934,1688.158769936024,0.2,0.8,-156.91580965193066,-0.6000000000000001
Arsenal,Burnley,3,1,H,2023-2024,1753.8216112311372,1421.2237356665346,0.6,0.2,332.59787556460265,0.39999999999999997
Crystal Palace,Everton,2,3,A,2023-2024,1569.2314221164243,1503.8688579566492,0.2,0.4,65.36256415977505,-0.2
Manchester United,Luton,1,0,H,2023-2024,1679.9740978207321,1461.3697613922504,0.4,0.2,218.6043364284817,0.2
AFC Bournemouth,Newcastle United,2,0,H,2023-2024,1450.0775177677483,1704.9344971780436,0.2,0.2,-254.85697941029525,0.0
Aston Villa,Fulham,3,1,H,2023-2024,1668.3896792909588,1529.49763336239,1.0,0.0,138.8920459285689,1.0
Brighton and Hove Albion,Sheffield United,1,1,D,2023-2024,1635.4892675528033,1392.1852051905485,0.4,0.0,243.30406236225485,0.4
Liverpool,Brentford,3,0,H,2023-2024,1751.4452200464048,1624.8250918638596,1.0,0.4,126.62012818254516,0.6
West Ham United,Nottingham Forest,3,2,H,2023-2024,1536.397569492113,1542.4055421410158,0.4,0.2,-6.007972648902751,0.2
Chelsea,Manchester City,4,4,D,2023-2024,1568.847894657407,1840.0889978786704,0.2,0.6,-271.2411032212633,-0.39999999999999997
Manchester City,Liverpool,1,1,D,2023-2024,1830.2924193259837,1761.208409934125,1.0,0.4,69.08400939185867,0.6
Burnley,West Ham United,1,2,A,2023-2024,1417.369744501896,1551.6569286708982,0.0,0.4,-134.2871841690021,-0.4
Luton,Crystal Palace,2,1,H,2023-2024,1454.7322145076416,1551.4423203063477,0.0,0.4,-96.71010579870608,-0.4
Newcastle United,Chelsea,4,1,H,2023-2024,1680.5561267313094,1578.6444732100938,0.8,0.6,101.91165352121561,0.20000000000000007
Nottingham Forest,Brighton and Hove Albion,2,3,A,2023-2024,1527.1461829622306,1626.4210341985033,0.4,0.4,-99.27485123627275,0.0
Sheffield United,AFC Bournemouth,1,3,A,2023-2024,1401.2534385448484,1474.4558882144825,0.2,0.0,-73.202449669634,0.2
Brentford,Arsenal,0,1,A,2023-2024,1615.0619019761393,1757.6756023957757,0.4,0.6,-142.61370041963642,-0.19999999999999996
Tottenham Hotspur,Aston Villa,1,2,A,2023-2024,1666.8100775627995,1677.6934812386942,0.8,0.4,-10.88340367589467,0.4
Everton,Manchester United,0,3,A,2023-2024,1521.6579597667258,1686.611644705341,0.2,0.6,-164.9536849386152,-0.39999999999999997
Fulham,Wolverhampton Wanderers,3,2,H,2023-2024,1520.1938314146546,1552.591652657318,0.4,0.4,-32.39782124266344,0.0
Arsenal,Wolverhampton Wanderers,2,1,H,2023-2024,1766.8424606753038,1536.1969663273203,0.8,0.2,230.64549434798346,0.6000000000000001
Brentford,Luton,3,1,H,2023-2024,1605.8950436966113,1473.8029301419165,0.4,0.2,132.09211355469483,0.2
Burnley,Sheffield United,5,0,H,2023-2024,1407.8949536691828,1389.3678927626042,0.0,0.0,18.527060906578527,0.0
Nottingham Forest,Everton,0,1,A,2023-2024,1516.3192656948788,1513.2886983088874,0.2,0.6,3.0305673859913895,-0.39999999999999997
Newcastle United,Manchester United,1,0,H,2023-2024,1691.278238407133,1694.9809061631793,1.0,0.8,-3.7026677560463668,0.19999999999999996
AFC Bournemouth,Aston Villa,2,2,D,2023-2024,1486.3414339967267,1692.2237605594064,0.4,0.4,-205.88232656267974,0.0
Chelsea,Brighton and Hove Albion,3,2,H,2023-2024,1567.9223615342703,1637.247951465855,0.0,0.4,-69.32558993158477,-0.4
Liverpool,Fulham,4,3,H,2023-2024,1764.1523103457414,1536.5885177446523,1.0,0.0,227.56379260108906,1.0
West Ham United,Crystal Palace,1,1,D,2023-2024,1561.1317195036115,1532.3716046720729,0.4,0.4,28.760114831538658,0.0
Manchester City,Tottenham Hotspur,3,3,D,2023-2024,1827.3485189143673,1652.2797982420873,0.8,0.6,175.06872067228005,0.20000000000000007
Wolverhampton Wanderers,Burnley,1,0,H,2023-2024,1529.9107752221591,1422.095833460602,0.4,0.0,107.81494176155707,0.4
Luton,Arsenal,3,4,A,2023-2024,1464.2460387278047,1773.128651780465,0.2,0.6,-308.8826130526602,-0.39999999999999997
Brighton and Hove Albion,Brentford,2,1,H,2023-2024,1619.2940242915747,1615.451935110723,0.4,0.2,3.8420891808516444,0.2
Fulham,Nottingham Forest,5,0,H,2023-2024,1530.2137241224195,1501.188428901485,0.6,0.2,29.025295220934595,0.39999999999999997
Sheffield United,Liverpool,0,2,A,2023-2024,1375.167012971185,1770.5271039679742,0.2,0.2,-395.36009099678927,0.0
Crystal Palace,AFC Bournemouth,0,2,A,2023-2024,1533.6104503099252,1494.3176309019666,0.2,0.2,39.29281940795863,0.0
Aston Villa,Manchester City,1,0,H,2023-2024,1684.2475636541665,1820.3709750859955,1.0,0.4,-136.12341143182903,0.6
Manchester United,Chelsea,2,1,H,2023-2024,1679.8210551976854,1585.8762887085506,0.4,0.6,93.94476648913474,-0.19999999999999996
Everton,Newcastle United,3,0,H,2023-2024,1528.4195351022813,1706.4380893726268,0.2,0.2,-178.01855427034548,0.0
Tottenham Hotspur,West Ham United,1,2,A,2023-2024,1659.2573420704591,1559.8928738657592,0.6,0.4,99.36446820469996,0.19999999999999996
Crystal Palace,Liverpool,1,2,A,2023-2024,1516.9212385899893,1773.3213260536802,0.0,0.2,-256.40008746369085,-0.2
Brighton and Hove Albion,Burnley,1,1,D,2023-2024,1634.12815472896,1411.606706400341,0.4,0.0,222.52144832861904,0.4
Manchester United,AFC Bournemouth,0,3,A,2023-2024,1690.8611731751798,1511.0068426219025,0.6,0.4,179.85433055327735,0.19999999999999996
Sheffield United,Brentford,1,0,H,2023-2024,1372.372790885479,1600.6178046733378,0.2,0.2,-228.24501378785885,0.0
Wolverhampton Wanderers,Nottingham Forest,1,1,D,2023-2024,1540.3999022824203,1487.4386444854592,0.6,0.0,52.961257796961036,0.6
Aston Villa,Arsenal,1,0,H,2023-2024,1704.8411591708968,1777.4648955497005,1.0,0.6,-72.62373637880364,0.4
Everton,Chelsea,2,0,H,2023-2024,1550.4964811855598,1574.8361707310562,0.4,0.6,-24.339689545496412,-0.19999999999999996
Fulham,West Ham United,5,0,H,2023-2024,1543.9635085384452,1579.0695259578297,0.6,0.4,-35.10601741938444,0.19999999999999996
Luton,Manchester City,1,2,A,2023-2024,1459.9097949585691,1799.7773795692651,0.2,0.2,-339.867584610696,0.0
Tottenham Hotspur,Newcastle United,4,1,H,2023-2024,1640.0806899783886,1684.3611432893483,0.4,0.2,-44.28045331095973,0.2
Nottingham Forest,Tottenham Hotspur,0,2,A,2023-2024,1489.7076187206776,1656.9821466144247,0.2,0.4,-167.27452789374706,-0.2
Chelsea,Sheffield United,2,0,H,2023-2024,1558.7870575593035,1396.01766137846,0.2,0.0,162.76939618084361,0.2
Manchester City,Crystal Palace,2,2,D,2023-2024,1803.4929807085978,1511.340075058726,0.6,0.4,292.15290564987185,0.19999999999999996
Newcastle United,Fulham,3,0,H,2023-2024,1667.4596866533122,1560.4740199999171,1.0,0.0,106.98566665339513,1.0
Burnley,Everton,0,2,A,2023-2024,1420.0849804331378,1566.5455943573124,0.2,0.8,-146.4606139241746,-0.6000000000000001
Arsenal,Brighton and Hove Albion,2,0,H,2023-2024,1759.3743575279536,1625.649880696163,0.8,0.2,133.72447683179053,0.6000000000000001
Brentford,Aston Villa,1,2,A,2023-2024,1576.9729341803568,1722.9316971926437,0.6,0.4,-145.9587630122869,0.19999999999999996
West Ham United,Wolverhampton Wanderers,3,0,H,2023-2024,1562.5590144963578,1538.130928047202,0.4,0.2,24.4280864491559,0.2
Liverpool,Manchester United,0,0,D,2023-2024,1778.9024895849436,1668.7227659704163,1.0,0.8,110.17972361452735,0.19999999999999996
AFC Bournemouth,Luton,4,3,H,2023-2024,1533.1452498266663,1456.1941938192365,0.4,0.2,76.95105600742977,0.2
Crystal Palace,Brighton and Hove Albion,1,1,D,2023-2024,1521.6342273816226,1616.1540795258684,0.0,0.2,-94.51985214424576,-0.2
Aston Villa,Sheffield United,1,1,D,2023-2024,1731.9764380506626,1387.5723137243742,1.0,0.0,344.4041243262884,1.0
West Ham United,Manchester United,2,0,H,2023-2024,1576.5061036599443,1673.3263105511746,0.4,0.6,-96.82020689123033,-0.19999999999999996
Fulham,Burnley,0,2,A,2023-2024,1549.9523047574842,1411.0584805917651,0.8,0.0,138.89382416571902,0.8
Luton,Newcastle United,1,0,H,2023-2024,1444.4631592597245,1677.9814018957452,0.2,0.0,-233.51824263602066,0.2
Nottingham Forest,AFC Bournemouth,2,3,A,2023-2024,1481.4187379511186,1544.8762843861782,0.2,0.6,-63.45754643505961,-0.39999999999999997
Tottenham Hotspur,Everton,2,1,H,2023-2024,1665.2710273839837,1575.5720941986851,0.4,0.8,89.69893318529853,-0.4
Liverpool,Arsenal,1,1,D,2023-2024,1774.2989450041853,1768.8701586982484,0.8,0.4,5.42878630593691,0.4
Wolverhampton Wanderers,Chelsea,2,1,H,2023-2024,1524.1838388836154,1567.2324052133893,0.4,0.4,-43.04856632977385,0.0
Manchester City,Brentford,1,0,H,2023-2024,1793.198828385701,1567.9281933223378,0.4,0.2,225.27063506336322,0.2
Newcastle United,Nottingham Forest,1,3,A,2023-2024,1654.185816220418,1469.1283568550987,1.0,0.0,185.05745936531935,1.0
AFC Bournemouth,Fulham,3,0,H,2023-2024,1557.1666654821981,1529.2560410038675,0.6,0.0,27.910624478330647,0.6
Sheffield United,Luton,2,3,A,2023-2024,1398.9408940854075,1468.2587449350517,0.4,0.0,-69.31785084964417,0.4
Burnley,Liverpool,0,2,A,2023-2024,1431.7547443453818,1774.064584531523,0.2,0.4,-342.3098401861412,-0.2
Manchester United,Aston Villa,3,2,H,2023-2024,1654.251191929676,1720.6078576896293,0.6,0.4,-66.35666575995333,0.19999999999999996
Brentford,Wolverhampton Wanderers,1,4,A,2023-2024,1561.4868792581167,1541.032942002009,0.6,0.2,20.453937256107793,0.39999999999999997
Chelsea,Crystal Palace,2,1,H,2023-2024,1550.3833020949958,1525.617197397804,0.4,0.2,24.76610469719185,0.2
Everton,Manchester City,1,3,A,2023-2024,1564.3609004971825,1799.6401424499222,0.6,0.4,-235.27924195273977,0.19999999999999996
Brighton and Hove Albion,Tottenham Hotspur,4,2,H,2023-2024,1612.171109509687,1676.4822210854863,0.2,0.6,-64.31111157579926,-0.39999999999999997
Arsenal,West Ham United,0,2,A,2023-2024,1769.1045191709106,1595.581222281443,1.0,0.4,173.5232968894677,0.6
Luton,Chelsea,2,3,A,2023-2024,1480.3051389276393,1564.3158707387156,0.4,0.2,-84.01073181107631,0.2
Aston Villa,Burnley,3,2,H,2023-2024,1702.7773430724808,1428.0846687358771,0.8,0.2,274.69267433660366,0.6000000000000001
Crystal Palace,Brentford,3,1,H,2023-2024,1511.684628754084,1545.6048305716831,0.0,0.2,-33.920201817599036,-0.2
Manchester City,Sheffield United,2,0,H,2023-2024,1805.7948176342431,1386.89450009282,0.4,0.0,418.9003175414232,0.4
Wolverhampton Wanderers,Everton,3,0,H,2023-2024,1556.9149906884425,1558.2062253128615,0.6,0.8,-1.2912346244190758,-0.20000000000000007
Nottingham Forest,Manchester United,2,1,H,2023-2024,1491.4392840829003,1672.0817065468245,0.2,0.4,-180.64242246392428,-0.2
Fulham,Arsenal,2,1,H,2023-2024,1515.4584540760611,1747.1793673703494,0.6,0.4,-231.72091329428827,0.19999999999999996
Tottenham Hotspur,AFC Bournemouth,3,1,H,2023-2024,1658.7369692042005,1570.9642524100045,0.4,0.8,87.77271679419596,-0.4
Liverpool,Newcastle United,4,2,H,2023-2024,1777.7346601410277,1631.8748889926164,0.6,0.0,145.85977114841126,0.6
West Ham United,Brighton and Hove Albion,0,0,D,2023-2024,1617.5063740820042,1629.916361390973,0.6,0.2,-12.409987308968766,0.39999999999999997
Burnley,Luton,1,1,D,2023-2024,1422.9661475720004,1468.8630998549168,0.2,0.2,-45.896952282916345,0.0
Chelsea,Fulham,1,0,H,2023-2024,1575.7579098114381,1539.2029687005625,0.6,0.0,36.55494111087569,0.6
Newcastle United,Manchester City,2,3,A,2023-2024,1622.8265475565754,1808.2640790423402,0.8,0.6,-185.4375314857648,0.20000000000000007
Everton,Aston Villa,0,0,D,2023-2024,1543.150478489565,1707.8958642363575,0.4,0.4,-164.7453857467924,0.0
Manchester United,Tottenham Hotspur,2,2,D,2023-2024,1649.9170088371068,1670.026127011871,0.6,0.4,-20.109118174764262,0.19999999999999996
Arsenal,Crystal Palace,5,0,H,2023-2024,1723.434852745848,1528.1444463723087,0.8,0.2,195.29040637353933,0.6000000000000001
Brentford,Nottingham Forest,3,2,H,2023-2024,1529.1450129534585,1513.603981792618,0.4,0.2,15.541031160840475,0.2
Sheffield United,West Ham United,2,2,D,2023-2024,1384.425238684723,1618.0419285627947,0.4,0.6,-233.61668987807184,-0.19999999999999996
AFC Bournemouth,Liverpool,0,4,A,2023-2024,1559.675094602334,1786.7830015770687,0.8,0.6,-227.10790697473476,0.20000000000000007
Brighton and Hove Albion,Wolverhampton Wanderers,0,0,D,2023-2024,1629.3808069101824,1571.970737511739,0.4,0.2,57.41006939844351,0.2
Nottingham Forest,Arsenal,1,2,A,2023-2024,1499.2744949073676,1730.7919447349977,0.2,0.4,-231.51744982763012,-0.2
Fulham,Everton,0,0,D,2023-2024,1525.7753745259097,1549.7739794151444,0.8,0.6,-23.998604889234684,0.20000000000000007
Luton,Brighton and Hove Albion,4,0,H,2023-2024,1466.8930157763446,1626.924529847257,0.4,0.2,-160.0315140709124,0.2
Crystal Palace,Sheffield United,3,2,H,2023-2024,1520.787354383159,1393.2236128110872,0.2,0.0,127.56374157207188,0.2
Aston Villa,Newcastle United,1,3,A,2023-2024,1701.2723633107782,1615.1499791130163,0.8,0.0,86.1223841977619,0.8
Tottenham Hotspur,Brentford,3,2,H,2023-2024,1669.158914746142,1543.4744998387089,0.6,0.0,125.68441490743317,0.6
Manchester City,Burnley,3,1,H,2023-2024,1815.9406474858993,1424.9362316505726,0.4,0.2,391.00441583532665,0.2
Liverpool,Chelsea,4,1,H,2023-2024,1793.170979576895,1589.185503986091,0.6,0.2,203.98547559080407,0.39999999999999997
West Ham United,AFC Bournemouth,1,1,D,2023-2024,1609.2435544364305,1553.2871166025077,0.6,0.8,55.95643783392279,-0.20000000000000007
Wolverhampton Wanderers,Manchester United,3,4,A,2023-2024,1574.4270145746643,1650.7842211028358,0.8,0.2,-76.35720652817145,0.6000000000000001
Everton,Tottenham Hotspur,2,2,D,2023-2024,1548.7395210186328,1678.9576120044983,0.4,0.2,-130.2180909858655,0.2
Brighton and Hove Albion,Crystal Palace,4,1,H,2023-2024,1605.4658389488131,1530.5148046727566,0.4,0.0,74.95103427605659,0.4
Burnley,Fulham,2,2,D,2023-2024,1422.0778232962627,1526.8098329224213,0.2,0.0,-104.73200962615851,0.2
Newcastle United,Luton,4,4,D,2023-2024,1633.7938531750597,1488.3517066747884,0.6,0.2,145.4421465002713,0.39999999999999997
Sheffield United,Aston Villa,0,5,A,2023-2024,1383.4961625214896,1682.628489248735,0.2,0.4,-299.1323267272453,-0.2
AFC Bournemouth,Nottingham Forest,1,1,D,2023-2024,1555.6822766727469,1493.013208657855,0.6,0.2,62.669068014891764,0.39999999999999997
Chelsea,Wolverhampton Wanderers,2,4,A,2023-2024,1582.102792598437,1562.671550071182,0.8,0.2,19.43124252725488,0.6000000000000001
Manchester United,West Ham United,3,0,H,2023-2024,1662.539685606318,1606.8483943661913,0.6,0.6,55.6912912401267,0.0
Arsenal,Liverpool,3,1,H,2023-2024,1737.0532309845103,1800.253690964549,0.8,0.8,-63.20045998003866,0.0
Brentford,Manchester City,1,3,A,2023-2024,1533.6758025803526,1818.7990558402091,0.4,0.6,-285.1232532598565,-0.19999999999999996
Manchester City,Everton,2,0,H,2023-2024,1823.6676976747497,1554.1122382209062,0.6,0.4,269.55545945384347,0.19999999999999996
Fulham,AFC Bournemouth,3,1,H,2023-2024,1522.4203445480402,1553.0056017551508,0.6,0.6,-30.585257207110544,0.0
Liverpool,Burnley,3,1,H,2023-2024,1782.5548106238018,1426.4673116706438,0.6,0.2,356.08749895315805,0.39999999999999997
Luton,Sheffield United,1,3,A,2023-2024,1494.288166241942,1378.9475348639578,0.4,0.0,115.34063137798421,0.4
Tottenham Hotspur,Brighton and Hove Albion,2,1,H,2023-2024,1673.5848948022249,1617.2792227867444,0.8,0.0,56.30567201548047,0.8
Wolverhampton Wanderers,Brentford,0,2,A,2023-2024,1578.509590660811,1528.807160745812,0.6,0.0,49.7024299149989,0.6
Nottingham Forest,Newcastle United,2,3,A,2023-2024,1495.6898835754512,1627.857393607906,0.2,0.2,-132.16751003245486,0.0
West Ham United,Arsenal,0,6,A,2023-2024,1594.2323976504883,1754.7521113252574,0.4,0.4,-160.51971367476904,0.0
Aston Villa,Manchester United,1,2,A,2023-2024,1687.1771169062667,1675.155682322021,0.6,0.2,12.021434584245753,0.39999999999999997
Crystal Palace,Chelsea,1,3,A,2023-2024,1518.7014208348253,1566.264752008808,0.4,0.2,-47.56333117398276,0.2
Brentford,Liverpool,1,4,A,2023-2024,1545.938468037205,1785.9769749834754,0.4,0.8,-240.03850694627045,-0.4
Burnley,Arsenal,0,5,A,2023-2024,1423.0451473109702,1763.2762612455845,0.2,0.4,-340.2311139346143,-0.2
Fulham,Aston Villa,1,2,A,2023-2024,1538.7374157739127,1671.6583168729387,0.6,0.4,-132.92090109902597,0.19999999999999996
Newcastle United,AFC Bournemouth,2,2,D,2023-2024,1637.411458743987,1536.6885305292783,0.4,0.4,100.72292821470865,0.0
Nottingham Forest,West Ham United,2,0,H,2023-2024,1486.1358184393703,1585.7082477301612,0.2,0.4,-99.57242929079098,-0.2
Tottenham Hotspur,Wolverhampton Wanderers,1,2,A,2023-2024,1686.1750438758975,1561.378283369418,1.0,0.4,124.79676050647936,0.6
Manchester City,Chelsea,1,1,D,2023-2024,1828.9129845852158,1579.2240106383324,0.8,0.4,249.68897394688338,0.4
Sheffield United,Brighton and Hove Albion,0,5,A,2023-2024,1398.7519763614246,1604.6890737130718,0.2,0.0,-205.93709735164725,0.2
Luton,Manchester United,1,2,A,2023-2024,1474.4837247444752,1690.674482355349,0.4,0.4,-216.1907576108738,0.0
Everton,Crystal Palace,1,1,D,2023-2024,1548.86695131044,1505.742162205301,0.4,0.0,43.12478910513914,0.4
Liverpool,Luton,4,1,H,2023-2024,1791.9987083068431,1467.7740836845362,0.6,0.2,324.2246246223069,0.39999999999999997
Aston Villa,Nottingham Forest,4,2,H,2023-2024,1681.1841652178482,1505.3207514497415,0.4,0.2,175.86341376810674,0.2
Brighton and Hove Albion,Everton,1,1,D,2023-2024,1611.7111809185133,1547.0146074862266,0.6,0.2,64.69657343228664,0.39999999999999997
Crystal Palace,Burnley,3,0,H,2023-2024,1507.5945060295144,1419.3363532249655,0.4,0.2,88.2581528045489,0.2
Manchester United,Fulham,1,2,A,2023-2024,1697.384123415288,1529.2115674290033,0.6,0.0,168.1725559862848,0.6
AFC Bournemouth,Manchester City,0,1,A,2023-2024,1540.919225806536,1819.6717811976707,0.4,0.8,-278.7525553911348,-0.4
Arsenal,Newcastle United,4,1,H,2023-2024,1766.9850553315891,1633.1807634667293,0.8,0.4,133.8042918648598,0.4
Wolverhampton Wanderers,Sheffield United,1,0,H,2023-2024,1581.5458410637298,1391.7298691559831,0.4,0.2,189.81597190774664,0.2
West Ham United,Brentford,4,2,H,2023-2024,1566.52331471979,1539.9167347138373,0.4,0.2,26.606580005952765,0.2
Chelsea,Tottenham Hotspur,2,0,H,2023-2024,1588.4652140258775,1666.0074861815858,0.8,0.2,-77.54227215570836,0.6000000000000001
Brentford,Chelsea,2,2,D,2023-2024,1526.063192859408,1606.7584830073529,0.2,0.4,-80.69529014794489,-0.2
Everton,West Ham United,1,3,A,2023-2024,1549.7759404047365,1580.3768565742193,0.2,0.2,-30.600916169482844,0.0
Fulham,Brighton and Hove Albion,3,0,H,2023-2024,1550.9536608212925,1608.9498480000034,0.4,0.2,-57.9961871787109,0.2
Newcastle United,Wolverhampton Wanderers,3,0,H,2023-2024,1623.687943948351,1589.079324145648,0.2,0.6,34.60861980270306,-0.39999999999999997
Nottingham Forest,Liverpool,0,1,A,2023-2024,1497.3251522964572,1796.0175183317572,0.4,0.8,-298.6923660353,-0.4
Tottenham Hotspur,Crystal Palace,3,1,H,2023-2024,1647.7142172001104,1518.8639953507286,0.8,0.0,128.8502218493818,0.8
Luton,Aston Villa,2,3,A,2023-2024,1463.7552736596222,1689.1797643711325,0.4,0.6,-225.42449071151032,-0.19999999999999996
Burnley,AFC Bournemouth,0,2,A,2023-2024,1408.0668639037513,1535.899155271792,0.0,0.2,-127.83229136804084,-0.2
Manchester City,Manchester United,3,1,H,2023-2024,1824.6918517324145,1675.6420300229988,0.8,0.6,149.0498217094157,0.20000000000000007
Sheffield United,Arsenal,0,6,A,2023-2024,1384.196386074065,1776.4778748499675,0.2,0.6,-392.2814887759025,-0.39999999999999997
Manchester United,Everton,2,0,H,2023-2024,1666.7093072487555,1536.0936824675653,0.4,0.0,130.61562478119026,0.4
AFC Bournemouth,Sheffield United,2,2,D,2023-2024,1545.6164466166508,1381.356932447768,0.4,0.2,164.2595141688828,0.2
Crystal Palace,Luton,1,1,D,2023-2024,1509.1851609356077,1457.3184384160957,0.6,0.2,51.866722519511995,0.39999999999999997
Wolverhampton Wanderers,Fulham,2,1,H,2023-2024,1575.568575939454,1568.4345572607433,0.6,0.2,7.134018678710618,0.39999999999999997
Arsenal,Brentford,2,1,H,2023-2024,1779.3173284762645,1529.4857657047473,0.8,0.2,249.83156277151716,0.6000000000000001
Aston Villa,Tottenham Hotspur,0,4,A,2023-2024,1695.616599614659,1657.3930516152313,0.4,0.2,38.22354799942764,0.2
Brighton and Hove Albion,Nottingham Forest,1,0,H,2023-2024,1591.4689515605526,1492.7667427431566,0.4,0.2,98.70220881739601,0.2
West Ham United,Burnley,2,2,D,2023-2024,1594.0591145113906,1398.3495725588925,0.4,0.2,195.70954195249806,0.2
Liverpool,Manchester City,1,1,D,2023-2024,1800.5759278850578,1833.6245745066578,0.8,1.0,-33.04864662160003,-0.19999999999999996
Chelsea,Newcastle United,3,2,H,2023-2024,1603.3359101620135,1637.198692154545,0.8,0.4,-33.86278199253138,0.4
Burnley,Brentford,2,1,H,2023-2024,1406.0058699439521,1523.730787620732,0.0,0.2,-117.7249176767798,-0.2
Luton,Nottingham Forest,1,1,D,2023-2024,1459.541217146975,1481.9170055874556,0.2,0.2,-22.37578844048062,0.0
Fulham,Tottenham Hotspur,3,0,H,2023-2024,1553.7425143267312,1674.036668970332,0.6,0.2,-120.29415464360068,0.39999999999999997
West Ham United,Aston Villa,1,1,D,2023-2024,1586.402817126331,1678.9729822595584,0.2,0.6,-92.57016513322742,-0.39999999999999997
Arsenal,Chelsea,5,0,H,2023-2024,1785.07230656028,1619.7932722073938,0.8,0.4,165.27903435288613,0.4
Wolverhampton Wanderers,AFC Bournemouth,0,1,A,2023-2024,1590.260618873466,1539.009842802653,0.6,0.2,51.25077607081289,0.39999999999999997
Crystal Palace,Newcastle United,2,0,H,2023-2024,1506.9623822047283,1620.7413301091647,0.6,0.4,-113.77894790443634,0.19999999999999996
Everton,Liverpool,2,0,H,2023-2024,1526.4813545536842,1801.9984648083116,0.0,0.8,-275.51711025462737,-0.8
Manchester United,Sheffield United,4,2,H,2023-2024,1676.3216351626365,1387.9635362617657,0.6,0.2,288.3580989008708,0.39999999999999997
Brighton and Hove Albion,Manchester City,0,4,A,2023-2024,1602.3186887162535,1832.202037583404,0.6,0.8,-229.88334886715052,-0.20000000000000007
Newcastle United,West Ham United,4,3,H,2023-2024,1600.9974818063486,1590.3074313549585,0.2,0.4,10.690050451390107,-0.2
AFC Bournemouth,Everton,2,1,H,2023-2024,1556.2066061226992,1551.3829489841319,0.2,0.0,4.8236571385673415,0.2
Chelsea,Burnley,2,2,D,2023-2024,1611.4353077485478,1425.9024849489401,0.8,0.0,185.53282279960763,0.8
Nottingham Forest,Crystal Palace,1,1,D,2023-2024,1480.9522985509166,1526.7062305075444,0.4,0.0,-45.753931956627866,0.4
Sheffield United,Fulham,3,3,D,2023-2024,1383.1703648454743,1573.737991399419,0.0,0.2,-190.5676265539446,-0.2
Tottenham Hotspur,Luton,2,1,H,2023-2024,1654.0411918976442,1460.505924183514,0.8,0.2,193.5352677141302,0.6000000000000001
Aston Villa,Wolverhampton Wanderers,2,0,H,2023-2024,1675.068368030931,1573.06385555342,0.4,0.6,102.00451247751107,-0.19999999999999996
Brentford,Manchester United,1,1,D,2023-2024,1503.834172615744,1681.114806578928,0.2,0.6,-177.28063396318407,-0.39999999999999997
Liverpool,Brighton and Hove Albion,2,1,H,2023-2024,1777.096870377864,1596.0106695930133,0.8,0.2,181.0862007848507,0.6000000000000001
Manchester City,Arsenal,0,0,D,2023-2024,1838.5100567066443,1793.430271019126,0.8,0.8,45.079785687518324,0.0
Nottingham Forest,Fulham,3,1,H,2023-2024,1482.916314130683,1566.2470898473455,0.2,0.2,-83.3307757166624,0.0
Newcastle United,Everton,1,1,D,2023-2024,1615.5361008153923,1536.5911896236817,0.4,0.0,78.94491119171062,0.4
AFC Bournemouth,Crystal Palace,1,0,H,2023-2024,1570.9983654831494,1524.742214927778,0.2,0.0,46.256150555371505,0.2
Burnley,Wolverhampton Wanderers,1,1,D,2023-2024,1433.2290494857752,1562.3454265654943,0.2,0.4,-129.1163770797191,-0.2
West Ham United,Tottenham Hotspur,1,1,D,2023-2024,1575.7688123459147,1661.4545309516154,0.2,0.2,-85.68571860570069,0.0
Arsenal,Luton,2,0,H,2023-2024,1795.3656731058425,1453.0925851295428,1.0,0.0,342.2730879762996,1.0
Brentford,Brighton and Hove Albion,0,0,D,2023-2024,1510.8863267732625,1588.1901465725398,0.2,0.2,-77.30381979927733,0.0
Manchester City,Aston Villa,4,1,H,2023-2024,1836.5746546199277,1685.7867970188565,0.6,0.6,150.7878576010712,0.0
Liverpool,Sheffield United,3,1,H,2023-2024,1784.9173933983375,1390.6612663975477,0.8,0.2,394.2561270007898,0.6000000000000001
Chelsea,Manchester United,4,3,H,2023-2024,1604.1087432117126,1674.0626524214094,0.6,0.6,-69.9539092096968,0.0
Crystal Palace,Manchester City,2,4,A,2023-2024,1511.7275372589233,1845.444744286617,0.6,0.8,-333.7172070276936,-0.20000000000000007
Aston Villa,Brentford,3,3,D,2023-2024,1676.9167073521674,1514.169795702319,0.4,0.2,162.74691164984824,0.2
Everton,Burnley,1,0,H,2023-2024,1539.9420450407817,1438.560257135749,0.2,0.0,101.38178790503275,0.2
Fulham,Newcastle United,0,1,A,2023-2024,1547.7168461671097,1612.1852453982922,0.6,0.4,-64.4683992311825,0.19999999999999996
Luton,AFC Bournemouth,2,1,H,2023-2024,1449.4218280022067,1584.013043152004,0.2,0.4,-134.59121514979734,-0.2
Wolverhampton Wanderers,West Ham United,1,2,A,2023-2024,1557.0142189155206,1579.3949411562774,0.4,0.2,-22.380722240756768,0.2
Brighton and Hove Albion,Arsenal,0,3,A,2023-2024,1584.9066776434831,1799.0364302331786,0.4,0.8,-214.1297525896955,-0.4
Manchester United,Liverpool,2,2,D,2023-2024,1656.0826598312806,1787.7277603448742,0.6,0.6,-131.64510051359366,0.0
Sheffield United,Chelsea,2,2,D,2023-2024,1387.850899451011,1622.0887358018415,0.0,0.2,-234.23783635083055,-0.2
Tottenham Hotspur,Nottingham Forest,3,1,H,2023-2024,1657.8284021412528,1501.4465578109189,0.8,0.0,156.38184433033393,0.8
Newcastle United,Tottenham Hotspur,4,0,H,2023-2024,1624.4334308611922,1666.4986455296585,0.4,0.2,-42.0652146684663,0.2
Brentford,Sheffield United,2,0,H,2023-2024,1520.7236626514623,1396.6668457584465,0.0,0.2,124.05681689301582,-0.2
Burnley,Brighton and Hove Albion,1,1,D,2023-2024,1427.817120820138,1578.1350339604928,0.2,0.2,-150.3179131403549,0.0
Manchester City,Luton,5,1,H,2023-2024,1849.2771446210177,1469.958378641664,0.6,0.0,379.31876597935366,0.6
Nottingham Forest,Wolverhampton Wanderers,2,2,D,2023-2024,1492.7763144225132,1542.9791380800834,0.4,0.4,-50.20282365757021,0.0
AFC Bournemouth,Manchester United,2,2,D,2023-2024,1563.4764925125467,1661.5090027518522,0.4,0.4,-98.03251023930557,0.0
Liverpool,Crystal Palace,0,1,A,2023-2024,1782.3014174243026,1507.8951369245226,0.8,0.0,274.40628049978,0.8
West Ham United,Fulham,0,2,A,2023-2024,1593.4300219917145,1535.4686607042097,0.2,0.2,57.961361287504815,0.0
Arsenal,Aston Villa,0,2,A,2023-2024,1805.808073916169,1670.3628404030242,1.0,0.6,135.44523351314479,0.4
Chelsea,Everton,6,0,H,2023-2024,1613.272789494406,1550.6851813563926,0.6,0.0,62.587608138013366,0.6
Luton,Brentford,1,5,A,2023-2024,1466.92121205383,1530.5842800843348,0.2,0.2,-63.663068030504746,0.0
Sheffield United,Burnley,1,4,A,2023-2024,1386.806228325574,1433.930121040716,0.0,0.0,-47.12389271514189,0.0
Wolverhampton Wanderers,Arsenal,0,2,A,2023-2024,1540.8266675522952,1785.239704469656,0.4,0.8,-244.41303691736084,-0.4
Everton,Nottingham Forest,2,0,H,2023-2024,1538.358451213473,1494.9287849503014,0.4,0.0,43.42966626317161,0.4
Aston Villa,AFC Bournemouth,3,1,H,2023-2024,1690.931209849537,1567.600041357055,0.4,0.4,123.33116849248199,0.0
Crystal Palace,West Ham United,5,2,H,2023-2024,1532.7696132367191,1575.9505880015408,0.4,0.4,-43.18097476482171,0.0
Fulham,Liverpool,1,3,A,2023-2024,1552.9480946943834,1757.426941112106,0.6,0.4,-204.4788464177227,0.19999999999999996
Tottenham Hotspur,Manchester City,0,2,A,2023-2024,1649.6913664388212,1852.3143112088517,0.8,0.8,-202.62294477003047,0.0
Brighton and Hove Albion,Chelsea,1,2,A,2023-2024,1572.0220337399148,1625.5995196373256,0.4,0.2,-53.577485897410725,0.2
Manchester United,Newcastle United,3,2,H,2023-2024,1657.3854539073438,1641.2407099520294,0.6,0.4,16.144743955314425,0.19999999999999996
West Ham United,Liverpool,2,2,D,2023-2024,1559.0958554867314,1764.4942976700293,0.2,0.6,-205.3984421832979,-0.39999999999999997
Fulham,Crystal Palace,1,1,D,2023-2024,1545.8807381364602,1549.6243457515286,0.4,0.2,-3.743607615068413,0.2
Manchester United,Burnley,1,1,D,2023-2024,1671.6889305435643,1446.9080037856588,0.6,0.2,224.7809267579055,0.39999999999999997
Newcastle United,Sheffield United,5,1,H,2023-2024,1626.937233315809,1373.828345580631,0.6,0.0,253.10888773517786,0.6
Wolverhampton Wanderers,Luton,2,1,H,2023-2024,1534.9252220513836,1454.6394135803969,0.4,0.0,80.2858084709867,0.4
Everton,Brentford,1,0,H,2023-2024,1551.493146917528,1542.8660785577679,0.6,0.2,8.627068359760187,0.39999999999999997
Aston Villa,Chelsea,2,2,D,2023-2024,1700.8194980500693,1638.3045564407696,0.6,0.2,62.51494160929974,0.39999999999999997
AFC Bournemouth,Brighton and Hove Albion,3,0,H,2023-2024,1557.7117531565227,1559.3169969364708,0.4,0.2,-1.6052437799480685,0.2
Tottenham Hotspur,Arsenal,2,3,A,2023-2024,1642.5661303549355,1791.1411499705678,0.6,0.8,-148.5750196156323,-0.20000000000000007
Nottingham Forest,Manchester City,0,2,A,2023-2024,1481.7940892462464,1859.4395472927374,0.4,0.8,-377.64545804649106,-0.4
Luton,Everton,1,1,D,2023-2024,1443.045223575689,1566.1207629659025,0.2,0.0,-123.07553939021341,0.2
Arsenal,AFC Bournemouth,3,0,H,2023-2024,1800.0910272893998,1572.7810566083558,0.8,0.4,227.30997068104398,0.4
Brentford,Fulham,0,0,D,2023-2024,1528.2384625093935,1546.0423564147927,0.2,0.4,-17.803893905399264,-0.2
Burnley,Newcastle United,1,4,A,2023-2024,1455.4524189787953,1632.6049765943342,0.2,0.2,-177.15255761553885,0.0
Sheffield United,Nottingham Forest,1,3,A,2023-2024,1368.1606023021059,1478.7305282203085,0.0,0.0,-110.56992591820267,0.0
Manchester City,Wolverhampton Wanderers,5,1,H,2023-2024,1862.5031083186752,1546.5194120560914,0.6,0.2,315.98369626258386,0.39999999999999997
Brighton and Hove Albion,Aston Villa,1,0,H,2023-2024,1544.2476934846377,1698.1492659276494,0.2,0.6,-153.90157244301167,-0.39999999999999997
Chelsea,West Ham United,5,0,H,2023-2024,1640.9747885631896,1567.0570573396433,0.8,0.4,73.9177312235463,0.4
Liverpool,Tottenham Hotspur,4,2,H,2023-2024,1756.5330958171173,1633.6162530361034,0.6,0.2,122.91684278101388,0.39999999999999997
Crystal Palace,Manchester United,4,0,H,2023-2024,1549.462727473196,1663.1445153504278,0.6,0.2,-113.68178787723173,0.39999999999999997
Fulham,Manchester City,0,4,A,2023-2024,1545.2743726301294,1866.6899115551196,0.4,0.8,-321.4155389249902,-0.4
AFC Bournemouth,Brentford,1,2,A,2023-2024,1566.3989248171472,1529.0064462940568,0.6,0.2,37.3924785230904,0.39999999999999997
Everton,Sheffield United,1,0,H,2023-2024,1561.0188083329638,1357.77940125449,0.8,0.0,203.23940707847373,0.8
Newcastle United,Brighton and Hove Albion,1,1,D,2023-2024,1640.55713047046,1565.4891718309955,0.8,0.0,75.06795863946445,0.8
Tottenham Hotspur,Burnley,2,1,H,2023-2024,1623.7121478833465,1447.5002651026696,0.6,0.2,176.2118827806769,0.39999999999999997
West Ham United,Luton,3,1,H,2023-2024,1555.2010487785321,1448.1471782086278,0.0,0.0,107.05387056990435,0.0
Wolverhampton Wanderers,Crystal Palace,1,3,A,2023-2024,1542.332608819647,1569.2028002565658,0.4,0.2,-26.87019143691873,0.2
Nottingham Forest,Chelsea,2,3,A,2023-2024,1489.1117292679244,1652.8307971243007,0.2,0.2,-163.71906785637634,0.0
Manchester United,Arsenal,0,1,A,2023-2024,1643.4044425670581,1806.4731590806084,0.6,0.8,-163.06871651355027,-0.20000000000000007
Aston Villa,Liverpool,3,3,D,2023-2024,1676.9077875812916,1766.4372009698743,0.4,0.4,-89.52941338858273,0.0
Arsenal,Everton,2,1,H,2023-2024,1814.9080555470605,1568.1247828309538,0.8,0.0,246.7832727161067,0.8
Brentford,Newcastle United,2,4,A,2023-2024,1545.6146050669954,1637.3656944463446,0.2,0.4,-91.7510893793492,-0.2
Brighton and Hove Albion,Manchester United,0,2,A,2023-2024,1568.6806078551108,1634.969546100606,0.4,0.0,-66.28893824549527,0.4
Burnley,Nottingham Forest,1,2,A,2023-2024,1439.5164245507983,1480.6995135625962,0.2,0.2,-41.18308901179785,0.0
Chelsea,AFC Bournemouth,2,1,H,2023-2024,1661.243012829629,1549.7907660442086,0.8,0.4,111.45224678542036,0.4
Crystal Palace,Aston Villa,5,0,H,2023-2024,1583.045028232613,1680.6897412163441,0.6,0.4,-97.6447129837311,0.19999999999999996
Liverpool,Wolverhampton Wanderers,2,0,H,2023-2024,1762.6552473348218,1528.4903808435997,0.6,0.0,234.16486649122203,0.6
Luton,Fulham,2,4,A,2023-2024,1437.628144946309,1541.198948498806,0.2,0.2,-103.57080355249695,0.0
Manchester City,West Ham United,3,1,H,2023-2024,1870.765335686443,1565.720082040851,0.8,0.4,305.0452536455921,0.4
Sheffield United,Tottenham Hotspur,0,3,A,2023-2024,1350.6734267565,1631.6959884352177,0.0,0.2,-281.0225616787177,-0.2
Manchester United,Fulham,1,0,H,2024-2025,1647.1418514999068,1551.855345021736,0.4,0.4,95.28650647817085,0.0
Ipswich Town,Liverpool,0,2,A,2024-2025,1500.0,1768.8413634262117,0.0,0.2,-268.84136342621173,-0.2
Arsenal,Wolverhampton Wanderers,2,0,H,2024-2025,1820.7450877931174,1522.3042647522097,0.8,0.0,298.4408230409076,0.8
Everton,Brighton and Hove Albion,0,3,A,2024-2025,1562.287750584897,1556.50830245581,1.0,0.0,5.779448129086859,1.0
Newcastle United,Southampton,1,0,H,2024-2025,1648.4940665880433,1412.4054734989907,0.6,0.0,236.08859308905267,0.6
Nottingham Forest,AFC Bournemouth,1,1,D,2024-2025,1493.9297774415504,1539.444019072517,0.2,0.2,-45.51424163096658,0.0
West Ham United,Aston Villa,1,2,A,2024-2025,1561.301252250107,1661.581674404366,0.2,0.2,-100.28042215425899,0.0
Brentford,Crystal Palace,2,1,H,2024-2025,1534.4862329252967,1602.1530950445913,0.2,0.4,-67.66686211929459,-0.2
Chelsea,Manchester City,0,2,A,2024-2025,1671.5897598013205,1875.184165477187,0.8,1.0,-203.59440567586648,-0.19999999999999996
Leicester City,Tottenham Hotspur,1,1,D,2024-2025,1500.0556599150216,1636.661674788906,0.4,0.2,-136.60601487388453,0.2
Brighton and Hove Albion,Manchester United,2,1,H,2024-2025,1571.75779827688,1658.1281341375454,0.2,0.2,-86.37033586066536,0.0
Crystal Palace,West Ham United,0,2,A,2024-2025,1584.2680679486543,1550.5143564629134,0.8,0.2,33.75371148574095,0.6000000000000001
Fulham,Leicester City,2,1,H,2024-2025,1540.8690623840973,1505.6671844086532,0.2,0.0,35.20187797544418,0.2
Manchester City,Ipswich Town,4,1,H,2024-2025,1882.2790642220327,1494.7368975710979,0.8,0.0,387.54216665093486,0.8
Southampton,Nottingham Forest,0,1,A,2024-2025,1406.2735588696612,1495.8836212495721,0.0,0.4,-89.61006237991091,-0.4
Tottenham Hotspur,Everton,4,0,H,2024-2025,1631.0501502952745,1547.038254763827,0.6,0.0,84.01189553144764,0.6
Aston Villa,Arsenal,0,2,A,2024-2025,1672.3685701915595,1825.3090977989855,0.4,0.8,-152.94052760742602,-0.4
AFC Bournemouth,Newcastle United,1,1,D,2024-2025,1537.4901752644953,1654.6259812173728,0.6,0.6,-117.13580595287749,0.0
Wolverhampton Wanderers,Chelsea,2,6,A,2024-2025,1517.7402547463416,1664.4948610564747,0.2,0.4,-146.7546063101331,-0.2
Liverpool,Brentford,2,0,H,2024-2025,1774.1044658551139,1552.3712600212336,0.8,0.4,221.73320583388022,0.4
Arsenal,Brighton and Hove Albion,1,1,D,2024-2025,1834.101966758666,1590.411743799787,0.8,0.2,243.69022295887908,0.6000000000000001
Brentford,Southampton,3,1,H,2024-2025,1545.8263451873695,1395.0587728676908,0.4,0.0,150.76757231967872,0.4
Everton,AFC Bournemouth,2,3,A,2024-2025,1535.5962631061766,1542.3640540504157,0.8,0.0,-6.7677909442390956,0.8
Ipswich Town,Fulham,1,1,D,2024-2025,1491.82653088933,1554.3544543720627,0.0,0.4,-62.52792348273283,-0.4
Leicester City,Aston Villa,1,2,A,2024-2025,1492.1817924206878,1663.5757012318788,0.4,0.4,-171.39390881119107,0.0
Nottingham Forest,Wolverhampton Wanderers,1,1,D,2024-2025,1507.0984072515425,1508.7244310482113,0.2,0.0,-1.6260237966687328,0.2
West Ham United,Manchester City,1,3,A,2024-2025,1566.967053864369,1885.1894309038007,0.2,1.0,-318.22237703943165,-0.8
Chelsea,Crystal Palace,1,1,D,2024-2025,1673.510684754605,1567.8153705471987,0.8,0.4,105.69531420740645,0.4
Newcastle United,Tottenham Hotspur,2,1,H,2024-2025,1649.7521024314524,1642.4921419529248,0.6,0.2,7.259960478527546,0.39999999999999997
Manchester United,Liverpool,0,3,A,2024-2025,1639.4741886146385,1780.649380688978,0.4,0.4,-141.17519207433952,0.0
Southampton,Manchester United,0,3,A,2024-2025,1386.187953656976,1630.2545320953807,0.0,0.2,-244.06657843840458,-0.2
Brighton and Hove Albion,Ipswich Town,0,0,D,2024-2025,1599.490548706656,1494.49730571957,0.4,0.0,104.99324298708598,0.4
Crystal Palace,Leicester City,2,2,D,2024-2025,1572.242855755145,1484.0344019103147,0.6,0.0,88.20845384483027,0.6
Fulham,West Ham United,1,1,D,2024-2025,1551.6836795418226,1562.8264602449578,0.2,0.4,-11.142780703135259,-0.2
Liverpool,Nottingham Forest,0,1,A,2024-2025,1789.8690372082358,1507.1686078294144,0.8,0.6,282.70042937882135,0.20000000000000007
Manchester City,Brentford,2,1,H,2024-2025,1889.330024523212,1554.6971643980842,1.0,0.4,334.63286012512776,0.6
Aston Villa,Everton,3,2,H,2024-2025,1671.7230917422519,1520.8884151781715,0.2,0.0,150.83467656408038,0.2
AFC Bournemouth,Chelsea,0,1,A,2024-2025,1557.0719019784208,1669.0831995466588,0.4,0.6,-112.01129756823798,-0.19999999999999996
Tottenham Hotspur,Arsenal,0,1,A,2024-2025,1627.8055340309631,1825.023161851797,0.6,1.0,-197.21762782083397,-0.4
Wolverhampton Wanderers,Newcastle United,1,2,A,2024-2025,1508.6542304703394,1664.438710353414,0.2,0.6,-155.7844798830747,-0.39999999999999997
West Ham United,Chelsea,0,3,A,2024-2025,1562.3455526039302,1679.4081439893673,0.2,0.8,-117.06259138543714,-0.6000000000000001
Aston Villa,Wolverhampton Wanderers,3,1,H,2024-2025,1680.591497735044,1499.962773901458,0.4,0.0,180.62872383358604,0.4
Fulham,Newcastle United,3,1,H,2024-2025,1552.1645871828503,1673.1301669222955,0.2,0.6,-120.96557973944527,-0.39999999999999997
Leicester City,Everton,1,1,D,2024-2025,1487.7628995554105,1512.0200091853794,0.2,0.0,-24.25710962996891,0.2
Liverpool,AFC Bournemouth,3,0,H,2024-2025,1764.794829982441,1546.7469575357122,0.6,0.2,218.04787244672866,0.39999999999999997
Southampton,Ipswich Town,1,1,D,2024-2025,1380.277048014057,1498.8971043660679,0.0,0.0,-118.6200563520108,0.0
Tottenham Hotspur,Brentford,3,1,H,2024-2025,1620.5098711593093,1550.8823492859528,0.4,0.4,69.6275218733565,0.0
Crystal Palace,Manchester United,0,0,D,2024-2025,1568.5143581100492,1636.1654377382997,0.6,0.4,-67.6510796282505,0.19999999999999996
Brighton and Hove Albion,Nottingham Forest,2,2,D,2024-2025,1595.0907500601581,1532.2428150552093,0.4,0.8,62.847935004948795,-0.4
Manchester City,Arsenal,2,2,D,2024-2025,1893.1448396353433,1832.318824723451,1.0,1.0,60.826014911892344,0.0
Newcastle United,Manchester City,1,1,D,2024-2025,1653.1089337432995,1890.5452742365626,0.8,1.0,-237.43634049326306,-0.19999999999999996
Arsenal,Leicester City,4,2,H,2024-2025,1834.9183901222316,1488.8084648469883,0.6,0.0,346.1099252752433,0.6
Brentford,West Ham United,1,1,D,2024-2025,1538.8488042373915,1552.2166039886822,0.6,0.2,-13.367799751290704,0.39999999999999997
Chelsea,Brighton and Hove Albion,4,2,H,2024-2025,1689.5370926046153,1592.40659941979,0.6,0.2,97.13049318482535,0.39999999999999997
Everton,Crystal Palace,2,1,H,2024-2025,1510.9744438938017,1571.398729021682,0.6,0.4,-60.42428512788024,0.19999999999999996
Nottingham Forest,Fulham,0,1,A,2024-2025,1534.9269656955776,1572.1858203618463,0.0,0.4,-37.25885466626869,-0.4
Wolverhampton Wanderers,Liverpool,1,2,A,2024-2025,1492.127015114797,1771.4489492565306,0.2,0.6,-279.32193414173366,-0.39999999999999997
Ipswich Town,Aston Villa,2,2,D,2024-2025,1493.9659904971236,1688.427256521705,0.0,0.6,-194.4612660245814,-0.6
Manchester United,Tottenham Hotspur,0,3,A,2024-2025,1633.281066826667,1632.5434162078707,0.4,0.2,0.7376506187963514,0.2
AFC Bournemouth,Southampton,3,1,H,2024-2025,1540.0928382616225,1385.2081618830014,0.2,0.0,154.88467637862118,0.2
Crystal Palace,Liverpool,0,1,A,2024-2025,1553.8159901374656,1776.4553342157908,0.4,0.6,-222.63934407832517,-0.19999999999999996
Arsenal,Southampton,3,1,H,2024-2025,1838.5185842570404,1376.4846942011138,0.8,0.0,462.0338900559266,0.8
Brentford,Wolverhampton Wanderers,5,3,H,2024-2025,1539.4256539226353,1487.1206301555367,0.4,0.0,52.305023767098646,0.4
Leicester City,AFC Bournemouth,1,0,H,2024-2025,1485.2082707121795,1548.81630594351,0.2,0.2,-63.60803523133063,0.0
Manchester City,Fulham,3,2,H,2024-2025,1881.6394264647704,1585.5833645198338,0.8,0.4,296.0560619449366,0.4
West Ham United,Ipswich Town,4,1,H,2024-2025,1551.6397543034384,1501.5823629353497,0.2,0.0,50.0573913680887,0.2
Everton,Newcastle United,0,0,D,2024-2025,1528.557182778018,1662.0147815150917,0.6,0.6,-133.4575987370738,0.0
Aston Villa,Manchester United,0,0,D,2024-2025,1680.8108840834789,1618.2492199372937,0.4,0.4,62.561664146185194,0.0
Chelsea,Nottingham Forest,1,1,D,2024-2025,1700.4495695895207,1521.52942153759,0.6,0.8,178.9201480519307,-0.20000000000000007
Brighton and Hove Albion,Tottenham Hotspur,3,2,H,2024-2025,1581.4941224348845,1647.575263097244,0.4,0.4,-66.08114066235953,0.0
Tottenham Hotspur,West Ham United,4,1,H,2024-2025,1629.7562219981228,1564.493433669931,0.6,0.2,65.26278832819185,0.39999999999999997
Fulham,Aston Villa,1,3,A,2024-2025,1580.9659784414962,1678.1386987570174,0.4,0.4,-97.17272031552125,0.0
Ipswich Town,Everton,0,2,A,2024-2025,1488.7286835688572,1534.0514081871702,0.0,0.0,-45.32272461831303,0.0
Manchester United,Brentford,2,1,H,2024-2025,1620.921405263755,1552.184371202087,0.2,0.2,68.73703406166806,0.0
Newcastle United,Brighton and Hove Albion,0,1,A,2024-2025,1656.5205561059395,1599.3131635340058,0.6,0.2,57.207392571933724,0.39999999999999997
Southampton,Leicester City,2,3,A,2024-2025,1374.5228491371456,1502.9241742382812,0.0,0.0,-128.40132510113563,0.0
AFC Bournemouth,Arsenal,2,0,H,2024-2025,1531.1004024174083,1840.4804293210086,0.4,0.8,-309.3800269036003,-0.4
Wolverhampton Wanderers,Manchester City,1,2,A,2024-2025,1474.361912876085,1886.256812543108,0.2,0.8,-411.8948996670231,-0.6000000000000001
Liverpool,Chelsea,2,1,H,2024-2025,1782.9735969795856,1693.3424000171394,0.8,0.8,89.63119696244621,0.0
Nottingham Forest,Crystal Palace,1,0,H,2024-2025,1528.6365911099713,1547.2977273736708,0.0,0.2,-18.661136263699518,-0.2
Leicester City,Nottingham Forest,1,3,A,2024-2025,1512.6199579404624,1544.4414832692087,0.4,0.6,-31.821525328746247,-0.19999999999999996
Aston Villa,AFC Bournemouth,1,1,D,2024-2025,1689.0494880835283,1556.7747693504928,0.4,0.2,132.27471873303557,0.2
Brentford,Ipswich Town,4,3,H,2024-2025,1540.1138656703386,1475.6743986282647,0.6,0.0,64.43946704207383,0.6
Brighton and Hove Albion,Wolverhampton Wanderers,2,2,D,2024-2025,1616.7609241576197,1471.7997182174608,0.4,0.0,144.96120594015883,0.4
Manchester City,Southampton,1,0,H,2024-2025,1888.8190072017321,1364.8270654349644,0.8,0.0,523.9919417667677,0.8
Everton,Fulham,1,1,D,2024-2025,1547.1056931277626,1570.0551891149853,0.4,0.4,-22.94949598722269,0.0
Chelsea,Newcastle United,2,1,H,2024-2025,1682.128468350933,1639.0727954823255,0.4,0.4,43.05567286860742,0.0
Crystal Palace,Tottenham Hotspur,1,0,H,2024-2025,1531.4928352144334,1641.9712791467568,0.2,0.4,-110.47844393232344,-0.2
West Ham United,Manchester United,2,1,H,2024-2025,1552.2783765212969,1632.9919107955036,0.4,0.4,-80.71353427420672,0.0
Arsenal,Liverpool,2,2,D,2024-2025,1814.8060623879242,1794.187528645792,0.8,0.8,20.61853374213206,0.0
Newcastle United,Arsenal,1,0,H,2024-2025,1625.9222007514447,1813.9169322697392,0.4,0.6,-187.99473151829443,-0.19999999999999996
AFC Bournemouth,Manchester City,2,1,H,2024-2025,1562.2247222241058,1890.219800736465,0.4,0.8,-327.9950785123592,-0.4
Ipswich Town,Leicester City,1,1,D,2024-2025,1463.425006083077,1498.9899748901644,0.0,0.2,-35.564968807087325,-0.2
Liverpool,Brighton and Hove Albion,2,1,H,2024-2025,1795.076658763977,1610.841985823994,0.8,0.4,184.23467293998306,0.4
Nottingham Forest,West Ham United,3,0,H,2024-2025,1558.0714663195067,1570.7016960124724,0.2,0.2,-12.630229692965713,0.0
Southampton,Everton,1,0,H,2024-2025,1363.4262719002315,1548.095064017521,0.0,0.2,-184.6687921172895,-0.2
Wolverhampton Wanderers,Crystal Palace,2,2,D,2024-2025,1477.7186565510865,1551.1080587617803,0.0,0.2,-73.38940221069379,-0.2
Tottenham Hotspur,Aston Villa,4,1,H,2024-2025,1622.35605559941,1683.5995352099153,0.8,0.6,-61.24347961050535,0.20000000000000007
Manchester United,Chelsea,1,1,D,2024-2025,1614.568591304328,1695.2790630818138,0.4,0.8,-80.71047177748574,-0.4
Fulham,Brentford,2,1,H,2024-2025,1569.0658182252268,1552.3632582155262,0.4,0.2,16.70256000970062,0.2
Brentford,AFC Bournemouth,3,2,H,2024-2025,1538.0838106947679,1588.2808551816504,0.8,0.2,-50.19704448688253,0.6000000000000001
Crystal Palace,Fulham,0,2,A,2024-2025,1547.98588197787,1583.3452657459852,0.2,0.2,-35.35938376811532,0.0
West Ham United,Everton,0,0,D,2024-2025,1555.1566452409322,1525.7969376941537,0.4,0.2,29.35970754677851,0.2
Wolverhampton Wanderers,Southampton,2,0,H,2024-2025,1480.840833334997,1385.7243982235989,0.0,0.0,95.116435111398,0.0
Brighton and Hove Albion,Manchester City,2,1,H,2024-2025,1603.12579778351,1864.1636677789204,0.4,0.6,-261.03786999541035,-0.19999999999999996
Liverpool,Aston Villa,2,0,H,2024-2025,1802.792846804461,1665.9824913813509,0.8,0.6,136.8103554231102,0.20000000000000007
Manchester United,Leicester City,3,0,H,2024-2025,1617.991785463241,1497.4598524566388,0.4,0.2,120.53193300660223,0.2
Nottingham Forest,Newcastle United,1,3,A,2024-2025,1573.616517091047,1648.329416403351,0.4,0.2,-74.71289931230399,0.2
Tottenham Hotspur,Ipswich Town,1,2,A,2024-2025,1639.9730994279744,1464.9551285166026,0.8,0.0,175.01797091137178,0.8
Chelsea,Arsenal,1,1,D,2024-2025,1691.8558689229008,1791.509716617833,0.4,0.4,-99.65384769493221,0.0
Leicester City,Chelsea,1,2,A,2024-2025,1487.4644545926833,1696.0440432250532,0.2,0.6,-208.5795886323699,-0.39999999999999997
Arsenal,Nottingham Forest,3,0,H,2024-2025,1787.3215423156805,1561.7933147112335,0.6,0.6,225.528227604447,0.0
Aston Villa,Crystal Palace,2,2,D,2024-2025,1656.60160162622,1534.5072204214084,0.4,0.0,122.0943812048115,0.4
AFC Bournemouth,Brighton and Hove Albion,1,2,A,2024-2025,1571.128629023534,1627.6649005437566,0.6,0.4,-56.536271520222726,0.19999999999999996
Everton,Brentford,0,0,D,2024-2025,1527.061489567601,1555.2360368528844,0.2,0.0,-28.174547285283325,0.2
Fulham,Wolverhampton Wanderers,1,4,A,2024-2025,1596.8239273024467,1491.8339337105156,0.6,0.0,104.98999359193112,0.6
Manchester City,Tottenham Hotspur,0,4,A,2024-2025,1839.6245650186738,1617.9972726555973,0.8,0.2,221.62729236307655,0.6000000000000001
Southampton,Liverpool,2,3,A,2024-2025,1374.7312978480802,1812.173736559592,0.2,0.8,-437.44243871151184,-0.6000000000000001
Ipswich Town,Manchester United,1,1,D,2024-2025,1486.9309552889797,1627.9871833271966,0.0,0.2,-141.0562280382169,-0.2
Newcastle United,West Ham United,0,2,A,2024-2025,1660.1526187831646,1553.892093367485,0.6,0.2,106.2605254156797,0.39999999999999997
Brighton and Hove Albion,Southampton,1,1,D,2024-2025,1640.2453518365458,1372.49337142455,0.4,0.0,267.75198041199565,0.4
Brentford,Leicester City,4,1,H,2024-2025,1554.0223032268368,1480.5238298357158,0.8,0.2,73.49847339112102,0.6000000000000001
Crystal Palace,Newcastle United,1,1,D,2024-2025,1539.5716797054183,1640.7028681381396,0.2,0.4,-101.13118843272127,-0.2
Nottingham Forest,Ipswich Town,1,0,H,2024-2025,1555.3594980266373,1492.7069248089126,0.4,0.2,62.652573217724694,0.2
Wolverhampton Wanderers,AFC Bournemouth,2,4,A,2024-2025,1511.2336041388655,1558.5481777307448,0.2,0.2,-47.31457359187925,0.0
West Ham United,Arsenal,2,5,A,2024-2025,1573.34184401251,1793.7553590002767,0.4,0.2,-220.4135149877668,0.2
Chelsea,Aston Villa,3,0,H,2024-2025,1702.9846679820207,1651.53714234221,0.4,0.4,51.44752563981069,0.0
Manchester United,Everton,4,0,H,2024-2025,1622.2112138072637,1528.2752231936486,0.4,0.2,93.9359906136151,0.2
Tottenham Hotspur,Fulham,1,1,D,2024-2025,1641.449237486354,1577.4242568740967,0.6,0.4,64.0249806122572,0.19999999999999996
Liverpool,Manchester City,2,0,H,2024-2025,1814.4116629831221,1816.1726001879172,0.8,0.4,-1.7609372047950274,0.4
Ipswich Town,Crystal Palace,0,1,A,2024-2025,1480.382910259355,1543.8185934588223,0.0,0.0,-63.43568319946735,0.0
Leicester City,West Ham United,3,1,H,2024-2025,1468.6505112927684,1566.757972994859,0.2,0.2,-98.10746170209063,0.0
Everton,Wolverhampton Wanderers,4,0,H,2024-2025,1517.2347527339966,1498.2638035425473,0.2,0.2,18.970949191449336,0.0
Manchester City,Nottingham Forest,3,0,H,2024-2025,1801.0965750684547,1567.683512576195,0.6,0.4,233.41306249225977,0.19999999999999996
Newcastle United,Liverpool,3,3,D,2024-2025,1636.4559543847356,1829.4876881025846,0.4,0.8,-193.03173371784897,-0.4
Southampton,Chelsea,1,5,A,2024-2025,1382.202998972667,1715.7795931763571,0.2,0.6,-333.5765942036901,-0.39999999999999997
Arsenal,Manchester United,2,0,H,2024-2025,1800.3392300179275,1633.2516842669156,0.6,0.2,167.08754575101193,0.39999999999999997
Aston Villa,Brentford,3,1,H,2024-2025,1638.7422171478736,1565.8956217697842,0.4,0.0,72.84659537808943,0.4
Fulham,Brighton and Hove Albion,3,1,H,2024-2025,1580.1575674660096,1630.5357242884288,0.4,0.4,-50.378156822419214,0.0
AFC Bournemouth,Tottenham Hotspur,1,0,H,2024-2025,1571.517978327063,1638.715926894441,0.6,0.4,-67.19794856737803,0.19999999999999996
Aston Villa,Southampton,1,0,H,2024-2025,1650.6424671926688,1378.3678920326138,0.4,0.0,272.27457516005506,0.4
Brentford,Newcastle United,4,2,H,2024-2025,1553.995371724989,1644.0264253141813,0.8,0.2,-90.03105358919242,0.6000000000000001
Crystal Palace,Manchester City,2,2,D,2024-2025,1556.109887675943,1807.3039695730192,0.2,0.2,-251.19408189707633,0.0
Manchester United,Nottingham Forest,2,3,A,2024-2025,1624.9563452121192,1561.4761180716305,0.6,0.2,63.48022714048875,0.39999999999999997
Fulham,Arsenal,1,1,D,2024-2025,1597.3174513238073,1808.634569072724,0.6,0.2,-211.31711774891664,0.39999999999999997
Ipswich Town,AFC Bournemouth,1,2,A,2024-2025,1468.0916160422344,1589.3835046528634,0.0,0.2,-121.29188861062903,-0.2
Leicester City,Brighton and Hove Albion,2,2,D,2024-2025,1487.7770513307023,1613.3758404306311,0.4,0.4,-125.59878909992881,0.0
Tottenham Hotspur,Chelsea,3,4,A,2024-2025,1620.8504005686407,1719.6147001164104,0.6,0.6,-98.76429954776972,0.0
West Ham United,Wolverhampton Wanderers,2,1,H,2024-2025,1547.6314329569252,1484.0820322462266,0.4,0.2,63.54940071069859,0.2
Arsenal,Everton,0,0,D,2024-2025,1800.491480299157,1531.4165240303173,0.8,0.2,269.07495626883974,0.6000000000000001
Liverpool,Fulham,2,2,D,2024-2025,1821.9172171731389,1605.4605400973742,1.0,0.4,216.45667707576467,0.6
Newcastle United,Leicester City,4,0,H,2024-2025,1625.2241982880068,1492.9751015226086,0.2,0.2,132.24909676539824,0.0
Wolverhampton Wanderers,Ipswich Town,1,2,A,2024-2025,1471.795487230016,1458.1253545287502,0.2,0.2,13.670132701265857,0.0
Nottingham Forest,Aston Villa,2,1,H,2024-2025,1579.1866842165155,1655.820351648729,0.6,0.2,-76.63366743221354,0.39999999999999997
Brighton and Hove Albion,Crystal Palace,1,3,A,2024-2025,1608.1777902387248,1565.391300478863,0.4,0.2,42.78648975986175,0.2
Manchester City,Manchester United,1,2,A,2024-2025,1798.022556770099,1607.2457790672343,0.6,0.0,190.77677770286482,0.6
Chelsea,Brentford,2,1,H,2024-2025,1730.4619619387847,1572.7975987511634,0.6,0.0,157.66436318762135,0.6
Southampton,Tottenham Hotspur,0,5,A,2024-2025,1373.1900075765536,1610.0031387462664,0.2,0.4,-236.81313116971273,-0.2
AFC Bournemouth,West Ham United,1,1,D,2024-2025,1599.3497661663475,1559.9179779731357,0.8,0.2,39.43178819321179,0.6000000000000001
Aston Villa,Manchester City,2,1,H,2024-2025,1637.564440771578,1775.5248794463,0.4,0.2,-137.96043867472213,0.2
Brentford,Nottingham Forest,0,2,A,2024-2025,1564.172795270931,1597.4425950936666,1.0,0.4,-33.26979982273565,0.6
Ipswich Town,Newcastle United,0,4,A,2024-2025,1473.7152372333496,1634.775205602635,0.0,0.2,-161.05996836928534,-0.2
West Ham United,Brighton and Hove Albion,1,1,D,2024-2025,1561.6131131020425,1591.3398309663537,0.6,0.4,-29.72671786431124,0.19999999999999996
Crystal Palace,Arsenal,1,5,A,2024-2025,1582.2292597512342,1790.7487497349398,0.2,0.2,-208.51948998370563,0.0
Everton,Chelsea,0,0,D,2024-2025,1541.1592545945346,1739.0867654190172,0.4,0.6,-197.92751082448262,-0.19999999999999996
Fulham,Southampton,0,0,D,2024-2025,1613.7588693670175,1367.078415282102,0.4,0.0,246.68045408491548,0.4
Leicester City,Wolverhampton Wanderers,0,3,A,2024-2025,1483.4240942079805,1456.2056045254167,0.4,0.2,27.218489682563813,0.2
Manchester United,AFC Bournemouth,0,3,A,2024-2025,1629.7434563910333,1597.6546310374408,0.6,0.4,32.08882535359248,0.19999999999999996
Tottenham Hotspur,Liverpool,3,6,A,2024-2025,1616.114731040718,1813.6188879034955,0.4,0.6,-197.50415686277756,-0.19999999999999996
Manchester City,Everton,1,1,D,2024-2025,1754.8631369874822,1548.8861309321276,0.6,0.2,205.97700605535465,0.39999999999999997
AFC Bournemouth,Crystal Palace,0,0,D,2024-2025,1614.0360911817793,1575.2867891901433,0.6,0.4,38.749301991636,0.19999999999999996
Chelsea,Fulham,1,2,A,2024-2025,1731.3598890814242,1604.5986847023134,0.6,0.2,126.76120437911072,0.39999999999999997
Newcastle United,Aston Villa,3,0,H,2024-2025,1643.2803909690228,1658.2261832303957,0.4,0.2,-14.945792261372844,0.2
Nottingham Forest,Tottenham Hotspur,1,0,H,2024-2025,1611.0105966642693,1608.8281713391082,0.8,0.4,2.182425325161148,0.4
Southampton,West Ham United,0,1,A,2024-2025,1376.238599946806,1562.8933960655017,0.2,0.2,-186.65479611869569,0.0
Wolverhampton Wanderers,Manchester United,2,0,H,2024-2025,1472.3783230476017,1613.3619962466948,0.2,0.2,-140.98367319909312,0.0
Liverpool,Leicester City,3,1,H,2024-2025,1820.9054476051053,1467.2513756857954,0.8,0.2,353.6540719193099,0.6000000000000001
Brighton and Hove Albion,Brentford,0,0,D,2024-2025,1590.0595480028944,1550.6047937003282,0.4,0.0,39.45475430256624,0.4
Arsenal,Ipswich Town,1,0,H,2024-2025,1797.6912202960307,1465.2100518669617,0.6,0.4,332.48116842906893,0.19999999999999996
Leicester City,Manchester City,0,2,A,2024-2025,1463.7865120715003,1746.8840086632363,0.2,0.0,-283.097496591736,0.2
Crystal Palace,Southampton,2,1,H,2024-2025,1576.952828902088,1368.601989481788,0.2,0.0,208.35083942029996,0.2
Everton,Nottingham Forest,0,2,A,2024-2025,1556.8652592563735,1625.9163750281375,0.2,0.6,-69.05111577176399,-0.39999999999999997
Fulham,AFC Bournemouth,2,2,D,2024-2025,1624.8408424327924,1612.3700514698346,0.4,0.6,12.470790962957835,-0.19999999999999996
Tottenham Hotspur,Wolverhampton Wanderers,2,2,D,2024-2025,1593.92239297524,1493.151624371263,0.2,0.4,100.77076860397688,-0.2
West Ham United,Liverpool,0,5,A,2024-2025,1570.5300065305198,1824.3703112194005,0.4,0.6,-253.84030468888068,-0.19999999999999996
Aston Villa,Brighton and Hove Albion,2,2,D,2024-2025,1642.5813192339208,1588.3634340174792,0.6,0.2,54.21788521644157,0.39999999999999997
Ipswich Town,Chelsea,2,0,H,2024-2025,1461.3538035733814,1711.1177313509452,0.0,0.6,-249.76392777756382,-0.6
Manchester United,Newcastle United,0,2,A,2024-2025,1592.5886949230335,1658.9252549654977,0.4,0.4,-66.33656004246427,0.0
Brentford,Arsenal,1,3,A,2024-2025,1552.3009076857434,1801.547468589611,0.8,0.4,-249.2465609038677,0.4
Tottenham Hotspur,Newcastle United,1,2,A,2024-2025,1589.6897966418937,1671.0955774820998,0.0,0.6,-81.40578084020603,-0.6
Aston Villa,Leicester City,2,1,H,2024-2025,1640.25936261657,1458.8701223400838,0.6,0.0,181.38924027648613,0.6
AFC Bournemouth,Everton,1,0,H,2024-2025,1612.9082276926276,1544.8077942115178,0.4,0.0,68.1004334811098,0.4
Crystal Palace,Chelsea,1,1,D,2024-2025,1583.9004810440472,1686.8745204591796,0.2,0.6,-102.97403941513244,-0.39999999999999997
Manchester City,West Ham United,4,1,H,2024-2025,1751.8003983946528,1564.881592855382,0.4,0.4,186.9188055392708,0.0
Southampton,Brentford,0,5,A,2024-2025,1361.6543373398288,1546.5302509587862,0.2,0.0,-184.87591361895738,0.2
Brighton and Hove Albion,Arsenal,1,1,D,2024-2025,1590.6853906348301,1807.3181253165683,0.2,0.6,-216.63273468173816,-0.39999999999999997
Fulham,Ipswich Town,2,2,D,2024-2025,1624.3026662099994,1485.597014465147,0.2,0.4,138.7056517448525,-0.2
Liverpool,Manchester United,2,2,D,2024-2025,1830.0187248945383,1580.4183724064314,0.8,0.2,249.60035248810686,0.6000000000000001
Wolverhampton Wanderers,Nottingham Forest,0,3,A,2024-2025,1497.3842207046093,1637.9738400729932,0.4,0.6,-140.58961936838386,-0.19999999999999996
Brentford,Manchester City,2,2,D,2024-2025,1554.2253012737451,1759.4283605729456,0.6,0.2,-205.2030592992005,0.39999999999999997
Chelsea,AFC Bournemouth,2,2,D,2024-2025,1682.554532667117,1625.005178611473,0.6,0.6,57.54935405564402,0.0
West Ham United,Fulham,3,2,H,2024-2025,1557.2536306770892,1618.6133563660576,0.2,0.4,-61.35972568896841,-0.2
Nottingham Forest,Liverpool,1,1,D,2024-2025,1647.2150375237416,1820.7798957627324,0.8,0.6,-173.56485823899084,0.20000000000000007
Everton,Aston Villa,0,1,A,2024-2025,1532.7108432926725,1648.0698038065063,0.2,0.0,-115.35896051383384,0.2
Leicester City,Crystal Palace,0,2,A,2024-2025,1451.0596811501473,1588.2204688361098,0.2,0.4,-137.16078768596253,-0.2
Newcastle United,Wolverhampton Wanderers,3,0,H,2024-2025,1682.6439408649528,1488.1430232538607,0.6,0.4,194.50091761109206,0.19999999999999996
Arsenal,Tottenham Hotspur,2,1,H,2024-2025,1799.0145228337226,1578.1414332590407,0.6,0.4,220.8730895746819,0.19999999999999996
Ipswich Town,Brighton and Hove Albion,0,2,A,2024-2025,1491.2863243090887,1598.9889931176758,0.2,0.2,-107.70266880858708,0.0
Manchester United,Southampton,3,1,H,2024-2025,1589.6572015382374,1353.9592870248698,0.4,0.0,235.69791451336755,0.4
Newcastle United,AFC Bournemouth,1,4,A,2024-2025,1690.0262979621132,1627.4673074446803,0.6,0.6,62.5589905174329,0.0
Brentford,Liverpool,0,2,A,2024-2025,1562.18044213504,1813.853332149508,0.4,0.6,-251.67289001446807,-0.19999999999999996
Leicester City,Fulham,0,2,A,2024-2025,1441.6917927396094,1600.9914468438965,0.2,0.4,-159.29965410428713,-0.2
West Ham United,Crystal Palace,0,2,A,2024-2025,1574.8755401992503,1597.5883572466478,0.4,0.6,-22.712817047397493,-0.19999999999999996
Arsenal,Aston Villa,2,2,D,2024-2025,1805.5848087022346,1658.2646521711022,0.8,0.2,147.3201565311324,0.6000000000000001
Everton,Tottenham Hotspur,3,2,H,2024-2025,1522.5159949280767,1571.5711473905287,0.2,0.4,-49.05515246245204,-0.2
Manchester United,Brighton and Hove Albion,1,3,A,2024-2025,1595.800095004834,1609.482529459436,0.4,0.2,-13.68243445460189,0.2
Nottingham Forest,Southampton,3,2,H,2024-2025,1654.1416011369658,1347.8163935582731,0.6,0.0,306.3252075786927,0.6
Ipswich Town,Manchester City,0,6,A,2024-2025,1480.7927879673286,1751.4732197116507,0.2,0.2,-270.68043174432205,0.0
Chelsea,Wolverhampton Wanderers,3,1,H,2024-2025,1680.0924038339097,1480.7606661567004,0.4,0.2,199.33173767720928,0.2
AFC Bournemouth,Nottingham Forest,5,0,H,2024-2025,1645.1393810044244,1658.5327406475826,0.4,0.8,-13.393359643158192,-0.4
Brighton and Hove Albion,Everton,0,1,A,2024-2025,1623.8921164675492,1539.6199139663922,0.2,0.0,84.27220250115693,0.2
Liverpool,Ipswich Town,4,1,H,2024-2025,1819.5591729274374,1475.5754707936085,0.6,0.4,343.98370213382896,0.19999999999999996
Southampton,Newcastle United,1,3,A,2024-2025,1343.4252540476564,1672.354224402369,0.0,0.6,-328.92897035471265,-0.6
Wolverhampton Wanderers,Arsenal,0,1,A,2024-2025,1473.531987895048,1799.5801150802265,0.4,0.6,-326.0481271851786,-0.19999999999999996
Manchester City,Chelsea,3,1,H,2024-2025,1756.6905368853709,1687.3210820955621,0.4,0.4,69.36945478980874,0.0
Crystal Palace,Brentford,1,2,A,2024-2025,1611.609160609537,1556.4746013571107,0.2,0.2,55.13455925242624,0.0
Tottenham Hotspur,Leicester City,1,2,A,2024-2025,1554.4672283522132,1433.1247214030457,0.0,0.0,121.3425069491675,0.0
Aston Villa,West Ham United,1,1,D,2024-2025,1664.2693457931102,1560.854736836361,0.8,0.4,103.41460895674913,0.4
Fulham,Manchester United,0,1,A,2024-2025,1609.5585181804602,1581.3905079967208,0.2,0.2,28.168010183739398,0.0
Nottingham Forest,Brighton and Hove Albion,7,0,H,2024-2025,1642.9547890882154,1605.3235039724264,0.8,0.4,37.63128511578907,0.4
AFC Bournemouth,Liverpool,0,2,A,2024-2025,1660.7173325637916,1823.1983243828079,0.6,0.6,-162.48099181901625,0.0
Everton,Leicester City,4,0,H,2024-2025,1558.188526461515,1453.1603990572767,0.4,0.2,105.02812740423838,0.2
Ipswich Town,Southampton,1,2,A,2024-2025,1471.936319338238,1339.499765190365,0.2,0.0,132.43655414787304,0.2
Newcastle United,Fulham,1,2,A,2024-2025,1676.2797132596604,1593.3450649363513,0.6,0.4,82.93464832330915,0.19999999999999996
Wolverhampton Wanderers,Aston Villa,2,0,H,2024-2025,1469.5495717096435,1659.931921124194,0.2,0.2,-190.38234941455062,0.0
Brentford,Tottenham Hotspur,0,2,A,2024-2025,1573.835169788782,1534.4315506979822,0.2,0.2,39.40361909079979,0.0
Manchester United,Crystal Palace,0,2,A,2024-2025,1597.6039612408297,1594.2485921778657,0.2,0.8,3.355369062963973,-0.6000000000000001
Arsenal,Manchester City,5,1,H,2024-2025,1803.562531265631,1768.7347894012523,0.6,0.4,34.827741864378595,0.19999999999999996
Chelsea,West Ham United,2,1,H,2024-2025,1675.2768295796807,1565.1921615052772,0.6,0.2,110.08466807440345,0.39999999999999997
Everton,Liverpool,2,2,D,2024-2025,1568.7873513522782,1831.6537495247373,0.4,0.8,-262.8663981724592,-0.4
Brighton and Hove Albion,Chelsea,3,0,H,2024-2025,1591.9418535966518,1685.6770026466374,0.0,0.2,-93.7351490499857,-0.2
Leicester City,Arsenal,0,2,A,2024-2025,1442.5615741665135,1817.0639130514064,0.0,0.6,-374.5023388848929,-0.6
Aston Villa,Ipswich Town,1,1,D,2024-2025,1637.4470253127747,1451.4803028399797,0.6,0.2,185.96672247279503,0.39999999999999997
Fulham,Nottingham Forest,2,1,H,2024-2025,1611.8591493738993,1656.33643946399,0.0,0.8,-44.47729009009072,-0.8
Manchester City,Newcastle United,4,0,H,2024-2025,1755.2334076154768,1657.7656288221124,0.6,0.8,97.46777879336446,-0.20000000000000007
Southampton,AFC Bournemouth,1,3,A,2024-2025,1359.9557816886233,1652.2619074218621,0.0,0.6,-292.3061257332388,-0.6
West Ham United,Brentford,0,1,A,2024-2025,1554.7919884383205,1557.1412352971886,0.4,0.4,-2.3492468588681277,0.0
Crystal Palace,Everton,1,2,A,2024-2025,1609.393450601584,1578.373314262129,0.2,0.2,31.020136339454893,0.0
Liverpool,Wolverhampton Wanderers,2,1,H,2024-2025,1822.0677866148865,1492.0344675210629,0.6,0.2,330.0333190938236,0.39999999999999997
Tottenham Hotspur,Manchester United,1,0,H,2024-2025,1551.1254851895756,1582.4591028171114,0.0,0.4,-31.333617627535887,-0.4
Aston Villa,Liverpool,2,2,D,2024-2025,1630.106205669929,1825.9716367722704,0.4,0.6,-195.8654311023413,-0.19999999999999996
Leicester City,Brentford,0,4,A,2024-2025,1439.4478842779342,1572.0398117029447,0.0,0.6,-132.59192742501045,-0.6
Everton,Manchester United,2,2,D,2024-2025,1594.7090139213408,1566.109977480885,0.4,0.4,28.599036440455848,0.0
Arsenal,West Ham United,0,1,A,2024-2025,1820.1776029399857,1539.8934120325644,0.6,0.2,280.28419090742136,0.39999999999999997
AFC Bournemouth,Wolverhampton Wanderers,0,1,A,2024-2025,1656.964256640804,1488.130617363679,0.4,0.2,168.83363927712503,0.2
Fulham,Crystal Palace,0,2,A,2024-2025,1628.7689669785905,1593.0577509423722,0.2,0.8,35.711216036218275,-0.6000000000000001
Ipswich Town,Tottenham Hotspur,1,4,A,2024-2025,1458.8211224828253,1567.474610525802,0.2,0.4,-108.65348804297673,-0.2
Southampton,Brighton and Hove Albion,0,4,A,2024-2025,1355.2534324696815,1610.8933150717905,0.0,0.4,-255.63988260210908,-0.4
Aston Villa,Chelsea,2,1,H,2024-2025,1637.7674787628146,1666.7255411714987,0.2,0.0,-28.9580624086841,0.2
Newcastle United,Nottingham Forest,4,3,H,2024-2025,1646.8666287419367,1639.4266218592988,0.6,0.6,7.440006882637817,0.0
Manchester City,Liverpool,0,2,A,2024-2025,1766.1324076956525,1818.3103636793849,0.6,0.4,-52.17795598373232,0.19999999999999996
Brighton and Hove Albion,AFC Bournemouth,2,1,H,2024-2025,1616.4943858499553,1635.1994075506889,0.2,0.6,-18.705021700733596,-0.39999999999999997
Crystal Palace,Aston Villa,4,1,H,2024-2025,1609.594121406304,1654.0148117909077,0.2,0.2,-44.42069038460363,0.0
Wolverhampton Wanderers,Fulham,1,2,A,2024-2025,1509.8954664537941,1612.2325965146586,0.4,0.6,-102.33713006086441,-0.19999999999999996
Chelsea,Southampton,4,0,H,2024-2025,1650.4782081434055,1349.6523616915167,0.6,0.2,300.82584645188876,0.39999999999999997
Brentford,Everton,1,1,D,2024-2025,1581.5779756353436,1593.477075424847,0.0,0.4,-11.899099789503452,-0.4
Manchester United,Ipswich Town,3,2,H,2024-2025,1567.3419159773787,1448.3649003989924,0.2,0.2,118.97701557838627,0.0
Nottingham Forest,Arsenal,0,0,D,2024-2025,1624.7477836875478,1795.1609269598302,0.8,0.8,-170.41314327228247,0.0
Tottenham Hotspur,Manchester City,0,1,A,2024-2025,1577.930832609635,1753.368326645567,0.2,0.4,-175.4374940359321,-0.2
Liverpool,Newcastle United,2,0,H,2024-2025,1831.0744447294703,1661.5454669136877,0.6,0.8,169.52897781578258,-0.20000000000000007
West Ham United,Leicester City,2,0,H,2024-2025,1564.9100880127198,1429.9097203455353,0.2,0.2,135.0003676671845,0.0
Nottingham Forest,Manchester City,1,0,H,2024-2025,1631.566844086656,1761.378312831439,0.6,0.6,-129.81146874478304,0.0
Brighton and Hove Albion,Fulham,2,1,H,2024-2025,1632.3011672275527,1622.9378388548673,0.4,0.8,9.363328372685373,-0.4
Crystal Palace,Ipswich Town,1,0,H,2024-2025,1626.5015349679516,1438.3097552964966,0.4,0.0,188.19177967145492,0.4
Liverpool,Southampton,3,1,H,2024-2025,1839.2857029203997,1345.1412261885068,0.8,0.2,494.14447673189284,0.6000000000000001
Brentford,Aston Villa,0,1,A,2024-2025,1582.0915003050638,1637.1073982292603,0.0,0.2,-55.01589792419645,-0.2
Wolverhampton Wanderers,Everton,1,1,D,2024-2025,1499.1902241135854,1592.9635507551268,0.4,0.4,-93.77332664154142,0.0
Chelsea,Leicester City,1,0,H,2024-2025,1654.9893436464154,1420.4615223143203,0.6,0.2,234.52782133209507,0.39999999999999997
Tottenham Hotspur,AFC Bournemouth,2,2,D,2024-2025,1569.9208464237631,1619.3926261730915,0.2,0.4,-49.471779749328334,-0.2
Manchester United,Arsenal,1,1,D,2024-2025,1577.3970610798744,1788.341866560722,0.4,0.6,-210.94480548084766,-0.19999999999999996
West Ham United,Newcastle United,0,1,A,2024-2025,1574.3582860439349,1653.3342087227584,0.4,0.6,-78.97592267882351,-0.19999999999999996
Everton,West Ham United,1,1,D,2024-2025,1589.010555447479,1562.710413495047,0.4,0.4,26.300141952431886,0.0
Ipswich Town,Nottingham Forest,2,4,A,2024-2025,1430.7234018832462,1651.9242518190188,0.2,0.4,-221.20084993577257,-0.2
Manchester City,Brighton and Hove Albion,2,2,D,2024-2025,1741.0209050990761,1646.8970176852683,0.6,0.6,94.12388741380778,0.0
Southampton,Wolverhampton Wanderers,1,2,A,2024-2025,1343.4922745054573,1503.1432194212332,0.0,0.2,-159.65094491577588,-0.2
AFC Bournemouth,Brentford,1,2,A,2024-2025,1617.2710767297935,1569.447072322259,0.4,0.8,47.82400440753463,-0.4
Arsenal,Chelsea,1,0,H,2024-2025,1780.2101212118566,1661.1652063196084,0.6,0.0,119.04491489224824,0.6
Fulham,Tottenham Hotspur,2,0,H,2024-2025,1608.3419883971517,1572.042395867061,0.2,0.4,36.29959253009065,-0.2
Leicester City,Manchester United,0,3,A,2024-2025,1414.2856596411273,1585.52880642874,0.0,0.2,-171.24314678761266,-0.2
Arsenal,Fulham,2,1,H,2024-2025,1790.2626536051944,1621.7804865516528,0.6,0.6,168.48216705354162,0.0
Wolverhampton Wanderers,West Ham United,1,0,H,2024-2025,1511.6979191339076,1563.8437180477642,0.2,0.2,-52.14579891385665,0.0
Nottingham Forest,Manchester United,1,0,H,2024-2025,1658.4848613320198,1593.6813484463291,0.6,0.4,64.80351288569068,0.19999999999999996
AFC Bournemouth,Ipswich Town,1,2,A,2024-2025,1600.21929062904,1424.1627923702451,0.4,0.0,176.05649825879482,0.4
Brighton and Hove Albion,Aston Villa,0,3,A,2024-2025,1650.8640930540594,1649.7518262120652,0.6,0.4,1.112266841994142,0.19999999999999996
Manchester City,Leicester City,2,0,H,2024-2025,1737.053829730285,1406.133117623538,0.6,0.2,330.92071210674703,0.39999999999999997
Newcastle United,Brentford,2,1,H,2024-2025,1664.9820812716462,1586.4988584230125,0.6,1.0,78.48322284863366,-0.4
Southampton,Crystal Palace,1,1,D,2024-2025,1334.937574792783,1634.087888381202,0.0,0.8,-299.15031358841907,-0.8
Liverpool,Everton,1,0,H,2024-2025,1840.9346546034492,1587.8772508947618,0.8,0.4,253.0574037086874,0.4
Chelsea,Tottenham Hotspur,1,0,H,2024-2025,1651.1126739262706,1558.60389771256,0.8,0.4,92.50877621371069,0.4
Everton,Arsenal,1,1,D,2024-2025,1582.2081451067165,1798.5098979788797,0.4,0.4,-216.3017528721632,0.0
Crystal Palace,Brighton and Hove Albion,2,1,H,2024-2025,1623.6361164936861,1635.816072798424,0.4,0.6,-12.17995630473797,-0.19999999999999996
Ipswich Town,Wolverhampton Wanderers,1,2,A,2024-2025,1446.1737099459613,1528.9324805805068,0.0,0.4,-82.7587706345455,-0.4
West Ham United,AFC Bournemouth,2,2,D,2024-2025,1546.609156601165,1578.2083730533238,0.4,0.4,-31.59921645215877,0.0
Aston Villa,Nottingham Forest,2,1,H,2024-2025,1664.7998464677005,1670.7190681814238,0.4,0.4,-5.919221713723346,0.0
Brentford,Chelsea,0,0,D,2024-2025,1574.8307702457585,1662.2105305945706,0.0,0.0,-87.37976034881217,0.0
Fulham,Liverpool,3,2,H,2024-2025,1613.5332421779674,1846.6037603914945,0.4,0.6,-233.07051821352707,-0.19999999999999996
Tottenham Hotspur,Southampton,3,1,H,2024-2025,1547.50604104426,1345.3893466802988,0.2,0.2,202.1166943639612,0.0
Manchester United,Manchester City,0,0,D,2024-2025,1581.4471415969251,1740.9403658123522,0.4,0.4,-159.49322421542706,0.0
Leicester City,Newcastle United,0,3,A,2024-2025,1402.246581541471,1676.6501694489002,0.0,0.6,-274.40358790742926,-0.6
Manchester City,Crystal Palace,5,2,H,2024-2025,1734.5006187431504,1639.1617521645214,0.6,0.8,95.338866578629,-0.20000000000000007
Brighton and Hove Albion,Leicester City,2,2,D,2024-2025,1620.2904371275888,1397.1209919818787,0.6,0.2,223.16944514571014,0.39999999999999997
Nottingham Forest,Everton,0,1,A,2024-2025,1655.4635395598145,1590.501831696917,0.8,0.4,64.96170786289758,0.4
Southampton,Aston Villa,0,3,A,2024-2025,1338.2482657606197,1680.0553750893098,0.0,0.4,-341.8071093286901,-0.4
Arsenal,Brentford,1,1,D,2024-2025,1790.2162113886793,1578.525680996062,0.6,0.8,211.69053039261735,-0.20000000000000007
Chelsea,Ipswich Town,2,2,D,2024-2025,1658.5156198442671,1434.680617026948,1.0,0.2,223.83500281731904,0.8
Liverpool,West Ham United,2,1,H,2024-2025,1822.82086789702,1547.9696552152589,1.0,0.2,274.8512126817611,0.8
Wolverhampton Wanderers,Tottenham Hotspur,4,2,H,2024-2025,1540.42557349952,1554.647121963939,0.4,0.4,-14.22154846441913,0.0
Newcastle United,Manchester United,4,1,H,2024-2025,1681.7757590084925,1587.8868886661269,0.6,0.4,93.88887034236564,0.19999999999999996
AFC Bournemouth,Fulham,1,0,H,2024-2025,1576.84787443923,1637.3161346724419,0.2,0.6,-60.46826023321182,-0.39999999999999997
Newcastle United,Crystal Palace,5,0,H,2024-2025,1692.8181221294642,1628.177568153608,0.6,0.6,64.64055397585616,0.0
Brentford,Brighton and Hove Albion,4,2,H,2024-2025,1586.6801334712588,1611.7931445211457,0.0,0.4,-25.113011049886836,-0.4
Crystal Palace,AFC Bournemouth,0,0,D,2024-2025,1615.9365644101163,1594.4324555549485,0.6,0.4,21.504108855167715,0.19999999999999996
Everton,Manchester City,0,2,A,2024-2025,1608.2742219170755,1745.4848027540638,0.2,0.4,-137.21058083698836,-0.2
West Ham United,Southampton,1,1,D,2024-2025,1542.8550071530376,1334.568858269434,0.2,0.2,208.28614888360357,0.0
Aston Villa,Newcastle United,4,1,H,2024-2025,1683.7347825804954,1705.059125872956,0.4,0.6,-21.324343292460526,-0.19999999999999996
Fulham,Chelsea,1,2,A,2024-2025,1619.7315535567234,1649.9988350488995,0.6,0.0,-30.267281492176153,0.6
Ipswich Town,Arsenal,0,4,A,2024-2025,1443.1974018223157,1782.0617589134824,0.0,0.4,-338.86435709116677,-0.4
Manchester United,Wolverhampton Wanderers,0,1,A,2024-2025,1576.8445255451552,1556.0392244161758,0.2,0.6,20.80530112897941,-0.39999999999999997
Leicester City,Liverpool,0,1,A,2024-2025,1405.6182845883218,1827.9355159592412,0.0,0.4,-422.31723137091944,-0.4
Tottenham Hotspur,Nottingham Forest,1,2,A,2024-2025,1539.0334710472832,1637.691149339656,0.4,0.2,-98.6576782923728,0.2
Manchester City,Aston Villa,2,1,H,2024-2025,1754.850844593361,1699.6542741824187,0.6,0.6,55.196570410942286,0.0
Arsenal,Crystal Palace,2,2,D,2024-2025,1785.7962010651474,1615.0093411141772,0.6,0.4,170.7868599509702,0.19999999999999996
Chelsea,Everton,1,0,H,2024-2025,1663.6953871898477,1598.9081800777783,0.8,0.4,64.78720711206938,0.4
Brighton and Hove Albion,West Ham United,3,2,H,2024-2025,1595.7108129222916,1534.8046475488536,0.6,0.2,60.90616537343794,0.39999999999999997
Newcastle United,Ipswich Town,3,0,H,2024-2025,1689.1396342710327,1439.4629596706507,0.8,0.2,249.67667460038206,0.6000000000000001
Southampton,Fulham,1,2,A,2024-2025,1342.619217873618,1606.0350014157752,0.0,0.4,-263.4157835421572,-0.4
Wolverhampton Wanderers,Leicester City,3,0,H,2024-2025,1571.936389342555,1403.193229672223,0.6,0.0,168.74315967033203,0.6
AFC Bournemouth,Manchester United,1,1,D,2024-2025,1595.3596788508876,1560.947360618776,0.2,0.2,34.4123182321116,0.0
Liverpool,Tottenham Hotspur,5,1,H,2024-2025,1830.36057087534,1528.181958469515,1.0,0.4,302.1786124058251,0.6
Nottingham Forest,Brentford,0,2,A,2024-2025,1648.5426619174243,1602.762465070113,0.6,0.6,45.780196847311345,0.0
Manchester City,Wolverhampton Wanderers,1,0,H,2024-2025,1767.487665301785,1580.1746524228518,0.6,0.8,187.31301287893325,-0.20000000000000007
Aston Villa,Fulham,1,0,H,2024-2025,1687.0174534739947,1611.4350206698941,0.6,0.4,75.58243280410056,0.19999999999999996
Everton,Ipswich Town,2,2,D,2024-2025,1586.6732931796512,1433.703833591237,0.0,0.2,152.9694595884141,-0.2
Leicester City,Southampton,2,0,H,2024-2025,1394.9549665919262,1337.2191986194991,0.0,0.2,57.735767972427084,-0.2
Arsenal,AFC Bournemouth,1,2,A,2024-2025,1778.9643467448218,1593.8788190070013,0.4,0.2,185.08552773782048,0.2
Brentford,Manchester United,4,3,H,2024-2025,1619.7275951451659,1562.4282204626622,0.2,0.2,57.29937468250364,0.0
Brighton and Hove Albion,Newcastle United,1,1,D,2024-2025,1608.1078912144171,1694.8987603504463,0.6,0.4,-86.79086913602919,0.19999999999999996
West Ham United,Tottenham Hotspur,1,1,D,2024-2025,1522.407569256728,1523.700588280702,0.2,0.2,-1.2930190239740114,0.0
Chelsea,Liverpool,3,1,H,2024-2025,1675.9302740879748,1834.841941064153,0.8,0.4,-158.91166697617814,0.4
Crystal Palace,Nottingham Forest,1,1,D,2024-2025,1621.8411954345029,1631.5775318423714,0.6,0.4,-9.73633640786852,0.19999999999999996
Fulham,Everton,1,3,A,2024-2025,1599.6476561619806,1580.4651269729286,0.6,0.2,19.182529189052048,0.39999999999999997
Ipswich Town,Brentford,0,1,A,2024-2025,1439.9119997979597,1632.2759692505558,0.0,0.6,-192.36396945259617,-0.6
Southampton,Manchester City,0,0,D,2024-2025,1324.689158060591,1775.1027262556602,0.0,0.4,-450.4135681950693,-0.4
Wolverhampton Wanderers,Brighton and Hove Albion,0,2,A,2024-2025,1572.5595914689766,1611.778910220594,0.6,0.2,-39.21931875161749,0.39999999999999997
AFC Bournemouth,Aston Villa,0,1,A,2024-2025,1616.1906701373491,1698.8048179819082,0.2,0.6,-82.61414784455906,-0.39999999999999997
Newcastle United,Chelsea,2,0,H,2024-2025,1691.2277413442694,1697.3495262969946,1.0,0.2,-6.121784952725193,0.8
Manchester United,West Ham United,0,2,A,2024-2025,1549.8798463572723,1522.4633931176807,0.2,0.2,27.416453239591647,0.0
Nottingham Forest,Leicester City,2,2,D,2024-2025,1631.1572904109498,1407.4850071508345,0.4,0.0,223.67228326011536,0.4
Tottenham Hotspur,Crystal Palace,0,2,A,2024-2025,1523.6447644197494,1622.2614368659245,0.4,0.2,-98.61667244617502,0.2
Liverpool,Arsenal,2,2,D,2024-2025,1813.4226888551332,1756.652495614474,1.0,0.4,56.77019324065918,0.6
Aston Villa,Tottenham Hotspur,2,0,H,2024-2025,1710.303814055862,1512.791616836747,0.8,0.0,197.51219721911502,0.8
Chelsea,Manchester United,1,0,H,2024-2025,1682.0852549430842,1533.6986336810953,0.8,0.2,148.38662126198892,0.6000000000000001
Everton,Southampton,2,0,H,2024-2025,1596.2924628351725,1337.6010393321485,0.0,0.0,258.691423503024,0.0
West Ham United,Nottingham Forest,1,2,A,2024-2025,1538.6446057938576,1622.6452672719436,0.2,0.4,-84.00066147808593,-0.2
Brentford,Fulham,2,3,A,2024-2025,1639.727005352428,1583.8203202997367,0.4,0.2,55.90668505269127,0.2
Leicester City,Ipswich Town,2,0,H,2024-2025,1415.9970302898407,1432.4609636960874,0.2,0.2,-16.463933406246724,0.0
Arsenal,Newcastle United,1,0,H,2024-2025,1759.0818796957894,1706.4920126981797,0.4,0.4,52.58986699760976,0.0
Brighton and Hove Albion,Liverpool,3,2,H,2024-2025,1625.0928316103489,1810.9933047738177,0.4,0.4,-185.90047316346886,0.0
Crystal Palace,Wolverhampton Wanderers,4,2,H,2024-2025,1633.114584448927,1559.2456700792218,0.6,0.8,73.86891436970518,-0.20000000000000007
Manchester City,AFC Bournemouth,3,1,H,2024-2025,1762.1908449841026,1604.6916740633953,0.8,0.2,157.49917092070723,0.6000000000000001
AFC Bournemouth,Leicester City,2,0,H,2024-2025,1596.061025762134,1431.7073038659757,0.2,0.0,164.35372189615828,0.2
Fulham,Manchester City,0,2,A,2024-2025,1601.2133870891378,1770.8214932853639,0.4,0.4,-169.60810619622612,0.0
Ipswich Town,West Ham United,1,3,A,2024-2025,1416.7506901199524,1527.2021564084514,0.0,0.2,-110.45146628849898,-0.2
Liverpool,Crystal Palace,1,1,D,2024-2025,1788.654660523939,1644.9726080717587,0.8,0.2,143.6820524521802,0.6000000000000001
Manchester United,Aston Villa,2,0,H,2024-2025,1524.7419443062029,1717.5901184226668,0.2,0.8,-192.84817411646395,-0.6000000000000001
Newcastle United,Everton,0,1,A,2024-2025,1693.7453170564866,1601.8139541857086,1.0,0.4,91.931362870778,0.6
Nottingham Forest,Chelsea,0,1,A,2024-2025,1634.0877166573498,1691.0419443179767,0.4,0.2,-56.954227660626884,0.2
Southampton,Arsenal,1,2,A,2024-2025,1332.0795479816124,1771.8285753374826,0.0,0.2,-439.7490273558701,-0.2
Tottenham Hotspur,Brighton and Hove Albion,1,4,A,2024-2025,1505.505312469942,1647.4314758602277,0.2,0.4,-141.92616339028564,-0.2
Wolverhampton Wanderers,Brentford,1,1,D,2024-2025,1547.38764645639,1622.333938563027,0.6,0.6,-74.94629210663697,0.0
Liverpool,AFC Bournemouth,4,2,H,2025-2026,1782.7824163749308,1604.4511440660442,0.6,0.2,178.33127230888658,0.39999999999999997
Aston Villa,Newcastle United,0,0,D,2025-2026,1695.0255553401369,1674.8664256450295,1.0,0.4,20.159129695107367,0.6
Brighton and Hove Albion,Fulham,1,1,D,2025-2026,1656.6235480145046,1593.0048451111238,0.4,0.4,63.618702903380836,0.0
Sunderland,West Ham United,3,0,H,2025-2026,1397.0191187608277,1537.5879873432925,0.0,0.4,-140.5688685824648,-0.4
Tottenham Hotspur,Burnley,3,0,H,2025-2026,1496.313240315665,1426.286160671844,0.2,0.2,70.02707964382103,0.0
Wolverhampton Wanderers,Manchester City,0,4,A,2025-2026,1550.57406712196,1779.0300352633778,0.6,0.4,-228.45596814141777,0.19999999999999996
Chelsea,Crystal Palace,0,0,D,2025-2026,1703.6048239099805,1650.8448522207668,0.8,0.2,52.75997168921367,0.6000000000000001
Nottingham Forest,Brentford,3,1,H,2025-2026,1621.524837065346,1619.147517897457,0.2,0.4,2.377319167889027,-0.2
Manchester United,Arsenal,0,1,A,2025-2026,1547.3065073887328,1774.0391585330353,0.2,0.4,-226.7326511443025,-0.2
Leeds,Everton,1,0,H,2025-2026,1440.350069712321,1620.6928455971656,0.0,0.6,-180.3427758848445,-0.6
West Ham United,Chelsea,1,5,A,2025-2026,1516.82994864653,1701.344341796196,0.0,0.4,-184.51439314966592,-0.4
Manchester City,Tottenham Hotspur,0,2,A,2025-2026,1785.3790843685745,1508.3302135119998,1.0,0.0,277.0488708565747,1.0
AFC Bournemouth,Wolverhampton Wanderers,1,0,H,2025-2026,1596.538581574369,1544.2250180167634,0.4,0.6,52.31356355760545,-0.19999999999999996
Brentford,Aston Villa,1,0,H,2025-2026,1604.250153414631,1694.1561911384103,0.4,0.6,-89.90603772377926,-0.19999999999999996
Burnley,Sunderland,2,0,H,2025-2026,1414.2691874755094,1417.7771574575902,0.2,0.2,-3.5079699820807946,0.0
Arsenal,Leeds,5,0,H,2025-2026,1780.4380039842486,1462.504778004385,0.4,0.0,317.93322597986366,0.4
Crystal Palace,Nottingham Forest,1,1,D,2025-2026,1653.1053343345513,1636.4222015481719,0.6,0.6,16.683132786379474,0.0
Everton,Brighton and Hove Albion,2,0,H,2025-2026,1598.5381373051018,1653.9071990289194,0.2,0.4,-55.369061723817595,-0.2
Fulham,Manchester United,1,1,D,2025-2026,1595.721194096709,1540.9076619375196,0.4,0.0,54.813532159189435,0.4
Newcastle United,Liverpool,2,3,A,2025-2026,1675.735789846756,1790.694978866606,0.8,0.4,-114.9591890198501,0.4
Chelsea,Fulham,2,0,H,2025-2026,1709.051304531771,1593.3741442316257,0.6,0.4,115.67716030014526,0.19999999999999996
Manchester United,Burnley,3,2,H,2025-2026,1543.254711802603,1429.4206335677009,0.2,0.2,113.83407823490211,0.0
Sunderland,Brentford,2,1,H,2025-2026,1402.6257113653987,1623.047329408812,0.2,0.4,-220.42161804341322,-0.2
Tottenham Hotspur,AFC Bournemouth,0,1,A,2025-2026,1533.2690147147894,1609.2969383941747,0.4,0.2,-76.02792367938537,0.2
Wolverhampton Wanderers,Everton,2,3,A,2025-2026,1531.4666611969576,1615.90857823711,0.4,0.6,-84.44191704015248,-0.19999999999999996
Leeds,Newcastle United,0,0,D,2025-2026,1458.3582400669495,1665.5254474259825,0.2,0.2,-207.167207359033,0.0
Brighton and Hove Albion,Manchester City,2,1,H,2025-2026,1636.5367580969112,1760.4402831657849,0.4,0.6,-123.9035250688737,-0.19999999999999996
Nottingham Forest,West Ham United,0,3,A,2025-2026,1637.1419172199392,1509.122985910955,0.2,0.4,128.01893130898407,-0.2
Liverpool,Arsenal,1,0,H,2025-2026,1800.9053212873796,1784.584541921684,0.6,0.6,16.32077936569567,0.0
Aston Villa,Crystal Palace,0,3,A,2025-2026,1675.3590151442295,1652.385618662784,0.8,0.2,22.973396481445434,0.6000000000000001
Arsenal,Nottingham Forest,3,0,H,2025-2026,1770.2886487787507,1616.8521514365523,0.4,0.4,153.43649734219844,0.0
AFC Bournemouth,Brighton and Hove Albion,2,1,H,2025-2026,1621.0659568223439,1656.6702985594832,0.6,0.4,-35.60434173713929,0.19999999999999996
Crystal Palace,Sunderland,0,0,D,2025-2026,1668.3760169260584,1426.042080051039,0.4,0.2,242.3339368750194,0.2
Everton,Aston Villa,0,0,D,2025-2026,1627.3330540975319,1659.3686168809552,0.4,0.4,-32.0355627834233,0.0
Fulham,Leeds,1,0,H,2025-2026,1583.1916202660148,1466.374146303846,0.2,0.0,116.81747396216883,0.2
Newcastle United,Wolverhampton Wanderers,1,0,H,2025-2026,1657.5095411890861,1520.0421853365358,0.6,0.4,137.46735585255033,0.19999999999999996
West Ham United,Tottenham Hotspur,0,3,A,2025-2026,1529.412751694342,1521.4999962866202,0.0,0.2,7.912755407721761,-0.2
Brentford,Chelsea,2,2,D,2025-2026,1599.6309607231717,1719.2338284973819,0.6,0.6,-119.60286777421015,0.0
Burnley,Liverpool,0,1,A,2025-2026,1419.1666238705961,1815.2012144303128,0.2,0.4,-396.03459055971666,-0.2
Manchester City,Manchester United,3,0,H,2025-2026,1740.3067427032129,1553.5087214997077,0.8,0.0,186.7980212035052,0.8
Liverpool,Everton,2,1,H,2025-2026,1817.9856133357196,1628.712234184126,0.6,0.6,189.27337915159364,0.0
Brighton and Hove Albion,Tottenham Hotspur,2,2,D,2025-2026,1640.1384939676134,1536.8415583459737,0.6,0.4,103.2969356216397,0.19999999999999996
Burnley,Nottingham Forest,1,1,D,2025-2026,1416.3822249651894,1608.0770180560003,0.2,0.4,-191.6947930908109,-0.2
West Ham United,Crystal Palace,1,2,A,2025-2026,1514.0711896349885,1659.3344045020162,0.0,0.4,-145.26321486702773,-0.4
Wolverhampton Wanderers,Leeds,1,3,A,2025-2026,1510.6856628019484,1456.2357289249278,0.2,0.0,54.44993387702061,0.2
Manchester United,Chelsea,2,1,H,2025-2026,1545.8768035305345,1714.2649040949516,0.4,0.6,-168.38810056441707,-0.19999999999999996
Fulham,Brentford,3,1,H,2025-2026,1593.3300376449329,1604.599885125602,0.2,0.4,-11.269847480669114,-0.2
AFC Bournemouth,Newcastle United,0,0,D,2025-2026,1637.5977614142137,1666.8660637236735,0.6,0.0,-29.26830230945984,0.6
Sunderland,Aston Villa,1,1,D,2025-2026,1435.083692475081,1657.9894367943612,0.4,0.2,-222.90574431928007,0.2
Arsenal,Manchester City,1,1,D,2025-2026,1779.0637821593027,1747.938660672386,0.6,0.6,31.12512148691667,0.0
Brentford,Manchester United,3,1,H,2025-2026,1589.1134972741463,1567.626320645312,0.6,0.0,21.487176628834277,0.6
Chelsea,Brighton and Hove Albion,1,3,A,2025-2026,1692.515386980174,1635.8057253287109,0.8,0.4,56.70966165146319,0.4
Crystal Palace,Liverpool,2,1,H,2025-2026,1668.4044613865078,1825.5367314955574,0.2,0.6,-157.1322701090496,-0.39999999999999997
Leeds,AFC Bournemouth,2,2,D,2025-2026,1473.5674628149231,1638.8583949660404,0.2,0.4,-165.2909321511172,-0.2
Manchester City,Burnley,5,1,H,2025-2026,1749.2788568434837,1423.9095945735235,0.8,0.2,325.36926226996025,0.6000000000000001
Nottingham Forest,Sunderland,0,1,A,2025-2026,1600.5496484476662,1443.5732503604654,0.2,0.2,156.97639808720078,0.0
Tottenham Hotspur,Wolverhampton Wanderers,1,1,D,2025-2026,1541.1743269848762,1493.353928911953,0.2,0.2,47.820398072923126,0.0
Aston Villa,Fulham,3,1,H,2025-2026,1649.4998789089768,1608.8164254963885,0.6,0.4,40.68345341258828,0.19999999999999996
Newcastle United,Arsenal,1,2,A,2025-2026,1665.6054301718468,1777.723585988205,0.6,0.6,-112.11815581635824,0.0
Everton,West Ham United,1,1,D,2025-2026,1621.161116024288,1505.001132750497,0.4,0.6,116.15998327379111,-0.19999999999999996
AFC Bournemouth,Fulham,3,1,H,2025-2026,1632.2159464790584,1595.5648872848496,0.6,0.2,36.651059194208756,0.39999999999999997
Leeds,Tottenham Hotspur,1,2,A,2025-2026,1480.209911301905,1539.1226936691585,0.2,0.4,-58.912782367253385,-0.2
Arsenal,West Ham United,2,0,H,2025-2026,1788.0443655312722,1509.8372954620716,0.6,0.6,278.20707006920065,0.0
Manchester United,Sunderland,2,0,H,2025-2026,1553.5528157093813,1464.9240897985087,0.6,0.2,88.62872591087262,0.39999999999999997
Chelsea,Liverpool,2,1,H,2025-2026,1675.0885477791976,1804.180369897195,0.6,0.4,-129.09182211799748,0.19999999999999996
Aston Villa,Burnley,2,1,H,2025-2026,1662.7514171205157,1419.913662188558,0.6,0.0,242.83775493195776,0.6
Everton,Crystal Palace,2,1,H,2025-2026,1616.3249533127134,1689.7608229848702,0.4,0.6,-73.43586967215674,-0.19999999999999996
Newcastle United,Nottingham Forest,2,0,H,2025-2026,1655.2846506287797,1579.198809009623,0.4,0.2,76.08584161915678,0.2
Wolverhampton Wanderers,Brighton and Hove Albion,1,1,D,2025-2026,1495.4055622276708,1653.2325645296874,0.0,0.6,-157.82700230201658,-0.6
Brentford,Manchester City,0,1,A,2025-2026,1603.187002210077,1753.2747892284492,0.6,0.4,-150.08778701837218,0.19999999999999996
Nottingham Forest,Chelsea,0,3,A,2025-2026,1567.4321749986457,1695.4188291966582,0.2,0.4,-127.9866541980125,-0.2
Brighton and Hove Albion,Newcastle United,2,1,H,2025-2026,1646.8516158316095,1667.051284639757,0.4,0.0,-20.199668808147408,0.4
Burnley,Leeds,2,0,H,2025-2026,1413.9691109378791,1467.7292809567464,0.2,0.2,-53.76017001886726,0.0
Crystal Palace,AFC Bournemouth,3,3,D,2025-2026,1671.6367270085493,1645.6394366220188,0.4,0.4,25.997290386530494,0.0
Manchester City,Everton,2,0,H,2025-2026,1762.1700764911582,1634.4490492890343,0.8,0.6,127.72102720212388,0.20000000000000007
Sunderland,Wolverhampton Wanderers,2,0,H,2025-2026,1453.6696058519626,1501.7865109257486,0.4,0.0,-48.11690507378603,0.4
Fulham,Arsenal,0,1,A,2025-2026,1582.1413971418892,1793.0775753614353,0.4,0.6,-210.93617821954604,-0.19999999999999996
Tottenham Hotspur,Aston Villa,1,2,A,2025-2026,1551.6033240143172,1668.6959683711946,0.2,0.2,-117.09264435687737,0.0
Liverpool,Manchester United,1,2,A,2025-2026,1783.8500884797345,1564.8072996559274,0.6,0.0,219.0427888238071,0.6
West Ham United,Brentford,0,2,A,2025-2026,1504.8040856319085,1594.291714947368,0.0,0.2,-89.48762931545957,-0.2
Leeds,West Ham United,2,1,H,2025-2026,1450.4266158963449,1493.584349929638,0.2,0.4,-43.15773403329308,-0.2
Chelsea,Sunderland,1,2,A,2025-2026,1705.1302836667783,1470.7337994549703,0.6,0.2,234.396484211808,0.39999999999999997
Newcastle United,Fulham,2,1,H,2025-2026,1651.180176114752,1575.2728794833156,0.4,0.2,75.90729663143634,0.2
Manchester United,Brighton and Hove Albion,4,2,H,2025-2026,1588.182789759341,1662.7227243566144,0.8,0.4,-74.53993459727349,0.4
Brentford,Liverpool,3,2,H,2025-2026,1605.5114506496386,1760.474598376321,0.4,0.4,-154.96314772668234,0.0
Arsenal,Crystal Palace,1,0,H,2025-2026,1799.946093020009,1670.5164238243553,0.8,0.4,129.42966919565356,0.4
Aston Villa,Manchester City,1,0,H,2025-2026,1678.8237563535467,1771.8915761671492,0.6,0.6,-93.06781981360245,0.0
AFC Bournemouth,Nottingham Forest,2,0,H,2025-2026,1646.7597398062128,1557.7207205285256,0.8,0.2,89.0390192776872,0.6000000000000001
Wolverhampton Wanderers,Burnley,2,3,A,2025-2026,1484.722317322741,1431.2717759982806,0.0,0.0,53.450541324460346,0.0
Everton,Tottenham Hotspur,0,3,A,2025-2026,1624.7275496130433,1541.475536031965,0.6,0.6,83.25201358107824,0.0
Brighton and Hove Albion,Leeds,3,0,H,2025-2026,1644.5530600318373,1467.2803603607042,0.6,0.2,177.27269967113307,0.39999999999999997
Burnley,Arsenal,0,2,A,2025-2026,1448.5613865502137,1809.603071830555,0.4,0.8,-361.0416852803414,-0.4
Crystal Palace,Brentford,2,0,H,2025-2026,1660.8594450138091,1626.790777405958,0.4,0.2,34.06866760785124,0.2
Fulham,Wolverhampton Wanderers,3,0,H,2025-2026,1563.498894424092,1467.432706770808,0.4,0.0,96.06618765328403,0.4
Nottingham Forest,Manchester United,2,2,D,2025-2026,1546.4828410007901,1606.352454084118,0.2,0.2,-59.86961308332798,0.0
Tottenham Hotspur,Chelsea,0,1,A,2025-2026,1560.0025674542585,1681.3098551391204,0.2,0.6,-121.30728768486188,-0.39999999999999997
Liverpool,Aston Villa,2,0,H,2025-2026,1739.1952716200017,1697.7483927254984,0.6,0.2,41.44687889450324,0.39999999999999997
West Ham United,Newcastle United,3,1,H,2025-2026,1476.7306054652786,1662.9541611739755,0.0,0.0,-186.22355570869695,0.0
Manchester City,AFC Bournemouth,3,1,H,2025-2026,1752.9669397951975,1657.9976193339483,0.8,0.2,94.96932046124925,0.6000000000000001
Sunderland,Everton,1,1,D,2025-2026,1494.5542279826282,1606.2005181907498,0.6,0.4,-111.64629020812163,0.19999999999999996
Tottenham Hotspur,Manchester United,2,2,D,2025-2026,1550.0368958930417,1603.7929587301319,0.2,0.2,-53.75606283709021,0.0
Everton,Fulham,2,0,H,2025-2026,1601.5396951540617,1574.4539444819898,0.4,0.0,27.08575067207198,0.4
West Ham United,Burnley,3,2,H,2025-2026,1499.0798547650636,1445.2247375957477,0.2,0.2,53.85511716931592,0.0
Sunderland,Arsenal,2,2,D,2025-2026,1499.2150510193162,1812.939720785021,0.6,0.8,-313.7246697657049,-0.20000000000000007
Chelsea,Wolverhampton Wanderers,3,0,H,2025-2026,1691.2755267003372,1456.4776567129102,0.4,0.0,234.79786998742702,0.4
Aston Villa,AFC Bournemouth,4,0,H,2025-2026,1684.5293580338925,1646.9986200597023,0.6,0.2,37.53073797419029,0.39999999999999997
Brentford,Newcastle United,3,1,H,2025-2026,1613.2569438334885,1640.6049118741905,0.6,0.0,-27.34796804070197,0.6
Crystal Palace,Brighton and Hove Albion,0,0,D,2025-2026,1674.3932785862785,1652.501172712359,0.4,0.2,21.89210587391949,0.2
Nottingham Forest,Leeds,3,1,H,2025-2026,1549.0423363547764,1459.3322476801825,0.2,0.2,89.71008867459386,0.0
Manchester City,Liverpool,3,0,H,2025-2026,1763.9659390694435,1752.4143063116076,0.8,0.4,11.551632757835932,0.4
Burnley,Chelsea,0,2,A,2025-2026,1432.5314050859636,1697.443768712314,0.4,0.6,-264.9123636263505,-0.19999999999999996
AFC Bournemouth,West Ham United,2,2,D,2025-2026,1633.6126791109818,1511.7731872748477,0.8,0.2,121.83949183613413,0.6000000000000001
Brighton and Hove Albion,Brentford,2,1,H,2025-2026,1653.4450820197485,1629.4352180556505,0.6,0.2,24.00986396409803,0.39999999999999997
Fulham,Sunderland,1,0,H,2025-2026,1560.6209670589878,1509.9811810171975,0.6,0.4,50.63978604179033,0.19999999999999996
Liverpool,Nottingham Forest,0,3,A,2025-2026,1737.9128466977481,1560.2530791662937,0.8,0.0,177.65976753145446,0.8
Wolverhampton Wanderers,Crystal Palace,0,2,A,2025-2026,1450.3094147009333,1673.449369278889,0.0,0.4,-223.13995457795568,-0.4
Newcastle United,Manchester City,2,1,H,2025-2026,1624.4266376520286,1778.467398683303,0.6,0.4,-154.04076103127431,0.19999999999999996
Leeds,Aston Villa,1,2,A,2025-2026,1448.1215048686652,1697.915298982613,0.4,0.2,-249.7937941139478,0.2
Arsenal,Tottenham Hotspur,4,1,H,2025-2026,1802.1735907871398,1552.3393878105255,0.8,0.8,249.83420297661428,0.0
Manchester United,Everton,0,1,A,2025-2026,1601.490466812648,1615.3726725770637,0.8,0.2,-13.88220576441563,0.6000000000000001
Brentford,Burnley,3,1,H,2025-2026,1615.470160232548,1427.16942808109,0.6,0.2,188.30073215145808,0.39999999999999997
Manchester City,Leeds,3,2,H,2025-2026,1757.22095234129,1442.3655155281094,1.0,0.2,314.85543681318063,0.8
Sunderland,AFC Bournemouth,3,2,H,2025-2026,1497.1521249179575,1628.557972252455,0.4,0.2,-131.4058473344976,0.2
Everton,Newcastle United,1,4,A,2025-2026,1629.7736483225096,1645.6730839940415,0.4,0.0,-15.899435671531819,0.4
Tottenham Hotspur,Fulham,1,2,A,2025-2026,1546.5844804129856,1573.4500231582279,0.0,0.0,-26.865542745242237,0.0
Crystal Palace,Manchester United,1,2,A,2025-2026,1679.9529413426535,1587.089491067202,0.4,0.2,92.86345027545144,0.2
Aston Villa,Wolverhampton Wanderers,1,0,H,2025-2026,1703.6712883231687,1443.8058426371688,0.8,0.0,259.86544568599993,0.8
Nottingham Forest,Brighton and Hove Albion,0,2,A,2025-2026,1582.3179772782894,1667.4101398428509,0.2,0.2,-85.09216256456148,0.0
West Ham United,Liverpool,0,2,A,2025-2026,1516.8278941333745,1715.8479485857524,0.4,0.2,-199.02005445237796,0.2
Chelsea,Arsenal,1,1,D,2025-2026,1702.8057457171876,1807.9284981846797,0.6,0.6,-105.12275246749209,0.0
AFC Bournemouth,Everton,0,1,A,2025-2026,1608.14060917563,1615.4596033675004,0.6,0.4,-7.318994191870388,0.19999999999999996
Fulham,Manchester City,4,5,A,2025-2026,1587.2924506389643,1761.4312078053829,0.8,0.2,-174.1387571664186,0.6000000000000001
Newcastle United,Tottenham Hotspur,2,2,D,2025-2026,1659.9871289490507,1532.7420529322492,0.8,0.6,127.24507601680148,0.20000000000000007
Arsenal,Brentford,2,0,H,2025-2026,1803.5235897859889,1623.0529593805688,0.8,0.2,180.47063040542002,0.6000000000000001
Brighton and Hove Albion,Aston Villa,3,4,A,2025-2026,1678.808149297625,1709.1623971318922,0.8,0.4,-30.3542478342672,0.4
Burnley,Crystal Palace,0,1,A,2025-2026,1419.5866289330693,1661.0365255597533,0.2,0.6,-241.449896626684,-0.39999999999999997
Wolverhampton Wanderers,Nottingham Forest,0,1,A,2025-2026,1438.3147338284452,1570.9199678235152,0.0,0.2,-132.60523399506997,-0.2
Leeds,Chelsea,3,1,H,2025-2026,1438.1552600640166,1707.2106541158782,0.2,0.6,-269.05539405186164,-0.39999999999999997
Liverpool,Sunderland,1,1,D,2025-2026,1723.0864759528204,1517.5694879947825,0.6,0.4,205.51698795803782,0.19999999999999996
Manchester United,West Ham United,1,1,D,2025-2026,1606.0059068501023,1509.5893667663065,0.8,0.2,96.41654008379578,0.6000000000000001
Aston Villa,Arsenal,2,1,H,2025-2026,1722.8552230664623,1811.3646181593117,1.0,0.6,-88.50939509284945,0.4
AFC Bournemouth,Chelsea,0,0,D,2025-2026,1593.4565488223543,1682.4684118398932,0.4,0.6,-89.01186301753887,-0.19999999999999996
Everton,Nottingham Forest,3,0,H,2025-2026,1630.1436637207762,1580.4576334409899,0.4,0.4,49.68603027978634,0.0
Manchester City,Sunderland,3,0,H,2025-2026,1769.4851651621796,1525.5343655048198,1.0,0.4,243.95079965735977,0.6
Newcastle United,Burnley,2,1,H,2025-2026,1654.7266411706382,1413.6039045001282,0.6,0.2,241.12273667051,0.39999999999999997
Tottenham Hotspur,Brentford,2,0,H,2025-2026,1538.0025407106616,1615.211931007246,0.0,0.2,-77.20939029658439,-0.2
Leeds,Liverpool,3,3,D,2025-2026,1462.8975023400017,1715.1215984427831,0.4,0.2,-252.22409610278146,0.2
Brighton and Hove Albion,West Ham United,1,1,D,2025-2026,1665.115323363055,1513.6483388888546,0.6,0.0,151.46698447420044,0.6
Fulham,Crystal Palace,1,2,A,2025-2026,1579.2384932821676,1667.0192499926943,0.6,0.6,-87.7807567105267,0.0
Wolverhampton Wanderers,Manchester United,1,4,A,2025-2026,1428.7770682109706,1601.9469347275542,0.0,0.4,-173.16986651658362,-0.4
Chelsea,Everton,2,0,H,2025-2026,1678.7073900678408,1643.0130501689723,0.4,0.4,35.69433989886852,0.0
Liverpool,Brighton and Hove Albion,2,0,H,2025-2026,1705.812792415708,1658.9610088793374,0.4,0.4,46.851783536370476,0.0
Burnley,Fulham,2,3,A,2025-2026,1407.6121547368468,1567.9496613399835,0.2,0.2,-160.33750660313672,0.0
Arsenal,Wolverhampton Wanderers,2,1,H,2025-2026,1792.6239332197729,1420.6902079057388,0.8,0.0,371.93372531403406,0.8
Crystal Palace,Manchester City,0,3,A,2025-2026,1678.3080819348784,1775.3992347258825,0.4,0.4,-97.0911527910041,0.0
Nottingham Forest,Tottenham Hotspur,3,0,H,2025-2026,1567.5882469927938,1556.282127907074,0.2,0.4,11.306119085719729,-0.2
Sunderland,Newcastle United,1,0,H,2025-2026,1519.6202959411169,1660.7183909339196,0.4,0.2,-141.09809499280277,0.2
West Ham United,Aston Villa,2,3,A,2025-2026,1519.8026533725722,1741.595908006001,0.4,0.6,-221.7932546334289,-0.19999999999999996
Brentford,Leeds,1,1,D,2025-2026,1596.9323438108336,1472.2063083670769,0.8,0.2,124.7260354437567,0.6000000000000001
Manchester United,AFC Bournemouth,4,4,D,2025-2026,1610.033795032786,1597.2175705944067,0.6,0.0,12.816224438379322,0.6
Newcastle United,Chelsea,2,2,D,2025-2026,1639.9408819565379,1692.1717405652878,0.8,0.6,-52.23085860874994,0.20000000000000007
AFC Bournemouth,Burnley,1,1,D,2025-2026,1597.7706406453215,1399.081603056144,0.4,0.2,198.68903758917736,0.2
Brighton and Hove Albion,Sunderland,0,0,D,2025-2026,1645.9715905174917,1540.3978049184987,0.6,0.2,105.57378559899303,0.39999999999999997
Manchester City,West Ham United,3,0,H,2025-2026,1786.3132840978403,1513.2595071706905,1.0,0.0,273.0537769271498,1.0
Wolverhampton Wanderers,Brentford,0,2,A,2025-2026,1417.5350146266803,1591.7674773597505,0.0,0.2,-174.23246273307018,-0.2
Tottenham Hotspur,Liverpool,1,2,A,2025-2026,1541.7700800777802,1718.8022107775537,0.2,0.2,-177.03213069977346,0.0
Everton,Arsenal,0,1,A,2025-2026,1629.5486996715254,1795.7791264988314,0.6,0.4,-166.23042682730602,0.19999999999999996
Leeds,Crystal Palace,4,1,H,2025-2026,1477.37117481816,1667.3940325629205,0.4,0.6,-190.02285774476059,-0.19999999999999996
Aston Villa,Manchester United,2,1,H,2025-2026,1748.1390542078827,1609.4807249818712,1.0,0.6,138.65832922601157,0.4
Fulham,Nottingham Forest,1,0,H,2025-2026,1576.4802130206863,1582.1002948220876,0.4,0.4,-5.620081801401284,0.0
Manchester United,Newcastle United,1,0,H,2025-2026,1600.1682855728936,1642.1790340971024,0.4,0.2,-42.01074852420879,0.2
Nottingham Forest,Manchester City,1,2,A,2025-2026,1566.8576775469403,1791.4719802107752,0.4,0.6,-224.6143026638349,-0.19999999999999996
Arsenal,Brighton and Hove Albion,2,1,H,2025-2026,1804.1041098363892,1641.5488954988798,1.0,0.2,162.55521433750937,0.8
Brentford,AFC Bournemouth,4,1,H,2025-2026,1599.8182570294462,1590.0196380721027,0.6,0.0,9.798618957343479,0.6
Burnley,Everton,0,0,D,2025-2026,1406.832605629363,1621.2237163339676,0.2,0.4,-214.39111070460467,-0.2
Liverpool,Wolverhampton Wanderers,2,1,H,2025-2026,1726.7584167491436,1409.4842349569847,0.4,0.0,317.27418179215897,0.4
West Ham United,Fulham,0,1,A,2025-2026,1508.1008110577557,1591.7228302958335,0.4,0.4,-83.62201923807788,0.0
Chelsea,Aston Villa,1,2,A,2025-2026,1689.9335884247232,1757.4514936168603,0.6,0.8,-67.51790519213705,-0.20000000000000007
Sunderland,Leeds,1,1,D,2025-2026,1544.8204999371105,1499.8444086227323,0.6,0.0,44.97609131437821,0.6
Crystal Palace,Tottenham Hotspur,0,1,A,2025-2026,1644.9207987583482,1533.8138741061903,0.2,0.4,111.10692465215789,-0.2
Burnley,Newcastle United,1,3,A,2025-2026,1415.0688469836666,1625.3740724065765,0.0,0.2,-210.30522542290987,-0.2
Chelsea,AFC Bournemouth,2,2,D,2025-2026,1677.812421923087,1575.4425663332493,0.4,0.0,102.3698555898377,0.4
Nottingham Forest,Everton,0,2,A,2025-2026,1560.3972318660362,1612.9874749796638,0.4,0.4,-52.590243113627594,0.0
West Ham United,Brighton and Hove Albion,2,2,D,2025-2026,1496.6429299197216,1633.0960645543666,0.4,0.2,-136.45313463464504,0.2
Arsenal,Aston Villa,4,1,H,2025-2026,1812.5569407809023,1769.5726601184965,1.0,0.8,42.98428066240581,0.19999999999999996
Manchester United,Wolverhampton Wanderers,1,1,D,2025-2026,1616.9732472634196,1405.324121724047,0.4,0.0,211.64912553937256,0.4
Crystal Palace,Fulham,1,1,D,2025-2026,1625.2810238995953,1603.1807114338676,0.2,0.6,22.10031246572771,-0.39999999999999997
Liverpool,Leeds,0,0,D,2025-2026,1730.9185299820813,1501.775408224244,0.6,0.0,229.1431217578372,0.6
Brentford,Tottenham Hotspur,0,0,D,2025-2026,1614.3953287682996,1553.453648964943,0.8,0.4,60.941679803356465,0.4
Sunderland,Manchester City,0,0,D,2025-2026,1542.8895003355988,1797.9324258916793,0.4,0.6,-255.0429255560805,-0.19999999999999996
Aston Villa,Nottingham Forest,3,1,H,2025-2026,1756.4190299157447,1547.6505520961402,1.0,0.4,208.7684778196044,0.6
Brighton and Hove Albion,Burnley,2,0,H,2025-2026,1627.4902176302123,1408.1810751428884,0.4,0.2,219.30914248732392,0.2
Wolverhampton Wanderers,West Ham United,3,0,H,2025-2026,1413.4773148199952,1502.248776843876,0.0,0.0,-88.77146202388076,0.0
AFC Bournemouth,Arsenal,2,3,A,2025-2026,1579.7386210087482,1825.7105709836542,0.2,0.4,-245.971949974906,-0.2
Leeds,Manchester United,1,1,D,2025-2026,1510.4461356407667,1608.8200541674714,0.6,0.4,-98.37391852670476,0.19999999999999996
Everton,Brentford,2,4,A,2025-2026,1625.7341547495598,1611.7909199757887,0.4,0.2,13.94323477377111,0.2
Newcastle United,Crystal Palace,2,0,H,2025-2026,1632.2618442473547,1624.3281615247893,0.6,0.6,7.933682722565436,0.0
Tottenham Hotspur,Sunderland,1,1,D,2025-2026,1556.058057757454,1552.2727589171968,0.2,0.2,3.7852988402571555,0.0
Fulham,Liverpool,2,2,D,2025-2026,1604.1335738086736,1722.2478025655587,0.6,0.4,-118.11422875688504,0.19999999999999996
Manchester City,Chelsea,1,1,D,2025-2026,1788.5491673100812,1673.516367247588,1.0,0.4,115.03280006249315,0.6
West Ham United,Nottingham Forest,1,2,A,2025-2026,1483.4974832003938,1540.7157264413008,0.2,0.4,-57.218243240906986,-0.2
AFC Bournemouth,Tottenham Hotspur,3,2,H,2025-2026,1573.8796005656097,1555.894639735535,0.0,0.2,17.98496083007467,-0.2
Brentford,Sunderland,3,0,H,2025-2026,1627.392574843963,1552.4361769391157,0.6,0.0,74.95639790484734,0.6
Crystal Palace,Aston Villa,0,0,D,2025-2026,1609.6706266192373,1763.353855570584,0.0,0.8,-153.6832289513468,-0.8
Everton,Wolverhampton Wanderers,1,1,D,2025-2026,1610.1324998813855,1432.2286084634773,0.4,0.0,177.9038914179082,0.4
Fulham,Chelsea,2,1,H,2025-2026,1609.045200113311,1678.3088786470441,0.4,0.2,-69.26367853373313,0.2
Manchester City,Brighton and Hove Albion,1,1,D,2025-2026,1783.756655910625,1634.1068167041733,0.8,0.2,149.64983920645182,0.6000000000000001
Burnley,Manchester United,2,2,D,2025-2026,1401.5644760689274,1604.6828831383018,0.0,0.4,-203.11840706937437,-0.4
Newcastle United,Leeds,4,3,H,2025-2026,1646.9193791529067,1514.5833066699363,0.6,0.0,132.3360724829704,0.6
Arsenal,Liverpool,0,0,D,2025-2026,1831.5695914267926,1717.3361762609213,1.0,0.4,114.23341516587129,0.6
Manchester United,Manchester City,2,0,H,2025-2026,1596.7926354909027,1777.6677272379047,0.2,0.6,-180.875091747002,-0.39999999999999997
Chelsea,Brentford,2,0,H,2025-2026,1660.3575208343798,1639.2057375670256,0.4,0.4,21.151783267354176,0.0
Leeds,Fulham,1,0,H,2025-2026,1505.0355585781767,1626.9965579259754,0.4,0.6,-121.96099934779863,-0.19999999999999996
Liverpool,Burnley,1,1,D,2025-2026,1722.0976757304406,1409.4547237163265,0.4,0.0,312.64295201411414,0.4
Sunderland,Crystal Palace,2,1,H,2025-2026,1540.6230142160532,1615.9043083923352,0.4,0.6,-75.28129417628202,-0.19999999999999996
Tottenham Hotspur,West Ham United,1,2,A,2025-2026,1541.6704201073055,1470.9456998080568,0.2,0.0,70.7247202992487,0.2
Nottingham Forest,Arsenal,0,0,D,2025-2026,1553.2675098336379,1826.8080919572733,0.4,0.4,-273.54058212363543,0.0
Wolverhampton Wanderers,Newcastle United,0,0,D,2025-2026,1439.3017054714871,1656.4671272446662,0.2,0.4,-217.1654217731791,-0.2
Aston Villa,Everton,0,1,A,2025-2026,1757.1201737974861,1603.0594028733756,1.0,0.6,154.06077092411056,0.4
Brighton and Hove Albion,AFC Bournemouth,1,1,D,2025-2026,1640.1957453768937,1588.1038201938393,0.4,0.0,52.0919251830544,0.4
West Ham United,Sunderland,3,1,H,2025-2026,1488.9576434053758,1558.8232425893984,0.0,0.0,-69.86559918402259,0.0
Burnley,Tottenham Hotspur,2,2,D,2025-2026,1420.1981600155025,1523.6584765099865,0.0,0.2,-103.460316494484,-0.2
Fulham,Brighton and Hove Albion,2,1,H,2025-2026,1606.937201417266,1637.9634582813433,0.4,0.2,-31.026256864077368,0.2
Manchester City,Wolverhampton Wanderers,2,0,H,2025-2026,1755.4952786287258,1447.6212447909368,0.6,0.0,307.87403383778906,0.6
AFC Bournemouth,Liverpool,3,2,H,2025-2026,1590.3361072893897,1711.3542394312647,0.2,0.4,-121.01813214187496,-0.2
Brentford,Nottingham Forest,0,2,A,2025-2026,1625.1178069227692,1563.120772990057,0.6,0.4,61.99703393271216,0.19999999999999996
Crystal Palace,Chelsea,1,3,A,2025-2026,1597.70408001899,1674.4454514786362,0.0,0.0,-76.74137145964619,0.0
Newcastle United,Aston Villa,0,2,A,2025-2026,1648.1475879252166,1735.8730133876097,0.6,0.6,-87.7254254623931,0.0
Arsenal,Manchester United,2,3,A,2025-2026,1816.954828800854,1618.9650841000816,0.8,0.4,197.98974470077246,0.4
Everton,Leeds,1,1,D,2025-2026,1624.306563283252,1525.0949150868862,0.2,0.0,99.21164819636579,0.2
Brighton and Hove Albion,Everton,1,1,D,2025-2026,1621.6274964735271,1620.1359981762237,0.2,0.6,1.4914982973034512,-0.39999999999999997
Leeds,Arsenal,0,4,A,2025-2026,1529.2654801939145,1794.2259787596306,0.6,0.4,-264.9604985657161,0.19999999999999996
Wolverhampton Wanderers,AFC Bournemouth,0,2,A,2025-2026,1443.2634198837607,1610.3593549936706,0.2,0.0,-167.09593510991,0.2
Chelsea,West Ham United,3,2,H,2025-2026,1686.1851100274762,1506.933973638988,0.4,0.2,179.25113638848825,0.2
Liverpool,Newcastle United,4,1,H,2025-2026,1691.3309917269837,1636.8565132791991,0.4,0.4,54.47447844778458,0.0
Aston Villa,Brentford,0,1,A,2025-2026,1747.1640880336272,1607.4692318296509,0.8,0.4,139.69485620397631,0.4
Manchester United,Fulham,3,2,H,2025-2026,1641.6939341413051,1623.273163225082,0.4,0.6,18.42077091622309,-0.19999999999999996
Nottingham Forest,Crystal Palace,1,1,D,2025-2026,1580.7693480831754,1585.96442147015,0.2,0.4,-5.195073386974627,-0.2
Tottenham Hotspur,Manchester City,2,2,D,2025-2026,1519.31924355768,1759.853103535902,0.2,0.6,-240.53385997822193,-0.39999999999999997
Sunderland,Burnley,3,0,H,2025-2026,1540.8469123557863,1424.537392967809,0.6,0.0,116.30951938797739,0.6
Leeds,Nottingham Forest,3,1,H,2025-2026,1523.9047232654043,1580.9936207166472,0.4,0.4,-57.08889745124293,0.0
Manchester United,Tottenham Hotspur,2,0,H,2025-2026,1655.8993898907243,1528.3112227715235,0.6,0.2,127.58816711920076,0.39999999999999997
Arsenal,Sunderland,3,0,H,2025-2026,1799.5867356881408,1551.0049655466214,0.6,0.0,248.58177014151943,0.6
AFC Bournemouth,Aston Villa,1,1,D,2025-2026,1618.6544042169053,1726.438254177757,0.4,0.6,-107.78384996085174,-0.19999999999999996
Burnley,West Ham United,0,2,A,2025-2026,1414.379339776974,1499.0522200780379,0.0,0.2,-84.67288030106397,-0.2
Fulham,Everton,1,2,A,2025-2026,1609.067707475663,1620.2003909383939,0.6,0.4,-11.132683462730938,0.19999999999999996
Wolverhampton Wanderers,Chelsea,1,3,A,2025-2026,1434.968370660526,1694.0668635884263,0.2,0.2,-259.0984929279002,0.0
Newcastle United,Brentford,2,3,A,2025-2026,1624.1892812257784,1628.195065685521,0.6,0.6,-4.005784459742699,0.0
Brighton and Hove Albion,Crystal Palace,0,1,A,2025-2026,1621.563103711357,1585.7401488366781,0.2,0.2,35.82295487467877,0.0
Liverpool,Manchester City,1,2,A,2025-2026,1703.9982237804045,1750.8611243220585,0.6,0.4,-46.86290054165397,0.19999999999999996
Chelsea,Leeds,2,2,D,2025-2026,1699.5778056627535,1541.3475039964721,0.6,0.0,158.23030166628132,0.6
Everton,AFC Bournemouth,1,2,A,2025-2026,1634.7199187825975,1623.1640561780462,0.2,0.2,11.555862604551294,0.0
Tottenham Hotspur,Newcastle United,1,2,A,2025-2026,1518.5846967020161,1609.362217180168,0.2,0.2,-90.77752047815193,0.0
West Ham United,Manchester United,1,1,D,2025-2026,1510.4672925185457,1665.6259159602316,0.2,0.4,-155.1586234416859,-0.2
Aston Villa,Brighton and Hove Albion,1,0,H,2025-2026,1721.9286022166161,1605.0219598607027,0.6,0.0,116.90664235591339,0.6
Crystal Palace,Burnley,2,3,A,2025-2026,1602.2812926873323,1402.964267336466,0.0,0.0,199.3170253508663,0.0
Manchester City,Fulham,3,0,H,2025-2026,1763.850071349371,1594.5481796314593,0.6,0.4,169.30189171791176,0.19999999999999996
Nottingham Forest,Wolverhampton Wanderers,0,0,D,2025-2026,1563.5508399855794,1429.4574285861988,0.2,0.0,134.09341139938056,0.2
Sunderland,Liverpool,0,1,A,2025-2026,1545.2164522771811,1691.0092767530919,0.6,0.2,-145.79282447591072,0.39999999999999997
Brentford,Arsenal,1,1,D,2025-2026,1643.0221297311314,1805.375248957581,0.4,0.6,-162.35311922644973,-0.19999999999999996
Wolverhampton Wanderers,Arsenal,2,2,D,2025-2026,1434.9754055007254,1798.8351445883588,0.2,0.6,-363.85973908763344,-0.39999999999999997
Aston Villa,Leeds,1,1,D,2025-2026,1732.0635745634524,1547.7427065983197,0.6,0.0,184.32086796513272,0.6
Brentford,Brighton and Hove Albion,0,2,A,2025-2026,1649.5622341003536,1594.8869875138664,0.4,0.0,54.67524658648722,0.4
Chelsea,Burnley,1,1,D,2025-2026,1693.1826030609059,1425.7351243750463,0.4,0.2,267.44747868585955,0.2
West Ham United,AFC Bournemouth,0,0,D,2025-2026,1516.7535780504143,1638.6627789795502,0.2,0.4,-121.90920092913598,-0.2
Manchester City,Newcastle United,2,1,H,2025-2026,1772.0691277566038,1620.5298497674028,0.6,0.4,151.53927798920108,0.19999999999999996
Crystal Palace,Wolverhampton Wanderers,1,0,H,2025-2026,1579.510435648752,1446.686561082875,0.0,0.0,132.82387456587708,0.0
Nottingham Forest,Liverpool,0,1,A,2025-2026,1558.0328630710528,1700.0600536660975,0.0,0.4,-142.02719059504466,-0.4
Sunderland,Fulham,1,3,A,2025-2026,1536.1656753641755,1586.3291232242266,0.4,0.2,-50.163447860051065,0.2
Tottenham Hotspur,Arsenal,1,4,A,2025-2026,1507.4170641147814,1787.1239890062093,0.0,0.4,-279.7069248914279,-0.4
Everton,Manchester United,0,1,A,2025-2026,1619.2211959810934,1659.339630428363,0.0,0.2,-40.11843444726969,-0.2
Wolverhampton Wanderers,Aston Villa,2,0,H,2025-2026,1437.1570812986765,1724.7769190818474,0.2,0.4,-287.61983778317085,-0.2
AFC Bournemouth,Sunderland,1,1,D,2025-2026,1633.6054044736973,1523.3164808807173,0.4,0.0,110.28892359297993,0.4
Burnley,Brentford,3,4,A,2025-2026,1435.4371096423638,1632.2210086965638,0.0,0.8,-196.7838990542,-0.8
Liverpool,West Ham United,5,2,H,2025-2026,1709.2484184486648,1521.8109525562672,0.4,0.4,187.43746589239754,0.0
Newcastle United,Everton,2,3,A,2025-2026,1611.6867597877024,1605.945590842637,0.4,0.6,5.741168945065283,-0.19999999999999996
Leeds,Manchester City,0,1,A,2025-2026,1555.0293620799248,1780.9122177363042,0.6,0.4,-225.88285565637943,0.19999999999999996
Brighton and Hove Albion,Nottingham Forest,2,1,H,2025-2026,1612.2282129176563,1548.8444982884855,0.2,0.4,63.383714629170754,-0.2
Fulham,Tottenham Hotspur,2,1,H,2025-2026,1599.1783177076848,1502.4199158669282,0.6,0.2,96.7584018407565,0.39999999999999997
Manchester United,Crystal Palace,2,1,H,2025-2026,1672.6152355668194,1589.0399154329505,0.8,0.2,83.5753201338689,0.6000000000000001
Arsenal,Chelsea,2,1,H,2025-2026,1792.1211372540624,1683.4806177935884,0.6,0.4,108.64051946047402,0.19999999999999996
AFC Bournemouth,Brentford,0,0,D,2025-2026,1628.997589822973,1639.530466024389,0.4,0.8,-10.532876201416002,-0.4
Everton,Burnley,2,0,H,2025-2026,1621.1934344726824,1428.1276523145386,0.0,0.2,193.06578215814375,-0.2
Leeds,Sunderland,0,1,A,2025-2026,1548.605856667146,1527.9242955314417,0.4,0.0,20.68156113570444,0.4
Wolverhampton Wanderers,Liverpool,2,1,H,2025-2026,1462.346769782472,1716.8594094198884,0.2,0.4,-254.51263963741644,-0.2
Aston Villa,Chelsea,1,4,A,2025-2026,1699.587230598052,1673.023887181393,0.4,0.4,26.56334341665888,0.0
Brighton and Hove Albion,Arsenal,0,1,A,2025-2026,1624.5216776926827,1802.5778678662577,0.4,0.4,-178.05619017357503,0.0
Fulham,West Ham United,0,1,A,2025-2026,1610.105670601866,1514.1999615850436,0.6,0.4,95.90570901682236,0.19999999999999996
Manchester City,Nottingham Forest,2,2,D,2025-2026,1787.335723149083,1536.551033513459,0.6,0.4,250.78468963562386,0.19999999999999996
Newcastle United,Manchester United,2,1,H,2025-2026,1596.438916157657,1684.0750205010202,0.4,0.4,-87.63610434336306,0.0
Tottenham Hotspur,Crystal Palace,1,3,A,2025-2026,1491.492562972747,1577.5801304987497,0.0,0.2,-86.08756752600266,-0.2
Burnley,AFC Bournemouth,0,0,D,2025-2026,1420.6992187432504,1629.4521913822168,0.0,0.4,-208.7529726389664,-0.4
Sunderland,Brighton and Hove Albion,0,1,A,2025-2026,1543.8161371709523,1616.599886900573,0.4,0.2,-72.7837497296207,0.2
Arsenal,Everton,2,0,H,2025-2026,1810.4996586583675,1628.6218680439706,0.6,0.8,181.87779061439687,-0.20000000000000007
Chelsea,Newcastle United,0,1,A,2025-2026,1689.1684895401227,1615.1442207468176,0.4,0.4,74.02426879330505,0.0
West Ham United,Manchester City,1,1,D,2025-2026,1533.2384861305832,1778.0652260898894,0.2,0.4,-244.82673995930622,-0.2
Crystal Palace,Leeds,0,0,D,2025-2026,1588.9376709226224,1532.7140150276355,0.2,0.0,56.223655894986905,0.2
Manchester United,Aston Villa,3,1,H,2025-2026,1665.3697159118597,1683.4426282393224,0.8,0.2,-18.072912327462745,0.6000000000000001
Nottingham Forest,Fulham,0,0,D,2025-2026,1545.8215305726526,1591.0671460563265,0.0,0.2,-45.24561548367387,-0.2
Liverpool,Tottenham Hotspur,1,1,D,2025-2026,1692.490099586141,1480.1350225488743,0.4,0.0,212.3550770372667,0.4
Brentford,Wolverhampton Wanderers,2,2,D,2025-2026,1639.075864465145,1486.7160796162193,0.2,0.0,152.35978484892576,0.2
AFC Bournemouth,Manchester United,2,2,D,2025-2026,1621.387492935169,1681.1492832485849,0.4,0.4,-59.761790313415986,0.0
Brighton and Hove Albion,Liverpool,2,1,H,2025-2026,1628.5027344393252,1684.3154564405575,0.2,0.4,-55.81272200123226,-0.2
Fulham,Burnley,3,1,H,2025-2026,1589.124704145764,1428.7639171902983,0.6,0.2,160.36078695546576,0.39999999999999997
Everton,Chelsea,3,0,H,2025-2026,1620.8276627067173,1671.020100856479,0.2,0.6,-50.192438149761756,-0.39999999999999997
Leeds,Brentford,0,0,D,2025-2026,1535.12041629587,1632.8895270811317,0.4,0.6,-97.76911078526177,-0.19999999999999996
Newcastle United,Sunderland,1,2,A,2025-2026,1633.2926094304612,1531.9132896322,0.4,0.2,101.37931979826112,0.2
Aston Villa,West Ham United,2,0,H,2025-2026,1667.6630609025972,1542.348321920205,0.2,0.6,125.3147389823921,-0.39999999999999997
Tottenham Hotspur,Nottingham Forest,0,3,A,2025-2026,1488.3096656944579,1547.763972483215,0.0,0.4,-59.454306788757094,-0.4
West Ham United,Wolverhampton Wanderers,4,0,H,2025-2026,1532.5355783137627,1492.9024170002326,0.2,0.0,39.63316131353008,0.2
Arsenal,AFC Bournemouth,1,2,A,2025-2026,1818.2938639956208,1623.9424685024574,0.6,0.4,194.3513954931634,0.19999999999999996
Brentford,Everton,2,2,D,2025-2026,1628.7764929019572,1637.9796940870744,0.2,0.6,-9.203201185117223,-0.39999999999999997
Burnley,Brighton and Hove Albion,0,2,A,2025-2026,1420.2341836153423,1645.8918475998544,0.0,0.4,-225.65766398451206,-0.4
Liverpool,Fulham,2,0,H,2025-2026,1666.926343280028,1597.6544377207201,0.4,0.2,69.27190555930792,0.2
Crystal Palace,Newcastle United,2,1,H,2025-2026,1586.5312696543879,1614.0358437212149,0.2,0.4,-27.50457406682699,-0.2
Nottingham Forest,Aston Villa,1,1,D,2025-2026,1560.221888836927,1677.4758045090396,0.0,0.2,-117.2539156721125,-0.2
Sunderland,Tottenham Hotspur,1,0,H,2025-2026,1551.1700553414464,1475.8517493407458,0.4,0.0,75.31830600070066,0.4
Chelsea,Manchester City,0,3,A,2025-2026,1653.868069476122,1768.9553903002675,0.4,0.4,-115.08732082414554,0.0
Manchester United,Leeds,1,2,A,2025-2026,1678.5943076812964,1539.2334504750445,1.0,0.0,139.36085720625192,1.0
Brentford,Fulham,0,0,D,2025-2026,1629.1737341311505,1585.6061369704594,0.0,0.2,43.56759716069109,-0.2
Leeds,Wolverhampton Wanderers,3,0,H,2025-2026,1559.946961066856,1479.6061345114153,0.2,0.0,80.34082655544057,0.2
Newcastle United,AFC Bournemouth,1,2,A,2025-2026,1597.8508502309396,1646.5553198425987,0.2,0.6,-48.70446961165908,-0.39999999999999997
Tottenham Hotspur,Brighton and Hove Albion,2,2,D,2025-2026,1464.0535028744307,1652.3218993594674,0.0,0.6,-188.26839648503665,-0.6
Chelsea,Manchester United,0,1,A,2025-2026,1643.6626943373021,1657.880797089485,0.2,0.4,-14.218102752182858,-0.2
Aston Villa,Sunderland,4,3,H,2025-2026,1672.5973653765034,1562.9683018077615,0.4,0.4,109.62906356874191,0.0
Everton,Liverpool,1,2,A,2025-2026,1637.5824528578812,1678.9746440302888,0.4,0.4,-41.39219117240759,0.0
Nottingham Forest,Burnley,4,1,H,2025-2026,1565.1003279694633,1413.8041318557293,0.0,0.2,151.2961961137339,-0.2
Manchester City,Arsenal,2,1,H,2025-2026,1779.1607654390873,1795.6810126554794,0.6,0.6,-16.520247216392136,0.0
Crystal Palace,West Ham United,0,0,D,2025-2026,1602.7162631446631,1545.83186080258,0.4,0.4,56.88440234208315,0.0
Brighton and Hove Albion,Chelsea,3,0,H,2025-2026,1644.905753251771,1629.2761967395174,0.4,0.6,15.629556512253657,-0.19999999999999996
AFC Bournemouth,Leeds,2,2,D,2025-2026,1659.4662452400567,1571.5388982871248,0.2,0.2,87.92734695293188,0.0
Burnley,Manchester City,0,1,A,2025-2026,1404.952312806141,1794.8734648078964,0.0,0.6,-389.92115200175544,-0.6
Sunderland,Nottingham Forest,0,5,A,2025-2026,1552.550301272056,1573.9521470190516,0.4,0.4,-21.401845746995605,0.0
Fulham,Aston Villa,1,0,H,2025-2026,1587.4773038458297,1683.0153659122088,0.6,0.2,-95.5380620663791,0.39999999999999997
Liverpool,Crystal Palace,3,1,H,2025-2026,1692.19600654016,1600.2820778542732,0.6,0.4,91.91392868588673,0.19999999999999996
West Ham United,Everton,2,1,H,2025-2026,1548.2660460929699,1624.36109034801,0.4,0.4,-76.0950442550402,0.0
Wolverhampton Wanderers,Tottenham Hotspur,0,1,A,2025-2026,1468.0141972911465,1471.469648982127,0.4,0.0,-3.4554516909804533,0.4
Arsenal,Newcastle United,1,0,H,2025-2026,1779.9683132866703,1584.9399248334817,0.6,0.4,195.02838845318865,0.19999999999999996
Manchester United,Brentford,2,1,H,2025-2026,1672.2672946872697,1627.30256725578,0.8,0.6,44.964727431489564,0.20000000000000007
Leeds,Burnley,3,1,H,2025-2026,1575.256007132937,1402.0777376434355,0.4,0.2,173.17826948950142,0.2
Brentford,West Ham United,3,0,H,2025-2026,1614.2330843676532,1566.4997909285078,0.0,0.4,47.73329343914543,-0.4
Newcastle United,Brighton and Hove Albion,3,1,H,2025-2026,1577.5744542597604,1659.231425870792,0.2,0.6,-81.65697161103162,-0.39999999999999997
Wolverhampton Wanderers,Sunderland,1,1,D,2025-2026,1453.1633762141364,1538.4731263050876,0.4,0.4,-85.30975009095118,0.0
Arsenal,Fulham,3,0,H,2025-2026,1787.3337838603916,1606.50110217086,0.8,0.2,180.83268168953168,0.6000000000000001
AFC Bournemouth,Crystal Palace,3,0,H,2025-2026,1655.7491363942445,1589.160266895178,0.0,0.4,66.5888694990665,-0.4
Manchester United,Liverpool,3,2,H,2025-2026,1685.3367775753966,1703.3178174992552,0.8,0.6,-17.98103992385859,0.20000000000000007
Aston Villa,Tottenham Hotspur,1,2,A,2025-2026,1663.9915675871787,1486.320470059137,0.6,0.2,177.67109752804163,0.39999999999999997
Chelsea,Nottingham Forest,1,3,A,2025-2026,1614.9505241204965,1588.02932198602,0.0,0.4,26.921202134476516,-0.4
Everton,Manchester City,3,3,D,2025-2026,1606.1273455124722,1797.748039970602,0.4,0.8,-191.62069445812972,-0.4
Liverpool,Chelsea,1,1,D,2025-2026,1687.5422059539203,1598.790562932763,0.6,0.4,88.7516430211574,0.19999999999999996
Brighton and Hove Albion,Wolverhampton Wanderers,3,0,H,2025-2026,1640.7695204196261,1456.7742177423424,0.6,0.0,183.9953026772837,0.6
Fulham,AFC Bournemouth,0,1,A,2025-2026,1598.6721383458041,1667.9089549286462,0.6,0.6,-69.23681658284204,0.0
Sunderland,Manchester United,0,0,D,2025-2026,1534.8622847768816,1701.1123891207315,0.2,0.4,-166.2501043438499,-0.2
Manchester City,Brentford,3,0,H,2025-2026,1790.2230640919213,1627.1851414359442,0.8,0.4,163.03792265597713,0.4
Burnley,Aston Villa,2,2,D,2025-2026,1393.991163062462,1641.9262888373212,0.0,0.0,-247.93512577485922,0.0
Crystal Palace,Everton,2,2,D,2025-2026,1577.0004483607763,1613.6523213911528,0.4,0.4,-36.651873030376464,0.0
Nottingham Forest,Newcastle United,1,1,D,2025-2026,1604.1892831737537,1596.0363597109263,0.2,0.4,8.152923462827403,-0.2
West Ham United,Arsenal,0,1,A,2025-2026,1553.5477338602168,1795.1627476854474,0.4,0.4,-241.61501382523056,0.0
Tottenham Hotspur,Leeds,1,1,D,2025-2026,1508.3857488089945,1583.3425817139105,0.0,0.2,-74.95683290491593,-0.2
Manchester City,Crystal Palace,3,0,H,2025-2026,1798.6590354054742,1578.5769929658202,0.8,0.4,220.08204243965406,0.4
Aston Villa,Liverpool,4,2,H,2025-2026,1632.7322115384547,1683.791714461661,0.4,0.4,-51.05950292320631,0.0
Manchester United,Nottingham Forest,3,2,H,2025-2026,1694.4366911611023,1603.837357767102,0.8,0.6,90.59933339400027,0.20000000000000007
Brentford,Crystal Palace,2,2,D,2025-2026,1618.7491701223912,1571.9833110033737,0.2,0.2,46.76585911901748,0.0
Everton,Sunderland,1,3,A,2025-2026,1612.075776786109,1541.5379827365107,0.4,0.4,70.53779404959823,0.0
Leeds,Brighton and Hove Albion,1,0,H,2025-2026,1580.1557265042177,1648.4936087345188,0.4,0.6,-68.33788223030115,-0.19999999999999996
Wolverhampton Wanderers,Fulham,1,1,D,2025-2026,1449.0501294274497,1586.622381314702,0.4,0.2,-137.57225188725215,0.2
Newcastle United,West Ham United,3,1,H,2025-2026,1596.3882851175779,1547.5695606218626,0.4,0.2,48.81872449571529,0.2
Arsenal,Burnley,1,0,H,2025-2026,1801.1409209238016,1403.1852403613284,0.8,0.0,397.95568056247316,0.8
AFC Bournemouth,Manchester City,1,1,D,2025-2026,1679.9587119597484,1805.2527173679207,0.2,0.6,-125.29400540817232,-0.39999999999999997
Chelsea,Tottenham Hotspur,2,1,H,2025-2026,1602.5410544250221,1511.5726040186873,0.0,0.4,90.9684504063348,-0.4
Brighton and Hove Albion,Manchester United,0,3,A,2025-2026,1630.5806934572893,1705.6115154816077,0.8,0.4,-75.03082202431847,0.4
Burnley,Wolverhampton Wanderers,1,1,D,2025-2026,1400.4286498505378,1454.6974941341366,0.0,0.0,-54.26884428359881,0.0
Crystal Palace,Arsenal,1,2,A,2025-2026,1573.9902495146648,1803.8975114345922,0.4,0.6,-229.90726191992735,-0.19999999999999996
Fulham,Newcastle United,2,0,H,2025-2026,1580.975016608015,1609.29437363598,0.6,0.2,-28.319357027964998,0.39999999999999997
Liverpool,Brentford,1,1,D,2025-2026,1666.6030326031103,1616.7422316111001,0.6,0.2,49.86080099201013,0.39999999999999997
Manchester City,Aston Villa,1,2,A,2025-2026,1800.066249081628,1649.9208933970056,0.8,0.0,150.14535568462247,0.8
Nottingham Forest,AFC Bournemouth,1,1,D,2025-2026,1592.6625334465966,1685.145180246041,0.2,0.6,-92.48264679944441,-0.39999999999999997
Sunderland,Chelsea,2,1,H,2025-2026,1559.5421806285278,1613.7009830619618,0.2,0.2,-54.15880243343395,0.0
Tottenham Hotspur,Everton,1,0,H,2025-2026,1500.4126753817477,1594.0715788940918,0.0,0.2,-93.65890351234407,-0.2
West Ham United,Leeds,3,0,H,2025-2026,1534.6634721034604,1598.0686417814472,0.4,0.2,-63.405169677986805,0.2
